t,v,obs_n,obs_d,obs_x,obs_y,obs_r,dyn_d,mode,scale,reason,fgm_en,fgm_ang,path_n,path_age,override,aeb,ttc,steer,cmd_v,scan_age,obs_age
0.182,0.000,0,,,,,,,1.000,,0,,0,,0,0,,0.00,0.00,,
0.203,0.000,0,,,,,,,1.000,,0,,0,,0,0,,0.00,0.00,0.0537,0.0155
0.222,0.000,0,,,,,,,1.000,,0,,0,,0,0,,0.00,0.00,0.0475,0.0163
0.242,0.000,0,,,,,,,1.000,,0,,0,,0,0,,0.00,0.00,0.0426,0.0107
0.266,0.000,0,,,,,,,1.000,,0,,0,,0,0,,0.00,0.00,0.0423,0.0102
0.281,0.000,0,,,,,,,1.000,,0,,0,,0,0,,0.00,0.00,0.0326,0.0016
0.302,0.000,0,,,,,,,1.000,,0,,0,,0,0,,0.00,0.00,0.0533,0.0223
0.322,0.000,0,,,,,,,1.000,,0,,0,,0,0,,0.00,0.00,0.0471,0.0163
0.342,0.000,0,,,,,,,1.000,,0,,0,,0,0,,0.00,0.00,0.0429,0.0106
0.361,0.000,0,,,,,,,1.000,,0,,0,,0,0,,0.00,0.00,0.0372,0.0056
0.382,0.000,0,,,,,,,1.000,,0,,0,,0,0,,0.00,0.00,0.0337,0.0051
0.401,0.000,0,,,,,,,1.000,,0,,0,,0,0,,0.00,0.00,0.0269,0.0242
0.422,0.000,0,,,,,,,1.000,,0,,0,,0,0,,0.00,0.00,0.0470,0.0169
0.442,0.000,0,,,,,,,1.000,,0,,0,,0,0,,0.00,0.00,0.0408,0.0152
0.461,0.000,0,,,,,,,1.000,,0,,0,,0,0,,0.00,0.00,0.0375,0.0057
0.482,0.000,0,,,,,,,1.000,,0,,0,,0,0,,0.00,0.00,0.0273,0.0047
0.502,0.000,0,,,,,,,1.000,,0,,0,,0,0,,0.00,0.00,0.0282,0.0254
0.522,0.000,0,,,,,,,1.000,,0,,0,,0,0,,0.00,0.00,0.0475,0.0150
0.542,0.000,0,,,,,,,1.000,,0,,0,,0,0,,0.00,0.00,0.0422,0.0135
0.561,0.000,0,,,,,,,1.000,,0,,0,,0,0,,0.00,0.00,0.0363,0.0039
0.583,0.000,0,,,,,,,1.000,,0,,0,,0,0,,0.00,0.00,0.0286,0.0010
0.601,0.000,0,,,,,,,1.000,,0,,0,,0,0,,0.00,0.00,0.0262,0.0191
0.622,0.000,0,,,,,,,1.000,,0,,0,,0,0,,0.00,0.00,0.0467,0.0188
0.642,0.000,0,,,,,,,1.000,,0,,0,,0,0,,0.00,0.00,0.0424,0.0141
0.662,0.000,0,,,,,,,1.000,,0,,0,,0,0,,0.00,0.00,0.0371,0.0041
0.681,0.000,0,,,,,,,1.000,,0,,0,,0,0,,0.00,0.00,0.0321,0.0012
0.703,0.000,0,,,,,,,1.000,,0,,0,,0,0,,0.00,0.00,0.0539,0.0230
0.722,0.000,0,,,,,,,1.000,,0,,0,,0,0,,0.00,0.00,0.0467,0.0179
0.742,0.000,0,,,,,,,1.000,,0,,0,,0,0,,0.00,0.00,0.0410,0.0138
0.761,0.000,0,,,,,,,1.000,,0,,0,,0,0,,0.00,0.00,0.0351,0.0067
0.781,0.000,0,,,,,,,1.000,,0,,0,,0,0,,0.00,0.00,0.0307,0.0036
0.803,0.000,0,,,,,,,1.000,,0,,0,,0,0,,0.00,0.00,0.0526,0.0256
0.823,0.000,0,,,,,,,1.000,,0,,0,,0,0,,0.00,0.00,0.0481,0.0095
0.842,0.000,0,,,,,,,1.000,,0,,0,,0,0,,0.00,0.00,0.0397,0.0068
0.865,0.000,0,,,,,,,1.000,,0,,0,,0,0,,0.00,0.00,0.0385,0.0294
0.882,0.000,0,,,,,,,1.000,,0,,0,,0,0,,0.00,0.00,0.0312,0.0162
0.901,0.000,0,,,,,,,1.000,,0,,0,,0,0,,0.00,0.00,0.0254,0.0155
0.922,0.000,0,,,,,,,1.000,,0,,0,,0,0,,0.00,0.00,0.0456,0.0146
0.942,0.000,0,,,,,,,1.000,,0,,0,,0,0,,0.00,0.00,0.0414,0.0135
0.961,0.000,0,,,,,,,1.000,,0,,0,,0,0,,0.00,0.00,0.0356,0.0058
0.982,0.000,0,,,,,,,1.000,,0,,0,,0,0,,0.00,0.00,0.0312,0.0006
1.003,0.000,0,,,,,,,1.000,,0,,0,,0,0,,0.00,0.00,0.0539,0.0217
1.022,0.000,0,,,,,,,1.000,,0,,0,,0,0,,0.00,0.00,0.0460,0.0141
1.042,0.000,0,,,,,,,1.000,,0,,0,,0,0,,0.00,0.00,0.0404,0.0136
1.062,0.000,0,,,,,,,1.000,,0,,0,,0,0,,0.00,0.00,0.0369,0.0007
1.082,0.000,0,,,,,,,1.000,,0,,0,,0,0,,0.00,0.00,0.0281,0.0199
1.102,0.000,0,,,,,,,1.000,,0,,0,,0,0,,0.00,0.00,0.0273,0.0200
1.122,0.000,0,,,,,,,1.000,,0,,0,,0,0,,0.00,0.00,0.0464,0.0182
1.141,0.000,0,,,,,,,1.000,,0,,0,,0,0,,0.00,0.00,0.0405,0.0010
1.162,0.000,0,,,,,,,1.000,,0,,0,,0,0,,0.00,0.00,0.0350,0.0212
1.181,0.000,0,,,,,,,1.000,,0,,0,,0,0,,0.00,0.00,0.0308,0.0005
1.202,0.000,0,,,,,,,1.000,,0,,0,,0,0,,0.00,0.00,0.0242,0.0212
1.222,0.000,0,,,,,,,1.000,,0,,0,,0,0,,0.00,0.00,0.0436,0.0180
1.242,0.000,0,,,,,,,1.000,,0,,0,,0,0,,0.00,0.00,0.0411,0.0124
1.261,0.000,0,,,,,,,1.000,,0,,0,,0,0,,0.00,0.00,0.0351,0.0020
1.281,0.000,0,,,,,,,1.000,,0,,0,,0,0,,0.00,0.00,0.0293,0.0020
1.302,0.000,0,,,,,,,1.000,,0,,0,,0,0,,0.00,0.00,0.0496,0.0224
1.322,0.000,0,,,,,,,1.000,,0,,0,,0,0,,0.00,0.00,0.0453,0.0121
1.342,0.000,0,,,,,,,1.000,,0,,0,,0,0,,0.00,0.00,0.0377,0.0111
1.361,0.000,0,,,,,,,1.000,,0,,0,,0,0,,0.00,0.00,0.0355,0.0040
1.382,0.000,0,,,,,,,1.000,,0,,0,,0,0,,0.00,0.00,0.0299,0.0011
1.402,0.000,0,,,,,,,1.000,,0,,0,,0,0,,0.00,0.00,0.0500,0.0212
1.422,0.000,0,,,,,,,1.000,,0,,0,,0,0,,0.00,0.00,0.0438,0.0151
1.442,0.000,0,,,,,,,1.000,,0,,0,,0,0,,0.00,0.00,0.0332,0.0108
1.461,0.000,0,,,,,,,1.000,,0,,0,,0,0,,0.00,0.00,0.0340,0.0031
1.481,0.000,0,,,,,,,1.000,,0,,0,,0,0,,0.00,0.00,0.0299,0.0015
1.502,0.000,0,,,,,,,1.000,,0,,0,,0,0,,0.00,0.00,0.0503,0.0219
1.522,0.000,0,,,,,,,1.000,,0,,0,,0,0,,0.00,0.00,0.0406,0.0151
1.541,0.000,0,,,,,,,1.000,,0,,0,,0,0,,0.00,0.00,0.0399,0.0076
1.561,0.000,0,,,,,,,1.000,,0,,0,,0,0,,0.00,0.00,0.0344,0.0022
1.581,0.000,0,,,,,,,1.000,,0,,0,,0,0,,0.00,0.00,0.0272,0.0223
1.602,0.000,0,,,,,,,1.000,,0,,0,,0,0,,0.00,0.00,0.0474,0.0180
1.622,0.000,0,,,,,,,1.000,,0,,0,,0,0,,0.00,0.00,0.0424,0.0165
1.642,0.000,0,,,,,,,1.000,,0,,0,,0,0,,0.00,0.00,0.0356,0.0124
1.661,0.000,0,,,,,,,1.000,,0,,0,,0,0,,0.00,0.00,0.0349,0.0062
1.682,0.000,0,,,,,,,1.000,,0,,0,,0,0,,0.00,0.00,0.0295,0.0007
1.702,0.000,0,,,,,,,1.000,,0,,0,,0,0,,0.00,0.00,0.0492,0.0204
1.722,0.000,0,,,,,,,1.000,,0,,0,,0,0,,0.00,0.00,0.0436,0.0141
1.742,0.000,0,,,,,,,1.000,,0,,0,,0,0,,0.00,0.00,0.0361,0.0086
1.761,0.000,0,,,,,,,1.000,,0,,0,,0,0,,0.00,0.00,0.0320,0.0010
1.783,0.000,0,,,,,,,1.000,,0,,0,,0,0,,0.00,0.00,0.0542,0.0233
1.811,0.000,0,,,,,,,1.000,,0,,0,,0,0,,0.00,0.00,0.0582,0.0506
1.824,0.000,0,,,,,,,1.000,clear,0,,0,,0,0,,0.00,0.00,0.0459,0.0115
1.897,0.000,0,,,,,,GLOBAL,1.000,clear,0,,0,,0,0,-1.000,-21.40,4.73,0.1186,0.0841
1.909,0.000,0,,,,,,GLOBAL,1.000,clear,0,,0,,0,0,-1.000,-21.40,4.72,0.1053,0.0110
1.924,0.000,0,,,,,,GLOBAL,1.000,clear,0,,0,,0,0,-1.000,-21.40,4.73,0.0456,0.0062
1.943,0.000,0,,,,,,GLOBAL,1.000,clear,0,,0,,0,0,-1.000,-21.40,4.73,0.0387,0.0047
1.962,0.000,0,,,,,,GLOBAL,1.000,clear,0,,0,,0,0,-1.000,-21.40,4.72,0.0286,0.0043
1.982,0.000,0,,,,,,GLOBAL,1.000,clear,0,,0,,0,0,-1.000,-21.40,4.73,0.0280,0.0245
2.003,0.000,0,,,,,,GLOBAL,1.000,clear,0,,0,,0,0,-1.000,-21.40,4.73,0.0485,0.0191
2.021,0.000,0,,,,,,GLOBAL,1.000,clear,0,,0,,0,0,-1.000,-21.40,4.73,0.0419,0.0102
2.041,0.000,0,,,,,,GLOBAL,1.000,clear,0,,0,,0,0,-1.000,-21.40,4.72,0.0371,0.0094
2.067,0.000,0,,,,,,GLOBAL,1.000,clear,0,,0,,0,0,-1.000,-21.40,4.72,0.0381,0.0094
2.087,0.000,0,,,,,,GLOBAL,1.000,clear,0,,0,,0,0,-1.000,-21.40,4.73,0.0587,0.0300
2.101,0.000,0,,,,,,GLOBAL,1.000,clear,0,,0,,0,0,-1.000,-21.40,4.73,0.0473,0.0133
2.121,0.000,0,,,,,,GLOBAL,1.000,clear,0,,0,,0,0,-1.000,-21.40,4.73,0.0430,0.0142
2.148,0.000,0,,,,,,GLOBAL,1.000,clear,0,,0,,0,0,-1.000,-21.40,4.73,0.0415,0.0078
2.161,0.000,0,,,,,,GLOBAL,1.000,clear,0,,0,,0,0,-1.000,-21.40,4.73,0.0311,0.0043
2.182,0.000,0,,,,,,GLOBAL,1.000,clear,0,,0,,0,0,-1.000,-21.40,4.73,0.0517,0.0249
2.201,0.000,0,,,,,,GLOBAL,1.000,clear,0,,0,,0,0,-1.000,-21.40,4.73,0.0468,0.0147
2.222,0.000,0,,,,,,GLOBAL,1.000,clear,0,,0,,0,0,-1.000,-21.40,4.73,0.0418,0.0135
2.241,0.000,0,,,,,,GLOBAL,1.000,clear,0,,0,,0,0,-1.000,-21.40,4.73,0.0355,0.0007
2.262,0.000,0,,,,,,GLOBAL,1.000,clear,0,,0,,0,0,-1.000,-21.40,4.73,0.0303,0.0011
2.281,0.000,0,,,,,,GLOBAL,1.000,clear,0,,0,,0,0,-1.000,-21.40,4.72,0.0278,0.0203
2.301,0.000,0,,,,,,GLOBAL,1.000,clear,0,,0,,0,0,-1.000,-21.40,4.72,0.0479,0.0156
2.321,0.000,0,,,,,,GLOBAL,1.000,clear,0,,0,,0,0,-1.000,-21.40,4.72,0.0420,0.0093
2.341,0.000,0,,,,,,GLOBAL,1.000,clear,0,,0,,0,0,-1.000,-21.40,4.73,0.0372,0.0074
2.361,0.000,0,,,,,,GLOBAL,1.000,clear,0,,0,,0,0,-1.000,-21.40,4.73,0.0320,0.0018
2.383,0.000,0,,,,,,GLOBAL,1.000,clear,0,,0,,0,0,-1.000,-21.40,4.73,0.0537,0.0235
2.401,0.000,0,,,,,,GLOBAL,1.000,clear,0,,0,,0,0,-1.000,-21.40,4.73,0.0467,0.0159
2.421,0.000,0,,,,,,GLOBAL,1.000,clear,0,,0,,0,0,-1.000,-21.40,4.73,0.0425,0.0135
2.442,0.000,0,,,,,,GLOBAL,1.000,clear,0,,0,,0,0,-1.000,-21.40,4.73,0.0362,0.0009
2.462,0.000,0,,,,,,GLOBAL,1.000,clear,0,,0,,0,0,-1.000,-21.40,4.72,0.0327,0.0017
2.482,0.000,0,,,,,,GLOBAL,1.000,clear,0,,0,,0,0,-1.000,-21.40,4.73,0.0272,0.0222
2.501,0.000,0,,,,,,GLOBAL,1.000,clear,0,,0,,0,0,-1.000,-21.40,4.73,0.0467,0.0151
2.521,0.000,0,,,,,,GLOBAL,1.000,clear,0,,0,,0,0,-1.000,-21.40,4.73,0.0410,0.0093
2.541,0.000,0,,,,,,GLOBAL,1.000,clear,0,,0,,0,0,-1.000,-21.40,4.73,0.0359,0.0022
2.561,0.000,0,,,,,,GLOBAL,1.000,clear,0,,0,,0,0,-1.000,-21.40,4.73,0.0301,0.0008
2.582,0.000,0,,,,,,GLOBAL,1.000,clear,0,,0,,0,0,-1.000,-21.40,4.73,0.0274,0.0211
2.601,0.000,0,,,,,,GLOBAL,1.000,clear,0,,0,,0,0,-1.000,-21.40,4.73,0.0472,0.0166
2.621,0.000,0,,,,,,GLOBAL,1.000,clear,0,,0,,0,0,-1.000,-21.40,4.73,0.0413,0.0121
2.641,0.000,0,,,,,,GLOBAL,1.000,clear,0,,0,,0,0,-1.000,-21.40,4.73,0.0349,0.0015
2.661,0.000,0,,,,,,GLOBAL,1.000,clear,0,,0,,0,0,-1.000,-21.40,4.73,0.0302,0.0017
2.682,0.000,0,,,,,,GLOBAL,1.000,clear,0,,0,,0,0,-1.000,-21.40,4.73,0.0267,0.0224
2.701,0.000,0,,,,,,GLOBAL,1.000,clear,0,,0,,0,0,-1.000,-21.40,4.73,0.0461,0.0166
2.721,0.000,0,,,,,,GLOBAL,1.000,clear,0,,0,,0,0,-1.000,-21.40,4.73,0.0418,0.0103
2.742,0.000,0,,,,,,GLOBAL,1.000,clear,0,,0,,0,0,-1.000,-21.40,4.73,0.0366,0.0019
2.762,0.000,0,,,,,,GLOBAL,1.000,clear,0,,0,,0,0,-1.000,-21.40,4.73,0.0306,0.0215
2.781,0.000,0,,,,,,GLOBAL,1.000,clear,0,,0,,0,0,-1.000,-21.40,4.73,0.0503,0.0049
2.801,0.000,0,,,,,,GLOBAL,1.000,clear,0,,0,,0,0,-1.000,-21.40,4.73,0.0460,0.0135
2.821,0.000,0,,,,,,GLOBAL,1.000,clear,0,,0,,0,0,-1.000,-21.40,4.73,0.0404,0.0139
2.841,0.000,0,,,,,,GLOBAL,1.000,clear,0,,0,,0,0,-1.000,-21.40,4.73,0.0365,0.0060
2.861,0.000,0,,,,,,GLOBAL,1.000,clear,0,,0,,0,0,-1.000,-21.40,4.73,0.0309,0.0023
2.882,0.000,0,,,,,,GLOBAL,1.000,clear,0,,0,,0,0,-1.000,-21.40,4.72,0.0254,0.0225
2.901,0.000,0,,,,,,GLOBAL,1.000,clear,0,,0,,0,0,-1.000,-21.40,4.72,0.0454,0.0106
2.921,0.000,0,,,,,,GLOBAL,1.000,clear,0,,0,,0,0,-1.000,-21.40,4.72,0.0408,0.0102
2.941,0.000,0,,,,,,GLOBAL,1.000,clear,0,,0,,0,0,-1.000,-21.40,4.73,0.0353,0.0064
2.961,0.000,0,,,,,,GLOBAL,1.000,clear,0,,0,,0,0,-1.000,-21.40,4.73,0.0296,0.0023
2.982,0.000,0,,,,,,GLOBAL,1.000,clear,0,,0,,0,0,-1.000,-21.40,4.73,0.0502,0.0229
3.002,0.000,0,,,,,,GLOBAL,1.000,clear,0,,0,,0,0,-1.000,-21.40,4.72,0.0460,0.0171
3.021,0.000,0,,,,,,GLOBAL,1.000,clear,0,,0,,0,0,-1.000,-21.40,4.73,0.0395,0.0124
3.041,0.000,0,,,,,,GLOBAL,1.000,clear,0,,0,,0,0,-1.000,-21.40,4.73,0.0355,0.0066
3.062,0.000,0,,,,,,GLOBAL,1.000,clear,0,,0,,0,0,-1.000,-21.40,4.72,0.0302,0.0011
3.081,0.000,0,,,,,,GLOBAL,1.000,clear,0,,0,,0,0,-1.000,-21.40,4.73,0.0501,0.0210
3.101,0.000,0,,,,,,GLOBAL,1.000,clear,0,,0,,0,0,-1.000,-21.40,4.73,0.0440,0.0162
3.121,0.000,0,,,,,,GLOBAL,1.000,clear,0,,0,,0,0,-1.000,-21.40,4.72,0.0402,0.0111
3.141,0.000,0,,,,,,GLOBAL,1.000,clear,0,,0,,0,0,-1.000,-21.40,4.73,0.0341,0.0053
3.162,0.000,0,,,,,,GLOBAL,1.000,clear,0,,0,,0,0,-1.000,-21.40,4.73,0.0303,0.0254
3.181,0.000,0,,,,,,GLOBAL,1.000,clear,0,,0,,0,0,-1.000,-21.40,4.73,0.0504,0.0194
3.201,0.000,0,,,,,,GLOBAL,1.000,clear,0,,0,,0,0,-1.000,-21.40,4.73,0.0445,0.0160
3.221,0.000,0,,,,,,GLOBAL,1.000,clear,0,,0,,0,0,-1.000,-21.40,4.73,0.0386,0.0072
3.241,0.000,0,,,,,,GLOBAL,1.000,clear,0,,0,,0,0,-1.000,-21.40,4.73,0.0346,0.0061
3.261,0.000,0,,,,,,GLOBAL,1.000,clear,0,,0,,0,0,-1.000,-21.40,4.73,0.0288,0.0008
3.282,0.000,0,,,,,,GLOBAL,1.000,clear,0,,0,,0,0,-1.000,-21.40,4.73,0.0490,0.0211
3.304,0.000,0,,,,,,GLOBAL,1.000,clear,0,,0,,0,0,-1.000,-21.40,4.73,0.0465,0.0108
3.321,0.000,0,,,,,,GLOBAL,1.000,clear,0,,0,,0,0,-1.000,-21.40,4.73,0.0376,0.0034
3.341,0.000,0,,,,,,GLOBAL,1.000,clear,0,,0,,0,0,-1.000,-21.40,4.73,0.0324,0.0040
3.361,0.000,0,,,,,,GLOBAL,1.000,clear,0,,0,,0,0,-1.000,-21.40,4.73,0.0276,0.0241
3.381,0.000,0,,,,,,GLOBAL,1.000,clear,0,,0,,0,0,-1.000,-21.40,4.73,0.0477,0.0197
3.401,0.000,0,,,,,,GLOBAL,1.000,clear,0,,0,,0,0,-1.000,-21.40,4.73,0.0437,0.0117
3.421,0.000,0,,,,,,GLOBAL,1.000,clear,0,,0,,0,0,-1.000,-21.40,4.73,0.0394,0.0047
3.442,0.000,0,,,,,,GLOBAL,1.000,clear,0,,0,,0,0,-1.000,-21.40,4.73,0.0342,0.0005
3.461,0.000,0,,,,,,GLOBAL,1.000,clear,0,,0,,0,0,-1.000,-21.40,4.73,0.0277,0.0201
3.481,0.000,0,,,,,,GLOBAL,1.000,clear,0,,0,,0,0,-1.000,-21.40,4.72,0.0479,0.0165
3.501,0.000,0,,,,,,GLOBAL,1.000,clear,0,,0,,0,0,-1.000,-21.40,4.73,0.0439,0.0123
3.522,0.000,0,,,,,,GLOBAL,1.000,clear,0,,0,,0,0,-1.000,-21.40,4.73,0.0383,0.0113
3.541,0.000,0,,,,,,GLOBAL,1.000,clear,0,,0,,0,0,-1.000,-21.40,4.72,0.0341,0.0046
3.562,0.000,0,,,,,,GLOBAL,1.000,clear,0,,0,,0,0,-1.000,-21.40,4.73,0.0286,0.0252
3.581,0.000,0,,,,,,GLOBAL,1.000,clear,0,,0,,0,0,-1.000,-21.40,4.73,0.0481,0.0191
3.601,0.000,0,,,,,,GLOBAL,1.000,clear,0,,0,,0,0,-1.000,-21.40,4.73,0.0425,0.0151
3.621,0.000,0,,,,,,GLOBAL,1.000,clear,0,,0,,0,0,-1.000,-21.40,4.73,0.0382,0.0094
3.641,0.000,0,,,,,,GLOBAL,1.000,clear,0,,0,,0,0,-1.000,-21.40,4.73,0.0325,0.0041
3.661,0.000,0,,,,,,GLOBAL,1.000,clear,0,,0,,0,0,-1.000,-21.40,4.73,0.0268,0.0243
3.681,0.000,0,,,,,,GLOBAL,1.000,clear,0,,0,,0,0,-1.000,-21.40,4.73,0.0467,0.0155
3.701,0.000,0,,,,,,GLOBAL,1.000,clear,0,,0,,0,0,-1.000,-21.40,4.73,0.0427,0.0103
3.721,0.000,0,,,,,,GLOBAL,1.000,clear,0,,0,,0,0,-1.000,-21.40,4.73,0.0372,0.0071
3.741,0.000,0,,,,,,GLOBAL,1.000,clear,0,,0,,0,0,-1.000,-21.40,4.73,0.0330,0.0005
3.762,0.000,0,,,,,,GLOBAL,1.000,clear,0,,0,,0,0,-1.000,-21.40,4.73,0.0281,0.0215
3.781,0.000,0,,,,,,GLOBAL,1.000,clear,0,,0,,0,0,-1.000,-21.40,4.73,0.0471,0.0147
3.801,0.000,0,,,,,,GLOBAL,1.000,clear,0,,0,,0,0,-1.000,-21.40,4.73,0.0415,0.0096
3.821,0.000,0,,,,,,GLOBAL,1.000,clear,0,,0,,0,0,-1.000,-21.40,4.73,0.0368,0.0053
3.841,0.000,0,,,,,,GLOBAL,1.000,clear,0,,0,,0,0,-1.000,-21.40,4.73,0.0319,0.0005
3.861,0.000,0,,,,,,GLOBAL,1.000,clear,0,,0,,0,0,-1.000,-21.40,4.73,0.0270,0.0204
3.882,0.000,0,,,,,,GLOBAL,1.000,clear,0,,0,,0,0,-1.000,-21.40,4.73,0.0474,0.0163
3.901,0.000,0,,,,,,GLOBAL,1.000,clear,0,,0,,0,0,-1.000,-21.40,4.72,0.0420,0.0039
3.921,0.006,0,,,,,,GLOBAL,1.000,clear,0,,0,,0,0,-1.000,-21.40,4.73,0.0360,0.0041
3.941,0.048,0,,,,,,GLOBAL,1.000,clear,0,,0,,0,0,-1.000,-21.40,4.73,0.0304,0.0241
3.962,0.099,0,,,,,,GLOBAL,1.000,clear,0,,0,,0,0,-1.000,-21.40,4.73,0.0271,0.0202
3.981,0.013,0,,,,,,GLOBAL,1.000,clear,0,,0,,0,0,-1.000,-21.40,4.73,0.0466,0.0151
4.001,0.021,0,,,,,,GLOBAL,1.000,clear,0,,0,,0,0,-1.000,-21.40,4.73,0.0423,0.0104
4.021,0.064,0,,,,,,GLOBAL,1.000,clear,0,,0,,0,0,-1.000,-21.40,4.73,0.0365,0.0032
4.041,0.086,0,,,,,,GLOBAL,1.000,clear,0,,0,,0,0,-1.000,-21.40,4.73,0.0299,0.0232
4.066,0.146,0,,,,,,GLOBAL,1.000,clear,0,,0,,0,0,-1.000,-21.40,4.73,0.0546,0.0229
4.081,0.189,0,,,,,,GLOBAL,1.000,clear,0,,0,,0,0,-1.000,-19.85,4.73,0.0458,0.0107
4.101,0.236,0,,,,,,GLOBAL,1.000,clear,0,,0,,0,0,-1.000,-15.06,4.73,0.0410,0.0080
4.121,0.329,0,,,,,,GLOBAL,1.000,clear,0,,0,,0,0,-1.000,-15.06,4.73,0.0353,0.0054
4.141,0.384,0,,,,,,GLOBAL,1.000,clear,0,,0,,0,0,-1.000,-10.28,4.73,0.0311,0.0027
4.161,0.474,0,,,,,,GLOBAL,1.000,clear,0,,0,,0,0,-1.000,-6.36,4.73,0.0511,0.0227
4.196,0.566,0,,,,,,GLOBAL,1.000,clear,0,,0,,0,0,-1.000,-6.36,4.73,0.0597,0.0239
4.207,0.631,0,,,,,,GLOBAL,1.000,clear,0,,0,,0,0,-1.000,-4.06,4.72,0.0454,0.0021
4.246,0.631,0,,,,,,GLOBAL,1.000,clear,0,,0,,0,0,-1.000,-4.06,4.72,0.0840,0.0407
4.261,0.819,0,,,,,,GLOBAL,1.000,clear,0,,0,,0,0,-1.000,-1.47,4.72,0.0495,0.0131
4.281,0.910,0,,,,,,GLOBAL,1.000,clear,0,,0,,0,0,-1.000,-0.62,4.72,0.0441,0.0143
4.301,0.996,0,,,,,,GLOBAL,1.000,clear,0,,0,,0,0,-1.000,-0.62,4.72,0.0369,0.0111
4.321,1.101,0,,,,,,GLOBAL,1.000,clear,0,,0,,0,0,-1.000,0.43,4.70,0.0343,0.0051
4.341,1.193,0,,,,,,GLOBAL,1.000,clear,0,,0,,0,0,-1.000,0.35,4.68,0.0269,0.0004
4.361,1.282,0,,,,,,GLOBAL,1.000,clear,0,,0,,0,0,-1.000,0.35,4.68,0.0469,0.0205
4.381,1.353,0,,,,,,GLOBAL,1.000,clear,0,,0,,0,0,-1.000,0.22,4.66,0.0416,0.0159
4.401,1.432,0,,,,,,GLOBAL,1.000,clear,0,,0,,0,0,-1.000,1.18,4.65,0.0369,0.0063
4.421,1.520,0,,,,,,GLOBAL,1.000,clear,0,,0,,0,0,-1.000,1.18,4.65,0.0330,0.0025
4.441,1.613,0,,,,,,GLOBAL,1.000,clear,0,,0,,0,0,-1.000,1.67,4.65,0.0271,0.0226
4.461,1.704,0,,,,,,GLOBAL,1.000,clear,0,,0,,0,0,-1.000,1.58,4.61,0.0470,0.0170
4.481,1.780,0,,,,,,GLOBAL,1.000,clear,0,,0,,0,0,-1.000,1.58,4.61,0.0435,0.0154
4.504,1.886,0,,,,,,GLOBAL,1.000,clear,0,,0,,0,0,-1.000,1.22,4.61,0.0395,0.0123
4.522,1.972,0,,,,,,GLOBAL,1.000,clear,0,,0,,0,0,-1.000,1.70,4.58,0.0339,0.0051
4.541,2.064,0,,,,,,GLOBAL,1.000,clear,0,,0,,0,0,-1.000,1.70,4.58,0.0272,0.0247
4.561,2.153,0,,,,,,GLOBAL,1.000,clear,0,,0,,0,0,-1.000,1.01,4.58,0.0471,0.0191
4.581,2.251,0,,,,,,GLOBAL,1.000,clear,0,,0,,0,0,-1.000,1.59,4.56,0.0421,0.0149
4.601,2.363,0,,,,,,GLOBAL,1.000,clear,0,,0,,0,0,-1.000,1.59,4.56,0.0372,0.0094
4.621,2.460,0,,,,,,GLOBAL,1.000,clear,0,,0,,0,0,-1.000,0.41,4.55,0.0321,0.0035
4.642,2.574,0,,,,,,GLOBAL,1.000,clear,0,,0,,0,0,-1.000,0.89,4.53,0.0274,0.0239
4.662,2.678,0,,,,,,GLOBAL,1.000,clear,0,,0,,0,0,-1.000,0.89,4.53,0.0473,0.0195
4.684,2.770,0,,,,,,GLOBAL,1.000,clear,0,,0,,0,0,-1.000,0.75,4.53,0.0444,0.0163
4.702,2.862,0,,,,,,GLOBAL,1.000,clear,0,,0,,0,0,-1.000,0.20,4.49,0.0368,0.0075
4.721,2.971,0,,,,,,GLOBAL,1.000,clear,0,,0,,0,0,-1.000,0.20,4.49,0.0280,0.0040
4.742,3.081,0,,,,,,GLOBAL,1.000,clear,0,,0,,0,0,-1.000,-0.28,4.46,0.0273,0.0246
4.762,3.201,0,,,,,,GLOBAL,1.000,clear,0,,0,,0,0,-1.000,0.32,4.44,0.0469,0.0192
4.782,3.302,0,,,,,,GLOBAL,1.000,clear,0,,0,,0,0,-1.000,0.32,4.44,0.0426,0.0138
4.801,3.386,0,,,,,,GLOBAL,1.000,clear,0,,0,,0,0,-1.000,0.27,4.39,0.0367,0.0096
4.822,3.480,0,,,,,,GLOBAL,1.000,clear,0,,0,,0,0,-1.000,0.34,4.35,0.0330,0.0007
4.841,3.583,0,,,,,,GLOBAL,1.000,clear,0,,0,,0,0,-1.000,0.34,4.35,0.0269,0.0204
4.861,3.701,0,,,,,,GLOBAL,1.000,clear,0,,0,,0,0,-1.000,-0.25,4.32,0.0470,0.0151
4.881,3.796,0,,,,,,GLOBAL,1.000,clear,0,,0,,0,0,-1.000,0.08,4.28,0.0411,0.0102
4.901,3.880,0,,,,,,GLOBAL,1.000,clear,0,,0,,0,0,-1.000,0.08,4.28,0.0369,0.0054
4.921,3.965,0,,,,,,GLOBAL,1.000,clear,0,,0,,0,0,-1.000,-0.04,4.23,0.0312,0.0030
4.942,4.049,0,,,,,,GLOBAL,1.000,clear,0,,0,,0,0,-1.000,-0.97,4.17,0.0519,0.0237
4.961,4.112,0,,,,,,GLOBAL,1.000,clear,0,,0,,0,0,-1.000,-0.97,4.17,0.0472,0.0171
4.981,4.156,0,,,,,,GLOBAL,1.000,clear,0,,0,,0,0,-1.000,-0.30,4.17,0.0414,0.0108
5.002,4.201,0,,,,,,GLOBAL,1.000,clear,0,,0,,0,0,-1.000,-1.04,4.11,0.0361,0.0068
5.022,4.239,0,,,,,,GLOBAL,1.000,clear,0,,0,,0,0,-1.000,-1.04,4.11,0.0320,0.0033
5.043,4.266,0,,,,,,GLOBAL,1.000,clear,0,,0,,0,0,-1.000,-0.44,4.07,0.0538,0.0243
5.062,4.285,0,,,,,,GLOBAL,1.000,clear,0,,0,,0,0,-1.000,-0.48,4.02,0.0464,0.0143
5.081,4.307,0,,,,,,GLOBAL,1.000,clear,0,,0,,0,0,-1.000,-0.48,4.02,0.0400,0.0123
5.102,4.320,0,,,,,,GLOBAL,1.000,clear,0,,0,,0,0,-1.000,-0.57,3.98,0.0369,0.0093
5.121,4.325,0,,,,,,GLOBAL,1.000,clear,0,,0,,0,0,-1.000,-0.38,3.94,0.0304,0.0021
5.142,4.324,0,,,,,,GLOBAL,1.000,clear,0,,0,,0,0,-1.000,-0.38,3.94,0.0258,0.0233
5.161,4.310,0,,,,,,GLOBAL,1.000,clear,0,,0,,0,0,-1.000,-0.32,3.90,0.0446,0.0160
5.182,4.272,0,,,,,,GLOBAL,1.000,clear,0,,0,,0,0,-1.000,0.18,3.84,0.0377,0.0103
5.202,4.206,0,,,,,,GLOBAL,1.000,clear,0,,0,,0,0,-1.000,0.18,3.84,0.0359,0.0076
5.222,4.122,0,,,,,,GLOBAL,1.000,clear,0,,0,,0,0,-1.000,0.47,3.80,0.0290,0.0021
5.242,4.064,0,,,,,,GLOBAL,1.000,clear,0,,0,,0,0,-1.000,0.18,3.78,0.0486,0.0217
5.261,4.068,0,,,,,,GLOBAL,1.000,clear,0,,0,,0,0,-1.000,0.18,3.78,0.0449,0.0147
5.281,4.050,0,,,,,,GLOBAL,1.000,clear,0,,0,,0,0,-1.000,0.78,3.73,0.0378,0.0091
5.301,4.025,0,,,,,,GLOBAL,1.000,clear,0,,0,,0,0,-1.000,0.82,3.69,0.0323,0.0045
5.322,3.977,0,,,,,,GLOBAL,1.000,clear,0,,0,,0,0,-1.000,0.82,3.69,0.0274,0.0016
5.342,3.934,0,,,,,,GLOBAL,1.000,clear,0,,0,,0,0,-1.000,0.63,3.63,0.0482,0.0223
5.361,3.891,0,,,,,,GLOBAL,1.000,clear,0,,0,,0,0,-1.000,0.84,3.59,0.0438,0.0136
5.381,3.833,0,,,,,,GLOBAL,1.000,clear,0,,0,,0,0,-1.000,0.84,3.59,0.0379,0.0054
5.401,3.784,0,,,,,,GLOBAL,1.000,clear,0,,0,,0,0,-1.000,1.29,3.54,0.0324,0.0044
5.422,3.742,0,,,,,,GLOBAL,1.000,clear,0,,0,,0,0,-1.000,1.97,3.50,0.0271,0.0006
5.441,3.695,0,,,,,,GLOBAL,1.000,clear,0,,0,,0,0,-1.000,1.97,3.50,0.0467,0.0203
5.461,3.652,0,,,,,,GLOBAL,1.000,clear,0,,0,,0,0,-1.000,1.95,3.48,0.0423,0.0139
5.482,3.608,0,,,,,,GLOBAL,1.000,clear,0,,0,,0,0,-1.000,1.95,3.48,0.0371,0.0101
5.501,3.568,0,,,,,,GLOBAL,1.000,clear,0,,0,,0,0,-1.000,2.26,3.43,0.0327,0.0045
5.522,3.538,0,,,,,,GLOBAL,1.000,clear,0,,0,,0,0,-1.000,2.63,3.41,0.0275,0.0249
5.541,3.500,0,,,,,,GLOBAL,1.000,clear,0,,0,,0,0,-1.000,2.77,3.36,0.0471,0.0186
5.561,3.468,0,,,,,,GLOBAL,1.000,clear,0,,0,,0,0,-1.000,2.77,3.36,0.0381,0.0140
5.581,3.442,0,,,,,,GLOBAL,1.000,clear,0,,0,,0,0,-1.000,3.22,3.34,0.0371,0.0036
5.602,3.410,0,,,,,,GLOBAL,1.000,clear,0,,0,,0,0,-1.000,2.60,3.29,0.0317,0.0238
5.622,3.386,0,,,,,,GLOBAL,1.000,clear,0,,0,,0,0,-1.000,2.60,3.29,0.0262,0.0194
5.642,3.367,0,,,,,,GLOBAL,1.000,clear,0,,0,,0,0,-1.000,3.07,3.24,0.0458,0.0157
5.661,3.332,0,,,,,,GLOBAL,1.000,clear,0,,0,,0,0,-1.000,3.28,3.22,0.0417,0.0103
5.681,3.305,0,,,,,,GLOBAL,1.000,clear,0,,0,,0,0,-1.000,3.28,3.22,0.0357,0.0048
5.701,3.280,0,,,,,,GLOBAL,1.000,clear,0,,0,,0,0,-1.000,3.44,3.17,0.0301,0.0025
5.722,3.255,0,,,,,,GLOBAL,1.000,clear,0,,0,,0,0,-1.000,3.77,3.14,0.0270,0.0235
5.741,3.234,0,,,,,,GLOBAL,1.000,clear,0,,0,,0,0,-1.000,3.77,3.14,0.0461,0.0167
5.777,3.234,0,,,,,,GLOBAL,1.000,clear,0,,0,,0,0,-1.000,3.77,3.14,0.0816,0.0523
5.786,3.234,0,,,,,,GLOBAL,1.000,clear,0,,0,,0,0,-1.000,3.77,3.14,0.0902,0.0609
5.816,3.199,0,,,,,,GLOBAL,1.000,clear,0,,0,,0,0,-1.000,3.70,3.12,0.0951,0.0299
5.829,3.155,0,,,,,,GLOBAL,1.000,clear,0,,0,,0,0,-1.000,3.58,3.02,0.0562,0.0073
5.842,3.109,0,,,,,,GLOBAL,1.000,clear,0,,0,,0,0,-1.000,3.58,3.02,0.0450,0.0121
5.861,3.078,0,,,,,,GLOBAL,1.000,clear,0,,0,,0,0,-1.000,4.35,3.00,0.0370,0.0109
5.883,3.047,0,,,,,,GLOBAL,1.000,clear,0,,0,,0,0,-1.000,4.25,3.00,0.0357,0.0011
5.901,3.033,0,,,,,,GLOBAL,1.000,clear,0,,0,,0,0,-1.000,4.72,3.00,0.0272,0.0197
5.921,3.013,0,,,,,,GLOBAL,1.000,clear,0,,0,,0,0,-1.000,4.72,3.00,0.0473,0.0194
5.941,3.002,0,,,,,,GLOBAL,1.000,clear,0,,0,,0,0,-1.000,4.93,3.00,0.0427,0.0165
5.961,2.997,0,,,,,,GLOBAL,1.000,clear,0,,0,,0,0,-1.000,4.93,3.00,0.0391,0.0105
5.981,2.990,0,,,,,,GLOBAL,1.000,clear,0,,0,,0,0,-1.000,6.67,3.00,0.0336,0.0049
6.002,2.981,0,,,,,,GLOBAL,1.000,clear,0,,0,,0,0,-1.000,6.80,3.00,0.0274,0.0011
6.021,2.982,0,,,,,,GLOBAL,1.000,clear,0,,0,,0,0,-1.000,6.80,3.00,0.0471,0.0209
6.041,2.983,0,,,,,,GLOBAL,1.000,clear,0,,0,,0,0,-1.000,6.89,3.00,0.0436,0.0144
6.061,2.978,0,,,,,,GLOBAL,1.000,clear,0,,0,,0,0,-1.000,6.47,3.00,0.0370,0.0076
6.081,2.971,0,,,,,,GLOBAL,1.000,clear,0,,0,,0,0,-1.000,6.73,3.00,0.0337,0.0039
6.102,2.947,0,,,,,,GLOBAL,1.000,clear,0,,0,,0,0,-1.000,6.73,3.00,0.0265,0.0005
6.121,2.926,0,,,,,,GLOBAL,1.000,clear,0,,0,,0,0,-1.000,7.53,3.00,0.0462,0.0202
6.141,2.923,0,,,,,,GLOBAL,1.000,clear,0,,0,,0,0,-1.000,8.11,3.00,0.0408,0.0145
6.161,2.903,0,,,,,,GLOBAL,1.000,clear,0,,0,,0,0,-1.000,8.11,3.00,0.0370,0.0068
6.181,2.899,0,,,,,,GLOBAL,1.000,clear,0,,0,,0,0,-1.000,7.23,3.00,0.0324,0.0043
6.201,2.901,0,,,,,,GLOBAL,1.000,clear,0,,0,,0,0,-1.000,8.66,3.00,0.0271,0.0243
6.221,2.891,0,,,,,,GLOBAL,1.000,clear,0,,0,,0,0,-1.000,8.66,3.00,0.0470,0.0189
6.241,2.887,0,,,,,,GLOBAL,1.000,clear,0,,0,,0,0,-1.000,9.15,3.00,0.0426,0.0145
6.261,2.897,0,,,,,,GLOBAL,1.000,clear,0,,0,,0,0,-1.000,8.77,3.00,0.0372,0.0060
6.281,2.891,0,,,,,,GLOBAL,1.000,clear,0,,0,,0,0,-1.000,8.77,3.00,0.0328,0.0011
6.302,2.897,0,,,,,,GLOBAL,1.000,clear,0,,0,,0,0,-1.000,10.30,3.00,0.0274,0.0007
6.321,2.901,0,,,,,,GLOBAL,1.000,clear,0,,0,,0,0,-1.000,12.28,3.00,0.0472,0.0205
6.341,2.892,0,,,,,,GLOBAL,1.000,clear,0,,0,,0,0,-1.000,12.28,3.00,0.0429,0.0147
6.361,2.898,0,,,,,,GLOBAL,1.000,clear,0,,0,,0,0,-1.000,11.44,3.00,0.0370,0.0066
6.381,2.909,0,,,,,,GLOBAL,1.000,clear,0,,0,,0,0,-1.000,11.70,3.00,0.0330,0.0049
6.402,2.896,0,,,,,,GLOBAL,1.000,clear,0,,0,,0,0,-1.000,11.70,3.00,0.0277,0.0253
6.421,2.906,0,,,,,,GLOBAL,1.000,clear,0,,0,,0,0,-1.000,14.06,3.00,0.0474,0.0173
6.441,2.902,0,,,,,,GLOBAL,1.000,clear,0,,0,,0,0,-1.000,14.18,3.00,0.0433,0.0149
6.461,2.889,0,,,,,,GLOBAL,1.000,clear,0,,0,,0,0,-1.000,14.18,3.00,0.0372,0.0032
6.481,2.894,0,,,,,,GLOBAL,1.000,clear,0,,0,,0,0,-1.000,15.69,3.00,0.0335,0.0043
6.501,2.896,0,,,,,,GLOBAL,1.000,clear,0,,0,,0,0,-1.000,16.63,3.00,0.0275,0.0243
6.521,2.889,0,,,,,,GLOBAL,1.000,clear,0,,0,,0,0,-1.000,16.63,3.00,0.0475,0.0193
6.541,2.894,0,,,,,,GLOBAL,1.000,clear,0,,0,,0,0,-1.000,15.98,3.00,0.0418,0.0145
6.561,2.887,0,,,,,,GLOBAL,1.000,clear,0,,0,,0,0,-1.000,16.09,3.00,0.0379,0.0081
6.581,2.882,0,,,,,,GLOBAL,1.000,clear,0,,0,,0,0,-1.000,16.09,3.00,0.0308,0.0048
6.603,2.889,0,,,,,,GLOBAL,1.000,clear,0,,0,,0,0,-1.000,15.71,3.00,0.0290,0.0265
6.624,2.881,0,,,,,,GLOBAL,1.000,clear,0,,0,,0,0,-1.000,16.20,3.00,0.0501,0.0207
6.641,2.875,0,,,,,,GLOBAL,1.000,clear,0,,0,,0,0,-1.000,16.20,3.00,0.0409,0.0131
6.661,2.886,0,,,,,,GLOBAL,1.000,clear,0,,0,,0,0,-1.000,15.56,3.00,0.0365,0.0093
6.681,2.866,0,,,,,,GLOBAL,1.000,clear,0,,0,,0,0,-1.000,15.48,3.00,0.0323,0.0049
6.702,2.862,0,,,,,,GLOBAL,1.000,clear,0,,0,,0,0,-1.000,15.48,3.00,0.0286,0.0005
6.721,2.875,0,,,,,,GLOBAL,1.000,clear,0,,0,,0,0,-1.000,14.24,3.00,0.0484,0.0203
6.743,2.875,0,,,,,,GLOBAL,1.000,clear,0,,0,,0,0,-1.000,14.24,3.00,0.0439,0.0090
6.761,2.853,0,,,,,,GLOBAL,1.000,clear,0,,0,,0,0,-1.000,14.14,3.00,0.0385,0.0080
6.781,2.867,0,,,,,,GLOBAL,1.000,clear,0,,0,,0,0,-1.000,13.49,3.00,0.0323,0.0040
6.802,2.848,0,,,,,,GLOBAL,1.000,clear,0,,0,,0,0,-1.000,13.49,3.00,0.0274,0.0006
6.821,2.852,0,,,,,,GLOBAL,1.000,clear,0,,0,,0,0,-1.000,13.12,3.00,0.0469,0.0201
6.841,2.855,0,,,,,,GLOBAL,1.000,clear,0,,0,,0,0,-1.000,12.50,3.00,0.0428,0.0148
6.861,2.834,0,,,,,,GLOBAL,1.000,clear,0,,0,,0,0,-1.000,12.05,3.00,0.0359,0.0096
6.881,2.842,0,,,,,,GLOBAL,1.000,clear,0,,0,,0,0,-1.000,12.05,3.00,0.0328,0.0046
6.902,2.857,0,,,,,,GLOBAL,1.000,clear,0,,0,,0,0,-1.000,12.18,3.00,0.0275,0.0249
6.921,2.837,0,,,,,,GLOBAL,1.000,clear,0,,0,,0,0,-1.000,11.93,3.00,0.0472,0.0193
6.941,2.843,0,,,,,,GLOBAL,1.000,clear,0,,0,,0,0,-1.000,11.93,3.00,0.0416,0.0160
6.961,2.848,0,,,,,,GLOBAL,1.000,clear,0,,0,,0,0,-1.000,11.81,3.00,0.0388,0.0079
6.981,2.830,0,,,,,,GLOBAL,1.000,clear,0,,0,,0,0,-1.000,12.35,3.00,0.0328,0.0029
7.001,2.843,0,,,,,,GLOBAL,1.000,clear,0,,0,,0,0,-1.000,12.35,3.00,0.0271,0.0230
7.021,2.851,0,,,,,,GLOBAL,1.000,clear,0,,0,,0,0,-1.000,12.23,3.00,0.0471,0.0162
7.041,2.842,0,,,,,,GLOBAL,1.000,clear,0,,0,,0,0,-1.000,12.84,3.00,0.0431,0.0133
7.061,2.856,0,,,,,,GLOBAL,1.000,clear,0,,0,,0,0,-1.000,12.84,3.00,0.0361,0.0055
7.081,2.864,0,,,,,,GLOBAL,1.000,clear,0,,0,,0,0,-1.000,11.73,3.00,0.0314,0.0039
7.101,2.849,0,,,,,,GLOBAL,1.000,clear,0,,0,,0,0,-1.000,11.48,3.00,0.0514,0.0239
7.121,2.864,0,,,,,,GLOBAL,1.000,clear,0,,0,,0,0,-1.000,11.48,3.00,0.0433,0.0185
7.141,2.876,0,,,,,,GLOBAL,1.000,clear,0,,0,,0,0,-1.000,11.50,3.00,0.0410,0.0133
7.161,2.862,0,,,,,,GLOBAL,1.000,clear,0,,0,,0,0,-1.000,11.77,3.00,0.0357,0.0073
7.181,2.870,0,,,,,,GLOBAL,1.000,clear,0,,0,,0,0,-1.000,11.77,3.00,0.0318,0.0044
7.206,2.877,0,,,,,,GLOBAL,1.000,clear,0,,0,,0,0,-1.000,10.36,3.00,0.0568,0.0293
7.222,2.865,0,,,,,,GLOBAL,1.000,clear,0,,0,,0,0,-1.000,10.64,3.00,0.0475,0.0148
7.241,2.875,0,,,,,,GLOBAL,1.000,clear,0,,0,,0,0,-1.000,10.64,3.00,0.0380,0.0068
7.262,2.887,0,,,,,,GLOBAL,1.000,clear,0,,0,,0,0,-1.000,9.88,3.00,0.0356,0.0066
7.388,2.887,0,,,,,,GLOBAL,1.000,clear,0,,0,,0,0,-1.000,9.88,3.00,0.1614,0.1324
7.414,2.877,0,,,,,,GLOBAL,1.000,clear,0,,0,,0,0,-1.000,8.54,3.00,0.1400,0.0048
7.422,2.888,0,,,,,,GLOBAL,1.000,clear,0,,0,,0,0,-1.000,8.94,3.00,0.0326,0.0013
7.441,2.890,0,,,,,,GLOBAL,1.000,clear,0,,0,,0,0,-1.000,7.61,3.00,0.0427,0.0144
7.461,2.877,0,,,,,,GLOBAL,1.000,clear,0,,0,,0,0,-1.000,7.04,3.00,0.0367,0.0067
7.481,2.883,0,,,,,,GLOBAL,1.000,clear,0,,0,,0,0,-1.000,7.04,3.00,0.0296,0.0020
7.502,2.906,0,,,,,,GLOBAL,1.000,clear,0,,0,,0,0,-1.000,8.83,3.00,0.0272,0.0223
7.521,2.893,0,,,,,,GLOBAL,1.000,clear,0,,0,,0,0,-1.000,8.83,3.00,0.0469,0.0148
7.541,2.893,0,,,,,,GLOBAL,1.000,clear,0,,0,,0,0,-1.000,9.74,3.00,0.0412,0.0143
7.561,2.905,0,,,,,,GLOBAL,1.000,clear,0,,0,,0,0,-1.000,8.75,3.00,0.0365,0.0084
7.581,2.891,0,,,,,,GLOBAL,1.000,clear,0,,0,,0,0,-1.000,8.07,3.00,0.0316,0.0048
7.601,2.897,0,,,,,,GLOBAL,1.000,clear,0,,0,,0,0,-1.000,8.07,3.00,0.0271,0.0247
7.621,2.917,0,,,,,,GLOBAL,1.000,clear,0,,0,,0,0,-1.000,8.59,3.00,0.0471,0.0188
7.641,2.899,0,,,,,,GLOBAL,1.000,clear,0,,0,,0,0,-1.000,8.59,3.00,0.0416,0.0120
7.661,2.907,0,,,,,,GLOBAL,1.000,clear,0,,0,,0,0,-1.000,8.55,3.00,0.0356,0.0069
7.681,2.916,0,,,,,,GLOBAL,1.000,clear,0,,0,,0,0,-1.000,8.46,3.00,0.0298,0.0026
7.701,2.899,0,,,,,,GLOBAL,1.000,clear,0,,0,,0,0,-1.000,7.93,3.00,0.0501,0.0229
7.721,2.907,0,,,,,,GLOBAL,1.000,clear,0,,0,,0,0,-1.000,7.93,3.00,0.0459,0.0179
7.741,2.919,0,,,,,,GLOBAL,1.000,clear,0,,0,,0,0,-1.000,7.85,3.00,0.0417,0.0125
7.761,2.899,0,,,,,,GLOBAL,1.000,clear,0,,0,,0,0,-1.000,7.41,3.00,0.0360,0.0047
7.782,2.909,0,,,,,,GLOBAL,1.000,clear,0,,0,,0,0,-1.000,7.41,3.00,0.0321,0.0030
7.802,2.915,0,,,,,,GLOBAL,1.000,clear,0,,0,,0,0,-1.000,6.60,3.00,0.0262,0.0229
7.821,2.904,0,,,,,,GLOBAL,1.000,clear,0,,0,,0,0,-1.000,6.48,3.00,0.0459,0.0165
7.841,2.917,0,,,,,,GLOBAL,1.000,clear,0,,0,,0,0,-1.000,6.48,3.00,0.0404,0.0136
7.861,2.922,0,,,,,,GLOBAL,1.000,clear,0,,0,,0,0,-1.000,6.00,3.00,0.0364,0.0042
7.886,2.905,0,,,,,,GLOBAL,1.000,clear,0,,0,,0,0,-1.000,6.00,3.00,0.0608,0.0287
7.901,2.916,0,,,,,,GLOBAL,1.000,clear,0,,0,,0,0,-1.000,4.94,3.00,0.0497,0.0148
7.921,2.915,0,,,,,,GLOBAL,1.000,clear,0,,0,,0,0,-1.000,4.98,3.00,0.0462,0.0153
7.941,2.905,0,,,,,,GLOBAL,1.000,clear,0,,0,,0,0,-1.000,3.53,3.00,0.0404,0.0103
7.961,2.921,0,,,,,,GLOBAL,1.000,clear,0,,0,,0,0,-1.000,3.53,3.00,0.0346,0.0065
7.984,2.924,0,,,,,,GLOBAL,1.000,clear,0,,0,,0,0,-1.000,3.47,3.00,0.0339,0.0295
8.002,2.918,0,,,,,,GLOBAL,1.000,clear,0,,0,,0,0,-1.000,3.58,3.00,0.0254,0.0165
8.021,2.920,0,,,,,,GLOBAL,1.000,clear,0,,0,,0,0,-1.000,3.58,3.00,0.0451,0.0362
8.042,2.917,0,,,,,,GLOBAL,1.000,clear,0,,0,,0,0,-1.000,3.09,3.00,0.0381,0.0005
8.062,2.919,0,,,,,,GLOBAL,1.000,clear,0,,0,,0,0,-1.000,3.07,3.00,0.0348,0.0209
8.081,2.926,0,,,,,,GLOBAL,1.000,clear,0,,0,,0,0,-1.000,3.07,3.00,0.0309,0.0026
8.101,2.929,0,,,,,,GLOBAL,1.000,clear,0,,0,,0,0,-1.000,3.14,3.00,0.0510,0.0227
8.122,2.928,0,,,,,,GLOBAL,1.000,clear,0,,0,,0,0,-1.000,2.78,3.00,0.0461,0.0166
8.141,2.928,0,,,,,,GLOBAL,1.000,clear,0,,0,,0,0,-1.000,2.78,3.00,0.0356,0.0115
8.161,2.927,0,,,,,,GLOBAL,1.000,clear,0,,0,,0,0,-1.000,3.19,3.00,0.0339,0.0025
8.181,2.935,0,,,,,,GLOBAL,1.000,clear,0,,0,,0,0,-1.000,2.99,3.00,0.0278,0.0027
8.206,2.939,0,,,,,,GLOBAL,1.000,clear,0,,0,,0,0,-1.000,2.99,3.00,0.0523,0.0272
8.221,2.942,0,,,,,,GLOBAL,1.000,clear,0,,0,,0,0,-1.000,2.32,3.00,0.0453,0.0148
8.241,2.935,0,,,,,,GLOBAL,1.000,clear,0,,0,,0,0,-1.000,2.32,3.00,0.0397,0.0087
8.262,2.939,0,,,,,,GLOBAL,1.000,clear,0,,0,,0,0,-1.000,2.60,3.00,0.0342,0.0036
8.281,2.944,0,,,,,,GLOBAL,1.000,clear,0,,0,,0,0,-1.000,2.58,3.03,0.0300,0.0234
8.301,2.946,0,,,,,,GLOBAL,1.000,clear,0,,0,,0,0,-1.000,2.62,3.16,0.0501,0.0191
8.322,2.956,0,,,,,,GLOBAL,1.000,clear,0,,0,,0,0,-1.000,2.62,3.16,0.0449,0.0066
8.341,2.957,0,,,,,,GLOBAL,1.000,clear,0,,0,,0,0,2.182,2.52,3.20,0.0402,0.0091
8.362,2.964,0,,,,,,GLOBAL,1.000,clear,0,,0,,0,0,2.182,2.48,3.25,0.0347,0.0059
8.381,2.986,0,,,,,,GLOBAL,1.000,clear,0,,0,,0,0,2.124,2.48,3.25,0.0289,0.0257
8.402,3.004,0,,,,,,GLOBAL,1.000,clear,0,,0,,0,0,2.094,2.55,3.36,0.0491,0.0150
8.422,3.028,0,,,,,,GLOBAL,1.000,clear,0,,0,,0,0,2.051,2.54,3.43,0.0448,0.0180
8.441,3.064,0,,,,,,GLOBAL,1.000,clear,0,,0,,0,0,2.000,2.54,3.43,0.0345,0.0111
8.462,3.098,0,,,,,,GLOBAL,1.000,clear,0,,0,,0,0,2.000,2.59,3.50,0.0359,0.0012
8.481,3.135,0,,,,,,GLOBAL,1.000,clear,0,,0,,0,0,2.002,2.66,3.53,0.0277,0.0010
8.501,3.178,0,,,,,,GLOBAL,1.000,clear,0,,0,,0,0,1.886,2.66,3.53,0.0477,0.0210
8.521,3.217,0,,,,,,GLOBAL,1.000,clear,0,,0,,0,0,-1.000,3.20,3.60,0.0451,0.0160
8.542,3.254,0,,,,,,GLOBAL,1.000,clear,0,,0,,0,0,-1.000,2.94,3.70,0.0395,0.0120
8.562,3.290,0,,,,,,GLOBAL,1.000,clear,0,,0,,0,0,-1.000,2.94,3.70,0.0360,0.0062
8.582,3.324,0,,,,,,GLOBAL,1.000,clear,0,,0,,0,0,1.787,3.15,3.77,0.0285,0.0011
8.601,3.375,0,,,,,,GLOBAL,1.000,clear,0,,0,,0,0,-1.000,3.15,3.83,0.0473,0.0200
8.621,3.426,0,,,,,,GLOBAL,1.000,clear,0,,0,,0,0,-1.000,3.15,3.83,0.0453,0.0168
8.641,3.473,0,,,,,,GLOBAL,1.000,clear,0,,0,,0,0,1.593,3.09,3.89,0.0392,0.0105
8.661,3.517,0,,,,,,GLOBAL,1.000,clear,0,,0,,0,0,1.593,3.53,3.95,0.0338,0.0027
8.682,3.571,0,,,,,,GLOBAL,1.000,clear,0,,0,,0,0,-1.000,3.53,3.95,0.0302,0.0006
8.701,3.622,0,,,,,,GLOBAL,1.000,clear,0,,0,,0,0,-1.000,4.21,4.04,0.0498,0.0201
8.721,3.671,0,,,,,,GLOBAL,1.000,clear,0,,0,,0,0,-1.000,4.15,4.09,0.0439,0.0123
8.741,3.726,0,,,,,,GLOBAL,1.000,clear,0,,0,,0,0,-1.000,4.15,4.09,0.0381,0.0112
8.761,3.764,0,,,,,,GLOBAL,1.000,clear,0,,0,,0,0,-1.000,4.54,4.15,0.0342,0.0019
8.884,3.764,0,,,,,,GLOBAL,1.000,clear,0,,0,,0,0,-1.000,4.54,4.15,0.1571,0.1247
8.908,4.052,0,,,,,,GLOBAL,1.000,clear,0,,0,,0,0,-1.000,4.66,4.41,0.0534,0.0147
8.921,4.083,0,,,,,,GLOBAL,1.000,clear,0,,0,,0,0,-1.000,4.66,4.41,0.0418,0.0128
8.941,4.127,0,,,,,,GLOBAL,1.000,clear,0,,0,,0,0,-1.000,4.57,4.55,0.0347,0.0052
8.964,4.167,0,,,,,,GLOBAL,1.000,clear,0,,0,,0,0,-1.000,4.57,4.55,0.0359,0.0046
8.982,4.214,0,,,,,,GLOBAL,1.000,clear,0,,0,,0,0,-1.000,5.88,4.67,0.0296,0.0005
9.001,4.247,0,,,,,,GLOBAL,1.000,clear,0,,0,,0,0,-1.000,6.07,4.87,0.0491,0.0200
9.021,4.305,0,,,,,,AVOID,0.954,avoid_cruise,1,,0,,0,0,-1.000,6.07,4.87,0.0432,0.0147
9.041,4.353,0,,,,,,AVOID,0.921,avoid_cruise,1,8.4,0,,0,0,-1.000,6.07,4.87,0.0378,0.0104
9.061,4.427,0,,,,,,AVOID,0.921,avoid_cruise,1,12.3,0,,0,0,-1.000,5.76,4.93,0.0336,0.0031
9.082,4.479,0,,,,,,AVOID,0.906,avoid_cruise,1,12.3,0,,0,0,-1.000,5.48,4.95,0.0283,0.0009
9.101,4.545,0,,,,,,AVOID,0.891,avoid_cruise,1,11.1,0,,0,0,-1.000,5.50,4.73,0.0476,0.0202
9.121,4.614,0,,,,,,AVOID,0.878,avoid_cruise,1,10.9,0,,0,0,-1.000,5.47,4.59,0.0379,0.0130
9.141,4.666,0,,,,,,AVOID,0.863,avoid_cruise,1,10.4,0,,0,0,-1.000,5.47,4.59,0.0312,0.0100
9.161,4.721,0,,,,,,AVOID,0.863,avoid_cruise,1,9.7,0,,0,0,-1.000,5.40,4.39,0.0338,0.0025
9.181,4.738,0,,,,,,GLOBAL,0.885,clear,0,9.7,0,,0,0,-1.000,5.60,4.31,0.0278,0.0225
9.201,4.756,0,,,,,,GLOBAL,0.902,clear,0,9.7,0,,0,0,-1.000,4.67,4.51,0.0480,0.0156
9.222,4.759,0,,,,,,GLOBAL,0.923,clear,0,9.7,0,,0,0,-1.000,4.67,4.51,0.0426,0.0130
9.241,4.771,0,,,,,,GLOBAL,0.941,clear,0,9.7,0,,0,0,0.600,2.96,4.62,0.0369,0.0063
9.261,4.770,0,,,,,,GLOBAL,0.962,clear,0,9.7,0,,0,0,0.600,2.96,4.62,0.0322,0.0034
9.281,4.748,0,,,,,,GLOBAL,0.962,clear,0,9.7,0,,0,0,0.575,2.20,4.71,0.0267,0.0237
9.301,4.723,0,,,,,,GLOBAL,0.982,clear,0,9.7,0,,0,0,0.554,1.73,4.81,0.0465,0.0140
9.321,4.694,0,,,,,,GLOBAL,1.000,clear,0,9.7,0,,0,1,0.533,1.73,4.81,0.0411,0.0144
9.342,4.682,0,,,,,,GLOBAL,1.000,clear,0,9.7,0,,0,1,0.509,1.20,4.91,0.0357,0.0060
9.361,4.676,0,,,,,,GLOBAL,1.000,clear,0,9.7,0,,0,1,0.510,1.40,5.00,0.0309,0.0255
9.382,4.609,0,,,,,,GLOBAL,1.000,clear,0,9.7,0,,0,1,0.494,1.40,5.00,0.0272,0.0201
9.402,4.397,0,,,,,,GLOBAL,1.000,clear,0,9.7,0,,0,1,0.494,1.37,5.00,0.0472,0.0190
9.421,4.268,0,,,,,,GLOBAL,1.000,clear,0,9.7,0,,0,1,0.485,-0.15,5.00,0.0428,0.0139
9.441,4.213,0,,,,,,GLOBAL,1.000,clear,0,9.7,0,,0,1,0.469,-2.13,5.00,0.0373,0.0083
9.461,4.192,0,,,,,,GLOBAL,1.000,clear,0,9.7,0,,0,1,0.445,-2.13,5.00,0.0313,0.0045
9.481,4.158,0,,,,,,GLOBAL,1.000,clear,0,9.7,0,,0,1,0.448,-1.90,5.00,0.0272,0.0244
9.501,4.131,0,,,,,,GLOBAL,1.000,clear,0,9.7,0,,0,1,-1.000,-2.63,5.00,0.0473,0.0187
9.522,4.072,0,,,,,,GLOBAL,1.000,clear,0,9.7,0,,0,1,-1.000,-2.63,5.00,0.0423,0.0134
9.541,4.020,0,,,,,,GLOBAL,1.000,clear,0,9.7,0,,0,1,-1.000,-3.49,5.00,0.0361,0.0074
9.561,3.947,0,,,,,,GLOBAL,1.000,clear,0,9.7,0,,0,1,-1.000,-3.05,5.00,0.0318,0.0017
9.582,3.907,0,,,,,,GLOBAL,1.000,clear,0,9.7,0,,0,1,-1.000,-3.05,5.00,0.0267,0.0222
9.601,3.847,1,1.255,1.368,-0.093,0.117,,GLOBAL,1.000,clear,0,9.7,0,,0,1,-1.000,-4.20,5.00,0.0462,0.0173
9.625,3.787,0,,,,,1.168,AVOID,0.984,avoid_cruise,1,9.7,0,,0,1,-1.000,-3.97,5.00,0.0446,0.0163
9.647,3.719,0,,,,,1.073,AVOID,0.984,avoid_cruise,1,20.0,0,,0,1,-1.000,-3.97,5.00,0.0417,0.0116
9.662,3.656,0,,,,,1.073,AVOID,0.965,avoid_cruise,1,20.0,0,,0,1,-1.000,-3.97,5.00,0.0310,0.0268
9.684,3.603,1,0.999,1.118,-0.110,0.124,,AVOID,0.946,avoid_cruise,1,21.1,0,,0,1,-1.000,-2.79,4.82,0.0531,0.0216
9.702,3.529,0,,,,,0.928,AVOID,0.935,avoid_cruise,1,22.1,24,0.012,1,1,-1.000,-2.79,4.82,0.0453,0.0157
9.721,3.456,0,,,,,0.862,AVOID,0.926,avoid_cruise,1,23.5,22,0.002,1,1,-1.000,4.57,4.73,0.0410,0.0066
9.745,3.377,0,,,,,0.785,AVOID,0.926,avoid_cruise,1,24.9,22,0.026,1,0,-1.000,7.06,4.63,0.0372,0.0090
9.761,3.308,0,,,,,0.785,AVOID,0.906,avoid_cruise,1,26.7,22,0.042,1,0,-1.000,7.06,4.63,0.0297,0.0253
9.781,3.240,1,0.716,0.820,-0.087,0.108,,AVOID,0.906,avoid_cruise,1,26.7,22,0.009,1,0,-1.000,7.61,4.53,0.0498,0.0147
9.802,3.166,0,,,,,0.663,AVOID,0.885,avoid_cruise,1,29.6,22,0.011,1,0,-1.000,7.91,4.53,0.0456,0.0139
9.823,3.087,0,,,,,0.577,AVOID,0.885,avoid_cruise,1,31.8,22,0.033,1,0,-1.000,8.60,4.43,0.0398,0.0085
9.841,3.015,0,,,,,,AVOID,0.885,avoid_cruise,1,35.7,22,0.051,1,0,-1.000,8.60,4.43,0.0354,0.0043
9.868,2.931,0,,,,,,AVOID,0.845,aeb_escape,1,35.7,22,0.012,1,0,-1.000,8.73,4.43,0.0618,0.0306
9.882,2.863,0,,,,,,AVOID,0.833,static,1,31.4,20,0.001,1,0,-1.000,8.73,4.43,0.0495,0.0140
9.903,2.799,0,,,,,,AVOID,0.818,dynamic,1,35.5,18,0.001,1,0,-1.000,9.27,4.16,0.0446,0.0158
9.922,2.716,0,,,,,,AVOID,0.805,aeb_escape,1,36.2,17,0.002,1,0,-1.000,9.24,4.09,0.0397,0.0102
9.944,2.639,0,,,,,,AVOID,0.794,aeb_escape,1,38.6,18,0.005,1,0,-1.000,9.24,4.09,0.0370,0.0030
9.964,2.554,0,,,,,,AVOID,0.794,aeb_escape,1,38.6,18,0.024,1,0,-1.000,10.44,4.03,0.0304,0.0221
9.981,2.484,0,,,,,,AVOID,0.778,aeb_escape,1,42.6,14,0.015,1,0,-1.000,10.72,3.97,0.0481,0.0170
10.002,2.423,0,,,,,,AVOID,0.778,aeb_escape,1,47.5,14,0.035,1,0,-1.000,12.30,3.86,0.0442,0.0149
10.022,2.381,0,,,,,,AVOID,0.747,aeb_escape,1,51.5,14,0.055,1,0,-1.000,12.30,3.86,0.0390,0.0038
10.042,2.350,0,,,,,,AVOID,0.730,aeb_escape,1,53.7,13,0.016,1,0,-1.000,12.47,3.69,0.0342,0.0233
10.063,2.326,0,,,,,,AVOID,0.730,aeb_escape,1,53.7,11,0.016,1,0,-1.000,13.68,3.60,0.0272,0.0170
10.081,2.316,0,,,,,,AVOID,0.717,aeb_escape,1,49.3,10,0.013,1,0,-1.000,13.68,3.60,0.0454,0.0092
10.104,2.337,0,,,,,,AVOID,0.702,aeb_escape,1,44.3,11,0.002,1,0,-1.000,13.60,3.52,0.0435,0.0059
10.122,2.385,0,,,,,,AVOID,0.686,aeb_escape,1,39.0,11,0.002,1,0,-1.000,13.62,3.35,0.0386,0.0240
10.141,2.396,0,,,,,,AVOID,0.686,aeb_escape,1,33.6,11,0.022,1,0,-1.000,13.62,3.35,0.0304,0.0027
10.163,2.388,0,,,,,,AVOID,0.669,aeb_escape,1,33.6,11,0.015,1,0,-1.000,13.23,3.25,0.0287,0.0240
10.181,2.368,0,,,,,,AVOID,0.658,aeb_escape,1,28.5,12,0.005,1,0,-1.000,9.48,3.18,0.0471,0.0181
10.201,2.369,0,,,,,,AVOID,0.644,aeb_escape,1,23.0,13,0.011,1,0,-1.000,9.48,3.18,0.0429,0.0150
10.221,2.398,0,,,,,,AVOID,0.625,aeb_escape,1,18.2,13,0.031,1,0,-1.000,6.74,3.10,0.0387,0.0057
10.241,2.433,0,,,,,,AVOID,0.625,aeb_escape,1,12.6,13,0.018,1,0,-1.000,4.16,2.99,0.0330,0.0030
10.261,2.480,0,,,,,,AVOID,0.609,aeb_escape,1,12.6,14,0.012,1,0,-1.000,4.16,2.99,0.0270,0.0230
10.281,2.539,0,,,,,,AVOID,0.598,aeb_escape,1,6.9,16,0.013,1,0,-1.000,2.21,2.85,0.0471,0.0186
10.301,2.603,0,,,,,,AVOID,0.584,aeb_escape,1,0.3,16,0.014,1,0,1.050,-3.69,2.77,0.0435,0.0134
10.322,2.658,0,,,,,,AVOID,0.567,aeb_escape,1,-5.3,17,0.002,1,0,-1.000,-3.69,2.77,0.0382,0.0060
10.344,2.710,0,,,,,,AVOID,0.552,aeb_escape,1,-5.3,17,0.024,1,0,-1.000,-6.08,2.68,0.0362,0.0020
10.364,2.780,0,,,,,,AVOID,0.552,aeb_escape,1,-10.0,19,0.018,1,0,-1.000,-6.08,2.68,0.0303,0.0220
10.381,2.834,0,,,,,,AVOID,0.537,aeb_escape,1,-13.6,20,0.011,1,0,-1.000,-7.49,2.59,0.0477,0.0063
10.402,2.879,0,,,,,,AVOID,0.523,aeb_escape,1,-18.2,19,0.001,1,0,-1.000,-8.99,2.51,0.0441,0.0268
10.426,2.901,0,,,,,,AVOID,0.507,aeb_escape,1,-23.1,21,0.001,1,0,-1.000,-8.99,2.51,0.0419,0.0108
10.445,2.909,0,,,,,,AVOID,0.494,aeb_escape,1,-27.0,21,0.021,1,0,-1.000,-9.38,2.43,0.0360,0.0051
10.462,2.923,0,,,,,,AVOID,0.478,aeb_escape,1,-27.0,23,0.012,1,0,-1.000,-11.84,2.29,0.0281,0.0221
10.481,2.932,0,,,,,,AVOID,0.478,aeb_escape,1,-31.3,26,0.013,1,0,-1.000,-11.84,2.29,0.0470,0.0186
10.502,2.934,0,,,,,,AVOID,0.478,aeb_escape,1,-31.3,26,0.033,1,0,-1.000,-11.28,2.21,0.0428,0.0012
10.525,2.944,0,,,,,,AVOID,0.445,aeb_escape,1,-34.0,30,0.001,1,0,-1.000,-11.28,2.21,0.0321,0.0095
10.542,2.926,0,,,,,,AVOID,0.433,aeb_escape,1,-34.0,30,0.002,1,0,-1.000,-8.91,2.04,0.0332,0.0011
10.561,2.889,0,,,,,,AVOID,0.422,aeb_escape,1,-34.2,30,0.021,1,0,-1.000,-8.91,2.04,0.0268,0.0204
10.581,2.813,0,,,,,,AVOID,0.422,aeb_escape,1,-34.7,47,0.013,1,0,-1.000,-8.92,1.92,0.0469,0.0119
10.602,2.696,0,,,,,,AVOID,0.408,aeb_escape,1,-33.2,47,0.011,1,0,-1.000,-8.92,1.92,0.0438,0.0097
10.622,2.663,0,,,,,,AVOID,0.392,aeb_escape,1,-31.8,47,0.003,1,0,-1.000,-9.77,1.85,0.0376,0.0018
10.644,2.671,0,,,,,,AVOID,0.382,aeb_escape,1,-31.8,46,0.001,1,0,-1.000,-9.77,1.85,0.0342,0.0047
10.662,2.645,0,,,,,,AVOID,0.365,aeb_escape,1,-29.4,46,0.018,1,0,-1.000,-10.09,1.78,0.0256,0.0220
10.681,2.601,0,,,,,,AVOID,0.365,aeb_escape,1,-28.7,46,0.015,1,0,-1.000,-10.09,1.78,0.0455,0.0146
10.702,2.554,0,,,,,,AVOID,0.350,aeb_escape,1,-27.4,46,0.011,1,0,-1.000,-10.24,1.73,0.0415,0.0102
10.725,2.471,0,,,,,,AVOID,0.337,aeb_escape,1,-25.9,46,0.001,1,0,-1.000,-11.23,1.52,0.0390,0.0084
10.741,2.400,0,,,,,,AVOID,0.324,aeb_escape,1,-23.2,46,0.018,1,0,-1.000,-11.23,1.52,0.0314,0.0250
10.765,2.345,0,,,,,,AVOID,0.324,aeb_escape,1,-23.2,46,0.017,1,0,-1.000,-11.23,1.52,0.0554,0.0236
10.784,2.284,0,,,,,,AVOID,0.299,aeb_escape,1,-22.4,46,0.036,1,0,-1.000,-11.32,1.45,0.0482,0.0151
10.802,2.206,0,,,,,,AVOID,0.286,aeb_escape,1,-21.5,31,0.003,1,0,-1.000,-10.64,1.45,0.0402,0.0017
10.835,2.129,0,,,,,,AVOID,0.275,aeb_escape,1,-20.6,27,0.003,1,0,-1.000,-8.56,1.29,0.0498,0.0182
10.845,2.067,0,,,,,,AVOID,0.261,aeb_escape,1,-20.2,27,0.013,1,0,-1.000,-8.56,1.29,0.0343,0.0036
10.862,1.989,0,,,,,,AVOID,0.247,aeb_escape,1,-20.2,44,0.012,1,0,-1.000,-5.54,1.21,0.0511,0.0204
10.882,1.898,0,,,,,,AVOID,0.247,aeb_escape,1,-18.6,44,0.009,1,0,-1.000,-5.15,1.08,0.0449,0.0166
10.901,1.821,0,,,,,,AVOID,0.231,aeb_escape,1,-16.9,43,0.003,1,0,-1.000,-5.15,1.08,0.0405,0.0098
10.927,1.724,0,,,,,,AVOID,0.219,aeb_escape,1,-14.6,43,0.001,1,0,-1.000,-5.16,1.01,0.0405,0.0115
10.942,1.649,0,,,,,,AVOID,0.203,aeb_escape,1,-11.4,43,0.016,1,0,-1.000,-3.99,0.96,0.0299,0.0014
10.961,1.571,0,,,,,,AVOID,0.188,aeb_escape,1,-11.4,42,0.013,1,0,-1.000,-4.19,0.88,0.0488,0.0203
10.981,1.500,0,,,,,,AVOID,0.188,aeb_escape,1,-10.4,42,0.014,1,0,-1.000,-4.19,0.88,0.0447,0.0116
11.001,1.436,0,,,,,,AVOID,0.188,aeb_escape,1,-9.6,42,0.034,1,0,-1.000,-2.08,0.81,0.0391,0.0065
11.022,1.316,0,,,,,,AVOID,0.168,aeb_escape,1,-9.4,42,0.055,1,0,-1.000,-2.08,0.81,0.0358,0.0273
11.044,1.221,0,,,,,,AVOID,0.169,aeb_escape,1,-9.4,41,0.001,1,0,-1.000,-2.40,0.73,0.0304,0.0211
11.061,1.151,0,,,,,,AVOID,0.169,aeb_escape,1,-7.7,41,0.018,1,0,-1.000,-2.90,0.73,0.0478,0.0163
11.081,1.081,0,,,,,,AVOID,0.169,aeb_escape,1,-6.3,40,0.009,1,0,-1.000,-2.90,0.73,0.0437,0.0152
11.105,0.998,0,,,,,,AVOID,0.169,aeb_escape,1,-5.8,24,0.002,1,0,-1.000,-2.39,0.73,0.0416,0.0138
11.124,0.922,0,,,,,,AVOID,0.170,aeb_escape,1,-5.7,23,0.001,1,0,-1.000,-1.46,0.73,0.0365,0.0086
11.142,0.873,0,,,,,,AVOID,0.171,aeb_escape,1,-5.7,23,0.019,1,0,-1.000,-1.60,0.73,0.0290,0.0269
11.161,0.817,0,,,,,,AVOID,0.170,aeb_escape,1,-5.1,23,0.014,1,0,-1.000,-1.60,0.73,0.0482,0.0187
11.181,0.768,0,,,,,,AVOID,0.170,aeb_escape,1,-4.7,23,0.017,1,0,-1.000,-2.34,0.73,0.0429,0.0146
11.202,0.720,0,,,,,,AVOID,0.171,aeb_escape,1,-4.4,23,0.013,1,0,-1.000,-2.34,0.73,0.0329,0.0111
11.222,0.683,0,,,,,,AVOID,0.172,aeb_escape,1,-4.4,22,0.003,1,0,-1.000,-2.21,0.73,0.0279,0.0015
11.242,0.662,0,,,,,,AVOID,0.172,aeb_escape,1,-4.4,22,0.023,1,0,-1.000,-1.73,0.73,0.0228,0.0214
11.262,0.649,0,,,,,,AVOID,0.172,aeb_escape,1,-4.4,22,0.014,1,0,-1.000,-2.03,0.73,0.0427,0.0196
11.282,0.649,0,,,,,,AVOID,0.172,aeb_escape,1,-4.1,22,0.001,1,0,-1.000,-2.03,0.73,0.0373,0.0151
11.301,0.655,0,,,,,,AVOID,0.173,aeb_escape,1,-3.9,22,0.004,1,0,-1.000,-1.54,0.73,0.0295,0.0120
11.322,0.663,0,,,,,,AVOID,0.173,aeb_escape,1,-3.7,22,0.001,1,0,-1.000,-1.54,0.73,0.0350,0.0054
11.342,0.660,0,,,,,,AVOID,0.173,aeb_escape,1,-3.7,22,0.001,1,0,-1.000,-1.77,0.73,0.0553,0.0255
11.361,0.656,0,,,,,,AVOID,0.173,aeb_escape,1,-3.5,22,0.020,1,0,-1.000,-1.81,0.72,0.0474,0.0185
11.381,0.646,0,,,,,,AVOID,0.174,aeb_escape,1,-3.2,21,0.011,1,0,-1.000,-1.68,0.73,0.0431,0.0137
11.401,0.627,0,,,,,,AVOID,0.174,aeb_escape,1,-2.9,21,0.008,1,0,-1.000,-1.68,0.73,0.0389,0.0046
11.422,0.612,0,,,,,,AVOID,0.174,aeb_escape,1,-2.7,21,0.007,1,0,-1.000,-1.48,0.73,0.0310,0.0010
11.441,0.610,0,,,,,,AVOID,0.174,aeb_escape,1,-2.6,21,0.027,1,0,-1.000,-1.48,0.73,0.0274,0.0208
11.461,0.591,0,,,,,,AVOID,0.174,aeb_escape,1,-2.6,21,0.017,1,0,-1.000,-1.65,0.73,0.0473,0.0195
11.481,0.576,0,,,,,,AVOID,0.174,aeb_escape,1,-2.5,21,0.015,1,0,-1.000,-1.46,0.73,0.0434,0.0035
11.501,0.561,0,,,,,,AVOID,0.174,aeb_escape,1,-2.5,21,0.035,1,0,-1.000,-1.51,0.73,0.0373,0.0066
11.522,0.562,0,,,,,,AVOID,0.174,aeb_escape,1,-2.4,21,0.056,1,0,-1.000,-1.51,0.73,0.0338,0.0043
11.543,0.565,0,,,,,,AVOID,0.174,aeb_escape,1,-2.4,21,0.001,1,0,-1.000,-1.50,0.73,0.0285,0.0253
11.561,0.570,0,,,,,,AVOID,0.175,aeb_escape,1,-2.5,21,0.020,1,0,-1.000,-1.50,0.73,0.0471,0.0152
11.582,0.578,0,,,,,,AVOID,0.175,aeb_escape,1,-2.5,21,0.015,1,0,-1.000,-1.29,0.73,0.0439,0.0090
11.601,0.573,0,,,,,,AVOID,0.176,aeb_escape,1,-2.1,25,0.008,1,0,-1.000,-1.29,0.73,0.0371,0.0058
11.622,0.579,0,,,,,,AVOID,0.175,aeb_escape,1,-2.1,21,0.009,1,0,-1.000,-1.29,0.73,0.0341,0.0043
11.642,0.574,0,,,,,,AVOID,0.176,aeb_escape,1,-2.1,20,0.001,1,0,-1.000,-1.29,0.73,0.0548,0.0251
11.661,0.572,0,,,,,,AVOID,0.176,aeb_escape,1,-2.2,20,0.020,1,0,-1.000,-1.27,0.73,0.0472,0.0184
11.681,0.577,0,,,,,,AVOID,0.176,aeb_escape,1,-2.2,20,0.011,1,0,-1.000,-0.74,0.72,0.0423,0.0141
11.701,0.586,0,,,,,,AVOID,0.178,aeb_escape,1,-1.8,24,0.005,1,0,-1.000,-0.74,0.72,0.0368,0.0031
11.721,0.593,0,,,,,,AVOID,0.178,aeb_escape,1,-1.8,19,0.005,1,0,-1.000,-1.94,0.73,0.0301,0.0037
11.742,0.597,0,,,,,,AVOID,0.178,aeb_escape,1,-1.8,19,0.003,1,0,-1.000,-1.17,0.73,0.0275,0.0242
11.762,0.606,0,,,,,,AVOID,0.178,aeb_escape,1,-1.9,19,0.023,1,0,-1.000,-1.17,0.73,0.0473,0.0177
11.781,0.615,0,,,,,,AVOID,0.178,aeb_escape,1,-1.9,19,0.043,1,0,-1.000,-1.13,0.73,0.0426,0.0139
11.801,0.614,0,,,,,,AVOID,0.178,aeb_escape,1,-1.5,24,0.007,1,0,-1.000,-1.13,0.73,0.0363,0.0038
11.821,0.622,0,,,,,,AVOID,0.195,avoid_cruise,1,-0.5,24,0.027,1,0,-1.000,-1.19,0.72,0.0326,0.0013
11.853,0.630,0,,,,,,AVOID,0.217,avoid_cruise,1,-0.5,177,0.002,1,0,-1.000,-1.26,0.79,0.0388,0.0331
11.861,0.627,0,,,,,,REJOIN,0.240,avoid_cruise,1,-0.1,177,0.010,1,0,-1.000,-1.26,0.79,0.0471,0.0078
11.881,0.625,0,,,,,,REJOIN,0.240,avoid_cruise,1,-0.0,177,0.007,1,0,-1.000,-1.26,0.79,0.0424,0.0061
11.902,0.630,0,,,,,,REJOIN,0.263,avoid_cruise,1,-0.0,177,0.002,1,0,-1.000,-1.43,0.88,0.0382,0.0011
11.921,0.633,0,,,,,,REJOIN,0.286,avoid_cruise,1,-0.0,177,0.021,1,0,-1.000,-1.43,0.98,0.0307,0.0010
11.942,0.647,0,,,,,,REJOIN,0.311,avoid_cruise,1,-0.0,177,0.008,1,0,-1.000,-1.42,1.07,0.0279,0.0218
11.962,0.673,0,,,,,,REJOIN,0.333,avoid_cruise,1,-0.0,177,0.005,1,0,-1.000,-1.42,1.07,0.0476,0.0030
11.982,0.687,0,,,,,,REJOIN,0.333,avoid_cruise,1,-0.0,177,0.002,1,0,-1.000,-1.93,1.27,0.0425,0.0009
12.001,0.708,0,,,,,,REJOIN,0.333,avoid_cruise,1,-0.0,177,0.021,1,0,-1.000,-1.52,1.35,0.0371,0.0040
12.022,0.743,0,,,,,,REJOIN,0.333,avoid_cruise,1,-0.0,177,0.042,1,0,-1.000,-2.29,1.33,0.0305,0.0016
12.055,0.798,0,,,,,,REJOIN,0.401,avoid_cruise,1,-0.0,177,0.002,1,0,-1.000,-2.29,1.33,0.0634,0.0345
12.069,0.822,0,,,,,,REJOIN,0.418,avoid_cruise,1,-0.0,177,0.001,1,0,-1.000,-1.60,1.60,0.0550,0.0134
12.081,0.904,0,,,,,,REJOIN,0.427,avoid_cruise,1,-0.0,177,0.002,1,0,-1.000,-1.60,1.60,0.0422,0.0008
12.101,0.969,0,,,,,,REJOIN,0.449,avoid_cruise,1,-0.0,177,0.004,1,0,-1.000,-1.60,1.60,0.0364,0.0026
12.130,1.035,0,,,,,,REJOIN,0.476,avoid_cruise,1,-0.0,177,0.001,1,0,-1.000,-1.77,1.67,0.0394,0.0317
12.153,1.094,0,,,,,,REJOIN,0.497,avoid_cruise,1,-0.0,177,0.001,1,0,-1.000,-1.77,1.67,0.0385,0.0224
12.161,1.167,0,,,,,,REJOIN,0.520,avoid_cruise,1,-0.0,177,0.009,1,0,-1.000,-1.94,1.71,0.0466,0.0077
12.181,1.247,0,,,,,,REJOIN,0.520,avoid_cruise,1,-0.0,177,0.009,1,0,-1.000,-1.94,1.71,0.0424,0.0076
12.225,1.247,0,,,,,,REJOIN,0.542,avoid_cruise,1,-0.0,177,0.004,1,0,-1.000,-1.93,1.80,0.0858,0.0510
12.261,1.307,0,,,,,,REJOIN,0.567,avoid_cruise,1,-0.0,177,0.002,1,0,-1.000,-1.94,1.91,0.0966,0.0358
12.296,1.382,0,,,,,,REJOIN,0.606,avoid_cruise,1,-0.0,177,0.004,1,0,-1.000,-1.93,1.99,0.1023,0.0316
12.325,1.453,0,,,,,,REJOIN,0.622,avoid_cruise,1,-0.0,177,0.002,1,0,-1.000,-1.92,2.08,0.1092,0.0283
12.343,1.518,0,,,,,,REJOIN,0.642,avoid_cruise,1,-0.0,177,0.002,1,0,-1.000,-1.90,2.17,0.1023,0.0171
12.370,1.584,0,,,,,,REJOIN,0.667,avoid_cruise,1,-0.0,177,0.014,1,0,-1.000,-1.90,2.17,0.1059,0.0265
12.385,1.637,0,,,,,,REJOIN,0.690,avoid_cruise,1,-0.0,177,0.002,1,0,-1.000,-1.87,2.27,0.0919,0.0135
12.410,1.767,0,,,,,,REJOIN,0.694,avoid_cruise,1,-0.0,177,0.001,1,0,-1.000,-1.87,2.43,0.0698,0.0117
12.422,1.875,0,,,,,,REJOIN,0.694,avoid_cruise,1,-0.0,177,0.001,1,0,-1.000,-1.87,2.49,0.0564,0.0117
12.453,2.054,0,,,,,,REJOIN,0.700,avoid_cruise,1,-0.0,177,0.001,1,0,-1.000,-1.87,2.49,0.0373,0.0303
12.462,2.109,0,,,,,,REJOIN,0.700,avoid_cruise,1,-0.0,177,0.010,1,0,-1.000,-1.87,2.57,0.0459,0.0082
12.482,2.177,0,,,,,,REJOIN,0.700,avoid_cruise,1,-0.0,177,0.004,1,0,-1.000,-2.06,2.66,0.0419,0.0019
12.501,2.241,0,,,,,,REJOIN,0.700,avoid_cruise,1,-0.0,177,0.024,1,0,-1.000,-2.06,2.66,0.0361,0.0064
12.522,2.289,0,,,,,,REJOIN,0.712,avoid_cruise,1,-0.0,177,0.044,1,0,-1.000,-2.06,2.75,0.0320,0.0030
12.543,2.289,0,,,,,,REJOIN,0.712,avoid_cruise,1,-0.0,177,0.003,1,0,-1.000,-2.06,2.75,0.0536,0.0246
12.561,2.425,0,,,,,,REJOIN,0.725,avoid_cruise,1,-0.0,177,0.007,1,0,-1.000,-2.06,2.77,0.0461,0.0055
12.582,2.425,0,,,,,,REJOIN,0.725,avoid_cruise,1,-0.0,177,0.001,1,0,-1.000,-2.06,2.77,0.0665,0.0259
12.604,2.482,0,,,,,,REJOIN,0.732,avoid_cruise,1,-0.0,177,0.003,1,0,-1.000,-2.07,2.77,0.0633,0.0220
12.628,2.575,0,,,,,,REJOIN,0.738,avoid_cruise,1,-0.0,177,0.001,1,0,-1.000,-2.07,2.77,0.0373,0.0232
12.649,2.605,0,,,,,,REJOIN,0.742,avoid_cruise,1,-0.0,177,0.001,1,0,-1.000,-2.08,2.79,0.0580,0.0204
12.661,2.634,0,,,,,,REJOIN,0.742,avoid_cruise,1,-0.0,177,0.014,1,0,-1.000,-2.07,2.79,0.0457,0.0118
12.700,2.634,0,,,,,,REJOIN,0.742,avoid_cruise,1,-0.0,177,0.001,1,0,-1.000,-2.07,2.79,0.0843,0.0504
12.712,2.670,0,,,,,,REJOIN,0.746,avoid_cruise,1,-0.0,177,0.001,1,0,-1.000,-2.12,2.84,0.0707,0.0116
12.725,2.714,0,,,,,,REJOIN,0.753,avoid_cruise,1,-0.0,177,0.001,1,0,-1.000,-2.12,2.84,0.0593,0.0125
12.754,2.734,0,,,,,,REJOIN,0.757,avoid_cruise,1,-0.0,177,0.001,1,0,-1.000,-2.09,2.86,0.0640,0.0288
12.762,2.749,0,,,,,,REJOIN,0.757,avoid_cruise,1,-0.0,177,0.009,1,0,-1.000,-2.21,2.86,0.0417,0.0070
12.790,2.763,0,,,,,,REJOIN,0.753,avoid_cruise,1,-0.0,177,0.001,1,0,-1.000,-2.21,2.86,0.0498,0.0191
12.804,2.786,0,,,,,,REJOIN,0.757,avoid_cruise,1,-0.0,177,0.001,1,0,-1.000,-2.30,2.89,0.0377,0.0112
12.825,2.795,0,,,,,,REJOIN,0.768,avoid_cruise,1,-0.0,177,0.001,1,0,-1.000,-2.34,2.91,0.0586,0.0322
12.850,2.812,0,,,,,,REJOIN,0.772,avoid_cruise,1,-0.0,177,0.001,1,0,-1.000,-2.34,2.91,0.0539,0.0238
12.861,2.825,0,,,,,,REJOIN,0.772,avoid_cruise,1,-0.0,177,0.013,1,0,-1.000,-2.32,2.91,0.0412,0.0109
12.881,2.834,0,,,,,,REJOIN,0.772,avoid_cruise,1,-0.0,177,0.008,1,0,-1.000,-2.32,2.91,0.0409,0.0061
12.901,2.843,0,,,,,,REJOIN,0.780,avoid_cruise,1,-0.0,177,0.003,1,0,-1.000,-2.79,2.91,0.0348,0.0022
12.921,2.856,0,,,,,,REJOIN,0.776,avoid_cruise,1,-0.0,177,0.023,1,0,-1.000,-2.79,2.91,0.0308,0.0017
12.949,2.863,0,,,,,,REJOIN,0.784,avoid_cruise,1,-0.0,177,0.001,1,0,-1.000,-2.45,2.91,0.0583,0.0292
12.961,2.877,0,,,,,,REJOIN,0.793,avoid_cruise,1,-0.0,177,0.014,1,0,-1.000,-2.45,2.91,0.0454,0.0119
12.981,2.884,0,,,,,,REJOIN,0.793,avoid_cruise,1,-0.0,177,0.010,1,0,-1.000,-2.48,2.94,0.0381,0.0085
13.001,2.884,0,,,,,,REJOIN,0.793,avoid_cruise,1,-0.0,177,0.030,1,0,-1.000,-2.48,2.94,0.0358,0.0054
13.029,2.889,0,,,,,,REJOIN,0.793,avoid_cruise,1,-0.0,177,0.001,1,0,-1.000,-2.60,2.86,0.0376,0.0329
13.041,2.897,0,,,,,,REJOIN,0.801,avoid_cruise,1,-0.0,177,0.013,1,0,-1.000,-3.21,2.83,0.0502,0.0121
13.062,2.892,0,,,,,,REJOIN,0.801,avoid_cruise,1,-0.0,177,0.008,1,0,-1.000,-2.96,2.83,0.0462,0.0068
13.081,2.887,0,,,,,,REJOIN,0.801,avoid_cruise,1,-0.0,177,0.006,1,0,-1.000,-2.96,2.83,0.0402,0.0051
13.101,2.873,0,,,,,,REJOIN,0.806,avoid_cruise,1,-0.0,177,0.004,1,0,-1.000,-2.96,2.83,0.0359,0.0029
13.129,2.856,0,,,,,,REJOIN,0.811,avoid_cruise,1,-0.0,177,0.001,1,0,-1.000,-2.96,2.83,0.0639,0.0309
13.148,2.848,0,,,,,,REJOIN,0.815,avoid_cruise,1,-0.0,177,0.001,1,0,-1.000,-2.96,2.83,0.0575,0.0186
13.162,2.850,0,,,,,,REJOIN,0.806,avoid_cruise,1,-0.0,177,0.014,1,0,-1.000,-3.02,2.86,0.0447,0.0123
13.181,2.857,0,,,,,,REJOIN,0.806,avoid_cruise,1,-0.0,177,0.007,1,0,-1.000,-3.02,2.86,0.0405,0.0056
13.201,2.855,0,,,,,,REJOIN,0.815,avoid_cruise,1,-0.0,177,0.005,1,0,-1.000,-3.02,2.86,0.0346,0.0033
13.226,2.854,0,,,,,,REJOIN,0.820,avoid_cruise,1,-0.0,177,0.001,1,0,-1.000,-3.14,2.82,0.0589,0.0277
13.241,2.855,0,,,,,,REJOIN,0.825,avoid_cruise,1,-0.0,177,0.017,1,0,-1.000,-3.15,2.80,0.0508,0.0154
13.266,2.844,0,,,,,,REJOIN,0.825,avoid_cruise,1,-0.0,177,0.001,1,0,-1.000,-3.04,2.83,0.0495,0.0152
13.288,2.834,0,,,,,,REJOIN,0.830,avoid_cruise,1,-0.0,177,0.001,1,0,-1.000,-3.04,2.83,0.0443,0.0187
13.301,2.824,0,,,,,,REJOIN,0.830,avoid_cruise,1,-0.0,177,0.014,1,0,-1.000,-2.88,2.85,0.0349,0.0024
13.321,2.825,0,,,,,,REJOIN,0.830,avoid_cruise,1,-0.0,177,0.005,1,0,-1.000,-2.88,2.85,0.0272,0.0017
13.343,2.825,0,,,,,,REJOIN,0.830,avoid_cruise,1,-0.0,177,0.001,1,0,-1.000,-2.88,2.85,0.0488,0.0233
13.362,2.836,0,,,,,,REJOIN,0.835,avoid_cruise,1,-0.0,177,0.002,1,0,-1.000,-3.09,2.82,0.0456,0.0145
13.381,2.836,0,,,,,,REJOIN,0.835,avoid_cruise,1,-0.0,177,0.005,1,0,-1.000,-2.95,2.79,0.0375,0.0039
13.412,2.823,0,,,,,,REJOIN,0.845,avoid_cruise,1,-0.0,177,0.001,1,0,-1.000,-2.95,2.79,0.0445,0.0142
13.425,2.826,0,,,,,,REJOIN,0.856,avoid_cruise,1,-0.0,177,0.002,1,0,-1.000,-2.95,2.79,0.0573,0.0270
13.448,2.815,0,,,,,,REJOIN,0.878,avoid_cruise,1,-0.0,177,0.001,1,0,-1.000,-2.84,2.80,0.0543,0.0228
13.471,2.804,0,,,,,,REJOIN,0.884,avoid_cruise,1,-0.0,177,0.001,1,0,-1.000,-2.75,2.84,0.0534,0.0223
13.481,2.801,0,,,,,,REJOIN,0.884,avoid_cruise,1,-0.0,177,0.011,1,0,-1.000,-2.32,2.80,0.0394,0.0067
13.501,2.805,0,,,,,,REJOIN,0.884,avoid_cruise,1,-0.0,177,0.031,1,0,-1.000,-2.32,2.80,0.0337,0.0044
13.523,2.807,0,,,,,,REJOIN,0.890,avoid_cruise,1,-0.0,177,0.001,1,0,-1.000,-2.16,2.80,0.0558,0.0265
13.550,2.803,0,,,,,,REJOIN,0.903,avoid_cruise,1,-0.0,177,0.001,1,0,-1.000,-2.16,2.80,0.0562,0.0263
13.561,2.798,0,,,,,,REJOIN,0.916,avoid_cruise,1,-0.0,177,0.013,1,0,-1.000,-2.37,2.80,0.0443,0.0107
13.582,2.788,0,,,,,,REJOIN,0.916,avoid_cruise,1,-0.0,177,0.003,1,0,-1.000,-2.32,2.77,0.0361,0.0013
13.602,2.786,0,,,,,,REJOIN,0.923,avoid_cruise,1,-0.0,177,0.003,1,0,-1.000,-1.53,2.79,0.0346,0.0213
13.627,2.784,0,,,,,,REJOIN,0.930,avoid_cruise,1,-0.0,177,0.001,1,0,-1.000,-1.23,2.81,0.0601,0.0252
13.642,2.776,0,,,,,,REJOIN,0.937,avoid_cruise,1,-0.0,177,0.016,1,0,-1.000,-1.23,2.81,0.0437,0.0139
13.661,2.777,0,,,,,,REJOIN,0.944,avoid_cruise,1,-0.0,177,0.005,1,0,-1.000,-1.66,2.88,0.0407,0.0036
13.681,2.788,0,,,,,,REJOIN,0.944,avoid_cruise,1,-0.0,177,0.008,1,0,-1.000,-1.54,2.90,0.0348,0.0031
13.701,2.800,0,,,,,,REJOIN,0.951,avoid_cruise,1,-0.0,177,0.028,1,0,-1.000,-1.01,2.96,0.0330,0.0232
13.721,2.804,0,,,,,,REJOIN,0.959,avoid_cruise,1,-0.0,177,0.007,1,0,-1.000,-1.01,2.96,0.0279,0.0064
13.756,2.808,0,,,,,,REJOIN,0.966,avoid_cruise,1,-0.0,177,0.001,1,0,-1.000,-0.45,3.02,0.0622,0.0236
13.761,2.820,0,,,,,,REJOIN,0.966,avoid_cruise,1,-0.0,177,0.007,1,0,-1.000,0.15,3.02,0.0384,0.0036
13.781,2.839,0,,,,,,REJOIN,0.983,avoid_cruise,1,-0.0,177,0.027,1,0,-1.000,0.15,3.02,0.0390,0.0011
13.809,2.865,0,,,,,,REJOIN,0.983,avoid_cruise,1,-0.0,177,0.001,1,0,-1.000,0.15,3.02,0.0406,0.0287
13.826,2.876,0,,,,,,REJOIN,0.999,avoid_cruise,1,-0.0,177,0.001,1,0,-1.000,0.02,3.02,0.0576,0.0159
13.859,2.894,0,,,,,,REJOIN,1.000,avoid_cruise,1,-0.0,177,0.010,1,0,-1.000,0.02,3.02,0.0624,0.0325
13.861,2.894,0,,,,,,REJOIN,1.000,avoid_cruise,1,-0.0,177,0.013,1,0,-1.000,0.02,3.02,0.0647,0.0348
13.912,2.914,0,,,,,,REJOIN,1.000,avoid_cruise,1,-0.0,177,0.002,1,0,-1.000,1.11,3.05,0.0895,0.0168
13.929,2.924,0,,,,,,REJOIN,1.000,avoid_cruise,1,-0.0,177,0.004,1,0,-1.000,1.48,3.05,0.0803,0.0162
13.948,2.950,0,,,,,,REJOIN,1.000,avoid_cruise,1,-0.0,177,0.002,1,0,-1.000,1.08,3.07,0.0759,0.0190
13.965,2.959,0,,,,,,REJOIN,1.000,avoid_cruise,1,-0.0,177,0.002,1,0,-1.000,1.73,3.10,0.0670,0.0163
13.982,2.963,0,,,,,,REJOIN,1.000,avoid_cruise,1,-0.0,177,0.002,1,0,-1.000,1.99,3.13,0.0584,0.0156
14.001,3.015,0,,,,,,REJOIN,1.000,avoid_cruise,1,-0.0,177,0.021,1,0,-1.000,2.56,3.10,0.0247,0.0061
14.021,3.036,0,,,,,,REJOIN,1.000,avoid_cruise,1,-0.0,177,0.041,1,0,-1.000,2.56,3.10,0.0237,0.0261
14.048,3.040,0,,,,,,REJOIN,1.000,avoid_cruise,1,-0.0,177,0.001,1,0,-1.000,3.56,3.05,0.0500,0.0224
14.061,3.051,0,,,,,,GLOBAL,1.000,clear,0,-0.0,177,0.003,0,0,-1.000,3.56,3.05,0.0371,0.0130
14.081,3.067,0,,,,,,GLOBAL,1.000,clear,0,-0.0,177,0.023,0,0,-1.000,4.15,3.03,0.0382,0.0080
14.101,3.065,0,,,,,,GLOBAL,1.000,clear,0,-0.0,177,0.043,0,0,-1.000,4.62,3.00,0.0321,0.0035
14.121,3.068,0,,,,,,GLOBAL,1.000,clear,0,-0.0,177,0.063,0,0,0.744,-0.16,3.00,0.0266,0.0235
14.142,3.056,0,,,,,,GLOBAL,1.000,clear,0,-0.0,177,0.084,0,0,-1.000,-0.16,3.00,0.0473,0.0196
14.161,3.043,0,,,,,,GLOBAL,1.000,clear,0,-0.0,177,0.103,0,0,-1.000,1.41,3.00,0.0423,0.0060
14.182,3.033,0,,,,,,GLOBAL,1.000,clear,0,-0.0,177,0.123,0,0,-1.000,6.19,3.00,0.0364,0.0023
14.202,3.029,0,,,,,,GLOBAL,1.000,clear,0,-0.0,177,0.143,0,0,0.660,6.19,3.00,0.0329,0.0014
14.221,3.031,0,,,,,,GLOBAL,1.000,clear,0,-0.0,177,0.163,0,0,0.660,10.22,3.00,0.0271,0.0211
14.241,3.030,0,,,,,,GLOBAL,1.000,clear,0,-0.0,177,0.183,0,0,-1.000,15.00,3.00,0.0472,0.0178
14.261,3.021,0,,,,,,GLOBAL,1.000,clear,0,-0.0,177,0.203,0,0,-1.000,15.00,3.00,0.0431,0.0121
14.281,3.011,0,,,,,,GLOBAL,1.000,clear,0,-0.0,177,0.223,0,0,-1.000,19.79,3.00,0.0373,0.0055
14.301,3.008,0,,,,,,GLOBAL,1.000,clear,0,-0.0,177,0.243,0,0,-1.000,21.40,3.00,0.0315,0.0020
14.321,3.001,0,,,,,,GLOBAL,1.000,clear,0,-0.0,177,0.263,0,0,-1.000,21.40,3.00,0.0273,0.0221
14.341,3.002,0,,,,,,GLOBAL,1.000,clear,0,-0.0,177,0.283,0,0,-1.000,21.40,3.00,0.0473,0.0179
14.361,3.000,0,,,,,1.450,GLOBAL,1.000,clear,0,-0.0,177,0.303,0,0,-1.000,21.40,3.00,0.0417,0.0130
14.381,2.992,0,,,,,1.101,GLOBAL,1.000,clear,0,-0.0,177,0.323,0,0,-1.000,21.40,3.00,0.0369,0.0038
14.401,2.988,1,1.294,1.417,-0.164,0.132,,GLOBAL,1.000,clear,0,-0.0,177,0.343,0,0,-1.000,21.40,3.00,0.0301,0.0018
14.421,2.988,1,1.294,1.417,-0.164,0.132,,GLOBAL,1.000,clear,0,-0.0,177,0.363,0,0,-1.000,21.40,3.00,0.0268,0.0218
14.441,2.989,0,,,,,1.209,GLOBAL,1.000,clear,0,-0.0,177,0.383,0,0,-1.000,21.40,3.00,0.0468,0.0169
14.462,2.961,0,,,,,0.860,GLOBAL,1.000,clear,0,-0.0,177,0.403,0,0,-1.000,21.40,3.00,0.0425,0.0131
14.481,2.964,0,,,,,0.805,GLOBAL,1.000,clear,0,-0.0,177,0.423,0,0,-1.000,21.40,3.00,0.0370,0.0027
14.501,2.967,0,,,,,,GLOBAL,1.000,clear,0,-0.0,177,0.443,0,0,-1.000,21.40,3.00,0.0278,0.0043
14.522,2.923,0,,,,,,GLOBAL,1.000,clear,0,-0.0,177,0.463,0,0,-1.000,21.40,3.00,0.0283,0.0247
14.541,2.940,0,,,,,0.857,GLOBAL,1.000,clear,0,-0.0,177,0.483,0,0,-1.000,21.40,3.00,0.0478,0.0186
14.561,2.930,0,,,,,,GLOBAL,1.000,clear,0,-0.0,177,0.503,0,0,-1.000,21.40,3.00,0.0419,0.0127
14.581,2.881,0,,,,,,GLOBAL,1.000,clear,0,-0.0,177,0.523,0,0,-1.000,21.40,3.00,0.0365,0.0068
14.601,2.915,0,,,,,,GLOBAL,1.000,clear,0,-0.0,177,0.543,0,0,-1.000,21.40,3.00,0.0302,0.0027
14.622,2.844,0,,,,,,GLOBAL,1.000,clear,0,-0.0,177,0.563,0,0,-1.000,21.40,3.00,0.0258,0.0231
14.641,2.844,0,,,,,,GLOBAL,1.000,clear,0,-0.0,177,0.583,0,0,-1.000,21.40,3.00,0.0455,0.0185
14.661,2.906,0,,,,,,GLOBAL,1.000,clear,0,-0.0,177,0.603,0,0,-1.000,21.40,3.00,0.0412,0.0124
14.681,2.852,0,,,,,,GLOBAL,1.000,clear,0,-0.0,177,0.623,0,0,-1.000,21.40,3.00,0.0357,0.0051
14.702,2.829,0,,,,,,GLOBAL,1.000,clear,0,-0.0,177,0.643,0,0,-1.000,21.40,3.00,0.0277,0.0024
14.722,2.876,0,,,,,,GLOBAL,1.000,deviation,0,-0.0,177,0.663,0,0,-1.000,21.40,3.00,0.0276,0.0225
14.741,2.828,0,,,,,,GLOBAL,1.000,deviation,0,-0.0,177,0.683,0,0,-1.000,21.40,3.00,0.0472,0.0166
14.762,2.820,0,,,,,,GLOBAL,1.000,deviation,0,-0.0,177,0.703,0,0,-1.000,21.40,3.00,0.0419,0.0138
14.781,2.859,0,,,,,,GLOBAL,1.000,deviation,0,-0.0,177,0.723,0,0,-1.000,21.40,3.00,0.0360,0.0016
14.801,2.822,0,,,,,,GLOBAL,1.000,deviation,0,-0.0,177,0.743,0,0,-1.000,21.40,3.00,0.0314,0.0040
14.821,2.811,0,,,,,,GLOBAL,1.000,deviation,0,-0.0,177,0.763,0,0,-1.000,21.40,3.00,0.0270,0.0241
14.841,2.841,0,,,,,,GLOBAL,1.000,deviation,0,-0.0,177,0.783,0,0,-1.000,21.40,3.00,0.0470,0.0173
14.862,2.810,0,,,,,,GLOBAL,1.000,deviation,0,-0.0,177,0.803,0,0,-1.000,21.40,3.00,0.0416,0.0135
14.881,2.809,0,,,,,,GLOBAL,1.000,deviation,0,-0.0,177,0.823,0,0,-1.000,21.40,3.00,0.0378,0.0073
14.901,2.832,0,,,,,,GLOBAL,1.000,deviation,0,-0.0,177,0.843,0,0,-1.000,21.40,3.00,0.0319,0.0272
14.921,2.814,0,,,,,,GLOBAL,1.000,deviation,0,-0.0,177,0.863,0,0,-1.000,21.40,3.00,0.0272,0.0197
14.941,2.766,0,,,,,,GLOBAL,1.000,deviation,0,-0.0,177,0.883,0,0,-1.000,21.40,3.00,0.0471,0.0174
14.961,2.583,0,,,,,,GLOBAL,1.000,deviation,0,-0.0,177,0.903,0,0,-1.000,21.40,3.00,0.0419,0.0091
14.982,2.575,0,,,,,,GLOBAL,1.000,deviation,0,-0.0,177,0.923,0,0,-1.000,21.40,3.00,0.0364,0.0060
15.002,2.444,0,,,,,,GLOBAL,1.000,deviation,0,-0.0,177,0.944,0,0,-1.000,21.40,3.00,0.0311,0.0014
15.023,2.430,0,,,,,,GLOBAL,1.000,deviation,0,-0.0,177,0.965,0,0,-1.000,21.40,3.00,0.0526,0.0230
15.041,2.540,0,,,,,,GLOBAL,1.000,deviation,0,-0.0,177,0.983,0,0,-1.000,21.40,3.00,0.0463,0.0162
15.061,2.483,0,,,,,,GLOBAL,1.000,deviation,0,-0.0,177,1.003,0,0,-1.000,18.59,3.00,0.0408,0.0094
15.081,2.345,0,,,,,,GLOBAL,1.000,deviation,0,-0.0,177,1.023,0,0,-1.000,18.59,3.00,0.0351,0.0044
15.101,2.234,0,,,,,,GLOBAL,1.000,deviation,0,-0.0,177,1.043,0,0,-1.000,15.85,3.00,0.0277,0.0006
15.122,2.136,0,,,,,,GLOBAL,1.000,deviation,0,-0.0,177,1.064,0,0,-1.000,13.77,3.00,0.0484,0.0214
15.142,2.074,0,,,,,,GLOBAL,1.000,deviation,0,-0.0,177,1.084,0,0,-1.000,14.09,3.00,0.0460,0.0169
15.161,2.024,0,,,,,,GLOBAL,1.000,deviation,0,-0.0,177,1.103,0,0,-1.000,14.09,3.00,0.0375,0.0051
15.181,1.998,0,,,,,,GLOBAL,1.000,deviation,0,-0.0,177,1.123,0,0,-1.000,14.84,3.00,0.0338,0.0035
15.202,2.010,0,,,,,,GLOBAL,1.000,deviation,0,-0.0,177,1.143,0,0,-1.000,15.32,3.00,0.0285,0.0238
15.221,2.082,0,,,,,,GLOBAL,1.000,deviation,0,-0.0,177,1.163,0,0,-1.000,15.32,3.00,0.0482,0.0191
15.241,2.153,0,,,,,,GLOBAL,1.000,deviation,0,-0.0,177,1.183,0,0,-1.000,15.29,3.00,0.0433,0.0127
15.261,2.195,0,,,,,,GLOBAL,1.000,deviation,0,-0.0,177,1.203,0,0,-1.000,14.38,3.00,0.0372,0.0090
15.282,2.306,0,,,,,,GLOBAL,1.000,deviation,0,-0.0,177,1.223,0,0,-1.000,14.38,3.00,0.0346,0.0048
15.302,2.430,0,,,,,,GLOBAL,1.000,deviation,0,-0.0,177,1.243,0,0,-1.000,13.97,3.00,0.0278,0.0011
15.321,2.515,0,,,,,,GLOBAL,1.000,deviation,0,-0.0,177,1.263,0,0,-1.000,11.95,3.00,0.0476,0.0209
15.341,2.636,0,,,,,,GLOBAL,1.000,deviation,0,-0.0,177,1.283,0,0,1.343,11.95,3.00,0.0443,0.0139
15.361,2.725,0,,,,,,GLOBAL,1.000,deviation,0,-0.0,177,1.303,0,0,1.223,10.91,3.00,0.0372,0.0078
15.465,2.750,0,,,,,,GLOBAL,1.000,deviation,0,-0.0,177,1.407,0,0,1.223,10.54,3.00,0.1183,0.0861
15.495,2.802,0,,,,,,GLOBAL,1.000,deviation,0,-0.0,177,1.437,0,0,1.212,9.87,3.00,0.1209,0.0292
15.507,2.806,0,,,,,,GLOBAL,1.000,clear,0,-0.0,177,1.449,0,0,1.045,8.34,3.00,0.0825,0.0090
15.521,2.797,0,,,,,,GLOBAL,1.000,clear,0,-0.0,177,1.463,0,0,0.861,7.96,3.00,0.0473,0.0117
15.541,2.806,0,,,,,,GLOBAL,1.000,clear,0,-0.0,177,1.483,0,0,0.824,7.71,3.00,0.0416,0.0123
15.561,2.800,0,,,,,,GLOBAL,1.000,clear,0,-0.0,177,1.503,0,0,0.815,7.71,3.00,0.0355,0.0072
15.581,2.823,0,,,,,,GLOBAL,1.000,clear,0,-0.0,177,1.523,0,0,0.778,6.96,3.00,0.0310,0.0046
15.601,2.832,0,,,,,,GLOBAL,1.000,clear,0,-0.0,177,1.543,0,0,0.778,6.90,3.00,0.0260,0.0006
15.623,2.830,0,,,,,,GLOBAL,1.000,clear,0,-0.0,177,1.564,0,0,-1.000,6.90,3.00,0.0473,0.0219
15.641,2.854,0,,,,,,GLOBAL,1.000,clear,0,-0.0,177,1.583,0,0,-1.000,6.33,3.00,0.0419,0.0142
15.662,2.875,0,,,,,,GLOBAL,1.000,clear,0,-0.0,177,1.603,0,0,-1.000,5.64,3.00,0.0360,0.0095
15.681,2.877,0,,,,,,GLOBAL,1.000,clear,0,-0.0,177,1.623,0,0,-1.000,5.64,3.00,0.0324,0.0051
15.701,2.894,0,,,,,,GLOBAL,1.000,clear,0,-0.0,177,1.643,0,0,0.632,5.55,3.00,0.0258,0.0248
15.721,2.904,0,,,,,,GLOBAL,1.000,clear,0,-0.0,177,1.663,0,0,-1.000,0.77,3.00,0.0459,0.0167
15.741,2.904,0,,,,,,GLOBAL,1.000,clear,0,-0.0,177,1.683,0,0,-1.000,-4.01,3.00,0.0371,0.0143
15.761,2.921,0,,,,,,GLOBAL,1.000,clear,0,-0.0,177,1.703,0,0,-1.000,-4.01,3.00,0.0357,0.0083
15.782,2.937,0,,,,,,GLOBAL,1.000,clear,0,-0.0,177,1.723,0,0,-1.000,-8.80,3.00,0.0305,0.0052
15.802,2.938,0,,,,,,GLOBAL,1.000,clear,0,-0.0,177,1.743,0,0,-1.000,-13.58,3.00,0.0258,0.0005
15.821,2.952,0,,,,,,GLOBAL,1.000,clear,0,-0.0,177,1.763,0,0,-1.000,-13.58,3.00,0.0457,0.0204
15.841,2.958,0,,,,,,GLOBAL,1.000,clear,0,-0.0,177,1.783,0,0,-1.000,-18.36,3.00,0.0426,0.0150
15.861,2.960,0,,,,,,GLOBAL,1.000,clear,0,-0.0,177,1.803,0,0,-1.000,-21.40,3.00,0.0357,0.0091
15.881,2.971,0,,,,,,GLOBAL,1.000,clear,0,-0.0,177,1.823,0,0,-1.000,-21.40,3.00,0.0310,0.0042
15.902,2.990,0,,,,,,GLOBAL,1.000,clear,0,-0.0,177,1.843,0,0,-1.000,-19.55,3.00,0.0264,0.0006
15.921,2.991,0,,,,,,GLOBAL,1.000,clear,0,-0.0,177,1.863,0,0,-1.000,-17.53,3.00,0.0461,0.0202
15.941,2.998,0,,,,,,GLOBAL,1.000,clear,0,-0.0,177,1.883,0,0,-1.000,-17.53,3.00,0.0432,0.0150
15.961,3.003,0,,,,,,GLOBAL,1.000,clear,0,-0.0,177,1.903,0,0,-1.000,-16.72,3.00,0.0358,0.0053
15.981,3.007,0,,,,,,GLOBAL,1.000,clear,0,-0.0,177,1.923,0,0,-1.000,-16.72,3.00,0.0315,0.0032
16.002,3.010,0,,,,,,GLOBAL,1.000,clear,0,-0.0,177,1.944,0,0,-1.000,-15.58,3.00,0.0282,0.0243
16.022,3.006,0,,,,,,GLOBAL,1.000,clear,0,-0.0,177,1.963,0,0,-1.000,-13.43,3.00,0.0474,0.0184
16.042,2.981,0,,,,,,GLOBAL,1.000,clear,0,-0.0,177,1.984,0,0,-1.000,-13.43,3.00,0.0424,0.0038
16.065,2.981,0,,,,,,GLOBAL,1.000,clear,0,-0.0,177,2.007,0,0,-1.000,-9.93,3.00,0.0656,0.0269
16.081,2.966,0,,,,,,GLOBAL,1.000,clear,0,-0.0,177,2.023,0,0,-1.000,-9.88,3.00,0.0280,0.0021
16.101,2.963,0,,,,,,GLOBAL,1.000,clear,0,-0.0,177,2.043,0,0,-1.000,-9.88,3.00,0.0263,0.0222
16.121,2.983,0,,,,,,GLOBAL,1.000,clear,0,-0.0,177,2.063,0,0,-1.000,-5.55,3.00,0.0464,0.0173
16.146,2.954,0,,,,,,GLOBAL,1.000,clear,0,-0.0,177,2.088,0,0,-1.000,-5.15,3.00,0.0471,0.0157
16.162,2.946,0,,,,,,GLOBAL,1.000,clear,0,-0.0,177,2.104,0,0,-1.000,-5.15,3.00,0.0372,0.0041
16.181,2.958,0,,,,,,GLOBAL,1.000,clear,0,-0.0,177,2.123,0,0,-1.000,-5.09,3.00,0.0286,0.0025
16.203,2.940,0,,,,,,GLOBAL,1.000,clear,0,-0.0,177,2.144,0,0,-1.000,-2.22,3.00,0.0280,0.0240
16.222,2.941,0,,,,,,GLOBAL,1.000,clear,0,-0.0,177,2.163,0,0,-1.000,-3.68,3.00,0.0470,0.0065
16.241,2.947,0,,,,,,GLOBAL,1.000,clear,0,-0.0,177,2.183,0,0,-1.000,-3.68,3.00,0.0403,0.0116
16.261,2.941,0,,,,,,GLOBAL,1.000,clear,0,-0.0,177,2.203,0,0,-1.000,-2.49,3.00,0.0369,0.0063
16.281,2.936,0,,,,,,GLOBAL,1.000,clear,0,-0.0,177,2.223,0,0,-1.000,-2.49,3.00,0.0309,0.0012
16.301,2.944,0,,,,,,GLOBAL,1.000,clear,0,-0.0,177,2.243,0,0,-1.000,2.29,3.00,0.0511,0.0214
16.321,2.939,0,,,,,,GLOBAL,1.000,clear,0,-0.0,177,2.263,0,0,-1.000,6.52,3.00,0.0468,0.0154
16.341,2.942,0,,,,,,GLOBAL,1.000,clear,0,-0.0,177,2.283,0,0,-1.000,6.52,3.00,0.0409,0.0061
16.361,2.952,0,,,,,,GLOBAL,1.000,clear,0,-0.0,177,2.303,0,0,-1.000,11.30,3.00,0.0354,0.0035
16.386,2.956,0,,,,,,GLOBAL,1.000,clear,0,-0.0,177,2.328,0,0,-1.000,11.49,3.00,0.0355,0.0032
16.403,2.957,0,,,,,,GLOBAL,1.000,clear,0,-0.0,177,2.344,0,0,-1.000,11.49,3.00,0.0516,0.0200
16.422,2.969,0,,,,,,GLOBAL,1.000,clear,0,-0.0,177,2.364,0,0,-1.000,12.40,3.00,0.0460,0.0159
16.441,2.974,0,,,,,,GLOBAL,1.000,clear,0,-0.0,177,2.383,0,0,-1.000,14.09,3.00,0.0413,0.0116
16.462,2.980,0,,,,,,GLOBAL,1.000,clear,0,-0.0,177,2.404,0,0,-1.000,14.09,3.00,0.0361,0.0064
16.482,2.990,0,,,,,,GLOBAL,1.000,clear,0,-0.0,177,2.423,0,0,-1.000,15.37,3.00,0.0284,0.0021
16.501,2.999,0,,,,,,GLOBAL,1.000,clear,0,-0.0,177,2.443,0,0,-1.000,15.37,3.00,0.0256,0.0217
16.521,3.003,0,,,,,,GLOBAL,1.000,clear,0,-0.0,177,2.463,0,0,-1.000,14.14,3.00,0.0457,0.0179
16.541,3.012,0,,,,,,GLOBAL,1.000,clear,0,-0.0,177,2.483,0,0,-1.000,14.14,3.00,0.0414,0.0112
16.561,3.014,0,,,,,,GLOBAL,1.000,clear,0,-0.0,177,2.503,0,0,-1.000,16.19,3.00,0.0358,0.0070
16.582,3.012,0,,,,,,GLOBAL,1.000,clear,0,-0.0,177,2.524,0,0,-1.000,17.47,3.00,0.0320,0.0278
16.601,3.015,0,,,,,,GLOBAL,1.000,clear,0,-0.0,177,2.543,0,0,-1.000,17.47,3.00,0.0260,0.0187
16.621,2.999,0,,,,,,GLOBAL,1.000,clear,0,-0.0,177,2.563,0,0,-1.000,17.31,3.00,0.0462,0.0169
16.642,2.981,0,,,,,,GLOBAL,1.000,clear,0,-0.0,177,2.583,0,0,-1.000,17.31,3.00,0.0420,0.0138
16.661,2.994,0,,,,,,GLOBAL,1.000,clear,0,-0.0,177,2.603,0,0,-1.000,18.11,3.00,0.0375,0.0066
16.681,2.984,0,,,,,,GLOBAL,1.000,clear,0,-0.0,177,2.623,0,0,-1.000,19.13,3.00,0.0296,0.0042
16.702,2.982,0,,,,,,GLOBAL,1.000,clear,0,-0.0,177,2.643,0,0,-1.000,20.11,3.00,0.0268,0.0247
16.721,2.989,0,,,,,,GLOBAL,1.000,clear,0,-0.0,177,2.663,0,0,-1.000,20.11,3.00,0.0465,0.0184
16.741,2.960,0,,,,,,GLOBAL,1.000,clear,0,-0.0,177,2.683,0,0,-1.000,21.24,3.00,0.0406,0.0154
16.761,2.965,0,,,,,,GLOBAL,1.000,clear,0,-0.0,177,2.703,0,0,-1.000,21.40,3.00,0.0366,0.0047
16.781,2.971,0,,,,,,GLOBAL,1.000,clear,0,-0.0,177,2.723,0,0,-1.000,21.40,3.00,0.0301,0.0046
16.802,2.947,0,,,,,,GLOBAL,1.000,clear,0,-0.0,177,2.743,0,0,-1.000,21.40,3.00,0.0264,0.0247
16.821,2.958,0,,,,,,GLOBAL,1.000,clear,0,-0.0,177,2.763,0,0,-1.000,21.40,3.00,0.0461,0.0186
16.842,2.953,0,,,,,,GLOBAL,1.000,clear,0,-0.0,177,2.783,0,0,-1.000,21.40,3.00,0.0412,0.0135
16.862,2.904,0,,,,,,GLOBAL,1.000,clear,0,-0.0,177,2.803,0,0,-1.000,21.40,3.00,0.0369,0.0065
16.914,2.904,0,,,,,,GLOBAL,1.000,clear,0,-0.0,177,2.856,0,0,-1.000,21.40,3.00,0.0898,0.0593
16.931,2.917,0,,,,,,GLOBAL,1.000,clear,0,-0.0,177,2.873,0,0,-1.000,21.40,3.00,0.0801,0.0028
16.944,2.910,0,,,,,,GLOBAL,1.000,clear,0,-0.0,177,2.886,0,0,-1.000,21.40,3.00,0.0440,0.0094
16.961,2.926,0,,,,,,GLOBAL,1.000,clear,0,-0.0,177,2.903,0,0,-1.000,21.40,3.00,0.0371,0.0044
16.982,2.852,0,,,,,,GLOBAL,1.000,clear,0,-0.0,177,2.923,0,0,-1.000,21.40,3.00,0.0307,0.0011
17.001,2.897,0,,,,,,GLOBAL,1.000,clear,0,-0.0,177,2.943,0,0,-1.000,21.40,3.00,0.0237,0.0210
17.021,2.899,0,,,,,,GLOBAL,1.000,clear,0,-0.0,177,2.963,0,0,-1.000,21.40,3.00,0.0438,0.0187
17.041,2.839,0,,,,,,GLOBAL,1.000,clear,0,-0.0,177,2.983,0,0,-1.000,21.40,3.00,0.0418,0.0058
17.061,2.894,0,,,,,,GLOBAL,1.000,clear,0,-0.0,177,3.003,0,0,-1.000,21.40,3.00,0.0346,0.0079
17.081,2.883,0,,,,,,GLOBAL,1.000,clear,0,-0.0,177,3.023,0,0,-1.000,21.40,3.00,0.0309,0.0016
17.103,2.823,0,,,,,,GLOBAL,1.000,clear,0,-0.0,177,3.044,0,0,-1.000,21.40,3.00,0.0290,0.0013
17.121,2.882,0,,,,,,GLOBAL,1.000,clear,0,-0.0,177,3.063,0,0,-1.000,21.40,3.00,0.0478,0.0201
17.142,2.860,0,,,,,,GLOBAL,1.000,clear,0,-0.0,177,3.084,0,0,-1.000,21.40,3.00,0.0441,0.0153
17.161,2.820,0,,,,,,GLOBAL,1.000,clear,0,-0.0,177,3.103,0,0,-1.000,21.40,3.00,0.0394,0.0105
17.181,2.890,0,,,,,,GLOBAL,1.000,clear,0,-0.0,177,3.123,0,0,-1.000,21.40,3.00,0.0334,0.0025
17.203,2.856,0,,,,,,GLOBAL,1.000,clear,0,-0.0,177,3.144,0,0,-1.000,21.40,3.00,0.0289,0.0012
17.222,2.817,0,,,,,,GLOBAL,1.000,clear,0,-0.0,177,3.164,0,0,-1.000,21.40,3.00,0.0486,0.0208
17.241,2.884,0,,,,,,GLOBAL,1.000,clear,0,-0.0,177,3.183,0,0,-1.000,21.40,3.00,0.0436,0.0167
17.263,2.844,0,,,,,,GLOBAL,1.000,clear,0,-0.0,177,3.204,0,0,-1.000,21.40,3.00,0.0370,0.0052
17.281,2.825,0,,,,,,GLOBAL,1.000,clear,0,-0.0,177,3.223,0,0,-1.000,21.40,3.00,0.0273,0.0064
17.302,2.890,0,,,,,,GLOBAL,1.000,clear,0,-0.0,177,3.243,0,0,-1.000,21.40,3.00,0.0256,0.0266
17.322,2.830,0,,,,,,GLOBAL,1.000,clear,0,-0.0,177,3.263,0,0,-1.000,21.40,3.00,0.0457,0.0188
17.341,2.817,0,,,,,,GLOBAL,1.000,clear,0,-0.0,177,3.283,0,0,-1.000,20.33,3.00,0.0420,0.0176
17.362,2.886,0,,,,,,GLOBAL,1.000,clear,0,-0.0,177,3.303,0,0,-1.000,17.88,3.00,0.0388,0.0109
17.382,2.824,0,,,,,,GLOBAL,1.000,clear,0,-0.0,177,3.323,0,0,-1.000,17.88,3.00,0.0331,0.0061
17.401,2.824,0,,,,,,GLOBAL,1.000,clear,0,-0.0,177,3.343,0,0,-1.000,16.94,3.00,0.0271,0.0018
17.421,2.893,0,,,,,,GLOBAL,1.000,clear,0,-0.0,177,3.363,0,0,-1.000,16.46,3.00,0.0472,0.0218
17.441,2.816,0,,,,,,GLOBAL,1.000,clear,0,-0.0,177,3.383,0,0,-1.000,16.46,3.00,0.0430,0.0117
17.461,2.822,0,,,,,,GLOBAL,1.000,clear,0,-0.0,177,3.403,0,0,-1.000,15.17,3.00,0.0373,0.0059
17.482,2.891,0,,,,,,GLOBAL,1.000,clear,0,-0.0,177,3.424,0,0,-1.000,13.61,3.00,0.0314,0.0006
17.501,2.815,0,,,,,,GLOBAL,1.000,clear,0,-0.0,177,3.443,0,0,-1.000,13.61,3.00,0.0290,0.0200
17.521,2.841,0,,,,,,GLOBAL,1.000,clear,0,-0.0,177,3.463,0,0,-1.000,13.16,3.00,0.0489,0.0105
17.541,2.900,0,,,,,,GLOBAL,1.000,clear,0,-0.0,177,3.483,0,0,-1.000,12.01,3.00,0.0448,0.0131
17.561,2.826,0,,,,,,GLOBAL,1.000,clear,0,-0.0,177,3.503,0,0,-1.000,12.01,3.00,0.0390,0.0089
17.582,2.862,0,,,,,,GLOBAL,1.000,clear,0,-0.0,177,3.524,0,0,-1.000,11.01,3.00,0.0353,0.0062
17.601,2.891,0,,,,,,GLOBAL,1.000,clear,0,-0.0,177,3.543,0,0,-1.000,9.22,3.00,0.0290,0.0025
17.621,2.846,0,,,,,,GLOBAL,1.000,clear,0,-0.0,177,3.563,0,0,-1.000,9.22,3.00,0.0490,0.0226
17.641,2.881,0,,,,,,GLOBAL,1.000,clear,0,-0.0,177,3.583,0,0,-1.000,8.37,3.00,0.0451,0.0172
17.661,2.900,0,,,,,,GLOBAL,1.000,clear,0,-0.0,177,3.603,0,0,-1.000,6.77,3.00,0.0393,0.0128
17.681,2.868,0,,,,,,GLOBAL,1.000,clear,0,-0.0,177,3.623,0,0,-1.000,6.77,3.00,0.0353,0.0056
17.701,2.896,0,,,,,,GLOBAL,1.000,clear,0,-0.0,177,3.643,0,0,-1.000,5.93,3.00,0.0259,0.0007
17.721,2.908,0,,,,,,GLOBAL,1.000,clear,0,-0.0,177,3.663,0,0,-1.000,3.68,3.00,0.0459,0.0207
17.741,2.893,0,,,,,,GLOBAL,1.000,clear,0,-0.0,177,3.683,0,0,-1.000,3.68,3.00,0.0437,0.0159
17.762,2.909,0,,,,,,GLOBAL,1.000,clear,0,-0.0,177,3.704,0,0,-1.000,3.85,3.00,0.0384,0.0365
17.781,2.921,0,,,,,,GLOBAL,1.000,clear,0,-0.0,177,3.723,0,0,-1.000,3.85,3.00,0.0341,0.0189
17.804,2.911,0,,,,,,GLOBAL,1.000,clear,0,-0.0,177,3.745,0,0,-1.000,1.03,3.00,0.0322,0.0167
17.822,2.926,0,,,,,,GLOBAL,1.000,clear,0,-0.0,177,3.764,0,0,-1.000,1.43,3.05,0.0507,0.0159
17.842,2.938,0,,,,,,GLOBAL,1.000,clear,0,-0.0,177,3.783,0,0,-1.000,0.70,3.13,0.0446,0.0156
17.865,2.946,0,,,,,,GLOBAL,1.000,clear,0,-0.0,177,3.806,0,0,-1.000,0.70,3.13,0.0437,0.0139
17.881,2.964,0,,,,,,GLOBAL,1.000,clear,0,-0.0,177,3.823,0,0,-1.000,-0.24,3.18,0.0344,0.0074
17.901,2.986,0,,,,,,GLOBAL,1.000,clear,0,-0.0,177,3.843,0,0,-1.000,-0.50,3.26,0.0302,0.0016
17.922,3.002,0,,,,,,GLOBAL,1.000,clear,0,-0.0,177,3.864,0,0,-1.000,-0.50,3.26,0.0256,0.0225
17.942,3.035,0,,,,,,GLOBAL,1.000,clear,0,-0.0,177,3.884,0,0,-1.000,-1.49,3.30,0.0456,0.0146
17.961,3.070,0,,,,,,GLOBAL,1.000,clear,0,-0.0,177,3.903,0,0,-1.000,-1.49,3.30,0.0389,0.0101
17.982,3.107,0,,,,,,GLOBAL,1.000,clear,0,-0.0,177,3.923,0,0,-1.000,-1.60,3.35,0.0337,0.0060
18.001,3.135,0,,,,,,GLOBAL,1.000,clear,0,-0.0,177,3.943,0,0,-1.000,-2.51,3.28,0.0272,0.0015
18.021,3.166,0,,,,,,GLOBAL,1.000,clear,0,-0.0,177,3.963,0,0,-1.000,-3.03,3.25,0.0473,0.0217
18.042,3.186,0,,,,,,GLOBAL,1.000,clear,0,-0.0,177,3.984,0,0,-1.000,-3.03,3.25,0.0443,0.0162
18.064,3.208,0,,,,,,GLOBAL,1.000,clear,0,-0.0,177,4.005,0,0,-1.000,-3.11,3.21,0.0392,0.0142
18.081,3.228,0,,,,,,GLOBAL,1.000,clear,0,-0.0,177,4.023,0,0,-1.000,-3.11,3.21,0.0336,0.0028
18.102,3.244,0,,,,,,GLOBAL,1.000,clear,0,-0.0,177,4.044,0,0,-1.000,-3.55,3.21,0.0268,0.0009
18.121,3.252,0,,,,,,GLOBAL,1.000,clear,0,-0.0,177,4.063,0,0,-1.000,-3.69,3.21,0.0460,0.0200
18.141,3.255,0,,,,,,GLOBAL,1.000,clear,0,-0.0,177,4.083,0,0,-1.000,-3.69,3.21,0.0437,0.0159
18.161,3.261,0,,,,,,GLOBAL,1.000,clear,0,-0.0,177,4.103,0,0,-1.000,-3.69,3.21,0.0382,0.0075
18.181,3.262,0,,,,,,GLOBAL,1.000,clear,0,-0.0,177,4.123,0,0,-1.000,-3.64,3.21,0.0321,0.0028
18.201,3.266,0,,,,,,GLOBAL,1.000,clear,0,-0.0,177,4.143,0,0,-1.000,-4.08,3.21,0.0286,0.0010
18.221,3.267,0,,,,,,GLOBAL,1.000,clear,0,-0.0,177,4.163,0,0,-1.000,-4.08,3.21,0.0485,0.0209
18.241,3.259,0,,,,,,GLOBAL,1.000,clear,0,-0.0,177,4.183,0,0,-1.000,-4.97,3.21,0.0427,0.0119
18.261,3.260,0,,,,,,GLOBAL,1.000,clear,0,-0.0,177,4.203,0,0,-1.000,-5.34,3.21,0.0364,0.0064
18.281,3.258,0,,,,,,GLOBAL,1.000,clear,0,-0.0,177,4.223,0,0,-1.000,-5.34,3.21,0.0342,0.0266
18.302,3.252,0,,,,,,GLOBAL,1.000,clear,0,-0.0,177,4.243,0,0,-1.000,-6.12,3.21,0.0542,0.0191
18.321,3.247,0,,,,,,GLOBAL,1.000,clear,0,-0.0,177,4.263,0,0,-1.000,-7.23,3.21,0.0464,0.0146
18.341,3.247,0,,,,,,GLOBAL,1.000,clear,0,-0.0,177,4.283,0,0,-1.000,-7.23,3.21,0.0416,0.0133
18.363,3.248,0,,,,,,GLOBAL,1.000,clear,0,-0.0,177,4.305,0,0,-1.000,-7.46,3.21,0.0386,0.0025
18.388,3.248,0,,,,,,GLOBAL,1.000,clear,0,-0.0,177,4.329,0,0,-1.000,-7.46,3.21,0.0629,0.0267
18.401,3.240,0,,,,,,GLOBAL,1.000,clear,0,-0.0,177,4.343,0,0,-1.000,-8.40,3.21,0.0528,0.0131
18.439,3.242,0,,,,,,GLOBAL,1.000,clear,0,-0.0,177,4.381,0,0,-1.000,-9.02,3.23,0.0644,0.0361
18.443,3.237,0,,,,,,GLOBAL,1.000,clear,0,-0.0,177,4.385,0,0,-1.000,-9.02,3.23,0.0683,0.0400
18.462,3.236,0,,,,,,GLOBAL,1.000,clear,0,-0.0,177,4.403,0,0,-1.000,-9.31,3.26,0.0365,0.0076
18.481,3.245,0,,,,,,GLOBAL,1.000,clear,0,-0.0,177,4.423,0,0,-1.000,-9.83,3.34,0.0304,0.0021
18.502,3.246,0,,,,,,GLOBAL,1.000,clear,0,-0.0,177,4.444,0,0,-1.000,-9.93,3.38,0.0276,0.0225
18.521,3.260,0,,,,,,GLOBAL,1.000,clear,0,-0.0,177,4.463,0,0,-1.000,-9.93,3.38,0.0472,0.0153
18.541,3.265,0,,,,,,GLOBAL,1.000,clear,0,-0.0,177,4.483,0,0,-1.000,-10.78,3.48,0.0428,0.0106
18.561,3.286,0,,,,,,GLOBAL,1.000,clear,0,-0.0,177,4.503,0,0,-1.000,-10.77,3.51,0.0373,0.0014
18.581,3.305,0,,,,,,GLOBAL,1.000,clear,0,-0.0,177,4.523,0,0,-1.000,-10.77,3.51,0.0309,0.0020
18.602,3.330,0,,,,,,GLOBAL,1.000,clear,0,-0.0,177,4.544,0,0,-1.000,-10.82,3.58,0.0259,0.0228
18.621,3.363,0,,,,,,GLOBAL,1.000,clear,0,-0.0,177,4.563,0,0,-1.000,-10.18,3.64,0.0449,0.0145
18.641,3.383,0,,,,,,GLOBAL,1.000,clear,0,-0.0,177,4.583,0,0,-1.000,-10.18,3.64,0.0417,0.0091
18.661,3.416,0,,,,,,GLOBAL,1.000,clear,0,-0.0,177,4.603,0,0,-1.000,-9.30,3.66,0.0369,0.0064
18.681,3.449,0,,,,,,GLOBAL,1.000,clear,0,-0.0,177,4.623,0,0,-1.000,-9.04,3.72,0.0317,0.0029
18.701,3.473,0,,,,,,GLOBAL,1.000,clear,0,-0.0,177,4.643,0,0,-1.000,-9.04,3.72,0.0276,0.0229
18.723,3.504,0,,,,,,GLOBAL,1.000,clear,0,-0.0,177,4.664,0,0,-1.000,-8.60,3.77,0.0491,0.0205
18.741,3.532,0,,,,,,GLOBAL,1.000,clear,0,-0.0,177,4.683,0,0,-1.000,-7.63,3.81,0.0352,0.0122
18.762,3.570,0,,,,,,GLOBAL,1.000,clear,0,-0.0,177,4.703,0,0,-1.000,-7.63,3.81,0.0367,0.0071
18.781,3.604,0,,,,,,GLOBAL,1.000,clear,0,-0.0,177,4.723,0,0,-1.000,-7.23,3.86,0.0323,0.0033
18.802,3.634,0,,,,,,GLOBAL,1.000,clear,0,-0.0,177,4.744,0,0,-1.000,-6.49,3.90,0.0531,0.0241
18.821,3.680,0,,,,,,GLOBAL,1.000,clear,0,-0.0,177,4.763,0,0,-1.000,-6.49,3.90,0.0418,0.0174
18.841,3.696,0,,,,,,GLOBAL,1.000,clear,0,-0.0,177,4.783,0,0,-1.000,-6.60,3.92,0.0426,0.0071
18.862,3.740,0,,,,,,GLOBAL,1.000,clear,0,-0.0,177,4.803,0,0,-1.000,-5.61,3.97,0.0368,0.0084
18.881,3.755,0,,,,,,GLOBAL,1.000,clear,0,-0.0,177,4.823,0,0,-1.000,-5.61,3.97,0.0326,0.0037
18.901,3.781,0,,,,,,GLOBAL,1.000,clear,0,-0.0,177,4.843,0,0,-1.000,-4.58,4.01,0.0527,0.0237
18.921,3.796,0,,,,,,GLOBAL,1.000,clear,0,-0.0,177,4.863,0,0,-1.000,-4.06,4.06,0.0468,0.0177
18.941,3.832,0,,,,,,GLOBAL,1.000,clear,0,-0.0,177,4.883,0,0,-1.000,-4.06,4.06,0.0410,0.0144
18.961,3.853,0,,,,,,GLOBAL,1.000,clear,0,-0.0,177,4.903,0,0,-1.000,-3.38,4.11,0.0370,0.0061
18.981,3.876,0,,,,,,GLOBAL,1.000,clear,0,-0.0,177,4.923,0,0,-1.000,-3.17,4.15,0.0314,0.0012
19.001,3.911,0,,,,,,GLOBAL,1.000,clear,0,-0.0,177,4.943,0,0,-1.000,-3.17,4.15,0.0271,0.0211
19.021,3.942,0,,,,,,GLOBAL,1.000,clear,0,-0.0,177,4.963,0,0,-1.000,-2.76,4.18,0.0471,0.0181
19.041,3.974,0,,,,,,GLOBAL,1.000,clear,0,-0.0,177,4.983,0,0,-1.000,-2.16,4.22,0.0414,0.0128
19.061,3.992,0,,,,,,GLOBAL,1.000,clear,0,-0.0,177,5.003,0,0,-1.000,-2.16,4.22,0.0372,0.0072
19.081,4.017,0,,,,,,GLOBAL,1.000,clear,0,-0.0,177,5.023,0,0,-1.000,-2.00,4.30,0.0315,0.0046
19.103,4.048,0,,,,,,GLOBAL,1.000,clear,0,-0.0,177,5.044,0,0,-1.000,-1.69,4.35,0.0528,0.0260
19.121,4.091,0,,,,,,GLOBAL,1.000,clear,0,-0.0,177,5.063,0,0,-1.000,-1.69,4.35,0.0471,0.0155
19.141,4.112,0,,,,,,GLOBAL,1.000,clear,0,-0.0,177,5.083,0,0,-1.000,-1.80,4.38,0.0410,0.0144
19.162,4.146,0,,,,,,GLOBAL,1.000,clear,0,-0.0,177,5.103,0,0,-1.000,-1.32,4.43,0.0376,0.0051
19.181,4.180,0,,,,,,GLOBAL,1.000,clear,0,-0.0,177,5.123,0,0,-1.000,-1.32,4.43,0.0303,0.0029
19.201,4.215,0,,,,,,GLOBAL,1.000,clear,0,-0.0,177,5.143,0,0,-1.000,-0.94,4.49,0.0275,0.0229
19.221,4.239,0,,,,,,GLOBAL,1.000,clear,0,-0.0,177,5.163,0,0,-1.000,-1.13,4.55,0.0475,0.0192
19.241,4.274,0,,,,,,GLOBAL,1.000,clear,0,-0.0,177,5.183,0,0,-1.000,-1.13,4.55,0.0421,0.0134
19.261,4.316,0,,,,,,GLOBAL,1.000,clear,0,-0.0,177,5.203,0,0,-1.000,-0.98,4.64,0.0377,0.0337
19.282,4.352,0,,,,,,GLOBAL,1.000,clear,0,-0.0,177,5.223,0,0,-1.000,-1.24,4.70,0.0283,0.0038
19.303,4.390,0,,,,,,GLOBAL,1.000,clear,0,-0.0,177,5.245,0,0,-1.000,-1.24,4.70,0.0288,0.0254
19.321,4.426,0,,,,,,GLOBAL,1.000,clear,0,-0.0,177,5.263,0,0,-1.000,-1.15,4.78,0.0470,0.0178
19.341,4.475,0,,,,,,GLOBAL,1.000,clear,0,-0.0,177,5.283,0,0,-1.000,-1.05,4.86,0.0425,0.0130
19.361,4.516,0,,,,,,GLOBAL,1.000,clear,0,-0.0,177,5.303,0,0,-1.000,-1.05,4.86,0.0371,0.0077
19.381,4.560,0,,,,,,GLOBAL,1.000,clear,0,-0.0,177,5.323,0,0,-1.000,-1.10,4.81,0.0326,0.0029
19.402,4.610,0,,,,,,GLOBAL,1.000,clear,0,-0.0,177,5.344,0,0,-1.000,-3.15,4.75,0.0279,0.0239
19.421,4.655,0,,,,,,GLOBAL,1.000,clear,0,-0.0,177,5.363,0,0,-1.000,-3.15,4.75,0.0470,0.0185
19.441,4.686,0,,,,,,GLOBAL,1.000,clear,0,-0.0,177,5.383,0,0,-1.000,-2.72,4.72,0.0427,0.0133
19.461,4.710,0,,,,,,GLOBAL,1.000,clear,0,-0.0,177,5.403,0,0,-1.000,-2.18,4.66,0.0361,0.0063
19.481,4.738,0,,,,,,GLOBAL,1.000,clear,0,-0.0,177,5.423,0,0,-1.000,-2.18,4.66,0.0306,0.0057
19.501,4.746,0,,,,,,GLOBAL,1.000,clear,0,-0.0,177,5.443,0,0,-1.000,-2.10,4.60,0.0271,0.0011
19.521,4.749,0,,,,,,GLOBAL,1.000,clear,0,-0.0,177,5.463,0,0,-1.000,-2.10,4.56,0.0471,0.0211
19.541,4.747,0,,,,,,GLOBAL,1.000,clear,0,-0.0,177,5.483,0,0,-1.000,-2.10,4.56,0.0432,0.0158
19.561,4.738,0,,,,,,GLOBAL,1.000,clear,0,-0.0,177,5.503,0,0,-1.000,-2.02,4.53,0.0356,0.0077
19.581,4.715,0,,,,,,GLOBAL,1.000,clear,0,-0.0,177,5.523,0,0,-1.000,-2.02,4.53,0.0332,0.0046
19.603,4.678,0,,,,,,GLOBAL,1.000,clear,0,-0.0,177,5.545,0,0,-1.000,-1.92,4.48,0.0292,0.0011
19.621,4.643,0,,,,,,GLOBAL,1.000,clear,0,-0.0,177,5.563,0,0,-1.000,-1.78,4.42,0.0473,0.0193
19.642,4.615,0,,,,,,AVOID,0.982,avoid_cruise,1,-0.0,177,5.583,0,0,-1.000,-1.31,4.37,0.0437,0.0149
19.661,4.600,0,,,,,,AVOID,0.982,avoid_cruise,1,0.0,177,5.603,0,0,-1.000,-1.31,4.37,0.0359,0.0103
19.681,4.587,0,,,,,,AVOID,0.964,avoid_cruise,1,0.0,177,5.623,0,0,-1.000,-1.00,4.29,0.0253,0.0039
19.701,4.577,0,,,,,,AVOID,0.953,avoid_cruise,1,0.0,114,0.003,1,0,-1.000,-0.69,4.16,0.0273,0.0238
19.721,4.549,0,,,,,,REJOIN,0.956,avoid_cruise,1,0.0,114,0.002,1,0,-1.000,-0.69,4.16,0.0473,0.0183
19.748,4.520,0,,,,,,REJOIN,0.947,avoid_cruise,1,2.4,114,0.001,1,0,-1.000,-0.69,4.16,0.0506,0.0214
19.761,4.500,0,,,,,,REJOIN,0.947,avoid_cruise,1,0.7,114,0.014,1,0,-1.000,-1.87,4.10,0.0370,0.0054
19.782,4.468,0,,,,,,REJOIN,0.947,avoid_cruise,1,0.2,114,0.035,1,0,-1.000,-1.55,4.11,0.0344,0.0045
19.804,4.430,0,,,,,,REJOIN,0.916,avoid_cruise,1,0.2,114,0.001,1,0,-1.000,-1.57,4.05,0.0571,0.0273
19.822,4.383,0,,,,,,REJOIN,0.912,avoid_cruise,1,0.1,114,0.002,1,0,-1.000,-1.38,3.87,0.0473,0.0166
19.850,4.345,0,,,,,,REJOIN,0.911,avoid_cruise,1,0.0,114,0.001,1,0,-1.000,-1.38,3.87,0.0526,0.0221
19.861,4.298,0,,,,,,REJOIN,0.911,avoid_cruise,1,0.0,114,0.013,1,0,-1.000,-0.74,3.80,0.0369,0.0096
19.889,4.250,0,,,,,,REJOIN,0.899,avoid_cruise,1,0.0,114,0.002,1,0,-1.000,-0.37,3.73,0.0647,0.0374
19.901,4.181,0,,,,,,REJOIN,0.893,avoid_cruise,1,0.0,114,0.001,1,0,-1.000,-0.37,3.73,0.0545,0.0106
19.950,4.114,0,,,,,,REJOIN,0.881,avoid_cruise,1,0.0,114,0.001,1,0,-1.000,-0.01,3.57,0.0765,0.0478
19.971,3.962,0,,,,,,REJOIN,0.861,avoid_cruise,1,0.0,114,0.001,1,0,-1.000,0.24,3.50,0.0471,0.0109
19.981,3.869,0,,,,,,REJOIN,0.861,avoid_cruise,1,0.0,114,0.011,1,0,-1.000,-0.23,3.43,0.0308,0.0061
20.002,3.783,0,,,,,,REJOIN,0.861,avoid_cruise,1,0.0,114,0.032,1,0,-1.000,0.45,3.37,0.0276,0.0007
20.030,3.701,0,,,,,,REJOIN,0.824,avoid_cruise,1,0.0,114,0.001,1,0,-1.000,0.45,3.37,0.0555,0.0286
20.043,3.638,0,,,,,,REJOIN,0.819,avoid_cruise,1,0.0,114,0.001,1,0,-1.000,1.04,3.32,0.0450,0.0130
20.069,3.586,0,,,,,,REJOIN,0.812,avoid_cruise,1,0.0,114,0.001,1,0,-1.000,1.04,3.32,0.0450,0.0189
20.081,3.530,0,,,,,,REJOIN,0.812,avoid_cruise,1,0.0,114,0.014,1,0,-1.000,1.42,3.14,0.0339,0.0071
20.101,3.485,0,,,,,,REJOIN,0.797,avoid_cruise,1,0.0,114,0.007,1,0,-1.000,1.12,3.12,0.0280,0.0015
20.121,3.428,0,,,,,,REJOIN,0.787,avoid_cruise,1,0.0,114,0.004,1,0,-1.000,1.45,3.03,0.0479,0.0214
20.143,3.372,0,,,,,,REJOIN,0.776,avoid_cruise,1,0.0,114,0.001,1,0,-1.000,1.45,3.03,0.0453,0.0193
20.161,3.314,0,,,,,,REJOIN,0.764,avoid_cruise,1,0.0,114,0.019,1,0,-1.000,2.93,2.90,0.0377,0.0108
20.181,3.245,0,,,,,,REJOIN,0.764,avoid_cruise,1,0.0,114,0.012,1,0,-1.000,2.93,2.90,0.0341,0.0076
20.201,3.174,0,,,,,,GLOBAL,0.791,clear,0,0.0,114,0.032,0,0,-1.000,3.15,2.82,0.0299,0.0015
20.221,3.108,0,,,,,,GLOBAL,0.822,clear,0,0.0,114,0.052,0,0,-1.000,5.77,2.89,0.0501,0.0216
20.241,3.043,0,,,,,,GLOBAL,0.852,clear,0,0.0,114,0.072,0,0,-1.000,5.49,2.97,0.0442,0.0175
20.261,2.994,0,,,,,,GLOBAL,0.881,clear,0,0.0,114,0.092,0,0,-1.000,5.49,2.97,0.0401,0.0116
20.281,2.938,0,,,,,,GLOBAL,0.881,clear,0,0.0,114,0.112,0,0,-1.000,4.89,3.04,0.0346,0.0046
20.301,2.900,0,,,,,,GLOBAL,0.911,clear,0,0.0,114,0.132,0,0,-1.000,4.89,3.04,0.0303,0.0021
20.322,2.875,0,,,,,,GLOBAL,0.945,clear,0,0.0,114,0.153,0,0,-1.000,4.89,3.25,0.0258,0.0233
20.341,2.870,0,,,,,,GLOBAL,0.975,clear,0,0.0,114,0.172,0,0,-1.000,4.88,3.35,0.0446,0.0166
20.361,2.889,0,,,,,,GLOBAL,1.000,clear,0,0.0,114,0.192,0,0,-1.000,5.06,3.41,0.0404,0.0105
20.381,2.941,0,,,,,,GLOBAL,1.000,clear,0,0.0,114,0.212,0,0,-1.000,5.06,3.41,0.0348,0.0072
20.401,3.000,0,,,,,,GLOBAL,1.000,clear,0,0.0,114,0.232,0,0,-1.000,4.80,3.45,0.0306,0.0040
20.422,2.981,0,,,,,,GLOBAL,1.000,clear,0,0.0,114,0.252,0,0,-1.000,4.69,3.41,0.0269,0.0244
20.442,2.952,0,,,,,,GLOBAL,1.000,clear,0,0.0,114,0.273,0,0,-1.000,4.69,3.41,0.0470,0.0188
20.461,2.947,0,,,,,,GLOBAL,1.000,clear,0,0.0,114,0.292,0,0,-1.000,4.63,3.38,0.0368,0.0108
20.481,2.953,0,,,,,,GLOBAL,1.000,clear,0,0.0,114,0.312,0,0,-1.000,4.49,3.36,0.0339,0.0060
20.502,2.972,0,,,,,,GLOBAL,1.000,clear,0,0.0,114,0.333,0,0,-1.000,4.49,3.36,0.0312,0.0048
20.521,2.997,0,,,,,,GLOBAL,1.000,clear,0,0.0,114,0.352,0,0,-1.000,4.60,3.32,0.0509,0.0245
20.541,3.043,0,,,,,,GLOBAL,1.000,clear,0,0.0,114,0.372,0,0,-1.000,4.61,3.27,0.0467,0.0174
20.561,3.066,0,,,,,,GLOBAL,1.000,clear,0,0.0,114,0.392,0,0,-1.000,4.61,3.27,0.0410,0.0139
20.581,3.086,0,,,,,,GLOBAL,1.000,clear,0,0.0,114,0.412,0,0,-1.000,4.04,3.24,0.0367,0.0070
20.601,3.105,0,,,,,,GLOBAL,1.000,clear,0,0.0,114,0.432,0,0,-1.000,3.97,3.19,0.0313,0.0047
20.621,3.117,0,,,,,,GLOBAL,1.000,clear,0,0.0,114,0.452,0,0,-1.000,3.97,3.19,0.0272,0.0248
20.641,3.126,0,,,,,,GLOBAL,1.000,clear,0,0.0,114,0.472,0,0,-1.000,3.79,3.17,0.0472,0.0164
20.661,3.134,0,,,,,,GLOBAL,1.000,clear,0,0.0,114,0.492,0,0,-1.000,3.96,3.12,0.0414,0.0136
20.681,3.135,0,,,,,,GLOBAL,1.000,clear,0,0.0,114,0.512,0,0,-1.000,3.96,3.12,0.0375,0.0067
20.701,3.131,0,,,,,,GLOBAL,1.000,clear,0,0.0,114,0.532,0,0,-1.000,3.93,3.10,0.0300,0.0025
20.722,3.117,0,,,,,,GLOBAL,1.000,clear,0,0.0,114,0.552,0,0,-1.000,3.93,3.02,0.0274,0.0227
20.741,3.094,0,,,,,,GLOBAL,1.000,clear,0,0.0,114,0.572,0,0,-1.000,3.93,3.02,0.0473,0.0184
20.762,3.082,0,,,,,,GLOBAL,1.000,clear,0,0.0,114,0.592,0,0,-1.000,3.79,3.00,0.0418,0.0135
20.782,3.057,0,,,,,,GLOBAL,1.000,clear,0,0.0,114,0.612,0,0,-1.000,3.66,3.00,0.0373,0.0052
20.801,3.032,0,,,,,,GLOBAL,1.000,clear,0,0.0,114,0.632,0,0,-1.000,3.66,3.00,0.0298,0.0036
20.821,3.029,0,,,,,,GLOBAL,1.000,clear,0,0.0,114,0.652,0,0,-1.000,3.72,3.00,0.0266,0.0237
20.841,3.033,0,,,,,,GLOBAL,1.000,clear,0,0.0,114,0.672,0,0,-1.000,3.60,3.00,0.0467,0.0193
20.861,3.038,0,,,,,,GLOBAL,1.000,clear,0,0.0,114,0.692,0,0,-1.000,3.60,3.00,0.0419,0.0146
20.881,3.030,0,,,,,,GLOBAL,1.000,clear,0,0.0,114,0.712,0,0,-1.000,3.67,3.00,0.0371,0.0085
20.901,3.024,0,,,,,,GLOBAL,1.000,clear,0,0.0,114,0.732,0,0,-1.000,4.45,3.00,0.0321,0.0028
20.921,3.027,0,,,,,,GLOBAL,1.000,clear,0,0.0,114,0.752,0,0,-1.000,4.45,3.00,0.0274,0.0229
20.941,3.020,0,,,,,,GLOBAL,1.000,clear,0,0.0,114,0.772,0,0,-1.000,3.94,3.00,0.0473,0.0191
20.961,3.010,0,,,,,,GLOBAL,1.000,clear,0,0.0,114,0.792,0,0,-1.000,4.82,3.00,0.0421,0.0141
20.981,3.002,0,,,,,,GLOBAL,1.000,clear,0,0.0,114,0.812,0,0,-1.000,4.82,3.00,0.0380,0.0071
21.002,2.999,0,,,,,,GLOBAL,1.000,clear,0,0.0,114,0.832,0,0,-1.000,5.30,3.00,0.0327,0.0037
21.021,2.998,0,,,,,,GLOBAL,1.000,clear,0,0.0,114,0.852,0,0,-1.000,5.92,3.00,0.0272,0.0235
21.042,3.000,0,,,,,,GLOBAL,1.000,clear,0,0.0,114,0.873,0,0,-1.000,5.92,3.00,0.0476,0.0148
21.061,2.991,0,,,,,,GLOBAL,1.000,clear,0,0.0,114,0.892,0,0,-1.000,5.75,3.00,0.0425,0.0075
21.081,2.982,0,,,,,,GLOBAL,1.000,clear,0,0.0,114,0.912,0,0,-1.000,6.45,3.00,0.0381,0.0053
21.101,2.967,0,,,,,,GLOBAL,1.000,clear,0,0.0,114,0.932,0,0,-1.000,6.45,3.00,0.0325,0.0025
21.121,2.960,0,,,,,,GLOBAL,1.000,clear,0,0.0,114,0.952,0,0,-1.000,6.53,3.00,0.0272,0.0225
21.141,2.959,0,,,,,,GLOBAL,1.000,clear,0,0.0,114,0.972,0,0,-1.000,7.42,3.00,0.0472,0.0180
21.161,2.953,0,,,,,,GLOBAL,1.000,clear,0,0.0,114,0.992,0,0,-1.000,7.42,3.00,0.0427,0.0135
21.181,2.942,0,,,,,,GLOBAL,1.000,clear,0,0.0,114,1.012,0,0,-1.000,8.09,3.00,0.0375,0.0087
21.202,2.938,0,,,,,,GLOBAL,1.000,clear,0,0.0,114,1.033,0,0,-1.000,8.05,3.00,0.0315,0.0051
21.221,2.933,0,,,,,,GLOBAL,1.000,clear,0,0.0,114,1.052,0,0,-1.000,8.05,3.00,0.0271,0.0006
21.241,2.938,0,,,,,,GLOBAL,1.000,clear,0,0.0,114,1.072,0,0,-1.000,9.33,3.00,0.0469,0.0205
21.261,2.940,0,,,,,,GLOBAL,1.000,clear,0,0.0,114,1.092,0,0,-1.000,10.31,3.00,0.0429,0.0148
21.282,2.937,0,,,,,,GLOBAL,1.000,clear,0,0.0,114,1.113,0,0,-1.000,10.31,3.00,0.0377,0.0056
21.301,2.930,0,,,,,,GLOBAL,1.000,clear,0,0.0,114,1.132,0,0,-1.000,11.75,3.00,0.0278,0.0039
21.321,2.931,0,,,,,,GLOBAL,1.000,clear,0,0.0,114,1.152,0,0,-1.000,11.48,3.00,0.0269,0.0005
21.341,2.930,0,,,,,,GLOBAL,1.000,clear,0,0.0,114,1.172,0,0,-1.000,11.48,3.00,0.0469,0.0205
21.362,2.938,0,,,,,,GLOBAL,1.000,clear,0,0.0,114,1.193,0,0,-1.000,11.90,3.00,0.0431,0.0173
21.384,2.938,0,,,,,,GLOBAL,1.000,clear,0,0.0,114,1.215,0,0,-1.000,11.90,3.00,0.0649,0.0391
21.406,2.936,0,,,,,,GLOBAL,1.000,clear,0,0.0,114,1.237,0,0,-1.000,13.27,3.00,0.0386,0.0111
21.435,2.930,0,,,,,,GLOBAL,1.000,clear,0,0.0,114,1.266,0,0,-1.000,15.01,3.00,0.0676,0.0401
21.441,2.929,0,,,,,,GLOBAL,1.000,clear,0,0.0,114,1.272,0,0,-1.000,15.01,3.00,0.0489,0.0048
21.463,2.932,0,,,,,,GLOBAL,1.000,clear,0,0.0,114,1.294,0,0,-1.000,15.82,3.00,0.0444,0.0128
21.482,2.934,0,,,,,,GLOBAL,1.000,clear,0,0.0,114,1.313,0,0,-1.000,14.66,3.00,0.0380,0.0073
21.501,2.932,0,,,,,,GLOBAL,1.000,clear,0,0.0,114,1.332,0,0,-1.000,15.76,3.00,0.0338,0.0069
21.521,2.927,0,,,,,,GLOBAL,1.000,clear,0,0.0,114,1.352,0,0,-1.000,15.76,3.00,0.0295,0.0006
21.541,2.915,0,,,,,,GLOBAL,1.000,clear,0,0.0,114,1.372,0,0,-1.000,15.69,3.00,0.0495,0.0205
21.562,2.918,0,,,,,,GLOBAL,1.000,clear,0,0.0,114,1.392,0,0,-1.000,15.69,3.00,0.0432,0.0156
21.581,2.913,0,,,,,,GLOBAL,1.000,clear,0,0.0,114,1.412,0,0,-1.000,14.76,3.00,0.0380,0.0101
21.602,2.910,0,,,,,,GLOBAL,1.000,clear,0,0.0,114,1.432,0,0,-1.000,14.84,3.00,0.0342,0.0015
21.622,2.914,0,,,,,,GLOBAL,1.000,clear,0,0.0,114,1.452,0,0,-1.000,13.98,3.00,0.0284,0.0010
21.643,2.904,0,,,,,,GLOBAL,1.000,clear,0,0.0,114,1.474,0,0,-1.000,13.98,3.00,0.0501,0.0227
21.661,2.889,0,,,,,,GLOBAL,1.000,clear,0,0.0,114,1.492,0,0,-1.000,13.14,3.00,0.0424,0.0166
21.681,2.906,0,,,,,,GLOBAL,1.000,clear,0,0.0,114,1.512,0,0,-1.000,11.90,3.00,0.0400,0.0044
21.701,2.892,0,,,,,,GLOBAL,1.000,clear,0,0.0,114,1.532,0,0,-1.000,11.90,3.00,0.0342,0.0060
21.721,2.879,0,,,,,,GLOBAL,1.000,clear,0,0.0,114,1.552,0,0,-1.000,11.93,3.00,0.0301,0.0260
21.743,2.896,0,,,,,,GLOBAL,1.000,clear,0,0.0,114,1.574,0,0,-1.000,11.57,3.00,0.0518,0.0147
21.762,2.881,0,,,,,,GLOBAL,1.000,clear,0,0.0,114,1.593,0,0,-1.000,11.57,3.00,0.0447,0.0171
21.781,2.868,0,,,,,,GLOBAL,1.000,clear,0,0.0,114,1.612,0,0,-1.000,11.31,3.00,0.0404,0.0111
21.801,2.888,0,,,,,,GLOBAL,1.000,clear,0,0.0,114,1.632,0,0,-1.000,11.39,3.00,0.0333,0.0308
21.821,2.875,0,,,,,,GLOBAL,1.000,clear,0,0.0,114,1.652,0,0,-1.000,11.39,3.00,0.0298,0.0197
21.842,2.869,0,,,,,,GLOBAL,1.000,clear,0,0.0,114,1.672,0,0,-1.000,11.06,3.00,0.0250,0.0152
21.862,2.885,0,,,,,,GLOBAL,1.000,clear,0,0.0,114,1.693,0,0,-1.000,11.66,3.00,0.0453,0.0152
21.881,2.875,0,,,,,,GLOBAL,1.000,clear,0,0.0,114,1.712,0,0,-1.000,11.66,3.00,0.0404,0.0092
21.901,2.866,0,,,,,,GLOBAL,1.000,clear,0,0.0,114,1.732,0,0,-1.000,11.82,3.00,0.0349,0.0055
21.921,2.884,0,,,,,,GLOBAL,1.000,clear,0,0.0,114,1.752,0,0,-1.000,12.86,3.00,0.0307,0.0012
21.942,2.882,0,,,,,,GLOBAL,1.000,clear,0,0.0,114,1.772,0,0,-1.000,12.86,3.00,0.0251,0.0212
21.962,2.873,0,,,,,,GLOBAL,1.000,clear,0,0.0,114,1.793,0,0,-1.000,12.77,3.00,0.0452,0.0143
21.982,2.889,0,,,,,,GLOBAL,1.000,clear,0,0.0,114,1.812,0,0,-1.000,12.17,3.00,0.0409,0.0124
22.001,2.887,0,,,,,,GLOBAL,1.000,clear,0,0.0,114,1.832,0,0,-1.000,12.17,3.00,0.0349,0.0079
22.021,2.881,0,,,,,,GLOBAL,1.000,clear,0,0.0,114,1.852,0,0,-1.000,12.69,3.00,0.0309,0.0280
22.043,2.893,0,,,,,,GLOBAL,1.000,clear,0,0.0,114,1.873,0,0,-1.000,12.99,3.00,0.0280,0.0172
22.062,2.893,0,,,,,,GLOBAL,1.000,clear,0,0.0,114,1.892,0,0,-1.000,12.99,3.00,0.0470,0.0171
22.083,2.887,0,,,,,,GLOBAL,1.000,clear,0,0.0,114,1.914,0,0,-1.000,11.39,3.00,0.0424,0.0116
22.101,2.901,0,,,,,,GLOBAL,1.000,clear,0,0.0,114,1.932,0,0,-1.000,11.71,3.00,0.0367,0.0076
22.121,2.894,0,,,,,,GLOBAL,1.000,clear,0,0.0,114,1.952,0,0,-1.000,11.71,3.00,0.0312,0.0044
22.141,2.891,0,,,,,,GLOBAL,1.000,clear,0,0.0,114,1.972,0,0,-1.000,11.07,3.00,0.0271,0.0243
22.161,2.903,0,,,,,,GLOBAL,1.000,clear,0,0.0,114,1.992,0,0,-1.000,10.77,3.00,0.0470,0.0178
22.181,2.902,0,,,,,,GLOBAL,1.000,clear,0,0.0,114,2.012,0,0,-1.000,10.77,3.00,0.0414,0.0143
22.201,2.897,0,,,,,,GLOBAL,1.000,clear,0,0.0,114,2.032,0,0,-1.000,9.75,3.00,0.0372,0.0084
22.221,2.906,0,,,,,,GLOBAL,1.000,clear,0,0.0,114,2.052,0,0,-1.000,8.42,3.00,0.0316,0.0033
22.242,2.897,0,,,,,,GLOBAL,1.000,clear,0,0.0,114,2.073,0,0,-1.000,8.42,3.00,0.0278,0.0238
22.261,2.895,0,,,,,,GLOBAL,1.000,clear,0,0.0,114,2.092,0,0,-1.000,8.40,3.00,0.0473,0.0179
22.281,2.906,0,,,,,,GLOBAL,1.000,clear,0,0.0,114,2.112,0,0,-1.000,7.60,3.00,0.0418,0.0133
22.301,2.902,0,,,,,,GLOBAL,1.000,clear,0,0.0,114,2.132,0,0,-1.000,7.60,3.00,0.0362,0.0052
22.321,2.897,0,,,,,,GLOBAL,1.000,clear,0,0.0,114,2.152,0,0,-1.000,8.43,3.00,0.0302,0.0023
22.341,2.908,0,,,,,,GLOBAL,1.000,clear,0,0.0,114,2.172,0,0,-1.000,7.88,3.00,0.0262,0.0224
22.362,2.899,0,,,,,,GLOBAL,1.000,clear,0,0.0,114,2.193,0,0,-1.000,7.88,3.00,0.0466,0.0194
22.382,2.899,0,,,,,,GLOBAL,1.000,clear,0,0.0,114,2.212,0,0,1.993,5.98,3.00,0.0423,0.0133
22.402,2.911,0,,,,,,GLOBAL,1.000,clear,0,0.0,114,2.232,0,0,-1.000,6.44,3.00,0.0366,0.0060
22.421,2.907,0,,,,,,GLOBAL,1.000,clear,0,0.0,114,2.252,0,0,-1.000,6.44,3.00,0.0323,0.0257
22.441,2.907,0,,,,,2.575,GLOBAL,1.000,clear,0,0.0,114,2.272,0,0,-1.000,5.78,3.00,0.0265,0.0173
22.462,2.912,0,,,,,,GLOBAL,1.000,clear,0,0.0,114,2.293,0,0,1.841,5.72,3.00,0.0469,0.0190
22.481,2.904,0,,,,,,GLOBAL,1.000,clear,0,0.0,114,2.312,0,0,-1.000,5.72,3.00,0.0424,0.0134
22.501,2.920,0,,,,,,GLOBAL,1.000,clear,0,0.0,114,2.332,0,0,-1.000,6.68,3.00,0.0366,0.0059
22.521,2.921,0,,,,,,GLOBAL,1.000,clear,0,0.0,114,2.352,0,0,-1.000,6.72,3.00,0.0325,0.0037
22.543,2.919,0,,,,,,GLOBAL,1.000,clear,0,0.0,114,2.374,0,0,-1.000,6.72,3.00,0.0283,0.0251
22.562,2.924,0,,,,,,GLOBAL,1.000,clear,0,0.0,114,2.392,0,0,-1.000,5.94,3.00,0.0471,0.0133
22.581,2.923,0,,,,,,GLOBAL,1.000,clear,0,0.0,114,2.412,0,0,-1.000,6.51,3.00,0.0410,0.0137
22.602,2.922,0,,,,,,GLOBAL,1.000,clear,0,0.0,114,2.432,0,0,-1.000,6.51,3.00,0.0371,0.0008
22.622,2.932,0,,,,,,GLOBAL,1.000,clear,0,0.0,114,2.452,0,0,-1.000,7.17,3.00,0.0307,0.0014
22.641,2.930,0,,,,,,GLOBAL,1.000,clear,0,0.0,114,2.472,0,0,-1.000,7.53,3.00,0.0272,0.0214
22.661,2.936,0,,,,,,GLOBAL,1.000,clear,0,0.0,114,2.492,0,0,-1.000,7.53,3.00,0.0470,0.0171
22.681,2.936,0,,,,,,GLOBAL,1.000,clear,0,0.0,114,2.512,0,0,-1.000,7.13,3.00,0.0414,0.0136
22.701,2.937,0,,,,,,GLOBAL,1.000,clear,0,0.0,114,2.532,0,0,-1.000,6.24,3.00,0.0372,0.0036
22.721,2.940,0,,,,,,GLOBAL,1.000,clear,0,0.0,114,2.552,0,0,-1.000,6.24,3.00,0.0313,0.0013
22.742,2.943,0,,,,,,GLOBAL,1.000,clear,0,0.0,114,2.573,0,0,-1.000,6.90,3.00,0.0264,0.0218
22.767,2.940,0,,,,,,GLOBAL,1.000,clear,0,0.0,114,2.597,0,0,-1.000,6.68,3.00,0.0510,0.0236
22.781,2.947,0,,,,,,GLOBAL,1.000,clear,0,0.0,114,2.612,0,0,-1.000,6.68,3.00,0.0418,0.0103
22.801,2.941,0,,,,,,GLOBAL,1.000,clear,0,0.0,114,2.632,0,0,-1.000,6.01,3.00,0.0361,0.0048
22.822,2.948,0,,,,,,GLOBAL,1.000,clear,0,0.0,114,2.653,0,0,-1.000,4.79,3.00,0.0326,0.0009
22.841,2.948,0,,,,,,GLOBAL,1.000,clear,0,0.0,114,2.672,0,0,1.195,4.79,3.00,0.0251,0.0203
22.861,2.947,0,,,,,,GLOBAL,1.000,clear,0,0.0,114,2.692,0,0,1.188,4.80,3.00,0.0451,0.0183
22.881,2.948,0,,,,,,GLOBAL,1.000,clear,0,0.0,114,2.712,0,0,1.217,4.39,3.00,0.0416,0.0106
23.001,2.948,0,,,,,,GLOBAL,1.000,clear,0,0.0,114,2.831,0,0,1.217,4.39,3.00,0.1610,0.1300
23.003,2.950,0,,,,,,GLOBAL,1.000,clear,0,0.0,114,2.834,0,0,1.048,3.85,3.00,0.1381,0.0016
23.027,2.948,0,,,,,,GLOBAL,1.000,clear,0,0.0,114,2.858,0,0,0.940,3.14,3.00,0.0857,0.0200
23.042,2.941,0,,,,,,GLOBAL,1.000,clear,0,0.0,114,2.872,0,0,0.865,3.43,3.00,0.0265,0.0054
23.067,2.959,0,,,,,,GLOBAL,1.000,clear,0,0.0,114,2.898,0,0,0.858,3.85,3.00,0.0519,0.0226
23.081,2.956,0,,,,,,GLOBAL,1.000,clear,0,0.0,114,2.912,0,0,0.923,3.85,3.00,0.0405,0.0087
23.101,2.951,0,,,,,,GLOBAL,1.000,clear,0,0.0,114,2.932,0,0,0.903,3.82,3.00,0.0369,0.0020
23.121,2.953,0,,,,,,GLOBAL,1.000,clear,0,0.0,114,2.952,0,0,0.903,3.85,3.00,0.0301,0.0221
23.147,2.949,0,,,,,,GLOBAL,1.000,clear,0,0.0,114,2.978,0,0,0.870,3.85,3.00,0.0561,0.0243
23.162,2.951,0,,,,,,GLOBAL,1.000,clear,0,0.0,114,2.993,0,0,-1.000,4.75,3.00,0.0460,0.0132
23.182,2.961,0,,,,,,GLOBAL,1.000,clear,0,0.0,114,3.013,0,0,-1.000,5.00,3.03,0.0421,0.0091
23.201,2.955,0,,,,,,GLOBAL,1.000,clear,0,0.0,114,3.032,0,0,-1.000,5.00,3.03,0.0355,0.0033
23.222,2.955,0,,,,,,GLOBAL,1.000,clear,0,0.0,114,3.053,0,0,-1.000,5.18,3.07,0.0303,0.0237
23.242,2.962,0,,,,,,GLOBAL,1.000,clear,0,0.0,114,3.073,0,0,-1.000,5.31,3.16,0.0508,0.0196
23.263,2.969,0,,,,,,GLOBAL,1.000,clear,0,0.0,114,3.094,0,0,-1.000,5.31,3.16,0.0475,0.0157
23.282,2.984,0,,,,,,GLOBAL,1.000,clear,0,0.0,114,3.113,0,0,-1.000,5.27,3.25,0.0407,0.0120
23.302,3.004,0,,,,,,GLOBAL,1.000,clear,0,0.0,114,3.133,0,0,-1.000,6.13,3.32,0.0367,0.0060
23.322,3.016,0,,,,,,GLOBAL,1.000,clear,0,0.0,114,3.153,0,0,-1.000,6.13,3.32,0.0311,0.0033
23.343,3.043,0,,,,,,GLOBAL,1.000,clear,0,0.0,114,3.174,0,0,-1.000,6.64,3.39,0.0519,0.0241
23.361,3.070,0,,,,,,GLOBAL,1.000,clear,0,0.0,114,3.192,0,0,-1.000,7.02,3.43,0.0463,0.0166
23.381,3.097,0,,,,,,GLOBAL,1.000,clear,0,0.0,114,3.212,0,0,-1.000,7.02,3.43,0.0409,0.0061
23.402,3.138,0,,,,,,GLOBAL,1.000,clear,0,0.0,114,3.233,0,0,-1.000,7.18,3.50,0.0370,0.0019
23.422,3.164,0,,,,,,GLOBAL,1.000,clear,0,0.0,114,3.252,0,0,-1.000,6.54,3.57,0.0282,0.0217
23.442,3.207,0,,,,,,GLOBAL,1.000,clear,0,0.0,114,3.273,0,0,-1.000,6.54,3.57,0.0272,0.0171
23.461,3.238,0,,,,,,GLOBAL,1.000,clear,0,0.0,114,3.292,0,0,-1.000,6.74,3.64,0.0466,0.0146
23.481,3.279,0,,,,,,GLOBAL,1.000,clear,0,0.0,114,3.312,0,0,-1.000,6.87,3.67,0.0410,0.0132
23.501,3.324,0,,,,,,GLOBAL,1.000,clear,0,0.0,114,3.332,0,0,-1.000,6.87,3.67,0.0371,0.0062
23.522,3.370,0,,,,,,GLOBAL,1.000,clear,0,0.0,114,3.352,0,0,-1.000,6.90,3.74,0.0309,0.0024
23.541,3.418,0,,,,,,GLOBAL,1.000,clear,0,0.0,114,3.372,0,0,-1.000,6.93,3.83,0.0507,0.0222
23.561,3.453,0,,,,,,GLOBAL,1.000,clear,0,0.0,114,3.392,0,0,-1.000,6.93,3.83,0.0469,0.0177
23.581,3.500,0,,,,,,GLOBAL,1.000,clear,0,0.0,114,3.412,0,0,-1.000,6.92,3.86,0.0413,0.0147
23.601,3.534,0,,,,,,GLOBAL,1.000,clear,0,0.0,114,3.432,0,0,-1.000,6.72,3.92,0.0372,0.0017
23.621,3.584,0,,,,,,GLOBAL,1.000,clear,0,0.0,114,3.452,0,0,-1.000,6.72,3.92,0.0314,0.0036
23.642,3.622,0,,,,,,GLOBAL,1.000,clear,0,0.0,114,3.473,0,0,-1.000,6.69,3.98,0.0282,0.0244
23.662,3.662,0,,,,,,GLOBAL,1.000,clear,0,0.0,114,3.493,0,0,-1.000,6.03,4.07,0.0483,0.0170
23.681,3.699,0,,,,,,GLOBAL,1.000,clear,0,0.0,114,3.512,0,0,-1.000,6.03,4.07,0.0416,0.0148
23.701,3.740,0,,,,,,GLOBAL,1.000,clear,0,0.0,114,3.532,0,0,0.452,4.51,4.12,0.0377,0.0075
23.721,3.788,0,,,,,,GLOBAL,1.000,clear,0,0.0,114,3.552,0,0,0.452,4.58,4.17,0.0319,0.0046
23.742,3.824,0,,,,,,GLOBAL,1.000,clear,0,0.0,114,3.573,0,0,-1.000,4.58,4.17,0.0288,0.0257
23.762,3.875,0,,,,,,GLOBAL,1.000,clear,0,0.0,114,3.592,0,0,-1.000,4.39,4.23,0.0480,0.0185
23.781,3.903,0,,,,,,GLOBAL,1.000,clear,0,0.0,114,3.612,0,0,-1.000,3.56,4.30,0.0435,0.0120
23.801,3.953,0,,,,,,GLOBAL,1.000,clear,0,0.0,114,3.632,0,0,-1.000,3.56,4.30,0.0366,0.0089
23.821,3.977,0,,,,,,GLOBAL,1.000,clear,0,0.0,114,3.652,0,0,-1.000,3.40,4.36,0.0336,0.0015
23.841,4.023,0,,,,,,GLOBAL,1.000,clear,0,0.0,114,3.672,0,0,-1.000,3.47,4.41,0.0274,0.0216
23.862,4.053,0,,,,,,GLOBAL,1.000,clear,0,0.0,114,3.693,0,0,-1.000,3.47,4.41,0.0480,0.0159
23.881,4.111,0,,,,,,AVOID,0.980,avoid_cruise,1,25.0,114,3.712,0,0,-1.000,2.72,4.46,0.0444,0.0114
23.902,4.135,0,,,,,,AVOID,0.942,avoid_cruise,1,24.7,114,3.732,0,0,-1.000,2.13,4.46,0.0371,0.0043
23.921,4.185,0,,,,,,AVOID,0.942,avoid_cruise,1,23.4,52,0.010,1,0,0.966,2.13,4.46,0.0331,0.0028
23.941,4.211,0,,,,,,AVOID,0.922,avoid_cruise,1,22.0,52,0.007,1,0,-1.000,5.83,4.34,0.0273,0.0229
23.961,4.250,0,,,,,,AVOID,0.896,avoid_cruise,1,22.0,47,0.004,1,0,-1.000,5.00,4.19,0.0473,0.0189
23.981,4.278,0,,,,,,AVOID,0.873,avoid_cruise,1,20.5,53,0.011,1,0,-1.000,5.00,4.19,0.0442,0.0022
24.002,4.316,0,,,,,,AVOID,0.873,avoid_cruise,1,20.4,53,0.031,1,0,-1.000,4.34,4.13,0.0371,0.0078
24.026,4.345,1,3.361,3.556,0.412,0.218,,AVOID,0.818,avoid_cruise,1,19.9,50,0.002,1,0,-1.000,4.26,4.20,0.0391,0.0070
24.042,4.367,1,3.361,3.556,0.412,0.218,,AVOID,0.788,avoid_cruise,1,19.9,50,0.019,1,0,-1.000,4.26,4.20,0.0300,0.0234
24.062,4.374,1,3.252,3.451,0.389,0.221,,AVOID,0.788,avoid_cruise,1,19.2,46,0.013,1,0,-1.000,4.13,3.99,0.0492,0.0183
24.081,4.385,1,3.108,3.354,0.200,0.251,,AVOID,0.768,avoid_cruise,1,24.4,48,0.012,1,0,-1.000,4.09,3.92,0.0430,0.0093
24.102,4.391,0,,,,,3.065,AVOID,0.741,avoid_cruise,1,24.4,33,0.008,1,0,-1.000,4.01,3.71,0.0374,0.0025
24.121,4.389,1,2.958,3.173,0.215,0.223,,AVOID,0.741,avoid_cruise,1,30.1,33,0.028,1,0,-1.000,4.01,3.71,0.0331,0.0025
24.142,4.360,1,2.958,3.173,0.215,0.223,,AVOID,0.711,avoid_cruise,1,30.1,33,0.010,1,0,-1.000,3.99,3.60,0.0268,0.0230
24.161,4.331,1,2.822,3.074,0.111,0.255,,AVOID,0.711,avoid_cruise,1,33.5,33,0.010,1,0,-1.000,3.99,3.56,0.0462,0.0159
24.181,4.280,1,2.744,2.972,0.032,0.229,,AVOID,0.696,avoid_cruise,1,35.9,33,0.006,1,0,-1.000,3.99,3.56,0.0432,0.0151
24.203,4.199,0,,,,,2.634,AVOID,0.677,avoid_cruise,1,36.9,33,0.002,1,0,-1.000,4.03,3.48,0.0404,0.0113
24.221,4.136,1,2.535,2.770,-0.075,0.236,,AVOID,0.665,avoid_cruise,1,34.2,33,0.021,0,0,-1.000,4.03,3.48,0.0333,0.0028
24.242,4.100,1,2.535,2.770,-0.075,0.236,,AVOID,0.648,avoid_cruise,1,34.2,33,0.041,0,0,-1.000,4.09,3.39,0.0299,0.0235
24.261,4.097,1,2.446,2.671,-0.104,0.227,,GLOBAL,0.648,avoid_cruise,1,34.5,33,0.061,0,0,-1.000,-0.69,3.24,0.0495,0.0180
24.281,4.065,1,2.308,2.571,-0.176,0.269,,GLOBAL,0.634,avoid_cruise,1,30.3,33,0.081,0,0,0.640,-0.69,3.24,0.0437,0.0097
24.301,4.024,0,,,,,2.263,GLOBAL,0.621,avoid_cruise,1,28.4,33,0.101,0,0,-1.000,-5.48,3.17,0.0316,0.0089
24.321,3.945,0,,,,,2.263,GLOBAL,0.602,avoid_cruise,1,24.5,33,0.121,0,0,-1.000,-5.59,3.10,0.0258,0.0287
24.342,3.899,0,,,,,2.082,GLOBAL,0.602,avoid_cruise,1,24.5,33,0.141,0,0,-1.000,-5.59,3.10,0.0275,0.0009
24.440,3.837,0,,,,,2.082,GLOBAL,0.600,avoid_cruise,1,21.1,33,0.239,0,0,-1.000,-4.31,3.01,0.1253,0.0987
24.477,3.772,0,,,,,2.012,GLOBAL,0.600,avoid_cruise,1,17.1,33,0.277,0,0,-1.000,-4.73,3.00,0.1399,0.0089
24.483,3.713,1,1.923,2.097,-0.350,0.204,,GLOBAL,0.600,avoid_cruise,1,12.8,33,0.283,0,0,-1.000,-5.05,3.00,0.1189,0.0042
24.502,3.515,0,,,,,1.634,GLOBAL,0.600,avoid_cruise,1,10.8,33,0.302,0,0,-1.000,-4.72,3.00,0.0633,0.0018
24.524,3.307,0,,,,,1.512,GLOBAL,0.600,avoid_cruise,1,13.9,33,0.323,0,0,-1.000,-4.72,3.00,0.0328,0.0045
24.541,3.233,0,,,,,1.512,GLOBAL,0.600,avoid_cruise,1,13.9,33,0.341,0,0,-1.000,-2.38,3.00,0.0218,0.0220
24.561,3.167,0,,,,,1.480,GLOBAL,0.600,avoid_cruise,1,12.9,33,0.361,0,0,0.534,-1.29,3.00,0.0417,0.0161
24.581,3.125,0,,,,,1.408,GLOBAL,0.600,avoid_cruise,1,14.6,33,0.381,0,0,0.534,-1.29,3.00,0.0428,0.0126
24.601,3.087,0,,,,,1.396,GLOBAL,0.600,avoid_cruise,1,14.3,33,0.401,0,1,0.501,1.32,3.00,0.0370,0.0072
24.621,3.039,0,,,,,1.342,GLOBAL,0.600,avoid_cruise,1,16.7,33,0.421,0,1,0.501,0.77,3.00,0.0329,0.0031
24.643,2.991,0,,,,,1.342,GLOBAL,0.600,avoid_cruise,1,16.7,33,0.443,0,1,0.501,0.77,3.00,0.0545,0.0246
24.662,2.890,0,,,,,1.279,GLOBAL,0.600,avoid_cruise,1,16.1,33,0.461,0,1,0.489,0.48,3.00,0.0472,0.0169
24.681,2.791,0,,,,,1.227,GLOBAL,0.600,avoid_cruise,1,16.9,33,0.481,0,1,0.481,1.43,3.00,0.0408,0.0145
24.701,2.723,1,1.157,1.259,0.134,0.109,,GLOBAL,0.600,avoid_cruise,1,16.4,33,0.501,0,1,0.481,1.43,3.00,0.0370,0.0067
24.722,2.664,1,1.114,1.214,-0.041,0.100,,GLOBAL,0.600,avoid_cruise,1,20.6,33,0.521,0,1,0.478,1.40,3.00,0.0280,0.0036
24.743,2.595,1,1.114,1.214,-0.041,0.100,,GLOBAL,0.600,avoid_cruise,1,20.6,33,0.543,0,1,0.478,1.59,3.00,0.0495,0.0252
24.761,2.514,1,1.055,1.158,-0.018,0.102,,AVOID,0.600,avoid_cruise,1,22.3,37,0.011,1,1,0.470,8.95,3.00,0.0466,0.0157
24.781,2.454,1,0.993,1.095,-0.061,0.104,,AVOID,0.600,avoid_cruise,1,24.4,37,0.031,1,1,0.457,8.95,3.00,0.0416,0.0064
24.802,2.388,1,0.935,1.042,-0.063,0.110,,AVOID,0.600,avoid_cruise,1,24.4,34,0.005,1,1,0.457,12.42,3.00,0.0377,0.0088
24.822,2.306,1,0.886,0.985,0.155,0.111,,AVOID,0.600,avoid_cruise,1,25.3,31,0.004,1,1,0.457,12.42,3.00,0.0327,0.0033
24.842,2.234,1,0.886,0.985,0.155,0.111,,AVOID,0.600,avoid_cruise,1,25.3,31,0.001,1,1,0.452,11.75,3.00,0.0529,0.0235
24.862,2.169,1,0.843,0.942,0.139,0.109,,AVOID,0.600,avoid_cruise,1,24.8,31,0.020,1,1,0.443,10.39,3.00,0.0463,0.0173
24.881,2.099,1,0.802,0.894,0.152,0.105,,AVOID,0.600,avoid_cruise,1,30.2,31,0.006,1,1,0.436,10.39,3.00,0.0419,0.0130
24.902,2.022,1,0.762,0.856,0.144,0.106,,AVOID,0.600,avoid_cruise,1,30.4,31,0.000,1,1,0.453,10.34,3.00,0.0369,0.0066
24.921,1.922,1,0.722,0.814,0.135,0.104,,AVOID,0.600,avoid_cruise,1,35.7,31,0.020,1,1,0.453,9.92,3.00,0.0302,0.0019
24.941,1.838,1,0.722,0.814,0.135,0.104,,AVOID,0.600,avoid_cruise,1,35.7,31,0.016,0,1,0.457,9.14,3.00,0.0502,0.0219
24.962,1.753,0,,,,,,GLOBAL,0.618,clear,0,42.3,31,0.037,0,1,0.460,9.14,3.00,0.0466,0.0070
24.981,1.673,1,0.649,0.747,0.104,0.105,,GLOBAL,0.618,clear,0,42.3,31,0.056,0,1,0.455,4.35,3.09,0.0371,0.0104
25.001,1.589,0,,,,,,GLOBAL,0.618,clear,0,42.3,31,0.076,0,1,0.470,4.35,3.09,0.0367,0.0076
25.022,1.516,1,0.593,0.687,-0.114,0.103,,GLOBAL,0.600,avoid_cruise,1,42.3,31,0.097,0,1,0.493,4.35,3.09,0.0331,0.0023
25.042,1.428,1,0.593,0.687,-0.114,0.103,,GLOBAL,0.600,avoid_cruise,1,32.1,31,0.117,0,1,0.502,-0.43,3.09,0.0529,0.0220
25.062,1.340,1,0.567,0.662,-0.115,0.105,,GLOBAL,0.600,avoid_cruise,1,31.0,31,0.137,0,1,0.513,-5.21,3.09,0.0469,0.0138
25.081,1.238,1,0.546,0.641,-0.106,0.104,,GLOBAL,0.600,avoid_cruise,1,34.4,31,0.156,0,1,0.545,-3.41,3.00,0.0406,0.0120
25.102,1.080,1,0.525,0.620,-0.107,0.103,4.426,GLOBAL,0.600,avoid_cruise,1,37.0,31,0.177,0,1,0.545,-4.29,3.00,0.0373,0.0037
25.122,0.643,1,0.512,0.607,-0.108,0.105,4.573,GLOBAL,0.600,avoid_cruise,1,37.0,31,0.197,0,1,0.545,-4.29,3.00,0.0314,0.0036
25.141,0.258,1,0.512,0.607,-0.108,0.105,4.573,GLOBAL,0.600,avoid_cruise,1,37.0,31,0.216,0,0,-1.000,-4.11,3.00,0.0272,0.0233
25.162,0.115,1,0.489,0.594,-0.103,0.113,4.506,AVOID,0.584,static,1,39.4,18,0.005,1,0,-1.000,-3.85,3.00,0.0472,0.0122
25.181,-0.012,1,0.487,0.588,-0.103,0.111,4.460,AVOID,0.571,static,1,42.2,17,0.007,1,0,-1.000,-3.85,3.00,0.0414,0.0119
25.201,0.105,1,0.473,0.575,-0.101,0.111,5.090,AVOID,0.555,static,1,43.2,16,0.005,1,0,-1.000,-3.17,2.92,0.0370,0.0078
25.223,0.209,1,0.447,0.561,0.015,0.115,,AVOID,0.542,static,1,43.2,16,0.002,1,0,-1.000,4.18,2.78,0.0325,0.0014
25.241,0.271,1,0.447,0.561,0.015,0.115,,AVOID,0.528,static,1,43.2,16,0.021,1,0,-1.000,4.18,2.78,0.0271,0.0201
25.262,0.337,1,0.457,0.569,0.006,0.112,,AVOID,0.528,static,1,41.6,3,0.020,1,0,-1.000,11.54,2.71,0.0478,0.0185
25.281,0.409,1,0.445,0.560,0.003,0.115,,AVOID,0.507,static,1,46.8,3,0.004,1,0,1.371,18.90,2.64,0.0412,0.0126
25.301,0.509,1,0.447,0.545,-0.095,0.106,,AVOID,0.498,static,1,51.7,15,0.002,1,0,-1.000,18.90,2.64,0.0306,0.0067
25.322,0.533,1,0.447,0.545,-0.095,0.106,,AVOID,0.481,static,1,51.7,15,0.022,1,0,-1.000,21.40,2.49,0.0266,0.0272
25.342,0.500,1,0.434,0.540,-0.096,0.114,,AVOID,0.481,static,1,49.6,14,0.016,1,0,1.105,21.40,2.40,0.0259,0.0194
25.362,0.497,1,0.423,0.527,-0.091,0.112,,AVOID,0.466,static,1,48.3,14,0.009,1,0,1.112,21.40,2.33,0.0461,0.0193
25.381,0.515,1,0.415,0.518,-0.090,0.111,,AVOID,0.453,static,1,51.7,15,0.013,1,0,1.023,21.40,2.33,0.0327,0.0060
25.401,0.547,1,0.403,0.505,-0.090,0.110,,AVOID,0.437,static,1,53.6,13,0.005,1,0,-1.000,21.40,2.33,0.0362,0.0023
25.421,0.581,1,0.392,0.492,-0.078,0.106,,AVOID,0.423,static,1,54.4,13,0.025,1,0,-1.000,21.40,2.11,0.0304,0.0031
25.444,0.620,1,0.392,0.492,-0.078,0.106,,AVOID,0.407,static,1,54.4,13,0.001,1,0,-1.000,21.40,2.11,0.0529,0.0257
25.461,0.670,1,0.362,0.468,-0.018,0.106,,AVOID,0.407,static,1,54.4,13,0.019,1,0,-1.000,21.40,2.04,0.0465,0.0153
25.481,0.750,0,,,,,,AVOID,0.393,static,1,54.3,13,0.011,1,0,-1.000,20.22,1.96,0.0405,0.0064
25.501,0.842,1,0.333,0.434,-0.039,0.103,,AVOID,0.393,static,1,52.7,13,0.031,1,0,-1.000,20.22,1.96,0.0364,0.0017
25.523,0.934,1,0.333,0.434,-0.039,0.103,,AVOID,0.359,aeb_escape,1,53.6,13,0.001,1,0,-1.000,17.90,1.96,0.0324,0.0235
25.543,1.039,1,0.315,0.414,-0.062,0.104,,AVOID,0.348,static,1,53.6,13,0.021,1,0,-1.000,15.09,1.80,0.0524,0.0168
25.562,1.138,1,0.308,0.394,-0.135,0.108,,AVOID,0.334,static,1,50.7,12,0.016,1,0,-1.000,15.09,1.80,0.0470,0.0145
25.581,1.194,1,0.285,0.387,-0.086,0.111,,AVOID,0.334,static,1,50.6,13,0.013,1,0,-1.000,17.06,1.67,0.0408,0.0089
25.601,1.254,1,0.259,0.343,-0.138,0.110,,AVOID,0.318,static,1,50.5,13,0.008,1,0,-1.000,17.06,1.67,0.0359,0.0064
25.621,1.324,1,0.259,0.343,-0.138,0.110,,AVOID,0.303,static,1,46.9,12,0.005,1,0,-1.000,14.40,1.59,0.0221,0.0263
25.643,1.427,1,0.224,0.313,-0.132,0.116,,AVOID,0.287,static,1,46.9,12,0.027,1,0,-1.000,13.11,1.52,0.0438,0.0148
25.663,1.495,0,,,,,,AVOID,0.274,aeb_escape,1,42.6,12,0.012,1,0,-1.000,12.28,1.44,0.0474,0.0181
25.682,1.520,0,,,,,,AVOID,0.274,aeb_escape,1,40.5,12,0.008,1,0,-1.000,12.28,1.44,0.0419,0.0058
25.702,1.509,0,,,,,,AVOID,0.260,aeb_escape,1,37.6,11,0.011,1,0,-1.000,10.01,1.30,0.0378,0.0015
25.722,1.519,0,,,,,,AVOID,0.245,aeb_escape,1,34.6,11,0.001,1,0,-1.000,11.55,1.22,0.0262,0.0027
25.742,1.537,0,,,,,,AVOID,0.229,aeb_escape,1,34.6,11,0.021,1,0,-1.000,11.55,1.22,0.0282,0.0230
25.762,1.549,0,,,,,,AVOID,0.229,aeb_escape,1,32.2,11,0.017,1,0,-1.000,9.95,1.14,0.0474,0.0185
25.781,1.545,0,,,,,,AVOID,0.229,aeb_escape,1,25.6,11,0.037,1,0,-1.000,8.08,1.14,0.0383,0.0121
25.801,1.526,0,,,,,,AVOID,0.196,aeb_escape,1,18.4,12,0.007,1,0,-1.000,8.08,1.14,0.0369,0.0062
25.821,1.488,0,,,,,,AVOID,0.185,aeb_escape,1,18.4,12,0.006,1,0,-1.000,3.99,0.98,0.0301,0.0011
25.842,1.464,0,,,,,,AVOID,0.170,aeb_escape,1,11.5,12,0.004,1,0,1.595,1.33,0.92,0.0260,0.0216
25.862,1.433,0,,,,,,AVOID,0.160,aeb_escape,1,5.1,11,0.000,1,0,1.686,1.33,0.92,0.0462,0.0180
25.881,1.379,0,,,,,,AVOID,0.160,aeb_escape,1,-4.1,11,0.020,1,0,-1.000,-3.62,0.80,0.0416,0.0109
25.901,1.320,0,,,,,,AVOID,0.160,aeb_escape,1,-9.1,13,0.015,1,0,-1.000,-7.44,0.80,0.0360,0.0061
25.921,1.284,0,,,,,,AVOID,0.160,aeb_escape,1,-9.1,14,0.004,1,0,-1.000,-7.44,0.80,0.0319,0.0014
25.942,1.266,0,,,,,,AVOID,0.160,aeb_escape,1,-17.8,14,0.024,1,0,-1.000,-7.74,0.80,0.0521,0.0217
25.961,1.231,0,,,,,,AVOID,0.160,aeb_escape,1,-24.4,16,0.014,1,0,-1.000,-10.19,0.80,0.0462,0.0130
25.981,1.200,0,,,,,,AVOID,0.160,aeb_escape,1,-30.8,18,0.007,1,0,-1.000,-10.19,0.80,0.0406,0.0133
26.001,1.109,0,,,,,,AVOID,0.160,aeb_escape,1,-36.3,18,0.027,1,0,-1.000,-11.88,0.80,0.0364,0.0025
26.021,1.053,0,,,,,,AVOID,0.160,aeb_escape,1,-36.3,21,0.002,1,0,-1.000,-11.88,0.80,0.0272,0.0225
26.042,1.017,0,,,,,,AVOID,0.160,aeb_escape,1,-37.8,27,0.001,1,0,-1.000,-10.15,0.80,0.0484,0.0186
26.062,0.958,0,,,,,,AVOID,0.160,aeb_escape,1,-38.8,27,0.021,1,0,-1.000,-17.42,0.80,0.0458,0.0145
26.082,0.912,0,,,,,,AVOID,0.160,aeb_escape,1,-39.1,28,0.014,1,0,-1.000,-15.64,0.80,0.0414,0.0067
26.101,0.874,0,,,,,,AVOID,0.160,aeb_escape,1,-39.1,28,0.008,1,0,-1.000,-15.64,0.80,0.0351,0.0019
26.122,0.848,0,,,,,,AVOID,0.160,aeb_escape,1,-38.4,28,0.005,1,0,-1.000,-14.12,0.80,0.0259,0.0025
26.144,0.822,0,,,,,,AVOID,0.160,aeb_escape,1,-38.4,28,0.005,1,0,-1.000,-14.58,0.80,0.0483,0.0249
26.164,0.790,0,,,,,,AVOID,0.160,aeb_escape,1,-38.4,28,0.001,1,0,-1.000,-14.58,0.80,0.0464,0.0124
26.229,0.771,0,,,,,,AVOID,0.160,aeb_escape,1,-38.0,28,0.066,1,0,-1.000,-13.24,0.80,0.0874,0.0605
26.287,0.741,0,,,,,,AVOID,0.160,aeb_escape,1,-37.1,28,0.003,1,0,-1.000,-12.65,0.80,0.0939,0.0479
26.302,0.724,0,,,,,,AVOID,0.160,aeb_escape,1,-36.1,29,0.002,1,0,-1.000,-13.15,0.80,0.0859,0.0128
26.325,0.714,0,,,,,,AVOID,0.160,aeb_escape,1,-34.9,31,0.002,1,0,-1.000,-12.60,0.80,0.0584,0.0142
26.341,0.688,0,,,,,,AVOID,0.160,aeb_escape,1,-33.6,29,0.004,1,0,-1.000,-12.21,0.80,0.0504,0.0153
26.363,0.678,0,,,,,,AVOID,0.160,aeb_escape,1,-33.1,29,0.025,1,0,-1.000,-11.52,0.80,0.0447,0.0104
26.381,0.674,0,,,,,,AVOID,0.160,aeb_escape,1,-32.5,29,0.011,1,0,-1.000,-11.52,0.80,0.0390,0.0044
26.401,0.662,0,,,,,,AVOID,0.160,aeb_escape,1,-32.0,29,0.011,1,0,-1.000,-10.83,0.80,0.0348,0.0060
26.421,0.651,0,,,,,,AVOID,0.160,aeb_escape,1,-31.1,30,0.005,1,0,-1.000,-11.45,0.80,0.0281,0.0023
26.441,0.638,0,,,,,,AVOID,0.160,aeb_escape,1,-31.1,30,0.003,1,0,-1.000,-11.45,0.80,0.0482,0.0224
26.461,0.622,0,,,,,,AVOID,0.160,aeb_escape,1,-30.3,30,0.023,1,0,-1.000,-11.61,0.80,0.0440,0.0153
26.481,0.612,0,,,,,,AVOID,0.160,aeb_escape,1,-29.5,30,0.017,1,0,-1.000,-10.96,0.80,0.0393,0.0098
26.501,0.616,0,,,,,,AVOID,0.160,aeb_escape,1,-29.3,30,0.037,1,0,-1.000,-10.96,0.80,0.0320,0.0013
26.521,0.621,0,,,,,,AVOID,0.160,aeb_escape,1,-29.3,29,0.001,1,0,-1.000,-10.72,0.80,0.0519,0.0212
26.545,0.622,0,,,,,,AVOID,0.160,aeb_escape,1,-29.0,31,0.001,1,0,-1.000,-10.15,0.80,0.0475,0.0181
26.562,0.627,0,,,,,,AVOID,0.160,aeb_escape,1,-27.8,31,0.017,1,0,-1.000,-12.88,0.80,0.0380,0.0156
26.581,0.634,0,,,,,,AVOID,0.160,aeb_escape,1,-27.3,30,0.017,1,0,-1.000,-12.88,0.80,0.0349,0.0071
26.601,0.639,0,,,,,,AVOID,0.160,aeb_escape,1,-26.6,30,0.013,1,0,-1.000,-9.23,0.80,0.0292,0.0006
26.621,0.643,0,,,,,,AVOID,0.160,aeb_escape,1,-25.9,31,0.005,1,0,-1.000,-9.18,0.80,0.0493,0.0206
26.641,0.648,0,,,,,,AVOID,0.160,aeb_escape,1,-25.9,30,0.001,1,0,-1.000,-9.18,0.80,0.0479,0.0115
26.662,0.650,0,,,,,,AVOID,0.160,aeb_escape,1,-25.4,30,0.021,1,0,-1.000,-8.91,0.80,0.0409,0.0136
26.681,0.651,0,,,,,,AVOID,0.160,aeb_escape,1,-25.0,30,0.016,1,0,-1.000,-8.71,0.80,0.0347,0.0069
26.703,0.653,0,,,,,,AVOID,0.160,aeb_escape,1,-24.4,31,0.012,1,0,-1.000,-8.71,0.80,0.0317,0.0042
26.725,0.652,0,,,,,,AVOID,0.160,aeb_escape,1,-23.7,31,0.001,1,0,-1.000,-8.92,0.80,0.0305,0.0258
26.746,0.652,0,,,,,,AVOID,0.160,aeb_escape,1,-23.7,31,0.004,1,0,-1.000,-8.58,0.80,0.0514,0.0185
26.762,0.655,0,,,,,,AVOID,0.160,aeb_escape,1,-23.2,31,0.020,1,0,-1.000,-8.58,0.80,0.0449,0.0092
26.782,0.663,0,,,,,,AVOID,0.160,aeb_escape,1,-23.1,31,0.039,1,0,-1.000,-7.99,0.80,0.0372,0.0016
26.802,0.670,0,,,,,,AVOID,0.160,aeb_escape,1,-22.5,31,0.002,1,0,-1.000,-7.96,0.80,0.0346,0.0215
26.821,0.673,0,,,,,,AVOID,0.160,aeb_escape,1,-22.5,31,0.022,1,0,-1.000,-7.96,0.80,0.0269,0.0191
26.844,0.674,0,,,,,,AVOID,0.160,aeb_escape,1,-22.0,32,0.001,1,0,-1.000,-7.52,0.80,0.0494,0.0184
26.861,0.680,0,,,,,,AVOID,0.160,aeb_escape,1,-20.9,32,0.019,1,0,-1.000,-7.52,0.80,0.0421,0.0072
26.881,0.685,0,,,,,,AVOID,0.160,aeb_escape,1,-20.0,32,0.013,1,0,-1.000,-7.73,0.80,0.0377,0.0042
26.901,0.686,0,,,,,,AVOID,0.160,aeb_escape,1,-19.4,31,0.013,1,0,-1.000,-7.17,0.80,0.0338,0.0014
26.924,0.684,0,,,,,,AVOID,0.160,aeb_escape,1,-18.9,31,0.001,1,0,-1.000,-6.63,0.80,0.0317,0.0235
26.941,0.685,0,,,,,,AVOID,0.160,aeb_escape,1,-18.9,31,0.003,1,0,-1.000,-6.63,0.80,0.0494,0.0149
26.961,0.682,0,,,,,,AVOID,0.160,aeb_escape,1,-18.4,31,0.023,1,0,-1.000,-6.04,0.80,0.0429,0.0143
26.981,0.682,0,,,,,,AVOID,0.160,aeb_escape,1,-17.5,33,0.015,1,0,-1.000,-6.41,0.80,0.0380,0.0042
27.001,0.677,0,,,,,,AVOID,0.160,aeb_escape,1,-17.3,33,0.035,1,0,-1.000,-6.41,0.80,0.0340,0.0059
27.021,0.680,0,,,,,,AVOID,0.160,aeb_escape,1,-17.3,33,0.055,1,0,-1.000,-6.74,0.80,0.0283,0.0006
27.041,0.680,0,,,,,,AVOID,0.160,aeb_escape,1,-17.0,33,0.004,1,0,-1.000,-5.82,0.80,0.0483,0.0206
27.064,0.682,0,,,,,,AVOID,0.160,aeb_escape,1,-16.1,31,0.001,1,0,-1.000,-5.82,0.80,0.0471,0.0175
27.081,0.686,0,,,,,,AVOID,0.160,aeb_escape,1,-15.7,31,0.017,1,0,-1.000,-5.61,0.80,0.0370,0.0091
27.101,0.680,0,,,,,,AVOID,0.160,aeb_escape,1,-15.2,32,0.013,1,0,-1.000,-5.56,0.80,0.0342,0.0047
27.123,0.676,0,,,,,,AVOID,0.160,aeb_escape,1,-15.2,31,0.009,1,0,-1.000,-5.56,0.80,0.0242,0.0261
27.142,0.669,0,,,,,,AVOID,0.180,avoid_cruise,1,-14.9,31,0.029,1,0,-1.000,-5.24,0.79,0.0433,0.0186
27.162,0.670,0,,,,,,AVOID,0.180,avoid_cruise,1,-8.6,127,0.001,1,0,-1.000,-5.24,0.79,0.0401,0.0162
27.181,0.666,0,,,,,,AVOID,0.202,avoid_cruise,1,-2.6,127,0.008,1,0,-1.000,-9.03,0.89,0.0339,0.0068
27.202,0.658,0,,,,,,REJOIN,0.220,avoid_cruise,1,-0.8,127,0.009,1,0,-1.000,-9.03,0.89,0.0289,0.0048
27.224,0.658,0,,,,,,REJOIN,0.240,avoid_cruise,1,-0.8,127,0.001,1,0,-1.000,-7.76,1.09,0.0508,0.0266
27.247,0.687,0,,,,,,REJOIN,0.261,avoid_cruise,1,-0.2,127,0.001,1,0,-1.000,-8.07,1.19,0.0519,0.0224
27.270,0.697,0,,,,,,REJOIN,0.281,avoid_cruise,1,-0.1,127,0.001,1,0,-1.000,-8.07,1.19,0.0488,0.0194
27.282,0.729,0,,,,,,REJOIN,0.281,avoid_cruise,1,-0.0,127,0.012,1,0,-1.000,-7.44,1.29,0.0347,0.0100
27.302,0.773,0,,,,,,REJOIN,0.300,avoid_cruise,1,-0.0,127,0.009,1,0,-1.000,-7.34,1.39,0.0257,0.0062
27.322,0.801,0,,,,,,REJOIN,0.320,avoid_cruise,1,-0.0,127,0.003,1,0,-1.000,-8.23,1.48,0.0256,0.0009
27.342,0.857,0,,,,,,REJOIN,0.341,avoid_cruise,1,-0.0,127,0.023,1,0,-1.000,-8.23,1.48,0.0455,0.0208
27.369,0.930,0,,,,,,REJOIN,0.360,avoid_cruise,1,-0.0,127,0.001,1,0,-1.000,-7.47,1.68,0.0475,0.0177
27.381,0.975,0,,,,,,REJOIN,0.360,avoid_cruise,1,-0.0,127,0.013,1,0,-1.000,-7.99,1.77,0.0358,0.0109
27.401,1.068,0,,,,,,REJOIN,0.380,avoid_cruise,1,-0.0,127,0.008,1,0,-1.000,-7.99,1.77,0.0297,0.0055
27.421,1.106,0,,,,,,REJOIN,0.404,avoid_cruise,1,-0.0,127,0.028,1,0,-1.000,-7.55,1.87,0.0282,0.0254
27.445,1.164,0,,,,,,REJOIN,0.420,avoid_cruise,1,-0.0,127,0.001,1,0,-1.000,-7.55,1.87,0.0518,0.0233
27.461,1.248,0,,,,,,REJOIN,0.442,avoid_cruise,1,-0.0,127,0.017,1,0,-1.000,-7.71,1.98,0.0436,0.0099
27.481,1.322,0,,,,,,REJOIN,0.442,avoid_cruise,1,-0.0,127,0.006,1,0,-1.000,-8.25,2.05,0.0382,0.0050
27.501,1.406,0,,,,,,REJOIN,0.442,avoid_cruise,1,-0.0,127,0.026,1,0,-1.000,-8.38,2.16,0.0342,0.0030
27.522,1.488,0,,,,,,REJOIN,0.486,avoid_cruise,1,-0.0,127,0.047,1,0,-1.000,-8.38,2.16,0.0289,0.0011
27.551,1.569,0,,,,,,REJOIN,0.502,avoid_cruise,1,-0.0,127,0.001,1,0,-1.000,-8.12,2.15,0.0580,0.0303
27.561,1.666,0,,,,,,REJOIN,0.520,avoid_cruise,1,-0.0,127,0.012,1,0,-1.000,-8.12,2.15,0.0442,0.0096
27.581,1.746,0,,,,,,REJOIN,0.520,avoid_cruise,1,-0.0,127,0.010,1,0,-1.000,-8.21,2.43,0.0388,0.0049
27.601,1.814,0,,,,,,REJOIN,0.540,avoid_cruise,1,-0.0,127,0.002,1,0,-1.000,-7.68,2.52,0.0309,0.0011
27.623,1.814,0,,,,,,REJOIN,0.560,avoid_cruise,1,-0.0,127,0.001,1,0,-1.000,-7.68,2.52,0.0530,0.0232
27.646,1.964,0,,,,,,REJOIN,0.580,avoid_cruise,1,-0.0,127,0.001,1,0,-1.000,-7.61,2.60,0.0536,0.0218
27.661,2.042,0,,,,,,REJOIN,0.600,avoid_cruise,1,-0.0,127,0.016,1,0,-1.000,-8.48,2.79,0.0432,0.0142
27.681,2.114,0,,,,,,REJOIN,0.600,avoid_cruise,1,-0.0,127,0.011,1,0,-1.000,-8.48,2.79,0.0378,0.0074
27.702,2.205,0,,,,,,REJOIN,0.600,avoid_cruise,1,-0.0,127,0.003,1,0,-1.000,-8.11,2.86,0.0302,0.0013
27.722,2.292,0,,,,,,REJOIN,0.600,avoid_cruise,1,-0.0,127,0.002,1,0,-1.000,-8.64,2.85,0.0236,0.0214
27.744,2.379,0,,,,,,REJOIN,0.600,avoid_cruise,1,-0.0,127,0.001,1,0,-1.000,-8.64,2.85,0.0461,0.0194
27.761,2.446,0,,,,,,REJOIN,0.600,avoid_cruise,1,-0.0,127,0.018,1,0,-1.000,-8.21,2.84,0.0375,0.0159
27.781,2.539,0,,,,,,REJOIN,0.600,avoid_cruise,1,-0.0,127,0.039,1,0,-1.000,-7.72,2.83,0.0330,0.0107
27.808,2.585,0,,,,,,REJOIN,0.600,avoid_cruise,1,-0.0,127,0.001,1,0,-1.000,-7.72,2.83,0.0350,0.0094
27.822,2.585,0,,,,,,REJOIN,0.600,avoid_cruise,1,-0.0,127,0.004,1,0,-1.000,-7.63,2.80,0.0244,0.0233
27.847,2.635,0,,,,,,REJOIN,0.600,avoid_cruise,1,-0.0,127,0.001,1,0,-1.000,-7.47,2.79,0.0499,0.0251
27.861,2.659,0,,,,,,REJOIN,0.600,avoid_cruise,1,-0.0,127,0.015,1,0,-1.000,-7.24,2.78,0.0376,0.0079
27.881,2.675,0,,,,,,REJOIN,0.600,avoid_cruise,1,-0.0,127,0.006,1,0,-1.000,-7.24,2.78,0.0305,0.0012
27.901,2.683,0,,,,,,REJOIN,0.601,avoid_cruise,1,-0.0,127,0.005,1,0,-1.000,-6.75,2.75,0.0274,0.0039
27.936,2.698,0,,,,,,REJOIN,0.603,avoid_cruise,1,-0.0,127,0.004,1,0,-1.000,-6.05,2.74,0.0618,0.0383
27.949,2.697,0,,,,,,REJOIN,0.606,avoid_cruise,1,-0.0,127,0.001,1,0,-1.000,-6.05,2.74,0.0535,0.0127
27.968,2.687,0,,,,,,REJOIN,0.608,avoid_cruise,1,-0.0,127,0.001,1,0,-1.000,-5.19,2.76,0.0448,0.0182
27.981,2.695,0,,,,,,REJOIN,0.608,avoid_cruise,1,-0.0,127,0.014,1,0,-1.000,-5.72,2.76,0.0387,0.0048
28.001,2.700,0,,,,,,REJOIN,0.608,avoid_cruise,1,-0.0,127,0.034,1,0,-1.000,-5.72,2.76,0.0306,0.0034
28.022,2.712,0,,,,,,REJOIN,0.610,avoid_cruise,1,-0.0,127,0.054,1,0,-1.000,-3.29,2.73,0.0232,0.0016
28.044,2.714,0,,,,,,REJOIN,0.616,avoid_cruise,1,-0.0,127,0.001,1,0,-1.000,-3.29,2.73,0.0454,0.0238
28.071,2.707,0,,,,,,REJOIN,0.618,avoid_cruise,1,-0.0,127,0.001,1,0,-1.000,-3.06,2.73,0.0466,0.0242
28.081,2.702,0,,,,,,REJOIN,0.618,avoid_cruise,1,-0.0,127,0.011,1,0,-1.000,-3.36,2.75,0.0372,0.0094
28.102,2.698,0,,,,,,REJOIN,0.620,avoid_cruise,1,-0.0,127,0.006,1,0,-1.000,-1.32,2.74,0.0278,0.0044
28.121,2.705,0,,,,,,REJOIN,0.625,avoid_cruise,1,-0.0,127,0.003,1,0,-1.000,-1.32,2.74,0.0224,0.0241
28.147,2.715,0,,,,,,REJOIN,0.627,avoid_cruise,1,-0.0,127,0.001,1,0,-1.000,-1.76,2.75,0.0485,0.0258
28.161,2.698,0,,,,,,REJOIN,0.629,avoid_cruise,1,-0.0,127,0.015,1,0,-1.000,-1.76,2.75,0.0438,0.0131
28.181,2.697,0,,,,,,REJOIN,0.629,avoid_cruise,1,-0.0,127,0.007,1,0,-1.000,2.56,2.74,0.0329,0.0059
28.204,2.704,0,,,,,,REJOIN,0.631,avoid_cruise,1,-0.0,127,0.001,1,0,-1.000,1.76,2.75,0.0289,0.0288
28.222,2.693,0,,,,,,REJOIN,0.633,avoid_cruise,1,-0.0,127,0.002,1,0,-1.000,1.76,2.75,0.0275,0.0172
28.326,2.693,0,,,,,,REJOIN,0.633,avoid_cruise,1,-0.0,127,0.107,1,0,-1.000,2.96,2.74,0.1320,0.1042
28.348,2.698,0,,,,,,REJOIN,0.635,avoid_cruise,1,-0.0,127,0.004,1,0,-1.000,3.34,2.74,0.1294,0.0207
28.367,2.707,0,,,,,,REJOIN,0.638,avoid_cruise,1,0.7,127,0.002,1,0,-1.000,3.35,2.73,0.1226,0.0184
28.382,2.702,0,,,,,,REJOIN,0.640,avoid_cruise,1,3.0,127,0.002,1,0,-1.000,3.82,2.74,0.1087,0.0140
28.409,2.700,0,,,,,,REJOIN,0.647,avoid_cruise,1,6.0,127,0.002,1,0,-1.000,3.80,2.76,0.0894,0.0115
28.427,2.698,0,,,,,,REJOIN,0.649,avoid_cruise,1,6.9,127,0.002,1,0,-1.000,3.73,2.76,0.0832,0.0175
28.451,2.697,0,,,,,,REJOIN,0.654,avoid_cruise,1,7.8,127,0.002,1,0,-1.000,4.28,2.76,0.0568,0.0106
28.462,2.700,0,,,,,,REJOIN,0.654,avoid_cruise,1,8.1,127,0.001,1,0,-1.000,4.28,2.76,0.0424,0.0103
28.481,2.714,0,,,,,,REJOIN,0.659,avoid_cruise,1,14.2,127,0.003,1,0,-1.000,4.84,2.77,0.0370,0.0018
28.501,2.715,0,,,,,,REJOIN,0.659,avoid_cruise,1,10.9,127,0.024,1,0,-1.000,4.55,2.77,0.0336,0.0020
28.522,2.712,0,,,,,,REJOIN,0.662,avoid_cruise,1,10.9,127,0.044,1,0,-1.000,4.55,2.77,0.0277,0.0226
28.545,2.712,0,,,,,,REJOIN,0.662,avoid_cruise,1,10.9,127,0.002,1,0,-1.000,4.55,2.77,0.0511,0.0230
28.562,2.720,0,,,,,,REJOIN,0.672,avoid_cruise,1,10.6,127,0.006,1,0,-1.000,5.17,2.79,0.0433,0.0027
28.581,2.729,0,,,,,,REJOIN,0.672,avoid_cruise,1,11.3,127,0.007,1,0,-1.000,8.01,2.80,0.0377,0.0042
28.601,2.734,0,,,,,,REJOIN,0.674,avoid_cruise,1,11.8,127,0.003,1,0,-1.000,8.01,2.80,0.0279,0.0020
28.622,2.734,0,,,,,,REJOIN,0.674,avoid_cruise,1,11.8,127,0.024,1,0,-1.000,8.32,2.82,0.0482,0.0223
28.641,2.730,0,,,,,,GLOBAL,0.724,clear,0,11.8,127,0.044,0,0,-1.000,3.54,2.93,0.0470,0.0183
28.661,2.738,0,,,,,,GLOBAL,0.753,clear,0,11.8,127,0.063,0,0,-1.000,3.54,2.93,0.0423,0.0144
28.682,2.740,0,,,,,,GLOBAL,0.753,clear,0,11.8,127,0.084,0,0,-1.000,8.32,2.97,0.0385,0.0098
28.703,2.752,0,,,,,,GLOBAL,0.778,clear,0,11.8,127,0.105,0,0,-1.000,8.32,2.97,0.0336,0.0028
28.722,2.773,0,,,,,,GLOBAL,0.810,clear,0,11.8,127,0.124,0,0,-1.000,13.10,3.12,0.0286,0.0217
28.742,2.793,0,,,,,,GLOBAL,0.836,clear,0,11.8,127,0.144,0,0,-1.000,14.76,3.21,0.0486,0.0197
28.762,2.811,0,,,,,,GLOBAL,0.836,clear,0,11.8,127,0.164,0,0,-1.000,12.28,3.25,0.0431,0.0038
28.781,2.850,0,,,,,,GLOBAL,0.875,clear,0,11.8,127,0.183,0,0,-1.000,12.28,3.25,0.0305,0.0034
28.801,2.887,0,,,,,,GLOBAL,0.884,clear,0,11.8,127,0.203,0,0,-1.000,11.54,3.23,0.0310,0.0033
28.821,2.927,0,,,,,,GLOBAL,0.915,clear,0,11.8,127,0.224,0,0,-1.000,10.41,3.40,0.0512,0.0234
28.841,2.964,0,,,,,,GLOBAL,0.944,clear,0,11.8,127,0.243,0,0,-1.000,10.41,3.40,0.0471,0.0174
28.861,3.003,0,,,,,,GLOBAL,0.975,clear,0,11.8,127,0.263,0,0,-1.000,9.60,3.59,0.0428,0.0126
28.881,3.046,0,,,,,,GLOBAL,0.975,clear,0,11.8,127,0.283,0,0,-1.000,8.69,3.69,0.0371,0.0082
28.902,3.092,0,,,,,,GLOBAL,1.000,clear,0,11.8,127,0.304,0,0,-1.000,8.69,3.69,0.0335,0.0004
28.922,3.140,0,,,,,,GLOBAL,1.000,clear,0,11.8,127,0.324,0,0,-1.000,8.27,3.74,0.0277,0.0205
28.941,3.200,0,,,,,,GLOBAL,1.000,clear,0,11.8,127,0.343,0,0,-1.000,7.12,3.70,0.0473,0.0192
28.961,3.259,0,,,,,,GLOBAL,1.000,clear,0,11.8,127,0.363,0,0,-1.000,7.12,3.70,0.0418,0.0148
28.981,3.347,0,,,,,,GLOBAL,1.000,clear,0,11.8,127,0.383,0,0,-1.000,6.43,3.68,0.0375,0.0107
29.001,3.410,0,,,,,,GLOBAL,1.000,clear,0,11.8,127,0.403,0,0,-1.000,6.14,3.64,0.0311,0.0042
29.024,3.458,0,,,,,,GLOBAL,1.000,clear,0,11.8,127,0.426,0,0,-1.000,6.14,3.64,0.0299,0.0035
29.041,3.483,0,,,,,,GLOBAL,1.000,clear,0,11.8,127,0.443,0,0,-1.000,5.82,3.59,0.0474,0.0210
29.061,3.530,0,,,,,,GLOBAL,1.000,clear,0,11.8,127,0.463,0,0,-1.000,4.15,3.57,0.0435,0.0141
29.081,3.594,0,,,,,,GLOBAL,1.000,clear,0,11.8,127,0.483,0,0,-1.000,4.15,3.57,0.0358,0.0075
29.101,3.630,0,,,,,,GLOBAL,1.000,clear,0,11.8,127,0.503,0,0,-1.000,4.22,3.53,0.0337,0.0035
29.122,3.653,0,,,,,,GLOBAL,1.000,clear,0,11.8,127,0.524,0,0,-1.000,3.46,3.48,0.0273,0.0237
29.142,3.670,0,,,,,,GLOBAL,1.000,clear,0,11.8,127,0.544,0,0,-1.000,3.46,3.48,0.0476,0.0170
29.161,3.677,0,,,,,,GLOBAL,1.000,clear,0,11.8,127,0.563,0,0,-1.000,3.36,3.46,0.0438,0.0090
29.181,3.672,0,,,,,,GLOBAL,1.000,clear,0,11.8,127,0.583,0,0,-1.000,2.87,3.39,0.0369,0.0091
29.201,3.658,0,,,,,,GLOBAL,1.000,clear,0,11.8,127,0.604,0,0,-1.000,2.87,3.39,0.0340,0.0034
29.222,3.645,0,,,,,,GLOBAL,1.000,clear,0,11.8,127,0.624,0,0,-1.000,3.05,3.37,0.0276,0.0006
29.242,3.627,0,,,,,,GLOBAL,1.000,clear,0,11.8,127,0.644,0,0,-1.000,2.74,3.35,0.0474,0.0204
29.262,3.584,0,,,,,,GLOBAL,1.000,clear,0,11.8,127,0.664,0,0,-1.000,2.74,3.35,0.0434,0.0136
29.281,3.542,0,,,,,,GLOBAL,1.000,clear,0,11.8,127,0.683,0,0,-1.000,2.26,3.28,0.0371,0.0082
29.302,3.500,0,,,,,,GLOBAL,1.000,clear,0,11.8,127,0.704,0,0,-1.000,2.06,3.23,0.0351,0.0042
29.322,3.470,0,,,,,,GLOBAL,1.000,clear,0,11.8,127,0.724,0,0,-1.000,2.06,3.23,0.0278,0.0008
29.341,3.463,0,,,,,,GLOBAL,1.000,clear,0,11.8,127,0.743,0,0,-1.000,1.77,3.20,0.0472,0.0202
29.361,3.440,0,,,,,,GLOBAL,1.000,clear,0,11.8,127,0.763,0,0,-1.000,1.80,3.18,0.0445,0.0128
29.381,3.409,0,,,,,,GLOBAL,1.000,clear,0,11.8,127,0.783,0,0,-1.000,1.80,3.18,0.0383,0.0097
29.401,3.360,0,,,,,,GLOBAL,1.000,clear,0,11.8,127,0.803,0,0,-1.000,2.46,3.13,0.0328,0.0033
29.421,3.337,0,,,,,,GLOBAL,1.000,clear,0,11.8,127,0.823,0,0,-1.000,2.49,3.10,0.0273,0.0234
29.441,3.319,0,,,,,,GLOBAL,1.000,clear,0,11.8,127,0.843,0,0,-1.000,2.49,3.10,0.0472,0.0164
29.462,3.290,0,,,,,,GLOBAL,1.000,clear,0,11.8,127,0.864,0,0,-1.000,2.31,3.05,0.0423,0.0158
29.481,3.265,0,,,,,,GLOBAL,1.000,clear,0,11.8,127,0.883,0,0,-1.000,2.50,3.00,0.0374,0.0070
29.501,3.227,0,,,,,,GLOBAL,1.000,clear,0,11.8,127,0.903,0,0,-1.000,2.50,3.00,0.0333,0.0051
29.521,3.197,0,,,,,,GLOBAL,1.000,clear,0,11.8,127,0.924,0,0,-1.000,2.32,3.00,0.0292,0.0252
29.542,3.173,0,,,,,,GLOBAL,1.000,clear,0,11.8,127,0.944,0,0,-1.000,2.43,3.00,0.0496,0.0164
29.561,3.132,0,,,,,,GLOBAL,1.000,clear,0,11.8,127,0.963,0,0,-1.000,2.43,3.00,0.0422,0.0144
29.581,3.105,0,,,,,,GLOBAL,1.000,clear,0,11.8,127,0.983,0,0,-1.000,3.01,3.00,0.0371,0.0086
29.601,3.079,0,,,,,,GLOBAL,1.000,clear,0,11.8,127,1.004,0,0,-1.000,3.01,3.00,0.0327,0.0043
29.623,3.049,0,,,,,,GLOBAL,1.000,clear,0,11.8,127,1.025,0,0,-1.000,2.75,3.00,0.0284,0.0015
29.641,3.033,0,,,,,,GLOBAL,1.000,clear,0,11.8,127,1.043,0,0,-1.000,2.80,3.00,0.0469,0.0199
29.661,3.027,0,,,,,,GLOBAL,1.000,clear,0,11.8,127,1.063,0,0,-1.000,3.59,3.00,0.0435,0.0140
29.681,3.023,0,,,,,,GLOBAL,1.000,clear,0,11.8,127,1.083,0,0,-1.000,3.59,3.00,0.0368,0.0086
29.701,3.023,0,,,,,,GLOBAL,1.000,clear,0,11.8,127,1.103,0,0,-1.000,3.75,3.00,0.0276,0.0022
29.722,3.021,0,,,,,,GLOBAL,1.000,clear,0,11.8,127,1.124,0,0,-1.000,4.52,3.00,0.0278,0.0228
29.751,3.019,0,,,,,,GLOBAL,1.000,clear,0,11.8,127,1.153,0,0,-1.000,4.52,3.00,0.0569,0.0249
29.838,3.019,0,,,,,,GLOBAL,1.000,clear,0,11.8,127,1.240,0,0,-1.000,4.52,3.00,0.1191,0.1118
29.843,3.008,0,,,,,,GLOBAL,1.000,clear,0,11.8,127,1.245,0,0,-1.000,5.01,3.00,0.0729,0.0017
29.863,2.953,0,,,,,,GLOBAL,1.000,clear,0,11.8,127,1.265,0,0,-1.000,7.30,3.00,0.0442,0.0127
29.881,2.951,0,,,,,,GLOBAL,1.000,clear,0,11.8,127,1.283,0,0,-1.000,7.29,3.00,0.0364,0.0080
29.901,2.945,0,,,,,,GLOBAL,1.000,clear,0,11.8,127,1.304,0,0,-1.000,7.29,3.00,0.0311,0.0038
29.922,2.935,0,,,,,,GLOBAL,1.000,clear,0,11.8,127,1.324,0,0,-1.000,9.40,3.00,0.0282,0.0245
29.941,2.937,0,,,,,,GLOBAL,1.000,clear,0,11.8,127,1.343,0,0,-1.000,9.11,3.00,0.0472,0.0184
29.961,2.933,0,,,,,,GLOBAL,1.000,clear,0,11.8,127,1.363,0,0,-1.000,9.51,3.00,0.0433,0.0142
29.981,2.930,0,,,,,,GLOBAL,1.000,clear,0,11.8,127,1.384,0,0,-1.000,9.51,3.00,0.0372,0.0067
30.001,2.934,0,,,,,,GLOBAL,1.000,clear,0,11.8,127,1.403,0,0,-1.000,10.86,3.00,0.0333,0.0043
30.021,2.928,0,,,,,,GLOBAL,1.000,clear,0,11.8,127,1.423,0,0,-1.000,10.02,3.00,0.0269,0.0243
30.041,2.924,0,,,,,,GLOBAL,1.000,clear,0,11.8,127,1.443,0,0,-1.000,10.02,3.00,0.0470,0.0196
30.061,2.929,0,,,,,,GLOBAL,1.000,clear,0,11.8,127,1.464,0,0,-1.000,9.98,3.00,0.0437,0.0130
30.081,2.925,0,,,,,,GLOBAL,1.000,clear,0,11.8,127,1.483,0,0,-1.000,10.53,3.00,0.0371,0.0094
30.102,2.929,0,,,,,,GLOBAL,1.000,clear,0,11.8,127,1.504,0,0,-1.000,10.53,3.00,0.0325,0.0044
30.121,2.928,0,,,,,,GLOBAL,1.000,clear,0,11.8,127,1.523,0,0,-1.000,9.71,3.00,0.0271,0.0239
30.141,2.921,0,,,,,,GLOBAL,1.000,clear,0,11.8,127,1.544,0,0,-1.000,9.54,3.00,0.0473,0.0194
30.161,2.929,0,,,,,,GLOBAL,1.000,clear,0,11.8,127,1.564,0,0,-1.000,9.54,3.00,0.0421,0.0129
30.181,2.922,0,,,,,,GLOBAL,1.000,clear,0,11.8,127,1.583,0,0,-1.000,9.41,3.00,0.0368,0.0083
30.202,2.923,0,,,,,,GLOBAL,1.000,clear,0,11.8,127,1.604,0,0,-1.000,8.96,3.00,0.0327,0.0040
30.221,2.930,0,,,,,,GLOBAL,1.000,clear,0,11.8,127,1.624,0,0,-1.000,8.96,3.00,0.0273,0.0238
30.241,2.921,0,,,,,,GLOBAL,1.000,clear,0,11.8,127,1.643,0,0,-1.000,8.31,3.00,0.0471,0.0184
30.261,2.925,0,,,,,,GLOBAL,1.000,clear,0,11.8,127,1.663,0,0,-1.000,7.54,3.00,0.0424,0.0122
30.281,2.928,0,,,,,,GLOBAL,1.000,clear,0,11.8,127,1.683,0,0,-1.000,7.54,3.00,0.0372,0.0097
30.301,2.919,0,,,,,,GLOBAL,1.000,clear,0,11.8,127,1.703,0,0,-1.000,7.57,3.00,0.0310,0.0026
30.322,2.931,0,,,,,,GLOBAL,1.000,clear,0,11.8,127,1.724,0,0,-1.000,7.60,3.00,0.0273,0.0007
30.341,2.932,0,,,,,,GLOBAL,1.000,clear,0,11.8,127,1.743,0,0,-1.000,7.60,3.00,0.0468,0.0202
30.362,2.921,0,,,,,,GLOBAL,1.000,clear,0,11.8,127,1.764,0,0,-1.000,7.61,3.00,0.0438,0.0152
30.381,2.929,0,,,,,,GLOBAL,1.000,clear,0,11.8,127,1.783,0,0,-1.000,7.46,3.00,0.0369,0.0104
30.401,2.925,0,,,,,,GLOBAL,1.000,clear,0,11.8,127,1.803,0,0,-1.000,7.46,3.00,0.0330,0.0029
30.421,2.918,0,,,,,,GLOBAL,1.000,clear,0,11.8,127,1.823,0,0,-1.000,6.98,3.00,0.0269,0.0230
30.441,2.929,0,,,,,,GLOBAL,1.000,clear,0,11.8,127,1.843,0,0,-1.000,7.41,3.00,0.0468,0.0184
30.462,2.921,0,,,,,,GLOBAL,1.000,clear,0,11.8,127,1.864,0,0,-1.000,7.41,3.00,0.0435,0.0136
30.481,2.922,0,,,,,,GLOBAL,1.000,clear,0,11.8,127,1.883,0,0,-1.000,6.85,3.00,0.0373,0.0107
30.501,2.930,0,,,,,,GLOBAL,1.000,clear,0,11.8,127,1.903,0,0,-1.000,7.20,3.00,0.0334,0.0046
30.522,2.922,0,,,,,,GLOBAL,1.000,clear,0,11.8,127,1.924,0,0,-1.000,7.20,3.00,0.0273,0.0248
30.541,2.928,0,,,,,,GLOBAL,1.000,clear,0,11.8,127,1.943,0,0,-1.000,6.56,3.00,0.0470,0.0187
30.561,2.931,0,,,,,,GLOBAL,1.000,clear,0,11.8,127,1.963,0,0,-1.000,6.45,3.00,0.0429,0.0134
30.581,2.926,0,,,,,,GLOBAL,1.000,clear,0,11.8,127,1.983,0,0,-1.000,6.45,3.00,0.0369,0.0038
30.601,2.934,0,,,,,,GLOBAL,1.000,clear,0,11.8,127,2.004,0,0,-1.000,6.78,3.00,0.0304,0.0016
30.621,2.934,0,,,,,,GLOBAL,1.000,clear,0,11.8,127,2.024,0,0,-1.000,6.75,3.00,0.0279,0.0216
30.642,2.931,0,,,,,,GLOBAL,1.000,clear,0,11.8,127,2.044,0,0,-1.000,6.75,3.00,0.0482,0.0153
30.661,2.938,0,,,,,,GLOBAL,1.000,clear,0,11.8,127,2.063,0,0,-1.000,6.70,3.00,0.0411,0.0116
30.681,2.935,0,,,,,,GLOBAL,1.000,clear,0,11.8,127,2.083,0,0,-1.000,6.50,3.00,0.0382,0.0083
30.701,2.937,0,,,,,,GLOBAL,1.000,clear,0,11.8,127,2.103,0,0,-1.000,6.50,3.00,0.0319,0.0040
30.722,2.940,0,,,,,,GLOBAL,1.000,clear,0,11.8,127,2.124,0,0,-1.000,6.52,3.00,0.0284,0.0005
30.741,2.938,0,,,,,,GLOBAL,1.000,clear,0,11.8,127,2.143,0,0,-1.000,6.63,3.00,0.0481,0.0202
30.762,2.944,0,,,,,,GLOBAL,1.000,clear,0,11.8,127,2.164,0,0,-1.000,6.63,3.00,0.0428,0.0146
30.781,2.941,0,,,,,,GLOBAL,1.000,clear,0,11.8,127,2.183,0,0,-1.000,6.66,3.00,0.0368,0.0100
30.801,2.940,0,,,,,,GLOBAL,1.000,clear,0,11.8,127,2.203,0,0,-1.000,6.50,3.00,0.0304,0.0047
30.822,2.947,0,,,,,,GLOBAL,1.000,clear,0,11.8,127,2.224,0,0,-1.000,6.50,3.00,0.0281,0.0012
30.841,2.943,0,,,,,,GLOBAL,1.000,clear,0,11.8,127,2.243,0,0,-1.000,6.57,3.00,0.0472,0.0203
30.861,2.942,0,,,,,,GLOBAL,1.000,clear,0,11.8,127,2.263,0,0,-1.000,7.15,3.00,0.0430,0.0135
30.881,2.950,0,,,,,,GLOBAL,1.000,clear,0,11.8,127,2.283,0,0,-1.000,7.15,3.00,0.0372,0.0109
30.901,2.944,0,,,,,,GLOBAL,1.000,clear,0,11.8,127,2.304,0,0,-1.000,7.53,3.00,0.0333,0.0048
30.922,2.947,0,,,,,,GLOBAL,1.000,clear,0,11.8,127,2.324,0,0,-1.000,7.11,3.00,0.0276,0.0251
30.941,2.951,0,,,,,,GLOBAL,1.000,clear,0,11.8,127,2.344,0,0,-1.000,7.11,3.00,0.0474,0.0189
30.961,2.944,0,,,,,,GLOBAL,1.000,clear,0,11.8,127,2.363,0,0,-1.000,7.15,3.00,0.0431,0.0142
30.981,2.950,0,,,,,,GLOBAL,1.000,clear,0,11.8,127,2.383,0,0,-1.000,7.71,3.00,0.0373,0.0057
31.002,2.949,0,,,,,,GLOBAL,1.000,clear,0,11.8,127,2.404,0,0,-1.000,7.71,3.00,0.0304,0.0027
31.021,2.945,0,,,,,,GLOBAL,1.000,clear,0,11.8,127,2.423,0,0,-1.000,7.42,3.00,0.0274,0.0225
31.041,2.952,0,,,,,,GLOBAL,1.000,clear,0,11.8,127,2.444,0,0,-1.000,8.10,3.00,0.0475,0.0175
31.061,2.949,0,,,,,,GLOBAL,1.000,clear,0,11.8,127,2.463,0,0,-1.000,8.10,3.00,0.0418,0.0130
31.081,2.945,0,,,,,,GLOBAL,1.000,clear,0,11.8,127,2.483,0,0,-1.000,8.40,3.00,0.0371,0.0027
31.102,2.957,0,,,,,,GLOBAL,1.000,clear,0,11.8,127,2.504,0,0,-1.000,8.51,3.00,0.0324,0.0007
31.121,2.943,0,,,,,,GLOBAL,1.000,clear,0,11.8,127,2.524,0,0,-1.000,8.51,3.00,0.0275,0.0206
31.142,2.946,0,,,,,,GLOBAL,1.000,clear,0,11.8,127,2.544,0,0,-1.000,9.18,3.00,0.0475,0.0171
31.161,2.951,0,,,,,,GLOBAL,1.000,clear,0,11.8,127,2.563,0,0,-1.000,9.83,3.00,0.0421,0.0140
31.181,2.938,0,,,,,,GLOBAL,1.000,clear,0,11.8,127,2.583,0,0,-1.000,9.83,3.00,0.0370,0.0082
31.202,2.945,0,,,,,,GLOBAL,1.000,clear,0,11.8,127,2.604,0,0,-1.000,10.67,3.00,0.0326,0.0051
31.221,2.954,0,,,,,,GLOBAL,1.000,clear,0,11.8,127,2.623,0,0,-1.000,12.06,3.00,0.0273,0.0248
31.266,2.954,0,,,,,,GLOBAL,1.000,clear,0,11.8,127,2.668,0,0,-1.000,12.06,3.00,0.0718,0.0442
31.286,2.933,0,,,,,,GLOBAL,1.000,clear,0,11.8,127,2.688,0,0,-1.000,12.39,3.00,0.0666,0.0065
31.304,2.932,0,,,,,,GLOBAL,1.000,clear,0,11.8,127,2.706,0,0,-1.000,16.76,3.00,0.0353,0.0047
31.329,2.932,0,,,,,,GLOBAL,1.000,clear,0,11.8,127,2.731,0,0,-1.000,16.76,3.00,0.0605,0.0299
31.342,2.948,0,,,,,,GLOBAL,1.000,clear,0,11.8,127,2.744,0,0,-1.000,17.75,3.00,0.0468,0.0054
31.361,2.933,0,,,,,,GLOBAL,1.000,clear,0,11.8,127,2.763,0,0,-1.000,17.75,3.00,0.0420,0.0134
31.381,2.953,0,,,,,,GLOBAL,1.000,clear,0,11.8,127,2.783,0,0,-1.000,17.41,3.00,0.0367,0.0095
31.401,2.937,0,,,,,,GLOBAL,1.000,clear,0,11.8,127,2.803,0,0,-1.000,17.09,3.00,0.0303,0.0295
31.421,2.930,0,,,,,,GLOBAL,1.000,clear,0,11.8,127,2.823,0,0,-1.000,17.09,3.00,0.0269,0.0176
31.441,2.959,0,,,,,,GLOBAL,1.000,clear,0,11.8,127,2.843,0,0,-1.000,17.45,3.00,0.0470,0.0157
31.461,2.933,0,,,,,,GLOBAL,1.000,clear,0,11.8,127,2.863,0,0,-1.000,16.58,3.00,0.0429,0.0147
31.481,2.928,0,,,,,,GLOBAL,1.000,clear,0,11.8,127,2.883,0,0,-1.000,16.58,3.00,0.0359,0.0108
31.502,2.943,0,,,,,,GLOBAL,1.000,clear,0,11.8,127,2.904,0,0,-1.000,16.49,3.00,0.0320,0.0007
31.523,2.912,0,,,,,,GLOBAL,1.000,clear,0,11.8,127,2.925,0,0,-1.000,15.63,3.00,0.0274,0.0217
31.541,2.920,0,,,,,,GLOBAL,1.000,clear,0,11.8,127,2.943,0,0,-1.000,15.63,3.00,0.0461,0.0161
31.561,2.929,0,,,,,,GLOBAL,1.000,clear,0,11.8,127,2.963,0,0,-1.000,15.65,3.00,0.0416,0.0109
31.581,2.894,0,,,,,,GLOBAL,1.000,clear,0,11.8,127,2.984,0,0,-1.000,15.65,3.00,0.0361,0.0082
31.601,2.908,0,,,,,,GLOBAL,1.000,clear,0,11.8,127,3.004,0,0,-1.000,15.88,3.00,0.0321,0.0031
31.622,2.908,0,,,,,,GLOBAL,1.000,clear,0,11.8,127,3.024,0,0,-1.000,16.41,3.00,0.0263,0.0235
31.641,2.885,0,,,,,,GLOBAL,1.000,clear,0,11.8,127,3.044,0,0,-1.000,16.94,3.00,0.0460,0.0185
31.661,2.904,0,,,,,,GLOBAL,1.000,clear,0,11.8,127,3.063,0,0,-1.000,16.94,3.00,0.0419,0.0138
31.681,2.904,0,,,,,,GLOBAL,1.000,clear,0,11.8,127,3.083,0,0,-1.000,17.84,3.00,0.0363,0.0088
31.702,2.878,0,,,,,,GLOBAL,1.000,clear,0,11.8,127,3.104,0,0,-1.000,18.45,3.00,0.0333,0.0028
31.722,2.891,0,,,,,,GLOBAL,1.000,clear,0,11.8,127,3.124,0,0,-1.000,18.45,3.00,0.0529,0.0224
31.742,2.890,0,,,,,,GLOBAL,1.000,clear,0,11.8,127,3.144,0,0,-1.000,19.46,3.00,0.0451,0.0152
31.761,2.865,0,,,,,,GLOBAL,1.000,clear,0,11.8,127,3.163,0,0,-1.000,20.13,3.00,0.0407,0.0089
31.781,2.887,0,,,,,,GLOBAL,1.000,clear,0,11.8,127,3.184,0,0,-1.000,20.13,3.00,0.0355,0.0290
31.802,2.890,0,,,,,,GLOBAL,1.000,clear,0,11.8,127,3.204,0,0,-1.000,21.32,3.00,0.0289,0.0012
31.821,2.856,0,,,,,,GLOBAL,1.000,clear,0,11.8,127,3.223,0,0,-1.000,20.83,3.00,0.0266,0.0209
31.842,2.878,0,,,,,,GLOBAL,1.000,clear,0,11.8,127,3.244,0,0,-1.000,20.83,3.00,0.0469,0.0181
31.862,2.878,0,,,,,,GLOBAL,1.000,clear,0,11.8,127,3.265,0,0,-1.000,20.81,3.00,0.0420,0.0080
31.882,2.845,0,,,,,,GLOBAL,1.000,clear,0,11.8,127,3.284,0,0,-1.000,19.49,3.00,0.0361,0.0055
31.901,2.879,0,,,,,,GLOBAL,1.000,clear,0,11.8,127,3.303,0,0,-1.000,19.49,3.00,0.0329,0.0024
31.922,2.876,0,,,,,,GLOBAL,1.000,clear,0,11.8,127,3.324,0,0,-1.000,18.62,3.00,0.0281,0.0229
31.941,2.828,0,,,,,,GLOBAL,1.000,clear,0,11.8,127,3.343,0,0,-1.000,18.23,3.00,0.0475,0.0182
31.962,2.875,0,,,,,,GLOBAL,1.000,clear,0,11.8,127,3.364,0,0,-1.000,18.23,3.00,0.0421,0.0136
31.981,2.850,0,,,,,,GLOBAL,1.000,clear,0,11.8,127,3.384,0,0,-1.000,16.70,3.00,0.0360,0.0095
32.002,2.818,0,,,,,,GLOBAL,1.000,clear,0,11.8,127,3.404,0,0,-1.000,16.70,3.00,0.0332,0.0295
32.022,2.873,0,,,,,,GLOBAL,1.000,clear,0,11.8,127,3.424,0,0,-1.000,16.11,3.00,0.0282,0.0009
32.041,2.847,0,,,,,,GLOBAL,1.000,clear,0,11.8,127,3.444,0,0,-1.000,15.65,3.00,0.0474,0.0200
32.062,2.818,0,,,,,,GLOBAL,1.000,clear,0,11.8,127,3.464,0,0,-1.000,13.99,3.00,0.0432,0.0133
32.082,2.868,0,,,,,,GLOBAL,1.000,clear,0,11.8,127,3.484,0,0,-1.000,13.99,3.00,0.0377,0.0054
32.102,2.831,0,,,,,,GLOBAL,1.000,clear,0,11.8,127,3.504,0,0,-1.000,14.05,3.00,0.0311,0.0248
32.121,2.824,0,,,,,,GLOBAL,1.000,clear,0,11.8,127,3.524,0,0,-1.000,14.05,3.00,0.0271,0.0170
32.142,2.869,0,,,,,,GLOBAL,1.000,clear,0,11.8,127,3.544,0,0,-1.000,12.23,3.00,0.0474,0.0180
32.161,2.833,0,,,,,,GLOBAL,1.000,clear,0,11.8,127,3.563,0,0,-1.000,11.15,3.00,0.0415,0.0109
32.183,2.831,0,,,,,,GLOBAL,1.000,clear,0,11.8,127,3.585,0,0,-1.000,9.90,3.00,0.0389,0.0077
32.204,2.865,0,,,,,,GLOBAL,1.000,clear,0,11.8,127,3.606,0,0,-1.000,9.90,3.00,0.0597,0.0285
32.221,2.836,0,,,,,,GLOBAL,1.000,clear,0,11.8,127,3.623,0,0,-1.000,8.76,3.00,0.0272,0.0141
32.242,2.846,0,,,,,,GLOBAL,1.000,clear,0,11.8,127,3.644,0,0,-1.000,8.77,3.00,0.0480,0.0195
32.261,2.867,0,,,,,,GLOBAL,1.000,clear,0,11.8,127,3.664,0,0,-1.000,8.77,3.00,0.0426,0.0133
32.282,2.852,0,,,,,,GLOBAL,1.000,clear,0,11.8,127,3.684,0,0,-1.000,6.65,3.00,0.0375,0.0052
32.302,2.860,0,,,,,,GLOBAL,1.000,clear,0,11.8,127,3.704,0,0,-1.000,5.67,3.00,0.0312,0.0006
32.322,2.871,0,,,,,,GLOBAL,1.000,clear,0,11.8,127,3.724,0,0,-1.000,5.67,3.00,0.0265,0.0212
32.342,2.868,0,,,,,,GLOBAL,1.000,clear,0,11.8,127,3.744,0,0,-1.000,4.45,3.00,0.0463,0.0145
32.362,2.887,0,,,,,,GLOBAL,1.000,clear,0,11.8,127,3.764,0,0,-1.000,4.45,3.00,0.0418,0.0139
32.382,2.897,0,,,,,,GLOBAL,1.000,clear,0,11.8,127,3.784,0,0,-1.000,3.07,3.00,0.0364,0.0019
32.403,2.893,0,,,,,,GLOBAL,1.000,clear,0,11.8,127,3.805,0,0,-1.000,3.41,3.00,0.0326,0.0042
32.421,2.900,0,,,,,,GLOBAL,1.000,clear,0,11.8,127,3.823,0,0,-1.000,-0.15,3.00,0.0507,0.0223
32.442,2.905,0,,,,,,GLOBAL,1.000,clear,0,11.8,127,3.844,0,0,-1.000,-0.15,3.00,0.0463,0.0175
32.463,2.904,0,,,,,,GLOBAL,1.000,clear,0,11.8,127,3.865,0,0,-1.000,0.19,3.00,0.0415,0.0100
32.482,2.912,0,,,,,,GLOBAL,1.000,clear,0,11.8,127,3.884,0,0,-1.000,-2.11,3.00,0.0349,0.0067
32.501,2.918,0,,,,,,GLOBAL,1.000,clear,0,11.8,127,3.903,0,0,-1.000,-2.11,3.00,0.0302,0.0028
32.522,2.930,0,,,,,,GLOBAL,1.000,clear,0,11.8,127,3.924,0,0,-1.000,-2.11,3.00,0.0509,0.0235
32.542,2.934,0,,,,,,GLOBAL,1.000,clear,0,11.8,127,3.944,0,0,-1.000,-2.93,3.00,0.0462,0.0177
32.562,2.936,0,,,,,,GLOBAL,1.000,clear,0,11.8,127,3.964,0,0,-1.000,-2.69,3.00,0.0414,0.0128
32.582,2.949,0,,,,,,GLOBAL,1.000,clear,0,11.8,127,3.984,0,0,-1.000,-4.26,3.09,0.0354,0.0078
32.603,2.959,0,,,,,,GLOBAL,1.000,clear,0,11.8,127,4.005,0,0,-1.000,-4.58,3.18,0.0324,0.0291
32.621,2.960,0,,,,,,GLOBAL,1.000,clear,0,11.8,127,4.023,0,0,-1.000,-4.58,3.18,0.0510,0.0158
32.641,2.978,0,,,,,,GLOBAL,1.000,clear,0,11.8,127,4.043,0,0,-1.000,-5.50,3.26,0.0451,0.0159
32.662,2.993,0,,,,,,GLOBAL,1.000,clear,0,11.8,127,4.064,0,0,-1.000,-6.77,3.30,0.0399,0.0129
32.681,3.014,0,,,,,,GLOBAL,1.000,clear,0,11.8,127,4.083,0,0,-1.000,-6.77,3.30,0.0355,0.0061
32.701,3.047,0,,,,,,GLOBAL,1.000,clear,0,11.8,127,4.103,0,0,-1.000,-6.10,3.35,0.0289,0.0012
32.794,3.086,0,,,,,,GLOBAL,1.000,clear,0,11.8,127,4.196,0,0,-1.000,-6.10,3.35,0.1218,0.0942
32.802,3.173,0,,,,,,GLOBAL,1.000,clear,0,11.8,127,4.204,0,0,-1.000,-6.41,3.23,0.0286,0.0007
32.821,3.186,0,,,,,,GLOBAL,1.000,clear,0,11.8,127,4.224,0,0,-1.000,-7.21,3.21,0.0482,0.0202
32.842,3.195,0,,,,,,GLOBAL,1.000,clear,0,11.8,127,4.244,0,0,-1.000,-7.21,3.21,0.0443,0.0140
32.861,3.204,0,,,,,,GLOBAL,1.000,clear,0,11.8,127,4.263,0,0,-1.000,-6.31,3.21,0.0369,0.0102
32.881,3.206,0,,,,,,GLOBAL,1.000,clear,0,11.8,127,4.283,0,0,-1.000,-6.33,3.21,0.0347,0.0047
32.901,3.203,0,,,,,,GLOBAL,1.000,clear,0,11.8,127,4.303,0,0,-1.000,-5.74,3.21,0.0263,0.0014
32.922,3.200,0,,,,,,GLOBAL,1.000,clear,0,11.8,127,4.324,0,0,-1.000,-5.74,3.21,0.0468,0.0219
32.941,3.204,0,,,,,,GLOBAL,1.000,clear,0,11.8,127,4.344,0,0,-1.000,-5.26,3.21,0.0443,0.0166
32.961,3.200,0,,,,,,GLOBAL,1.000,clear,0,11.8,127,4.363,0,0,-1.000,-4.36,3.21,0.0390,0.0063
32.982,3.200,0,,,,,,GLOBAL,1.000,clear,0,11.8,127,4.384,0,0,-1.000,-4.36,3.21,0.0342,0.0010
33.001,3.200,0,,,,,,GLOBAL,1.000,clear,0,11.8,127,4.403,0,0,-1.000,-4.18,3.21,0.0288,0.0205
33.021,3.200,0,,,,,,GLOBAL,1.000,clear,0,11.8,127,4.424,0,0,-1.000,-4.18,3.21,0.0488,0.0158
33.041,3.202,0,,,,,,GLOBAL,1.000,clear,0,11.8,127,4.443,0,0,-1.000,-3.99,3.21,0.0435,0.0152
33.061,3.209,0,,,,,,GLOBAL,1.000,clear,0,11.8,127,4.463,0,0,-1.000,-3.63,3.21,0.0396,0.0093
33.081,3.204,0,,,,,,GLOBAL,1.000,clear,0,11.8,127,4.483,0,0,-1.000,-3.63,3.21,0.0339,0.0043
33.101,3.206,0,,,,,,GLOBAL,1.000,clear,0,11.8,127,4.503,0,0,-1.000,-2.92,3.21,0.0281,0.0019
33.122,3.207,0,,,,,,GLOBAL,1.000,clear,0,11.8,127,4.524,0,0,-1.000,-2.97,3.21,0.0487,0.0225
33.142,3.203,0,,,,,,GLOBAL,1.000,clear,0,11.8,127,4.544,0,0,-1.000,-2.56,3.22,0.0443,0.0152
33.162,3.212,0,,,,,,GLOBAL,1.000,clear,0,11.8,127,4.564,0,0,-1.000,-2.56,3.22,0.0370,0.0072
33.182,3.204,0,,,,,,GLOBAL,1.000,clear,0,11.8,127,4.584,0,0,-1.000,-2.40,3.23,0.0347,0.0072
33.202,3.204,0,,,,,,GLOBAL,1.000,clear,0,11.8,127,4.604,0,0,-1.000,-1.78,3.28,0.0305,0.0010
33.223,3.214,0,,,,,,GLOBAL,1.000,clear,0,11.8,127,4.625,0,0,-1.000,-1.78,3.28,0.0256,0.0221
33.242,3.215,0,,,,,,GLOBAL,1.000,clear,0,11.8,127,4.644,0,0,-1.000,-1.71,3.34,0.0447,0.0175
33.262,3.229,0,,,,,,GLOBAL,1.000,clear,0,11.8,127,4.664,0,0,-1.000,-1.78,3.41,0.0407,0.0073
33.283,3.235,0,,,,,,GLOBAL,1.000,clear,0,11.8,127,4.685,0,0,-1.000,-1.78,3.41,0.0362,0.0015
33.302,3.235,0,,,,,,GLOBAL,1.000,clear,0,11.8,127,4.704,0,0,-1.000,-2.06,3.45,0.0282,0.0211
33.321,3.255,0,,,,,,GLOBAL,1.000,clear,0,11.8,127,4.723,0,0,-1.000,-2.13,3.51,0.0472,0.0177
33.341,3.277,0,,,,,,GLOBAL,1.000,clear,0,11.8,127,4.743,0,0,-1.000,-2.13,3.51,0.0445,0.0047
33.361,3.296,0,,,,,,GLOBAL,1.000,clear,0,11.8,127,4.764,0,0,-1.000,-2.08,3.55,0.0392,0.0104
33.381,3.326,0,,,,,,GLOBAL,1.000,clear,0,11.8,127,4.783,0,0,-1.000,-2.10,3.58,0.0349,0.0017
33.401,3.343,0,,,,,,GLOBAL,1.000,clear,0,11.8,127,4.803,0,0,-1.000,-2.10,3.58,0.0295,0.0006
33.421,3.374,0,,,,,,GLOBAL,1.000,clear,0,11.8,127,4.824,0,0,-1.000,-2.19,3.61,0.0495,0.0206
33.441,3.389,0,,,,,,GLOBAL,1.000,clear,0,11.8,127,4.844,0,0,-1.000,-2.13,3.64,0.0454,0.0137
33.462,3.421,0,,,,,,GLOBAL,1.000,clear,0,11.8,127,4.864,0,0,-1.000,-2.13,3.64,0.0381,0.0058
33.481,3.444,0,,,,,,GLOBAL,1.000,clear,0,11.8,127,4.883,0,0,-1.000,-2.32,3.69,0.0338,0.0044
33.501,3.463,0,,,,,,GLOBAL,1.000,clear,0,11.8,127,4.903,0,0,-1.000,-2.76,3.72,0.0296,0.0244
33.522,3.502,0,,,,,,GLOBAL,1.000,clear,0,11.8,127,4.924,0,0,-1.000,-2.76,3.72,0.0506,0.0185
33.541,3.529,0,,,,,,GLOBAL,1.000,clear,0,11.8,127,4.943,0,0,-1.000,-2.31,3.77,0.0437,0.0160
33.562,3.562,0,,,,,,GLOBAL,1.000,clear,0,11.8,127,4.964,0,0,-1.000,-2.31,3.77,0.0402,0.0103
33.583,3.576,0,,,,,,GLOBAL,1.000,clear,0,11.8,127,4.985,0,0,-1.000,-2.50,3.79,0.0345,0.0020
33.603,3.606,0,,,,,,GLOBAL,1.000,clear,0,11.8,127,5.005,0,0,-1.000,-2.32,3.83,0.0304,0.0024
33.621,3.630,0,,,,,,GLOBAL,1.000,clear,0,11.8,127,5.023,0,0,-1.000,-2.46,3.88,0.0485,0.0204
33.641,3.666,0,,,,,,GLOBAL,1.000,clear,0,11.8,127,5.043,0,0,-1.000,-2.46,3.88,0.0445,0.0152
33.661,3.687,0,,,,,,GLOBAL,1.000,clear,0,11.8,127,5.063,0,0,-1.000,-2.34,3.90,0.0371,0.0070
33.682,3.713,0,,,,,,GLOBAL,1.000,clear,0,11.8,127,5.084,0,0,-1.000,-2.42,3.92,0.0350,0.0063
33.702,3.745,0,,,,,,GLOBAL,1.000,clear,0,11.8,127,5.104,0,0,-1.000,-2.42,3.92,0.0293,0.0265
33.721,3.767,0,,,,,,GLOBAL,1.000,clear,0,11.8,127,5.123,0,0,-1.000,-2.34,3.95,0.0488,0.0191
33.742,3.801,0,,,,,,GLOBAL,1.000,clear,0,11.8,127,5.144,0,0,-1.000,-2.41,3.99,0.0452,0.0151
33.762,3.814,0,,,,,,GLOBAL,1.000,clear,0,11.8,127,5.164,0,0,-1.000,-2.41,3.99,0.0395,0.0081
33.782,3.840,0,,,,,,GLOBAL,1.000,clear,0,11.8,127,5.184,0,0,-1.000,-2.56,4.04,0.0352,0.0038
33.802,3.862,0,,,,,,GLOBAL,1.000,clear,0,11.8,127,5.204,0,0,-1.000,-2.42,4.04,0.0287,0.0014
33.823,3.894,0,,,,,,GLOBAL,1.000,clear,0,11.8,127,5.225,0,0,-1.000,-2.42,4.04,0.0501,0.0227
33.843,3.908,0,,,,,,GLOBAL,1.000,clear,0,11.8,127,5.245,0,0,-1.000,-2.37,4.08,0.0458,0.0145
33.862,3.936,0,,,,,,GLOBAL,1.000,clear,0,11.8,127,5.264,0,0,-1.000,-2.36,4.11,0.0395,0.0111
33.881,3.953,0,,,,,,GLOBAL,1.000,clear,0,11.8,127,5.284,0,0,-1.000,-2.36,4.11,0.0357,0.0014
33.903,3.979,0,,,,,,GLOBAL,1.000,clear,0,11.8,127,5.305,0,0,-1.000,-2.55,4.13,0.0568,0.0226
33.922,3.995,0,,,,,,GLOBAL,1.000,clear,0,11.8,127,5.324,0,0,-1.000,-2.62,4.18,0.0502,0.0172
33.942,4.018,0,,,,,,GLOBAL,1.000,clear,0,11.8,127,5.344,0,0,-1.000,-2.62,4.18,0.0441,0.0159
33.962,4.034,0,,,,,,GLOBAL,0.932,clear,0,11.8,127,5.364,0,0,-1.000,-2.52,4.18,0.0404,0.0093
33.981,4.063,0,,,,,,GLOBAL,0.932,clear,0,11.8,127,5.383,0,0,-1.000,-7.30,4.40,0.0332,0.0074
34.003,4.077,0,,,,,,GLOBAL,0.932,clear,0,11.8,127,5.405,0,0,-1.000,-7.30,4.40,0.0316,0.0288
34.022,4.096,0,,,,,,GLOBAL,0.965,clear,0,11.8,127,5.424,0,0,-1.000,-12.08,4.46,0.0505,0.0186
34.042,4.115,0,,,,,,GLOBAL,0.973,clear,0,11.8,127,5.444,0,0,-1.000,-12.08,4.46,0.0438,0.0144
34.062,4.145,0,,,,,,GLOBAL,0.973,clear,0,11.8,127,5.464,0,0,-1.000,-11.10,4.64,0.0405,0.0050
34.083,4.168,0,,,,,,GLOBAL,0.994,clear,0,11.8,127,5.485,0,0,-1.000,-9.51,4.68,0.0305,0.0023
34.102,4.201,0,,,,,,GLOBAL,1.000,clear,0,11.8,127,5.504,0,0,-1.000,-9.50,4.86,0.0295,0.0014
34.121,4.242,0,,,,,,GLOBAL,1.000,clear,0,11.8,127,5.524,0,0,-1.000,-9.50,4.86,0.0493,0.0213
34.143,4.302,0,,,,,,GLOBAL,1.000,clear,0,11.8,127,5.545,0,0,-1.000,-9.16,4.80,0.0435,0.0099
34.162,4.338,0,,,,,,GLOBAL,1.000,clear,0,11.8,127,5.564,0,0,-1.000,-9.16,4.80,0.0396,0.0095
34.181,4.412,0,,,,,,GLOBAL,1.000,clear,0,11.8,127,5.583,0,0,-1.000,-9.26,4.75,0.0347,0.0047
34.201,4.464,0,,,,,,GLOBAL,1.000,clear,0,11.8,127,5.603,0,0,-1.000,-8.91,4.75,0.0289,0.0247
34.221,4.530,0,,,,,,GLOBAL,1.000,clear,0,11.8,127,5.624,0,0,-1.000,-7.79,4.70,0.0490,0.0181
34.241,4.566,0,,,,,,GLOBAL,1.000,clear,0,11.8,127,5.643,0,0,-1.000,-7.79,4.70,0.0432,0.0143
34.262,4.593,0,,,,,,GLOBAL,1.000,clear,0,11.8,127,5.664,0,0,-1.000,-7.47,4.68,0.0393,0.0080
34.297,4.593,0,,,,,,GLOBAL,1.000,clear,0,11.8,127,5.699,0,0,-1.000,-7.47,4.68,0.0744,0.0430
34.302,4.606,0,,,,,,GLOBAL,1.000,clear,0,11.8,127,5.704,0,0,-1.000,-6.15,4.63,0.0525,0.0048
34.323,4.622,0,,,,,,GLOBAL,1.000,clear,0,11.8,127,5.725,0,0,-1.000,-5.24,4.60,0.0493,0.0102
34.342,4.622,0,,,,,,GLOBAL,1.000,clear,0,11.8,127,5.744,0,0,-1.000,-5.24,4.60,0.0439,0.0014
34.362,4.623,0,,,,,,GLOBAL,1.000,clear,0,11.8,127,5.764,0,0,-1.000,-4.55,4.56,0.0387,0.0049
34.381,4.591,0,,,,,,GLOBAL,1.000,clear,0,11.8,127,5.783,0,0,-1.000,-4.12,4.53,0.0297,0.0056
34.402,4.590,0,,,,,,GLOBAL,1.000,clear,0,11.8,127,5.804,0,0,-1.000,-3.17,4.49,0.0288,0.0262
34.421,4.581,0,,,,,,GLOBAL,1.000,clear,0,11.8,127,5.823,0,0,-1.000,-3.17,4.49,0.0481,0.0187
34.441,4.578,0,,,,,,GLOBAL,1.000,clear,0,11.8,127,5.843,0,0,-1.000,-2.88,4.44,0.0417,0.0131
34.461,4.545,0,,,,,,GLOBAL,1.000,clear,0,11.8,127,5.864,0,0,-1.000,-2.92,4.41,0.0362,0.0086
34.481,4.518,0,,,,,,GLOBAL,1.000,clear,0,11.8,127,5.883,0,0,-1.000,-2.92,4.41,0.0303,0.0038
34.501,4.496,0,,,,,,GLOBAL,1.000,clear,0,11.8,127,5.904,0,0,-1.000,-2.13,4.37,0.0273,0.0240
34.521,4.480,0,,,,,,GLOBAL,1.000,clear,0,11.8,127,5.923,0,0,-1.000,-1.89,4.32,0.0472,0.0185
34.541,4.454,0,,,,,7.817,GLOBAL,1.000,clear,0,11.8,127,5.944,0,0,-1.000,-1.89,4.32,0.0426,0.0146
34.561,4.443,0,,,,,,GLOBAL,1.000,clear,0,11.8,127,5.963,0,0,-1.000,-1.29,4.28,0.0374,0.0105
34.581,4.427,0,,,,,,GLOBAL,1.000,clear,0,11.8,127,5.983,0,0,-1.000,-1.29,4.28,0.0331,0.0021
34.602,4.398,0,,,,,,GLOBAL,1.000,clear,0,11.8,127,6.004,0,0,-1.000,-0.73,4.21,0.0275,0.0226
34.621,4.378,0,,,,,,GLOBAL,1.000,clear,0,11.8,127,6.023,0,0,-1.000,-0.37,4.17,0.0472,0.0184
34.641,4.349,0,,,,,,GLOBAL,1.000,clear,0,11.8,127,6.044,0,0,-1.000,-0.13,4.13,0.0418,0.0148
34.662,4.331,0,,,,,,GLOBAL,1.000,clear,0,11.8,127,6.064,0,0,-1.000,-0.13,4.13,0.0368,0.0044
34.682,4.310,0,,,,,,GLOBAL,1.000,clear,0,11.8,127,6.084,0,0,-1.000,0.09,4.07,0.0307,0.0008
34.701,4.290,0,,,,,,GLOBAL,1.000,clear,0,11.8,127,6.103,0,0,-1.000,0.27,4.04,0.0272,0.0205
34.721,4.253,0,,,,,,GLOBAL,1.000,clear,0,11.8,127,6.123,0,0,-1.000,0.27,4.04,0.0472,0.0179
34.741,4.223,0,,,,,,GLOBAL,1.000,clear,0,11.8,127,6.143,0,0,-1.000,0.15,4.02,0.0422,0.0128
34.762,4.192,0,,,,,,GLOBAL,1.000,clear,0,11.8,127,6.164,0,0,-1.000,0.73,3.98,0.0378,0.0069
34.782,4.173,0,,,,,,GLOBAL,1.000,clear,0,11.8,127,6.184,0,0,-1.000,0.73,3.98,0.0327,0.0032
34.801,4.163,0,,,,,,GLOBAL,1.000,clear,0,11.8,127,6.203,0,0,-1.000,0.55,3.94,0.0249,0.0229
34.821,4.147,0,,,,,,GLOBAL,1.000,clear,0,11.8,127,6.223,0,0,-1.000,1.00,3.88,0.0449,0.0190
34.841,4.128,0,,,,,,GLOBAL,1.000,clear,0,11.8,127,6.244,0,0,-1.000,1.00,3.88,0.0414,0.0149
34.861,4.108,0,,,,,,GLOBAL,1.000,clear,0,11.8,127,6.263,0,0,-1.000,0.89,3.84,0.0373,0.0067
34.882,4.077,0,,,,,,GLOBAL,1.000,clear,0,11.8,127,6.284,0,0,-1.000,1.26,3.80,0.0333,0.0031
34.902,4.049,0,,,,,,GLOBAL,1.000,clear,0,11.8,127,6.304,0,0,-1.000,1.26,3.80,0.0278,0.0005
34.921,4.022,0,,,,,,GLOBAL,1.000,clear,0,11.8,127,6.324,0,0,-1.000,1.30,3.78,0.0474,0.0201
34.942,3.990,0,,,,,,GLOBAL,1.000,clear,0,11.8,127,6.344,0,0,-1.000,2.91,3.71,0.0438,0.0159
34.963,3.956,0,,,,,,GLOBAL,1.000,clear,0,11.8,127,6.365,0,0,-1.000,2.91,3.71,0.0387,0.0117
34.981,3.935,0,,,,,,GLOBAL,1.000,clear,0,11.8,127,6.383,0,0,-1.000,4.04,3.67,0.0332,0.0060
35.002,3.895,0,,,,,,GLOBAL,1.000,clear,0,11.8,127,6.404,0,0,-1.000,5.04,3.63,0.0291,0.0006
35.021,3.862,0,,,,,,GLOBAL,1.000,clear,0,11.8,127,6.423,0,0,-1.000,5.04,3.63,0.0489,0.0203
35.041,3.829,0,,,,,,GLOBAL,1.000,clear,0,11.8,127,6.443,0,0,-1.000,5.39,3.59,0.0435,0.0149
35.062,3.798,0,,,,,,GLOBAL,1.000,clear,0,11.8,127,6.464,0,0,-1.000,6.53,3.56,0.0383,0.0100
35.084,3.762,0,,,,,,GLOBAL,1.000,clear,0,11.8,127,6.486,0,0,-1.000,6.53,3.56,0.0377,0.0058
35.101,3.737,0,,,,,,GLOBAL,1.000,clear,0,11.8,127,6.503,0,0,-1.000,8.07,3.52,0.0277,0.0024
35.121,3.702,0,,,,,,GLOBAL,1.000,clear,0,11.8,127,6.523,0,0,-1.000,7.72,3.50,0.0477,0.0224
35.141,3.672,0,,,,,,GLOBAL,1.000,clear,0,11.8,127,6.543,0,0,-1.000,7.72,3.50,0.0454,0.0169
35.165,3.648,0,,,,,,GLOBAL,1.000,clear,0,11.8,127,6.568,0,0,-1.000,6.89,3.50,0.0421,0.0164
35.181,3.619,0,,,,,,GLOBAL,1.000,clear,0,11.8,127,6.584,0,0,-1.000,7.92,3.45,0.0342,0.0056
35.201,3.605,0,,,,,,GLOBAL,1.000,clear,0,11.8,127,6.603,0,0,-1.000,7.92,3.45,0.0295,0.0029
35.222,3.584,0,,,,,,GLOBAL,1.000,clear,0,11.8,127,6.624,0,0,-1.000,9.23,3.41,0.0497,0.0232
35.242,3.569,0,,,,,,GLOBAL,1.000,clear,0,11.8,127,6.644,0,0,-1.000,9.03,3.36,0.0457,0.0153
35.262,3.540,0,,,,,,GLOBAL,1.000,clear,0,11.8,127,6.664,0,0,-1.000,9.03,3.36,0.0389,0.0123
35.281,3.515,0,,,,,,GLOBAL,1.000,clear,0,11.8,127,6.683,0,0,-1.000,9.16,3.34,0.0357,0.0065
35.302,3.494,0,,,,,,GLOBAL,1.000,clear,0,11.8,127,6.704,0,0,-1.000,8.35,3.29,0.0305,0.0032
35.321,3.456,0,,,,,,GLOBAL,1.000,clear,0,11.8,127,6.724,0,0,-1.000,8.35,3.29,0.0501,0.0228
35.341,3.442,0,,,,,,GLOBAL,1.000,clear,0,11.8,127,6.743,0,0,-1.000,8.19,3.24,0.0458,0.0169
35.362,3.411,0,,,,,,GLOBAL,1.000,clear,0,11.8,127,6.765,0,0,-1.000,8.24,3.22,0.0413,0.0145
35.381,3.376,0,,,,,,GLOBAL,1.000,clear,0,11.8,127,6.784,0,0,-1.000,8.24,3.22,0.0363,0.0060
35.402,3.352,0,,,,,,GLOBAL,1.000,clear,0,11.8,127,6.804,0,0,-1.000,7.34,3.17,0.0310,0.0006
35.423,3.318,0,,,,,,GLOBAL,1.000,clear,0,11.8,127,6.825,0,0,-1.000,6.22,3.14,0.0276,0.0212
35.441,3.297,0,,,,,,GLOBAL,1.000,clear,0,11.8,127,6.843,0,0,-1.000,6.22,3.14,0.0463,0.0156
35.462,3.268,0,,,,,,GLOBAL,1.000,clear,0,11.8,127,6.864,0,0,-1.000,6.05,3.12,0.0415,0.0107
35.481,3.236,0,,,,,,GLOBAL,1.000,clear,0,11.8,127,6.883,0,0,-1.000,5.64,3.10,0.0364,0.0061
35.501,3.218,0,,,,,,GLOBAL,1.000,clear,0,11.8,127,6.903,0,0,-1.000,5.64,3.10,0.0306,0.0033
35.522,3.197,0,,,,,,GLOBAL,1.000,clear,0,11.8,127,6.924,0,0,-1.000,5.18,3.05,0.0273,0.0240
35.541,3.177,0,,,,,,GLOBAL,1.000,clear,0,11.8,127,6.944,0,0,-1.000,4.49,3.00,0.0466,0.0176
35.562,3.163,0,,,,,,GLOBAL,1.000,clear,0,11.8,127,6.964,0,0,-1.000,4.49,3.00,0.0415,0.0144
35.581,3.137,0,,,,,,GLOBAL,1.000,clear,0,11.8,127,6.983,0,0,-1.000,4.03,3.00,0.0368,0.0015
35.602,3.102,0,,,,,,GLOBAL,1.000,clear,0,11.8,127,7.004,0,0,-1.000,3.19,3.00,0.0282,0.0221
35.622,3.072,0,,,,,,GLOBAL,1.000,clear,0,11.8,127,7.024,0,0,-1.000,3.19,3.00,0.0255,0.0177
35.641,3.053,0,,,,,,GLOBAL,1.000,clear,0,11.8,127,7.043,0,0,-1.000,2.48,3.00,0.0451,0.0161
35.662,3.054,0,,,,,,GLOBAL,1.000,clear,0,11.8,127,7.064,0,0,-1.000,2.74,3.00,0.0413,0.0104
35.681,3.057,0,,,,,,GLOBAL,1.000,clear,0,11.8,127,7.084,0,0,-1.000,2.74,3.00,0.0356,0.0067
35.701,3.054,0,,,,,,GLOBAL,1.000,clear,0,11.8,127,7.103,0,0,-1.000,2.24,3.00,0.0313,0.0023
35.722,3.041,0,,,,,,GLOBAL,1.000,clear,0,11.8,127,7.125,0,0,-1.000,2.01,3.00,0.0267,0.0234
35.741,3.015,0,,,,,,GLOBAL,1.000,clear,0,11.8,127,7.143,0,0,-1.000,2.01,3.00,0.0455,0.0164
35.762,3.009,0,,,,,,GLOBAL,1.000,clear,0,11.8,127,7.164,0,0,-1.000,2.87,3.00,0.0419,0.0131
35.782,3.003,0,,,,,,GLOBAL,1.000,clear,0,11.8,127,7.184,0,0,-1.000,2.87,3.00,0.0312,0.0026
35.807,3.003,0,,,,,,GLOBAL,1.000,clear,0,11.8,127,7.209,0,0,-1.000,2.87,3.00,0.0560,0.0274
35.865,2.995,0,,,,,,GLOBAL,1.000,clear,0,11.8,127,7.267,0,0,-1.000,2.42,3.00,0.0894,0.0575
35.885,2.992,0,,,,,,GLOBAL,1.000,clear,0,11.8,127,7.287,0,0,-1.000,2.56,3.00,0.0897,0.0173
35.902,2.989,0,,,,,,GLOBAL,1.000,clear,0,11.8,127,7.304,0,0,1.551,4.14,3.00,0.0318,0.0026
35.921,2.992,0,,,,,,GLOBAL,1.000,clear,0,11.8,127,7.323,0,0,1.483,4.14,3.00,0.0259,0.0224
35.941,2.990,0,,,,,,GLOBAL,1.000,clear,0,11.8,127,7.343,0,0,1.402,3.80,3.00,0.0459,0.0168
35.961,2.990,0,,,,,,GLOBAL,1.000,clear,0,11.8,127,7.363,0,0,1.375,3.80,3.00,0.0418,0.0131
35.981,2.993,0,,,,,,GLOBAL,1.000,clear,0,11.8,127,7.383,0,0,-1.000,5.26,3.00,0.0361,0.0068
36.002,2.992,0,,,,,,GLOBAL,1.000,clear,0,11.8,127,7.404,0,0,-1.000,7.93,3.00,0.0322,0.0032
36.022,2.995,0,,,,,,GLOBAL,1.000,clear,0,11.8,127,7.424,0,0,-1.000,7.57,3.00,0.0271,0.0237
36.041,2.997,0,,,,,,GLOBAL,1.000,clear,0,11.8,127,7.443,0,0,-1.000,7.57,3.00,0.0463,0.0176
36.061,2.990,0,,,,,,GLOBAL,1.000,clear,0,11.8,127,7.463,0,0,-1.000,7.58,3.00,0.0389,0.0131
36.081,2.990,0,,,,,,GLOBAL,1.000,clear,0,11.8,127,7.484,0,0,-1.000,9.85,3.00,0.0365,0.0066
36.101,2.990,0,,,,,,GLOBAL,1.000,clear,0,11.8,127,7.503,0,0,-1.000,9.85,3.00,0.0298,0.0031
36.122,2.989,0,,,,,,GLOBAL,1.000,clear,0,11.8,127,7.524,0,0,-1.000,9.51,3.00,0.0259,0.0238
36.141,2.992,0,,,,,,GLOBAL,1.000,clear,0,11.8,127,7.544,0,0,-1.000,11.68,3.00,0.0453,0.0161
36.162,2.986,0,,,,,,GLOBAL,1.000,clear,0,11.8,127,7.564,0,0,-1.000,11.68,3.00,0.0416,0.0133
36.183,2.984,0,,,,,,GLOBAL,1.000,clear,0,11.8,127,7.585,0,0,-1.000,13.27,3.00,0.0384,0.0076
36.201,2.979,0,,,,,,GLOBAL,1.000,clear,0,11.8,127,7.603,0,0,-1.000,14.39,3.00,0.0310,0.0033
36.222,2.980,0,,,,,,GLOBAL,1.000,clear,0,11.8,127,7.624,0,0,-1.000,14.39,3.00,0.0272,0.0236
36.241,2.983,0,,,,,,GLOBAL,1.000,clear,0,11.8,127,7.643,0,0,-1.000,14.58,3.00,0.0468,0.0160
36.262,2.989,0,,,,,,GLOBAL,1.000,clear,0,11.8,127,7.664,0,0,-1.000,14.86,3.00,0.0415,0.0133
36.281,2.988,0,,,,,,GLOBAL,1.000,clear,0,11.8,127,7.684,0,0,-1.000,14.86,3.00,0.0372,0.0068
36.301,2.976,0,,,,,,GLOBAL,1.000,clear,0,11.8,127,7.703,0,0,-1.000,14.44,3.00,0.0280,0.0041
36.322,2.979,0,,,,,,GLOBAL,1.000,clear,0,11.8,127,7.724,0,0,-1.000,15.64,3.00,0.0276,0.0244
36.341,2.985,0,,,,,,GLOBAL,1.000,clear,0,11.8,127,7.743,0,0,-1.000,15.64,3.00,0.0472,0.0162
36.361,2.966,0,,,,,,GLOBAL,1.000,clear,0,11.8,127,7.763,0,0,-1.000,15.12,3.00,0.0413,0.0140
36.381,2.971,0,,,,,,GLOBAL,1.000,clear,0,11.8,127,7.783,0,0,-1.000,15.44,3.00,0.0373,0.0049
36.402,2.973,0,,,,,,GLOBAL,1.000,clear,0,11.8,127,7.804,0,0,-1.000,15.44,3.00,0.0304,0.0018
36.422,2.950,0,,,,,,GLOBAL,1.000,clear,0,11.8,127,7.824,0,0,-1.000,14.60,3.00,0.0276,0.0219
36.441,2.961,0,,,,,,GLOBAL,1.000,clear,0,11.8,127,7.844,0,0,-1.000,14.09,3.00,0.0474,0.0155
36.461,2.964,0,,,,,,GLOBAL,1.000,clear,0,11.8,127,7.864,0,0,-1.000,14.09,3.00,0.0421,0.0133
36.481,2.941,0,,,,,,GLOBAL,1.000,clear,0,11.8,127,7.883,0,0,-1.000,13.40,3.00,0.0374,0.0058
36.502,2.951,0,,,,,,GLOBAL,1.000,clear,0,11.8,127,7.904,0,0,-1.000,12.37,3.00,0.0327,0.0026
36.522,2.949,0,,,,,,GLOBAL,1.000,clear,0,11.8,127,7.924,0,0,-1.000,12.37,3.00,0.0274,0.0220
36.541,2.923,0,,,,,,GLOBAL,1.000,clear,0,11.8,127,7.943,0,0,-1.000,11.42,3.00,0.0472,0.0146
36.562,2.940,0,,,,,,GLOBAL,1.000,clear,0,11.8,127,7.964,0,0,-1.000,10.50,3.00,0.0417,0.0135
36.581,2.939,0,,,,,,GLOBAL,1.000,clear,0,11.8,127,7.984,0,0,-1.000,10.50,3.00,0.0374,0.0072
36.602,2.917,0,,,,,,GLOBAL,1.000,clear,0,11.8,127,8.004,0,0,-1.000,10.71,3.00,0.0331,0.0041
36.621,2.933,0,,,,,,GLOBAL,1.000,clear,0,11.8,127,8.024,0,0,-1.000,9.99,3.00,0.0272,0.0236
36.641,2.926,0,,,,,,GLOBAL,1.000,clear,0,11.8,127,8.043,0,0,-1.000,9.99,3.00,0.0470,0.0173
36.662,2.908,0,,,,,,GLOBAL,1.000,clear,0,11.8,127,8.064,0,0,-1.000,10.17,3.00,0.0429,0.0137
36.681,2.925,0,,,,,4.328,GLOBAL,1.000,clear,0,11.8,127,8.083,0,0,-1.000,10.17,3.00,0.0369,0.0079
36.703,2.922,0,,,,,4.168,GLOBAL,1.000,clear,0,11.8,127,8.105,0,0,-1.000,10.26,3.00,0.0340,0.0049
36.721,2.912,0,,,,,4.168,GLOBAL,1.000,clear,0,11.8,127,8.123,0,0,-1.000,11.41,3.00,0.0268,0.0236
36.741,2.923,1,3.886,4.174,-0.106,0.290,,GLOBAL,1.000,clear,0,11.8,127,8.144,0,0,-1.000,11.13,3.00,0.0469,0.0189
36.762,2.922,0,,,,,3.860,GLOBAL,1.000,clear,0,11.8,127,8.164,0,0,-1.000,11.13,3.00,0.0423,0.0136
36.781,2.916,0,,,,,,GLOBAL,1.000,clear,0,11.8,127,8.183,0,0,-1.000,11.21,3.00,0.0370,0.0089
36.801,2.929,0,,,,,,GLOBAL,1.000,clear,0,11.8,127,8.203,0,0,-1.000,11.21,3.00,0.0328,0.0031
36.821,2.938,0,,,,,,GLOBAL,1.000,clear,0,11.8,127,8.223,0,0,-1.000,11.19,3.00,0.0271,0.0231
36.842,2.916,0,,,,,,GLOBAL,1.000,clear,0,11.8,127,8.244,0,0,-1.000,11.08,3.00,0.0475,0.0201
36.861,2.931,0,,,,,,GLOBAL,1.000,clear,0,11.8,127,8.263,0,0,-1.000,10.60,3.00,0.0431,0.0142
36.881,2.939,0,,,,,,GLOBAL,1.000,clear,0,11.8,127,8.284,0,0,-1.000,10.60,3.00,0.0374,0.0089
36.901,2.925,0,,,,,,GLOBAL,1.000,clear,0,11.8,127,8.303,0,0,-1.000,10.84,3.00,0.0332,0.0044
36.922,2.943,0,,,,,,GLOBAL,1.000,clear,0,11.8,127,8.324,0,0,-1.000,10.88,3.00,0.0279,0.0250
36.942,2.945,0,,,,,,GLOBAL,1.000,clear,0,11.8,127,8.344,0,0,-1.000,10.88,3.00,0.0477,0.0180
36.961,2.926,0,,,,,,GLOBAL,1.000,clear,0,11.8,127,8.363,0,0,-1.000,11.56,3.00,0.0434,0.0090
36.981,2.945,0,,,,,,GLOBAL,1.000,clear,0,11.8,127,8.383,0,0,-1.000,11.20,3.00,0.0372,0.0096
37.001,2.944,0,,,,,,GLOBAL,1.000,clear,0,11.8,127,8.403,0,0,-1.000,11.20,3.00,0.0337,0.0041
37.021,2.939,0,,,,,,GLOBAL,1.000,clear,0,11.8,127,8.423,0,0,-1.000,10.42,3.00,0.0271,0.0009
37.041,2.959,0,,,,,,GLOBAL,1.000,clear,0,11.8,127,8.443,0,0,-1.000,9.73,3.00,0.0473,0.0210
37.062,2.949,0,,,,,,GLOBAL,1.000,clear,0,11.8,127,8.464,0,0,-1.000,9.73,3.00,0.0439,0.0143
37.081,2.939,0,,,,,,GLOBAL,1.000,clear,0,11.8,127,8.483,0,0,-1.000,9.85,3.00,0.0369,0.0089
37.102,2.960,0,,,,,,GLOBAL,1.000,clear,0,11.8,127,8.504,0,0,-1.000,10.20,3.00,0.0288,0.0046
37.122,2.949,0,,,,,,GLOBAL,1.000,clear,0,11.8,127,8.524,0,0,-1.000,10.20,3.00,0.0273,0.0245
37.141,2.951,0,,,,,,GLOBAL,1.000,clear,0,11.8,127,8.544,0,0,-1.000,10.19,3.00,0.0472,0.0191
37.161,2.965,0,,,,,,GLOBAL,1.000,clear,0,11.8,127,8.563,0,0,-1.000,10.10,3.00,0.0425,0.0143
37.181,2.950,0,,,,,,GLOBAL,1.000,clear,0,11.8,127,8.583,0,0,-1.000,10.10,3.00,0.0371,0.0064
37.201,2.947,0,,,,,,GLOBAL,1.000,clear,0,11.8,127,8.603,0,0,-1.000,10.11,3.00,0.0328,0.0024
37.221,2.964,0,,,,,,GLOBAL,1.000,clear,0,11.8,127,8.624,0,0,-1.000,9.93,3.00,0.0259,0.0224
37.241,2.949,0,,,,,,GLOBAL,1.000,clear,0,11.8,127,8.643,0,0,-1.000,9.93,3.00,0.0458,0.0183
37.262,2.952,0,,,,,,GLOBAL,1.000,clear,0,11.8,127,8.664,0,0,-1.000,11.43,3.00,0.0431,0.0149
37.281,2.963,0,,,,,,GLOBAL,1.000,clear,0,11.8,127,8.683,0,0,-1.000,10.49,3.00,0.0387,0.0106
37.301,2.947,0,,,,,,GLOBAL,1.000,clear,0,11.8,127,8.704,0,0,-1.000,10.49,3.00,0.0334,0.0309
37.322,2.947,0,,,,,,GLOBAL,1.000,clear,0,11.8,127,8.724,0,0,-1.000,10.49,3.00,0.0536,0.0511
37.348,2.962,0,,,,,,GLOBAL,1.000,clear,0,11.8,127,8.750,0,0,-1.000,9.53,3.00,0.0552,0.0236
37.388,2.950,0,,,,,,GLOBAL,1.000,clear,0,11.8,127,8.790,0,0,-1.000,9.53,3.00,0.0704,0.0400
37.403,2.954,0,,,,,,GLOBAL,1.000,clear,0,11.8,127,8.805,0,0,-1.000,9.67,3.00,0.0584,0.0019
37.421,2.949,0,,,,,,GLOBAL,1.000,clear,0,11.8,127,8.824,0,0,-1.000,9.52,3.00,0.0266,0.0009
37.446,2.957,0,,,,,,GLOBAL,1.000,clear,0,11.8,127,8.848,0,0,-1.000,8.67,3.00,0.0512,0.0255
37.462,2.959,0,,,,,,GLOBAL,1.000,clear,0,11.8,127,8.864,0,0,-1.000,8.59,3.00,0.0444,0.0139
37.481,2.954,0,,,,,,GLOBAL,1.000,clear,0,11.8,127,8.883,0,0,-1.000,8.59,3.00,0.0373,0.0062
37.501,2.958,0,,,,,,GLOBAL,1.000,clear,0,11.8,127,8.903,0,0,-1.000,8.17,3.00,0.0340,0.0025
37.521,2.955,0,,,,,,GLOBAL,1.000,clear,0,11.8,127,8.924,0,0,-1.000,7.78,3.00,0.0283,0.0008
37.541,2.954,0,,,,,,GLOBAL,1.000,clear,0,11.8,127,8.943,0,0,-1.000,7.78,3.00,0.0483,0.0208
37.562,2.958,0,,,,,,GLOBAL,1.000,clear,0,11.8,127,8.964,0,0,-1.000,7.54,3.00,0.0447,0.0143
37.586,2.960,0,,,,,,GLOBAL,1.000,clear,0,11.8,127,8.988,0,0,-1.000,8.51,3.00,0.0416,0.0150
37.601,2.962,0,,,,,,GLOBAL,1.000,clear,0,11.8,127,9.003,0,0,-1.000,8.51,3.00,0.0343,0.0034
37.621,2.959,0,,,,,,GLOBAL,1.000,clear,0,11.8,127,9.023,0,0,-1.000,6.97,3.00,0.0269,0.0234
37.641,2.953,0,,,,,,GLOBAL,1.000,clear,0,11.8,127,9.043,0,0,-1.000,7.07,3.00,0.0468,0.0190
37.661,2.961,0,,,,,,GLOBAL,1.000,clear,0,11.8,127,9.063,0,0,-1.000,7.07,3.00,0.0427,0.0138
37.681,2.962,0,,,,,,GLOBAL,1.000,clear,0,11.8,127,9.083,0,0,-1.000,6.93,3.00,0.0372,0.0079
37.701,2.967,0,,,,,,GLOBAL,1.000,clear,0,11.8,127,9.103,0,0,-1.000,6.47,3.00,0.0328,0.0041
37.722,2.967,0,,,,,,GLOBAL,1.000,clear,0,11.8,127,9.124,0,0,-1.000,6.47,3.00,0.0287,0.0251
37.747,2.962,0,,,,,,GLOBAL,1.000,clear,0,11.8,127,9.149,0,0,-1.000,6.64,3.00,0.0530,0.0234
37.762,2.964,0,,,,,,GLOBAL,1.000,clear,0,11.8,127,9.164,0,0,-1.000,6.64,3.00,0.0429,0.0134
37.784,2.966,0,,,,,,GLOBAL,1.000,clear,0,11.8,127,9.186,0,0,-1.000,4.65,3.00,0.0392,0.0118
37.809,2.966,0,,,,,,GLOBAL,1.000,clear,0,11.8,127,9.211,0,0,-1.000,4.40,3.00,0.0385,0.0099
37.821,2.976,0,,,,,,GLOBAL,1.000,clear,0,11.8,127,9.224,0,0,-1.000,3.90,3.00,0.0277,0.0222
37.842,2.972,0,,,,,,GLOBAL,1.000,clear,0,11.8,127,9.244,0,0,-1.000,3.90,3.00,0.0483,0.0203
37.862,2.969,0,,,,,,GLOBAL,1.000,clear,0,11.8,127,9.264,0,0,-1.000,4.42,3.00,0.0437,0.0101
37.882,2.971,0,,,,,,GLOBAL,1.000,clear,0,11.8,127,9.284,0,0,-1.000,2.46,3.00,0.0359,0.0110
37.908,2.973,0,,,,,,GLOBAL,1.000,clear,0,11.8,127,9.310,0,0,-1.000,2.46,3.00,0.0616,0.0367
37.921,2.978,0,,,,,,GLOBAL,1.000,clear,0,11.8,127,9.323,0,0,-1.000,3.13,3.00,0.0240,0.0010
37.941,2.983,0,,,,,,GLOBAL,1.000,clear,0,11.8,127,9.343,0,0,-1.000,2.59,3.00,0.0439,0.0209
37.961,2.976,0,,,,,,GLOBAL,1.000,clear,0,11.8,127,9.363,0,0,-1.000,2.59,3.00,0.0439,0.0132
37.981,2.985,0,,,,,,GLOBAL,1.000,clear,0,11.8,127,9.383,0,0,-1.000,3.00,3.00,0.0374,0.0108
38.001,2.983,0,,,,,,GLOBAL,1.000,clear,0,11.8,127,9.403,0,0,-1.000,3.00,3.00,0.0342,0.0040
38.022,2.984,0,,,,,,GLOBAL,1.000,clear,0,11.8,127,9.424,0,0,-1.000,2.84,3.03,0.0283,0.0004
38.041,2.993,0,,,,,,GLOBAL,1.000,clear,0,11.8,127,9.443,0,0,-1.000,2.53,3.12,0.0479,0.0200
38.062,3.001,0,,,,,,GLOBAL,1.000,clear,0,11.8,127,9.464,0,0,-1.000,2.36,3.20,0.0445,0.0120
38.081,3.002,0,,,,,,GLOBAL,1.000,clear,0,11.8,127,9.483,0,0,-1.000,2.36,3.20,0.0385,0.0090
38.101,3.018,0,,,,,,GLOBAL,1.000,clear,0,11.8,127,9.503,0,0,-1.000,2.75,3.28,0.0345,0.0059
38.122,3.036,0,,,,,,GLOBAL,1.000,clear,0,11.8,127,9.524,0,0,-1.000,2.72,3.32,0.0291,0.0263
38.141,3.059,0,,,,,,GLOBAL,1.000,clear,0,11.8,127,9.543,0,0,-1.000,2.72,3.32,0.0487,0.0159
38.161,3.099,0,,,,,,GLOBAL,1.000,clear,0,11.8,127,9.563,0,0,-1.000,2.61,3.39,0.0428,0.0162
38.181,3.133,0,,,,,,GLOBAL,1.000,clear,0,11.8,127,9.583,0,0,-1.000,2.69,3.46,0.0388,0.0073
38.202,3.175,0,,,,,,GLOBAL,1.000,clear,0,11.8,127,9.604,0,0,-1.000,2.69,3.46,0.0342,0.0008
38.221,3.204,0,,,,,,GLOBAL,1.000,clear,0,11.8,127,9.623,0,0,-1.000,2.87,3.50,0.0290,0.0005
38.241,3.235,0,,,,,,GLOBAL,1.000,clear,0,11.8,127,9.643,0,0,-1.000,2.98,3.60,0.0491,0.0205
38.261,3.274,0,,,,,,GLOBAL,1.000,clear,0,11.8,127,9.663,0,0,-1.000,2.98,3.60,0.0431,0.0138
38.281,3.301,0,,,,,,GLOBAL,1.000,clear,0,11.8,127,9.684,0,0,-1.000,3.12,3.67,0.0394,0.0062
38.301,3.338,0,,,,,,GLOBAL,1.000,clear,0,11.8,127,9.704,0,0,-1.000,3.12,3.67,0.0337,0.0058
38.322,3.382,0,,,,,,GLOBAL,1.000,clear,0,11.8,127,9.725,0,0,-1.000,3.21,3.70,0.0547,0.0267
38.341,3.426,0,,,,,,GLOBAL,1.000,clear,0,11.8,127,9.743,0,0,-1.000,3.27,3.77,0.0495,0.0178
38.361,3.470,0,,,,,,GLOBAL,1.000,clear,0,11.8,127,9.763,0,0,-1.000,3.31,3.80,0.0421,0.0100
38.381,3.505,0,,,,,,GLOBAL,1.000,clear,0,11.8,127,9.783,0,0,-1.000,3.31,3.80,0.0373,0.0098
38.401,3.546,0,,,,,,GLOBAL,1.000,clear,0,11.8,127,9.803,0,0,-1.000,3.81,3.86,0.0341,0.0031
38.422,3.586,0,,,,,,GLOBAL,1.000,clear,0,11.8,127,9.824,0,0,-1.000,4.58,3.95,0.0546,0.0235
38.441,3.634,0,,,,,,GLOBAL,1.000,clear,0,11.8,127,9.843,0,0,-1.000,4.58,3.95,0.0474,0.0190
38.461,3.663,0,,,,,,GLOBAL,1.000,clear,0,11.8,127,9.863,0,0,-1.000,3.89,4.01,0.0441,0.0143
38.481,3.708,0,,,,,,GLOBAL,1.000,clear,0,11.8,127,9.883,0,0,-1.000,3.90,4.07,0.0385,0.0081
38.501,3.758,0,,,,,,GLOBAL,1.000,clear,0,11.8,127,9.903,0,0,-1.000,3.90,4.07,0.0344,0.0056
38.521,3.801,0,,,,,,GLOBAL,1.000,clear,0,11.8,127,9.923,0,0,-1.000,3.94,4.12,0.0286,0.0015
38.541,3.840,0,,,,,,GLOBAL,1.000,clear,0,11.8,127,9.943,0,0,-1.000,4.09,4.20,0.0485,0.0215
38.561,3.884,0,,,,,,GLOBAL,1.000,clear,0,11.8,127,9.963,0,0,-1.000,4.09,4.20,0.0445,0.0103
38.581,3.922,0,,,,,,GLOBAL,1.000,clear,0,11.8,127,9.983,0,0,-1.000,4.08,4.25,0.0388,0.0092
38.601,3.968,0,,,,,,GLOBAL,1.000,clear,0,11.8,127,10.003,0,0,-1.000,4.08,4.30,0.0348,0.0047
38.621,4.009,0,,,,,,GLOBAL,1.000,clear,0,11.8,127,10.023,0,0,-1.000,4.08,4.30,0.0289,0.0014
38.642,4.043,0,,,,,,GLOBAL,1.000,clear,0,11.8,127,10.044,0,0,-1.000,4.56,4.38,0.0499,0.0223
38.661,4.081,0,,,,,,GLOBAL,1.000,clear,0,11.8,127,10.063,0,0,-1.000,4.95,4.44,0.0449,0.0136
38.681,4.127,0,,,,,,AVOID,0.980,avoid_cruise,1,24.5,127,10.083,0,0,-1.000,4.95,4.44,0.0375,0.0051
38.701,4.168,0,,,,,,AVOID,0.943,avoid_cruise,1,24.1,127,10.103,0,0,-1.000,5.07,4.40,0.0349,0.0025
38.722,4.209,0,,,,,,AVOID,0.924,avoid_cruise,1,24.1,52,0.015,0,0,-1.000,4.61,4.29,0.0295,0.0015
38.743,4.241,0,,,,,,AVOID,0.889,avoid_cruise,1,23.2,52,0.036,0,0,-1.000,4.61,4.29,0.0510,0.0229
38.761,4.279,0,,,,,,AVOID,0.889,avoid_cruise,1,24.8,51,0.014,1,0,-1.000,4.52,4.26,0.0452,0.0134
38.782,4.296,0,,,,,,AVOID,0.889,avoid_cruise,1,24.8,51,0.034,1,0,-1.000,4.52,4.26,0.0384,0.0335
38.801,4.310,0,,,,,,AVOID,0.843,avoid_cruise,1,22.0,53,0.013,1,0,-1.000,4.36,4.18,0.0338,0.0060
38.824,4.314,0,,,,,,AVOID,0.812,avoid_cruise,1,22.0,53,0.019,1,0,-1.000,4.23,4.08,0.0568,0.0289
38.842,4.317,0,,,,,,AVOID,0.781,avoid_cruise,1,21.6,53,0.008,1,0,-1.000,4.19,3.95,0.0482,0.0143
38.924,4.317,0,,,,,,AVOID,0.781,avoid_cruise,1,21.6,53,0.091,1,0,-1.000,4.19,3.95,0.1051,0.0967
38.953,4.231,0,,,,,,AVOID,0.719,avoid_cruise,1,19.2,53,0.001,1,0,-1.000,4.20,3.60,0.0602,0.0054
38.971,4.168,1,3.342,3.445,0.372,0.123,,AVOID,0.706,avoid_cruise,1,18.4,53,0.006,1,0,-1.000,4.20,3.60,0.0541,0.0175
38.982,4.058,0,,,,,3.112,AVOID,0.691,avoid_cruise,1,18.5,52,0.001,1,0,-1.000,4.27,3.53,0.0396,0.0044
39.001,3.974,1,3.045,3.185,0.090,0.141,,AVOID,0.691,avoid_cruise,1,15.9,52,0.020,1,0,-1.000,4.34,3.45,0.0344,0.0043
39.021,3.930,1,3.045,3.185,0.090,0.141,,AVOID,0.657,avoid_cruise,1,15.9,52,0.040,1,0,-1.000,4.51,3.45,0.0273,0.0243
39.042,3.886,1,2.961,3.091,0.035,0.130,,AVOID,0.645,avoid_cruise,1,14.2,52,0.015,1,0,-1.000,4.69,3.29,0.0477,0.0185
39.061,3.814,0,,,,,,AVOID,0.645,avoid_cruise,1,13.1,52,0.015,1,0,-1.000,4.69,3.29,0.0431,0.0094
39.081,3.727,0,,,,,,AVOID,0.631,avoid_cruise,1,10.1,52,0.035,0,0,-1.000,-0.09,3.16,0.0368,0.0046
39.102,3.637,0,,,,,2.723,AVOID,0.617,avoid_cruise,1,6.4,52,0.056,0,0,0.802,-0.09,3.16,0.0341,0.0013
39.121,3.548,0,,,,,2.723,AVOID,0.600,avoid_cruise,1,6.4,52,0.075,0,0,-1.000,-4.87,3.09,0.0233,0.0202
39.141,3.463,0,,,,,2.632,AVOID,0.600,avoid_cruise,1,8.3,51,0.014,1,0,-1.000,-3.51,3.00,0.0433,0.0127
39.163,3.368,0,,,,,2.560,AVOID,0.600,avoid_cruise,1,8.0,51,0.035,1,0,-1.000,-3.51,3.00,0.0450,0.0173
39.181,3.299,1,2.475,2.560,-0.346,0.108,,AVOID,0.600,avoid_cruise,1,7.7,50,0.003,1,0,1.375,3.84,3.00,0.0333,0.0108
39.203,3.236,1,2.404,2.480,-0.371,0.104,,AVOID,0.600,avoid_cruise,1,6.3,49,0.001,1,0,-1.000,3.51,3.00,0.0357,0.0055
39.221,3.198,1,2.404,2.480,-0.371,0.104,,AVOID,0.600,avoid_cruise,1,5.4,49,0.019,1,0,-1.000,3.51,3.00,0.0277,0.0234
39.241,3.166,0,,,,,2.327,AVOID,0.600,avoid_cruise,1,5.4,49,0.012,1,0,-1.000,2.42,3.00,0.0476,0.0193
39.261,3.132,0,,,,,,AVOID,0.600,avoid_cruise,1,7.4,48,0.014,0,0,-1.000,2.06,3.00,0.0435,0.0117
39.281,3.101,0,,,,,2.179,AVOID,0.600,avoid_cruise,1,3.0,48,0.034,0,0,-1.000,2.06,3.00,0.0367,0.0099
39.304,3.076,0,,,,,,AVOID,0.600,avoid_cruise,1,6.5,48,0.001,1,0,-1.000,-2.73,3.00,0.0368,0.0073
39.321,3.047,0,,,,,2.049,AVOID,0.600,avoid_cruise,1,6.5,48,0.018,0,0,-1.000,-7.51,3.00,0.0270,0.0014
39.342,3.027,0,,,,,2.049,AVOID,0.600,avoid_cruise,1,2.4,48,0.038,0,0,-1.000,-7.51,3.00,0.0474,0.0218
39.361,3.009,0,,,,,1.990,AVOID,0.600,avoid_cruise,1,4.5,48,0.008,1,0,-1.000,-6.19,3.00,0.0440,0.0146
39.381,2.994,0,,,,,1.917,AVOID,0.600,avoid_cruise,1,6.8,48,0.010,1,0,-1.000,1.17,3.00,0.0370,0.0087
39.402,2.981,0,,,,,1.837,AVOID,0.600,avoid_cruise,1,7.2,41,0.003,1,0,-1.000,1.17,3.00,0.0345,0.0021
39.421,2.980,0,,,,,,AVOID,0.600,avoid_cruise,1,7.2,41,0.023,1,0,-1.000,3.32,3.00,0.0272,0.0016
39.441,2.983,0,,,,,,AVOID,0.600,avoid_cruise,1,7.2,37,0.015,1,0,-1.000,5.74,3.00,0.0471,0.0214
39.461,2.985,0,,,,,,AVOID,0.600,avoid_cruise,1,4.2,35,0.014,1,0,-1.000,4.35,3.00,0.0443,0.0129
39.481,2.984,0,,,,,,AVOID,0.600,avoid_cruise,1,3.2,42,0.006,1,0,-1.000,4.35,3.00,0.0370,0.0106
39.501,2.977,0,,,,,1.614,AVOID,0.600,avoid_cruise,1,3.1,42,0.025,1,0,-1.000,1.20,3.00,0.0344,0.0036
39.523,2.972,0,,,,,1.614,AVOID,0.600,avoid_cruise,1,3.1,42,0.047,1,0,-1.000,1.20,3.00,0.0285,0.0010
39.541,2.971,0,,,,,1.551,AVOID,0.600,avoid_cruise,1,6.6,44,0.014,1,0,-1.000,2.96,3.00,0.0469,0.0194
39.561,2.967,1,1.508,1.589,-0.320,0.113,,AVOID,0.600,avoid_cruise,1,7.9,42,0.016,1,0,-1.000,2.32,3.00,0.0385,0.0150
39.582,2.965,0,,,,,1.437,AVOID,0.600,avoid_cruise,1,8.1,39,0.014,1,0,-1.000,2.32,3.00,0.0378,0.0081
39.602,2.951,0,,,,,1.437,AVOID,0.600,avoid_cruise,1,8.1,39,0.001,1,0,-1.000,3.63,3.00,0.0344,0.0284
39.621,2.930,1,1.324,1.399,-0.314,0.110,,AVOID,0.600,avoid_cruise,1,9.2,39,0.020,1,0,-1.000,3.66,3.00,0.0274,0.0011
39.642,2.917,1,1.324,1.399,-0.314,0.110,,AVOID,0.600,avoid_cruise,1,8.9,35,0.012,1,0,-1.000,3.66,3.00,0.0476,0.0213
39.662,2.909,1,1.256,1.326,-0.327,0.110,,AVOID,0.600,avoid_cruise,1,9.1,35,0.007,1,0,-1.000,4.10,3.00,0.0436,0.0151
39.682,2.898,0,,,,,1.184,AVOID,0.600,avoid_cruise,1,9.1,33,0.006,1,0,-1.000,2.72,3.00,0.0336,0.0103
39.702,2.896,0,,,,,1.138,AVOID,0.600,avoid_cruise,1,8.7,32,0.005,1,0,-1.000,2.72,3.00,0.0345,0.0041
39.724,2.889,0,,,,,1.138,AVOID,0.600,avoid_cruise,1,8.7,31,0.001,1,0,-1.000,3.67,3.00,0.0568,0.0263
39.746,2.884,1,1.067,1.120,-0.363,0.110,,AVOID,0.600,avoid_cruise,1,6.9,34,0.001,1,0,-1.000,3.87,3.00,0.0523,0.0207
39.761,2.888,0,,,,,1.012,AVOID,0.600,avoid_cruise,1,7.9,34,0.017,1,0,-1.000,1.56,3.00,0.0424,0.0111
39.781,2.889,0,,,,,0.945,AVOID,0.600,avoid_cruise,1,6.3,34,0.037,1,0,-1.000,1.56,3.00,0.0380,0.0062
39.804,2.893,0,,,,,0.945,AVOID,0.600,avoid_cruise,1,6.3,34,0.059,1,0,-1.000,2.10,3.00,0.0364,0.0286
39.821,2.895,0,,,,,0.889,AVOID,0.600,avoid_cruise,1,6.8,32,0.013,1,0,-1.000,2.10,3.00,0.0300,0.0173
39.842,2.895,0,,,,,,AVOID,0.600,avoid_cruise,1,11.2,33,0.013,1,0,-1.000,2.52,3.00,0.0505,0.0171
39.862,2.897,0,,,,,,AVOID,0.600,avoid_cruise,1,8.1,101,0.005,1,0,-1.000,1.00,3.00,0.0443,0.0138
39.882,2.906,0,,,,,,AVOID,0.600,avoid_cruise,1,11.8,26,0.001,1,0,-1.000,1.00,3.00,0.0413,0.0088
39.903,2.909,0,,,,,,AVOID,0.600,avoid_cruise,1,12.9,22,0.001,1,0,-1.000,-6.36,3.00,0.0361,0.0072
39.921,2.915,0,,,,,,AVOID,0.600,avoid_cruise,1,12.5,22,0.019,1,0,-1.000,1.00,3.00,0.0289,0.0255
39.942,2.916,0,,,,,,AVOID,0.600,avoid_cruise,1,12.5,22,0.016,1,0,-1.000,7.95,3.00,0.0491,0.0188
39.961,2.914,0,,,,,,AVOID,0.600,avoid_cruise,1,11.6,19,0.009,1,0,-1.000,7.95,3.00,0.0448,0.0155
39.981,2.916,0,,,,,,AVOID,0.600,avoid_cruise,1,11.2,19,0.009,1,0,-1.000,7.17,3.00,0.0389,0.0075
40.002,2.923,0,,,,,,AVOID,0.600,avoid_cruise,1,11.1,19,0.030,1,0,-1.000,5.22,3.00,0.0351,0.0011
40.021,2.926,0,,,,,,AVOID,0.600,avoid_cruise,1,7.0,19,0.050,1,0,-1.000,5.22,3.00,0.0292,0.0209
40.042,2.935,0,,,,,,AVOID,0.600,avoid_cruise,1,7.0,19,0.070,1,0,-1.000,5.35,3.00,0.0501,0.0206
40.062,2.931,0,,,,,,AVOID,0.600,avoid_cruise,1,2.1,18,0.005,1,0,-1.000,5.11,3.00,0.0453,0.0152
40.081,2.931,0,,,,,,AVOID,0.600,avoid_cruise,1,0.6,101,0.009,1,0,-1.000,5.11,3.00,0.0394,0.0078
40.102,2.935,0,,,,,,AVOID,0.600,avoid_cruise,1,0.6,101,0.001,1,0,-1.000,5.11,3.00,0.0603,0.0287
40.125,2.937,0,,,,,,REJOIN,0.600,avoid_cruise,1,0.2,101,0.001,1,0,-1.000,-2.25,3.00,0.0589,0.0220
40.143,2.932,0,,,,,,REJOIN,0.600,avoid_cruise,1,0.1,101,0.001,1,0,-1.000,-9.60,3.00,0.0460,0.0179
40.162,2.935,0,,,,,,REJOIN,0.600,avoid_cruise,1,0.0,101,0.019,1,0,-1.000,-10.87,3.00,0.0454,0.0148
40.181,2.933,0,,,,,,REJOIN,0.600,avoid_cruise,1,0.0,101,0.010,1,0,-1.000,-10.87,3.00,0.0378,0.0076
40.203,2.923,0,,,,,,REJOIN,0.600,avoid_cruise,1,0.0,101,0.006,1,0,-1.000,-10.87,3.00,0.0359,0.0036
40.227,2.919,0,,,,,,REJOIN,0.600,avoid_cruise,1,0.0,101,0.001,1,0,-1.000,-10.88,3.00,0.0594,0.0271
40.246,2.923,0,,,,,,REJOIN,0.600,avoid_cruise,1,0.0,101,0.001,1,0,-1.000,-10.88,3.00,0.0541,0.0191
40.262,2.931,0,,,,,,REJOIN,0.600,avoid_cruise,1,0.0,101,0.016,1,0,-1.000,-10.38,3.00,0.0445,0.0147
40.282,2.940,0,,,,,,REJOIN,0.600,avoid_cruise,1,0.0,101,0.010,1,0,-1.000,-10.38,3.00,0.0402,0.0090
40.412,2.935,0,,,,,,REJOIN,0.600,avoid_cruise,1,0.0,101,0.001,1,0,-1.000,-9.43,3.00,0.1703,0.1391
40.430,2.945,0,,,,,,REJOIN,0.600,avoid_cruise,1,0.0,101,0.002,1,0,-1.000,-9.01,2.99,0.1633,0.0178
40.447,2.948,0,,,,,,REJOIN,0.600,avoid_cruise,1,0.0,101,0.002,1,0,-1.000,-8.71,2.98,0.1560,0.0159
40.472,2.936,0,,,,,,REJOIN,0.600,avoid_cruise,1,0.0,101,0.002,1,0,-1.000,-8.70,2.94,0.1291,0.0118
40.481,2.934,0,,,,,,REJOIN,0.600,avoid_cruise,1,0.0,101,0.002,1,0,-1.000,-8.70,2.94,0.1147,0.0089
40.501,2.879,0,,,,,,REJOIN,0.600,avoid_cruise,1,0.0,101,0.004,1,0,-1.000,-8.73,2.92,0.0336,0.0010
40.523,2.885,0,,,,,,REJOIN,0.600,avoid_cruise,1,0.0,101,0.001,1,0,-1.000,-8.81,2.91,0.0553,0.0227
40.550,2.880,0,,,,,,REJOIN,0.600,avoid_cruise,1,0.0,101,0.001,1,0,-1.000,-8.91,2.89,0.0558,0.0239
40.562,2.873,0,,,,,,REJOIN,0.600,avoid_cruise,1,0.0,101,0.014,1,0,-1.000,-8.93,2.88,0.0444,0.0117
40.582,2.853,0,,,,,,REJOIN,0.600,avoid_cruise,1,0.0,101,0.011,1,0,-1.000,-8.96,2.87,0.0382,0.0089
40.601,2.842,0,,,,,,REJOIN,0.600,avoid_cruise,1,0.0,101,0.004,1,0,-1.000,-8.96,2.87,0.0339,0.0029
40.623,2.836,0,,,,,,REJOIN,0.600,avoid_cruise,1,0.0,101,0.001,1,0,-1.000,-8.99,2.87,0.0552,0.0242
40.651,2.833,0,,,,,,REJOIN,0.600,avoid_cruise,1,0.0,101,0.002,1,0,-1.000,-9.10,2.93,0.0592,0.0277
40.662,2.828,0,,,,,,REJOIN,0.600,avoid_cruise,1,0.0,101,0.013,1,0,-1.000,-9.10,2.93,0.0445,0.0104
40.682,2.825,0,,,,,,REJOIN,0.600,avoid_cruise,1,0.0,101,0.011,1,0,-1.000,-9.24,2.88,0.0381,0.0091
40.705,2.828,0,,,,,,REJOIN,0.600,avoid_cruise,1,0.0,101,0.001,1,0,-1.000,-9.24,2.88,0.0379,0.0085
40.723,2.834,0,,,,,,REJOIN,0.600,avoid_cruise,1,0.0,101,0.001,1,0,-1.000,-9.28,2.87,0.0556,0.0260
40.741,2.820,0,,,,,,REJOIN,0.600,avoid_cruise,1,0.0,101,0.020,1,0,-1.000,-9.31,2.85,0.0486,0.0181
40.761,2.797,0,,,,,,REJOIN,0.600,avoid_cruise,1,0.0,101,0.007,1,0,-1.000,-5.62,2.83,0.0446,0.0158
40.786,2.799,0,,,,,,REJOIN,0.600,avoid_cruise,1,0.0,101,0.031,1,0,-1.000,-3.75,2.81,0.0435,0.0143
40.802,2.782,0,,,,,,REJOIN,0.600,avoid_cruise,1,0.0,101,0.002,1,0,-1.000,-3.75,2.81,0.0334,0.0010
40.821,2.766,0,,,,,,REJOIN,0.600,avoid_cruise,1,0.0,101,0.001,1,0,-1.000,-3.75,2.81,0.0533,0.0209
40.848,2.760,0,,,,,,REJOIN,0.600,avoid_cruise,1,0.0,101,0.002,1,0,-1.000,-2.96,2.79,0.0561,0.0264
40.861,2.756,0,,,,,,REJOIN,0.600,avoid_cruise,1,0.0,101,0.015,1,0,-1.000,-2.05,2.78,0.0434,0.0119
40.881,2.736,0,,,,,,REJOIN,0.600,avoid_cruise,1,0.0,101,0.009,1,0,-1.000,-2.05,2.78,0.0327,0.0037
40.901,2.732,0,,,,,,REJOIN,0.600,avoid_cruise,1,0.0,101,0.007,1,0,-1.000,-2.05,2.78,0.0336,0.0047
40.922,2.721,0,,,,,,REJOIN,0.601,avoid_cruise,1,0.0,101,0.001,1,0,-1.000,-1.39,2.76,0.0547,0.0258
40.947,2.717,0,,,,,,REJOIN,0.603,avoid_cruise,1,0.0,101,0.001,1,0,-1.000,-1.39,2.76,0.0550,0.0211
40.963,2.712,0,,,,,,REJOIN,0.605,avoid_cruise,1,0.0,101,0.017,1,0,-1.000,-1.63,2.75,0.0443,0.0149
40.981,2.703,0,,,,,,REJOIN,0.605,avoid_cruise,1,0.0,101,0.006,1,0,-1.000,-1.41,2.75,0.0399,0.0031
41.001,2.691,0,,,,,,REJOIN,0.605,avoid_cruise,1,0.0,101,0.026,1,0,-1.000,2.42,2.76,0.0342,0.0006
41.022,2.691,0,,,,,,REJOIN,0.605,avoid_cruise,1,0.0,101,0.046,1,0,-1.000,6.58,2.72,0.0288,0.0210
41.047,2.684,0,,,,,,REJOIN,0.606,avoid_cruise,1,0.0,101,0.001,1,0,-1.000,6.58,2.72,0.0542,0.0211
41.063,2.688,0,,,,,,REJOIN,0.614,avoid_cruise,1,0.5,101,0.016,1,0,-1.000,6.23,2.72,0.0456,0.0050
41.081,2.687,0,,,,,,REJOIN,0.614,avoid_cruise,1,2.9,101,0.009,1,0,-1.000,6.23,2.72,0.0386,0.0079
41.102,2.676,0,,,,,,REJOIN,0.616,avoid_cruise,1,2.9,101,0.006,1,0,-1.000,5.89,2.74,0.0349,0.0043
41.122,2.673,0,,,,,,REJOIN,0.623,avoid_cruise,1,5.1,101,0.003,1,0,-1.000,5.58,2.74,0.0299,0.0249
41.144,2.672,0,,,,,,REJOIN,0.623,avoid_cruise,1,6.7,101,0.001,1,0,-1.000,5.58,2.74,0.0513,0.0211
41.161,2.674,0,,,,,,REJOIN,0.625,avoid_cruise,1,7.4,101,0.019,1,0,-1.000,7.92,2.74,0.0447,0.0143
41.181,2.671,0,,,,,,REJOIN,0.625,avoid_cruise,1,5.1,101,0.009,1,0,-1.000,7.94,2.73,0.0369,0.0035
41.204,2.671,0,,,,,,REJOIN,0.627,avoid_cruise,1,5.1,101,0.001,1,0,-1.000,7.94,2.73,0.0598,0.0263
41.222,2.677,0,,,,,,REJOIN,0.629,avoid_cruise,1,8.3,101,0.004,1,0,-1.000,8.14,2.74,0.0299,0.0018
41.243,2.669,0,,,,,,REJOIN,0.635,avoid_cruise,1,10.0,101,0.001,1,0,-1.000,8.14,2.74,0.0504,0.0223
41.262,2.671,0,,,,,,REJOIN,0.638,avoid_cruise,1,10.6,101,0.020,1,0,-1.000,7.90,2.74,0.0456,0.0167
41.281,2.676,0,,,,,,REJOIN,0.638,avoid_cruise,1,8.6,101,0.011,1,0,-1.000,7.15,2.76,0.0393,0.0091
41.302,2.673,0,,,,,,REJOIN,0.640,avoid_cruise,1,10.4,101,0.005,1,0,-1.000,7.26,2.76,0.0354,0.0033
41.324,2.677,0,,,,,,REJOIN,0.647,avoid_cruise,1,10.4,101,0.002,1,0,-1.000,7.26,2.76,0.0584,0.0262
41.342,2.683,0,,,,,,REJOIN,0.647,avoid_cruise,1,9.2,101,0.020,1,0,-1.000,7.23,2.79,0.0503,0.0171
41.362,2.673,0,,,,,,REJOIN,0.652,avoid_cruise,1,10.7,101,0.010,1,0,-1.000,7.42,2.77,0.0460,0.0082
41.381,2.675,0,,,,,,REJOIN,0.652,avoid_cruise,1,6.7,101,0.011,1,0,-1.000,7.42,2.77,0.0397,0.0100
41.401,2.678,0,,,,,,GLOBAL,0.676,clear,0,6.7,101,0.031,0,0,-1.000,7.41,2.78,0.0357,0.0065
41.421,2.676,0,,,,,,GLOBAL,0.703,clear,0,6.7,101,0.051,0,0,-1.000,8.78,2.85,0.0300,0.0017
41.443,2.679,0,,,,,,GLOBAL,0.732,clear,0,6.7,101,0.072,0,0,-1.000,8.78,2.85,0.0512,0.0229
41.462,2.687,0,,,,,,GLOBAL,0.757,clear,0,6.7,101,0.092,0,0,-1.000,8.88,2.91,0.0460,0.0170
41.482,2.693,0,,,,,,GLOBAL,0.757,clear,0,6.7,101,0.112,0,0,-1.000,8.15,3.10,0.0406,0.0138
41.501,2.704,0,,,,,,GLOBAL,0.757,clear,0,6.7,101,0.131,0,0,-1.000,8.15,3.10,0.0360,0.0057
41.521,2.719,0,,,,,,GLOBAL,0.801,clear,0,6.7,101,0.151,0,0,-1.000,8.02,3.09,0.0301,0.0031
41.541,2.741,0,,,,,,GLOBAL,0.832,clear,0,6.7,101,0.171,0,0,-1.000,6.99,3.22,0.0501,0.0230
41.562,2.771,0,,,,,,GLOBAL,0.863,clear,0,6.7,101,0.192,0,0,-1.000,6.99,3.22,0.0467,0.0171
41.581,2.813,0,,,,,,GLOBAL,0.863,clear,0,6.7,101,0.211,0,0,-1.000,6.35,3.33,0.0405,0.0113
41.601,2.857,0,,,,,,GLOBAL,0.887,clear,0,6.7,101,0.231,0,0,-1.000,5.48,3.54,0.0346,0.0061
41.622,2.908,0,,,,,,GLOBAL,0.914,clear,0,6.7,101,0.252,0,0,-1.000,5.48,3.54,0.0305,0.0024
41.641,2.969,0,,,,,,GLOBAL,0.945,clear,0,6.7,101,0.271,0,0,-1.000,5.13,3.62,0.0499,0.0219
41.661,3.026,0,,,,,,GLOBAL,0.968,clear,0,6.7,101,0.291,0,0,-1.000,4.41,3.71,0.0450,0.0179
41.681,3.087,0,,,,,,GLOBAL,0.968,clear,0,6.7,101,0.311,0,0,-1.000,4.41,3.71,0.0410,0.0116
41.702,3.162,0,,,,,,GLOBAL,1.000,clear,0,6.7,101,0.332,0,0,-1.000,4.03,3.78,0.0363,0.0043
41.721,3.239,0,,,,,,GLOBAL,1.000,clear,0,6.7,101,0.351,0,0,-1.000,3.25,3.87,0.0305,0.0234
41.741,3.313,0,,,,,,GLOBAL,1.000,clear,0,6.7,101,0.371,0,0,-1.000,3.25,3.87,0.0254,0.0170
41.762,3.391,0,,,,,,GLOBAL,1.000,clear,0,6.7,101,0.392,0,0,-1.000,3.24,3.85,0.0457,0.0179
41.781,3.443,0,,,,,,GLOBAL,1.000,clear,0,6.7,101,0.411,0,0,-1.000,1.90,3.81,0.0411,0.0067
41.802,3.501,0,,,,,,GLOBAL,1.000,clear,0,6.7,101,0.432,0,0,-1.000,1.90,3.81,0.0361,0.0046
41.908,3.501,0,,,,,,GLOBAL,1.000,clear,0,6.7,101,0.538,0,0,-1.000,1.90,3.81,0.1420,0.1105
41.925,3.650,0,,,,,,GLOBAL,1.000,clear,0,6.7,101,0.555,0,0,-1.000,1.19,3.66,0.0591,0.0101
41.942,3.672,0,,,,,,GLOBAL,1.000,clear,0,6.7,101,0.572,0,0,-1.000,0.62,3.62,0.0250,0.0166
41.961,3.690,0,,,,,,GLOBAL,1.000,clear,0,6.7,101,0.591,0,0,-1.000,1.49,3.57,0.0442,0.0146
41.981,3.703,0,,,,,,GLOBAL,1.000,clear,0,6.7,101,0.611,0,0,-1.000,1.49,3.57,0.0400,0.0094
42.002,3.712,0,,,,,,GLOBAL,1.000,clear,0,6.7,101,0.632,0,0,-1.000,1.27,3.55,0.0349,0.0040
42.021,3.714,0,,,,,,GLOBAL,1.000,clear,0,6.7,101,0.651,0,0,-1.000,1.82,3.48,0.0303,0.0236
42.042,3.711,0,,,,,,GLOBAL,1.000,clear,0,6.7,101,0.672,0,0,-1.000,1.82,3.48,0.0254,0.0202
42.062,3.712,0,,,,,,GLOBAL,1.000,clear,0,6.7,101,0.692,0,0,-1.000,2.12,3.46,0.0451,0.0179
42.081,3.697,0,,,,,,GLOBAL,1.000,clear,0,6.7,101,0.711,0,0,-1.000,1.77,3.39,0.0402,0.0106
42.101,3.658,0,,,,,,GLOBAL,1.000,clear,0,6.7,101,0.731,0,0,-1.000,1.77,3.39,0.0325,0.0052
42.121,3.600,0,,,,,,GLOBAL,1.000,clear,0,6.7,101,0.751,0,0,-1.000,1.90,3.37,0.0291,0.0252
42.141,3.531,0,,,,,,GLOBAL,1.000,clear,0,6.7,101,0.771,0,0,-1.000,2.52,3.32,0.0491,0.0182
42.162,3.480,0,,,,,,GLOBAL,1.000,clear,0,6.7,101,0.792,0,0,-1.000,2.52,3.32,0.0457,0.0137
42.182,3.482,0,,,,,,GLOBAL,1.000,clear,0,6.7,101,0.812,0,0,-1.000,2.91,3.28,0.0397,0.0070
42.201,3.481,0,,,,,,GLOBAL,1.000,clear,0,6.7,101,0.831,0,0,-1.000,2.91,3.28,0.0347,0.0041
42.222,3.473,0,,,,,,GLOBAL,1.000,clear,0,6.7,101,0.852,0,0,-1.000,3.32,3.25,0.0270,0.0245
42.241,3.449,0,,,,,,GLOBAL,1.000,clear,0,6.7,101,0.871,0,0,-1.000,3.51,3.18,0.0467,0.0156
42.269,3.428,0,,,,,,GLOBAL,1.000,clear,0,6.7,101,0.899,0,0,-1.000,3.48,3.18,0.0507,0.0143
42.282,3.396,0,,,,,,GLOBAL,1.000,clear,0,6.7,101,0.912,0,0,-1.000,3.48,3.18,0.0385,0.0114
42.301,3.357,0,,,,,,GLOBAL,1.000,clear,0,6.7,101,0.931,0,0,-1.000,3.77,3.13,0.0337,0.0055
42.321,3.327,0,,,,,,GLOBAL,1.000,clear,0,6.7,101,0.951,0,0,-1.000,3.77,3.13,0.0295,0.0256
42.342,3.284,0,,,,,,GLOBAL,1.000,clear,0,6.7,101,0.972,0,0,-1.000,3.41,3.08,0.0498,0.0198
42.362,3.252,0,,,,,,GLOBAL,1.000,clear,0,6.7,101,0.992,0,0,-1.000,4.03,3.03,0.0433,0.0152
42.381,3.214,0,,,,,,GLOBAL,1.000,clear,0,6.7,101,1.011,0,0,-1.000,4.03,3.03,0.0396,0.0117
42.401,3.176,0,,,,,,GLOBAL,1.000,clear,0,6.7,101,1.031,0,0,-1.000,4.55,3.00,0.0340,0.0032
42.421,3.139,0,,,,,,GLOBAL,1.000,clear,0,6.7,101,1.051,0,0,-1.000,4.70,3.00,0.0283,0.0016
42.442,3.106,0,,,,,,GLOBAL,1.000,clear,0,6.7,101,1.072,0,0,-1.000,5.02,3.00,0.0487,0.0220
42.461,3.071,0,,,,,,GLOBAL,1.000,clear,0,6.7,101,1.091,0,0,-1.000,5.02,3.00,0.0441,0.0160
42.481,3.053,0,,,,,,GLOBAL,1.000,clear,0,6.7,101,1.111,0,0,-1.000,4.47,3.00,0.0371,0.0119
42.501,3.032,0,,,,,,GLOBAL,1.000,clear,0,6.7,101,1.131,0,0,-1.000,4.47,3.00,0.0345,0.0034
42.522,3.011,0,,,,,,GLOBAL,1.000,clear,0,6.7,101,1.152,0,0,-1.000,4.49,3.00,0.0278,0.0006
42.541,3.004,0,,,,,,GLOBAL,1.000,clear,0,6.7,101,1.171,0,0,-1.000,5.30,3.00,0.0472,0.0200
42.561,3.006,0,,,,,,GLOBAL,1.000,clear,0,6.7,101,1.191,0,0,-1.000,4.79,3.00,0.0446,0.0145
42.581,3.003,0,,,,,,GLOBAL,1.000,clear,0,6.7,101,1.211,0,0,-1.000,4.79,3.00,0.0373,0.0107
42.601,3.000,0,,,,,,GLOBAL,1.000,clear,0,6.7,101,1.231,0,0,-1.000,5.29,3.00,0.0332,0.0031
42.621,2.998,0,,,,,,GLOBAL,1.000,clear,0,6.7,101,1.251,0,0,-1.000,5.08,3.00,0.0273,0.0231
42.641,2.989,0,,,,,,GLOBAL,1.000,clear,0,6.7,101,1.271,0,0,-1.000,5.08,3.00,0.0473,0.0184
42.662,2.979,0,,,,,,GLOBAL,1.000,clear,0,6.7,101,1.292,0,0,-1.000,5.14,3.00,0.0438,0.0153
42.681,2.959,0,,,,,,GLOBAL,1.000,clear,0,6.7,101,1.311,0,0,-1.000,5.64,3.00,0.0376,0.0084
42.701,2.935,0,,,,,,GLOBAL,1.000,clear,0,6.7,101,1.331,0,0,-1.000,5.64,3.00,0.0335,0.0051
42.721,2.929,0,,,,,,GLOBAL,1.000,clear,0,6.7,101,1.351,0,0,-1.000,6.64,3.00,0.0274,0.0011
42.741,2.919,0,,,,,,GLOBAL,1.000,clear,0,6.7,101,1.371,0,0,-1.000,6.51,3.00,0.0476,0.0212
42.762,2.908,0,,,,,,GLOBAL,1.000,clear,0,6.7,101,1.392,0,0,-1.000,6.51,3.00,0.0441,0.0158
42.782,2.909,0,,,,,,GLOBAL,1.000,clear,0,6.7,101,1.411,0,0,-1.000,6.91,3.00,0.0381,0.0077
42.802,2.908,0,,,,,,GLOBAL,1.000,clear,0,6.7,101,1.432,0,0,-1.000,6.91,3.00,0.0351,0.0051
42.822,2.904,0,,,,,,GLOBAL,1.000,clear,0,6.7,101,1.452,0,0,-1.000,8.48,3.00,0.0275,0.0007
42.841,2.912,0,,,,,,GLOBAL,1.000,clear,0,6.7,101,1.471,0,0,-1.000,9.46,3.00,0.0472,0.0204
42.861,2.909,0,,,,,,GLOBAL,1.000,clear,0,6.7,101,1.491,0,0,-1.000,9.57,3.00,0.0442,0.0139
42.881,2.906,0,,,,,,GLOBAL,1.000,clear,0,6.7,101,1.511,0,0,-1.000,9.57,3.00,0.0355,0.0106
42.902,2.913,0,,,,,,GLOBAL,1.000,clear,0,6.7,101,1.532,0,0,-1.000,10.38,3.00,0.0348,0.0043
42.921,2.911,0,,,,,,GLOBAL,1.000,clear,0,6.7,101,1.551,0,0,-1.000,9.94,3.00,0.0268,0.0020
42.942,2.915,0,,,,,,GLOBAL,1.000,clear,0,6.7,101,1.572,0,0,-1.000,9.94,3.00,0.0476,0.0227
42.962,2.917,0,,,,,,GLOBAL,1.000,clear,0,6.7,101,1.592,0,0,-1.000,10.31,3.00,0.0454,0.0162
42.981,2.901,0,,,,,,GLOBAL,1.000,clear,0,6.7,101,1.611,0,0,-1.000,10.03,3.00,0.0359,0.0069
43.001,2.915,0,,,,,,GLOBAL,1.000,clear,0,6.7,101,1.631,0,0,-1.000,10.03,3.00,0.0347,0.0065
43.022,2.917,0,,,,,,GLOBAL,1.000,clear,0,6.7,101,1.652,0,0,-1.000,10.03,3.00,0.0280,0.0005
43.042,2.904,0,,,,,,GLOBAL,1.000,clear,0,6.7,101,1.672,0,0,-1.000,9.75,3.00,0.0480,0.0206
43.061,2.920,0,,,,,,GLOBAL,1.000,clear,0,6.7,101,1.691,0,0,-1.000,9.75,3.00,0.0445,0.0137
43.083,2.915,0,,,,,,GLOBAL,1.000,clear,0,6.7,101,1.713,0,0,-1.000,9.75,3.00,0.0390,0.0121
43.103,2.902,0,,,,,,GLOBAL,1.000,clear,0,6.7,101,1.733,0,0,-1.000,8.75,3.00,0.0596,0.0327
43.122,2.918,0,,,,,,GLOBAL,1.000,clear,0,6.7,101,1.752,0,0,-1.000,8.27,3.00,0.0284,0.0026
43.141,2.913,0,,,,,,GLOBAL,1.000,clear,0,6.7,101,1.771,0,0,-1.000,7.73,3.00,0.0476,0.0218
43.161,2.907,0,,,,,,GLOBAL,1.000,clear,0,6.7,101,1.791,0,0,-1.000,7.75,3.00,0.0454,0.0157
43.181,2.915,0,,,,,,GLOBAL,1.000,clear,0,6.7,101,1.811,0,0,-1.000,7.75,3.00,0.0378,0.0115
43.201,2.911,0,,,,,,GLOBAL,1.000,clear,0,6.7,101,1.831,0,0,-1.000,7.65,3.00,0.0353,0.0040
43.222,2.908,0,,,,,,GLOBAL,1.000,clear,0,6.7,101,1.852,0,0,-1.000,7.65,3.00,0.0273,0.0009
43.242,2.915,0,,,,,,GLOBAL,1.000,clear,0,6.7,101,1.872,0,0,-1.000,7.42,3.00,0.0476,0.0212
43.263,2.911,0,,,,,,GLOBAL,1.000,clear,0,6.7,101,1.893,0,0,-1.000,7.26,3.00,0.0444,0.0170
43.282,2.908,0,,,,,,GLOBAL,1.000,clear,0,6.7,101,1.912,0,0,-1.000,7.30,3.00,0.0401,0.0100
43.416,2.912,0,,,,,,GLOBAL,1.000,clear,0,6.7,101,2.046,0,0,-1.000,7.30,3.00,0.1490,0.1213
43.426,2.910,0,,,,,,GLOBAL,1.000,clear,0,6.7,101,2.056,0,0,-1.000,7.51,3.00,0.1350,0.0035
43.441,2.914,0,,,,,,GLOBAL,1.000,clear,0,6.7,101,2.071,0,0,-1.000,7.09,3.00,0.0476,0.0074
43.462,2.909,0,,,,,,GLOBAL,1.000,clear,0,6.7,101,2.092,0,0,-1.000,6.64,3.00,0.0452,0.0174
43.481,2.913,0,,,,,,GLOBAL,1.000,clear,0,6.7,101,2.111,0,0,-1.000,6.64,3.00,0.0405,0.0113
43.501,2.921,0,,,,,,GLOBAL,1.000,clear,0,6.7,101,2.131,0,0,-1.000,7.04,3.00,0.0347,0.0066
43.521,2.910,0,,,,,,GLOBAL,1.000,clear,0,6.7,101,2.151,0,0,-1.000,6.43,3.00,0.0289,0.0018
43.541,2.918,0,,,,,,GLOBAL,1.000,clear,0,6.7,101,2.171,0,0,-1.000,6.43,3.00,0.0491,0.0219
43.562,2.926,0,,,,,,GLOBAL,1.000,clear,0,6.7,101,2.192,0,0,-1.000,6.76,3.00,0.0450,0.0173
43.581,2.915,0,,,,,,GLOBAL,1.000,clear,0,6.7,101,2.211,0,0,-1.000,6.67,3.00,0.0391,0.0125
43.601,2.920,0,,,,,,GLOBAL,1.000,clear,0,6.7,101,2.231,0,0,-1.000,6.67,3.00,0.0351,0.0046
43.622,2.930,0,,,,,,GLOBAL,1.000,clear,0,6.7,101,2.252,0,0,-1.000,6.72,3.00,0.0296,0.0006
43.641,2.916,0,,,,,,GLOBAL,1.000,clear,0,6.7,101,2.271,0,0,-1.000,6.77,3.00,0.0494,0.0203
43.662,2.927,0,,,,,,GLOBAL,1.000,clear,0,6.7,101,2.292,0,0,-1.000,6.77,3.00,0.0463,0.0175
43.681,2.932,0,,,,,,GLOBAL,1.000,clear,0,6.7,101,2.311,0,0,-1.000,6.61,3.00,0.0386,0.0118
43.701,2.921,0,,,,,,GLOBAL,1.000,clear,0,6.7,101,2.331,0,0,-1.000,7.07,3.00,0.0339,0.0069
43.722,2.931,0,,,,,,GLOBAL,1.000,clear,0,6.7,101,2.351,0,0,-1.000,7.07,3.00,0.0299,0.0271
43.741,2.935,0,,,,,,GLOBAL,1.000,clear,0,6.7,101,2.371,0,0,-1.000,7.20,3.00,0.0498,0.0195
43.762,2.923,0,,,,,,GLOBAL,1.000,clear,0,6.7,101,2.391,0,0,-1.000,7.34,3.00,0.0437,0.0175
43.781,2.939,0,,,,,,GLOBAL,1.000,clear,0,6.7,101,2.411,0,0,-1.000,7.34,3.00,0.0400,0.0085
43.804,2.934,0,,,,,,GLOBAL,1.000,clear,0,6.7,101,2.434,0,0,-1.000,7.19,3.00,0.0366,0.0094
43.821,2.923,0,,,,,,GLOBAL,1.000,clear,0,6.7,101,2.451,0,0,-1.000,7.19,3.00,0.0301,0.0018
43.842,2.939,0,,,,,,GLOBAL,1.000,clear,0,6.7,101,2.472,0,0,-1.000,7.23,3.00,0.0509,0.0226
43.861,2.934,0,,,,,,GLOBAL,1.000,clear,0,6.7,101,2.491,0,0,-1.000,7.34,3.00,0.0434,0.0157
43.881,2.928,0,,,,,,GLOBAL,1.000,clear,0,6.7,101,2.511,0,0,-1.000,7.91,3.00,0.0402,0.0103
43.901,2.941,0,,,,,,GLOBAL,1.000,clear,0,6.7,101,2.531,0,0,-1.000,7.91,3.00,0.0345,0.0035
43.921,2.932,0,,,,,,GLOBAL,1.000,clear,0,6.7,101,2.551,0,0,-1.000,7.57,3.00,0.0304,0.0235
43.941,2.928,0,,,,,,GLOBAL,1.000,clear,0,6.7,101,2.571,0,0,-1.000,8.25,3.00,0.0503,0.0164
43.962,2.939,0,,,,,,GLOBAL,1.000,clear,0,6.7,101,2.592,0,0,-1.000,8.25,3.00,0.0450,0.0170
43.981,2.929,0,,,,,,GLOBAL,1.000,clear,0,6.7,101,2.611,0,0,-1.000,8.55,3.00,0.0389,0.0080
44.001,2.929,0,,,,,,GLOBAL,1.000,clear,0,6.7,101,2.631,0,0,-1.000,8.55,3.00,0.0348,0.0039
44.021,2.941,0,,,,,,GLOBAL,1.000,clear,0,6.7,101,2.651,0,0,-1.000,8.89,3.00,0.0274,0.0240
44.041,2.926,0,,,,,,GLOBAL,1.000,clear,0,6.7,101,2.671,0,0,-1.000,9.91,3.00,0.0474,0.0192
44.061,2.933,0,,,,,,GLOBAL,1.000,clear,0,6.7,101,2.691,0,0,-1.000,10.83,3.00,0.0450,0.0155
44.081,2.938,0,,,,,,GLOBAL,1.000,clear,0,6.7,101,2.711,0,0,-1.000,10.83,3.00,0.0378,0.0126
44.101,2.924,0,,,,,,GLOBAL,1.000,clear,0,6.7,101,2.731,0,0,-1.000,10.42,3.00,0.0349,0.0070
44.121,2.928,0,,,,,,GLOBAL,1.000,clear,0,6.7,101,2.751,0,0,-1.000,12.10,3.00,0.0272,0.0014
44.141,2.936,0,,,,,,GLOBAL,1.000,clear,0,6.7,101,2.771,0,0,-1.000,12.10,3.00,0.0470,0.0213
44.161,2.923,0,,,,,,GLOBAL,1.000,clear,0,6.7,101,2.791,0,0,-1.000,12.44,3.00,0.0449,0.0171
44.181,2.933,0,,,,,,GLOBAL,1.000,clear,0,6.7,101,2.811,0,0,-1.000,16.54,3.00,0.0376,0.0104
44.201,2.935,0,,,,,,GLOBAL,1.000,clear,0,6.7,101,2.831,0,0,-1.000,16.54,3.00,0.0355,0.0064
44.222,2.927,0,,,,,,GLOBAL,1.000,clear,0,6.7,101,2.852,0,0,-1.000,15.93,3.00,0.0283,0.0017
44.241,2.930,0,,,,,,GLOBAL,1.000,clear,0,6.7,101,2.871,0,0,-1.000,17.02,3.00,0.0479,0.0213
44.262,2.935,0,,,,,,GLOBAL,1.000,clear,0,6.7,101,2.892,0,0,-1.000,17.02,3.00,0.0461,0.0151
44.281,2.922,0,,,,,,GLOBAL,1.000,clear,0,6.7,101,2.911,0,0,-1.000,16.66,3.00,0.0396,0.0063
44.302,2.931,0,,,,,,GLOBAL,1.000,clear,0,6.7,101,2.932,0,0,-1.000,16.88,3.00,0.0347,0.0049
44.322,2.923,0,,,,,,GLOBAL,1.000,clear,0,6.7,101,2.951,0,0,-1.000,16.88,3.00,0.0302,0.0007
44.342,2.919,0,,,,,,GLOBAL,1.000,clear,0,6.7,101,2.972,0,0,-1.000,16.95,3.00,0.0503,0.0208
44.361,2.922,0,,,,,,GLOBAL,1.000,clear,0,6.7,101,2.991,0,0,-1.000,16.67,3.00,0.0442,0.0129
44.381,2.914,0,,,,,,GLOBAL,1.000,clear,0,6.7,101,3.011,0,0,-1.000,16.67,3.00,0.0404,0.0037
44.401,2.915,0,,,,,,GLOBAL,1.000,clear,0,6.7,101,3.031,0,0,-1.000,16.00,3.00,0.0346,0.0051
44.423,2.917,0,,,,,,GLOBAL,1.000,clear,0,6.7,101,3.053,0,0,-1.000,15.53,3.00,0.0317,0.0263
44.442,2.893,0,,,,,,GLOBAL,1.000,clear,0,6.7,101,3.072,0,0,-1.000,15.53,3.00,0.0508,0.0187
44.462,2.902,0,,,,,,GLOBAL,1.000,clear,0,6.7,101,3.092,0,0,-1.000,14.75,3.00,0.0427,0.0179
44.482,2.907,0,,,,,,GLOBAL,1.000,clear,0,6.7,101,3.112,0,0,-1.000,14.76,3.00,0.0414,0.0132
44.501,2.883,0,,,,,,GLOBAL,1.000,clear,0,6.7,101,3.131,0,0,-1.000,14.76,3.00,0.0347,0.0059
44.521,2.901,0,,,,,,GLOBAL,1.000,clear,0,6.7,101,3.151,0,0,-1.000,15.19,3.00,0.0301,0.0017
44.542,2.896,0,,,,,,GLOBAL,1.000,clear,0,6.7,101,3.171,0,0,-1.000,16.85,3.00,0.0252,0.0219
44.562,2.869,0,,,,,,GLOBAL,1.000,clear,0,6.7,101,3.192,0,0,-1.000,16.85,3.00,0.0453,0.0170
44.581,2.891,0,,,,,,GLOBAL,1.000,clear,0,6.7,101,3.211,0,0,-1.000,16.85,3.00,0.0409,0.0104
44.602,2.886,0,,,,,,GLOBAL,1.000,clear,0,6.7,101,3.232,0,0,-1.000,17.01,3.00,0.0357,0.0049
44.622,2.867,0,,,,,,GLOBAL,1.000,clear,0,6.7,101,3.251,0,0,-1.000,17.01,3.00,0.0297,0.0022
44.641,2.891,0,,,,,,GLOBAL,1.000,clear,0,6.7,101,3.271,0,0,-1.000,19.94,3.00,0.0495,0.0220
44.661,2.881,0,,,,,,GLOBAL,1.000,clear,0,6.7,101,3.291,0,0,-1.000,19.21,3.00,0.0455,0.0170
44.682,2.856,0,,,,,,GLOBAL,1.000,clear,0,6.7,101,3.312,0,0,-1.000,19.21,3.00,0.0403,0.0112
44.701,2.882,0,,,,,,GLOBAL,1.000,clear,0,6.7,101,3.331,0,0,-1.000,20.37,3.00,0.0354,0.0058
44.721,2.870,0,,,,,,GLOBAL,1.000,clear,0,6.7,101,3.351,0,0,-1.000,20.33,3.00,0.0297,0.0259
44.742,2.851,0,,,,,,GLOBAL,1.000,clear,0,6.7,101,3.372,0,0,-1.000,20.33,3.00,0.0502,0.0182
44.762,2.884,0,,,,,,GLOBAL,1.000,clear,0,6.7,101,3.391,0,0,-1.000,20.63,3.00,0.0460,0.0156
44.781,2.872,0,,,,,,GLOBAL,1.000,clear,0,6.7,101,3.411,0,0,-1.000,18.67,3.00,0.0400,0.0036
44.820,2.835,0,,,,,,GLOBAL,1.000,clear,0,6.7,101,3.450,0,0,-1.000,18.67,3.00,0.0530,0.0424
44.848,2.835,0,,,,,,GLOBAL,1.000,clear,0,6.7,101,3.478,0,0,-1.000,18.67,3.00,0.0808,0.0703
44.863,2.809,0,,,,,,GLOBAL,1.000,clear,0,6.7,101,3.493,0,0,-1.000,17.85,3.00,0.0462,0.0107
44.884,2.869,0,,,,,,GLOBAL,1.000,clear,0,6.7,101,3.514,0,0,-1.000,16.82,3.00,0.0676,0.0321
44.904,2.846,0,,,,,,GLOBAL,1.000,clear,0,6.7,101,3.534,0,0,-1.000,16.82,3.00,0.0634,0.0074
44.921,2.811,0,,,,,,GLOBAL,1.000,clear,0,6.7,101,3.551,0,0,-1.000,15.86,3.00,0.0300,0.0015
44.941,2.865,0,,,,,,GLOBAL,1.000,clear,0,6.7,101,3.571,0,0,-1.000,14.32,3.00,0.0502,0.0217
44.961,2.831,0,,,,,,GLOBAL,1.000,clear,0,6.7,101,3.591,0,0,-1.000,14.56,3.00,0.0449,0.0166
44.981,2.808,0,,,,,,GLOBAL,1.000,clear,0,6.7,101,3.611,0,0,-1.000,14.56,3.00,0.0391,0.0124
45.001,2.864,0,,,,,,GLOBAL,1.000,clear,0,6.7,101,3.631,0,0,-1.000,13.64,3.00,0.0349,0.0067
45.021,2.830,0,,,,,,GLOBAL,1.000,clear,0,6.7,101,3.651,0,0,-1.000,13.64,3.00,0.0293,0.0017
45.041,2.814,0,,,,,,GLOBAL,1.000,clear,0,6.7,101,3.671,0,0,-1.000,13.32,3.00,0.0494,0.0218
45.061,2.853,0,,,,,,GLOBAL,1.000,clear,0,6.7,101,3.691,0,0,-1.000,11.09,3.00,0.0451,0.0159
45.081,2.830,0,,,,,,GLOBAL,1.000,clear,0,6.7,101,3.711,0,0,-1.000,10.60,3.00,0.0395,0.0121
45.101,2.829,0,,,,,,GLOBAL,1.000,clear,0,6.7,101,3.731,0,0,-1.000,10.60,3.00,0.0354,0.0063
45.122,2.852,0,,,,,,GLOBAL,1.000,clear,0,6.7,101,3.752,0,0,-1.000,9.05,3.00,0.0305,0.0008
45.141,2.843,0,,,,,,GLOBAL,1.000,clear,0,6.7,101,3.771,0,0,-1.000,8.53,3.00,0.0498,0.0201
45.161,2.835,0,,,,,,GLOBAL,1.000,clear,0,6.7,101,3.791,0,0,-1.000,8.53,3.00,0.0441,0.0157
45.181,2.851,0,,,,,,GLOBAL,1.000,clear,0,6.7,101,3.811,0,0,-1.000,7.85,3.00,0.0396,0.0105
45.201,2.855,0,,,,,,GLOBAL,1.000,clear,0,6.7,101,3.831,0,0,-1.000,6.96,3.00,0.0343,0.0044
45.222,2.849,0,,,,,,GLOBAL,1.000,clear,0,6.7,101,3.852,0,0,-1.000,6.96,3.00,0.0306,0.0014
45.242,2.864,0,,,,,,GLOBAL,1.000,clear,0,6.7,101,3.872,0,0,-1.000,4.07,3.00,0.0507,0.0215
45.262,2.872,0,,,,,,GLOBAL,1.000,clear,0,6.7,101,3.891,0,0,-1.000,3.17,3.00,0.0447,0.0142
45.281,2.870,0,,,,,,GLOBAL,1.000,clear,0,6.7,101,3.911,0,0,-1.000,3.17,3.00,0.0401,0.0089
45.301,2.884,0,,,,,,GLOBAL,1.000,clear,0,6.7,101,3.931,0,0,-1.000,2.35,3.00,0.0346,0.0054
45.321,2.895,0,,,,,,GLOBAL,1.000,clear,0,6.7,101,3.951,0,0,-1.000,2.03,3.00,0.0304,0.0253
45.341,2.887,0,,,,,,GLOBAL,1.000,clear,0,6.7,101,3.971,0,0,-1.000,2.03,3.00,0.0505,0.0158
45.361,2.896,0,,,,,,GLOBAL,1.000,clear,0,6.7,101,3.991,0,0,-1.000,0.70,3.00,0.0437,0.0125
45.381,2.906,0,,,,,,GLOBAL,1.000,clear,0,6.7,101,4.011,0,0,1.288,-0.93,3.00,0.0392,0.0114
45.401,2.903,0,,,,,,GLOBAL,1.000,clear,0,6.7,101,4.031,0,0,-1.000,-0.93,3.00,0.0350,0.0040
45.421,2.908,0,,,,,,GLOBAL,1.000,clear,0,6.7,101,4.051,0,0,-1.000,-1.99,3.00,0.0294,0.0240
45.441,2.928,0,,,,,,GLOBAL,1.000,clear,0,6.7,101,4.071,0,0,-1.000,-3.13,3.05,0.0495,0.0198
45.461,2.925,0,,,,,,GLOBAL,1.000,clear,0,6.7,101,4.091,0,0,-1.000,-3.13,3.05,0.0453,0.0170
45.481,2.932,0,,,,,,GLOBAL,1.000,clear,0,6.7,101,4.111,0,0,-1.000,-2.96,3.13,0.0392,0.0082
45.501,2.947,0,,,,,,GLOBAL,1.000,clear,0,6.7,101,4.131,0,0,-1.000,-2.96,3.13,0.0338,0.0063
45.521,2.968,0,,,,,,GLOBAL,1.000,clear,0,6.7,101,4.151,0,0,-1.000,-3.29,3.18,0.0289,0.0263
45.541,2.983,0,,,,,,GLOBAL,0.997,clear,0,6.7,101,4.171,0,0,-1.000,-5.08,3.26,0.0492,0.0198
45.562,3.012,0,,,,,,GLOBAL,1.000,clear,0,6.7,101,4.192,0,0,-1.000,-4.86,3.34,0.0433,0.0162
45.581,3.038,0,,,,,,GLOBAL,1.000,clear,0,6.7,101,4.211,0,0,-1.000,-4.86,3.34,0.0401,0.0112
45.602,3.068,1,2.383,2.754,0.359,0.395,,GLOBAL,1.000,clear,0,6.7,101,4.232,0,0,-1.000,-5.40,3.35,0.0346,0.0044
45.622,3.107,1,2.383,2.754,0.359,0.395,,GLOBAL,1.000,clear,0,6.7,101,4.252,0,0,-1.000,-5.82,3.28,0.0280,0.0248
45.641,3.131,0,,,,,,GLOBAL,1.000,clear,0,6.7,101,4.271,0,0,-1.000,-5.82,3.28,0.0472,0.0188
45.661,3.150,0,,,,,2.506,GLOBAL,1.000,clear,0,6.7,101,4.291,0,0,-1.000,-5.48,3.25,0.0438,0.0143
45.681,3.170,0,,,,,,GLOBAL,1.000,clear,0,6.7,101,4.311,0,0,-1.000,-5.95,3.21,0.0372,0.0115
45.701,3.184,0,,,,,,GLOBAL,1.000,clear,0,6.7,101,4.331,0,0,-1.000,-5.95,3.21,0.0346,0.0022
45.721,3.193,0,,,,,,GLOBAL,1.000,clear,0,6.7,101,4.351,0,0,-1.000,-6.16,3.21,0.0274,0.0224
45.743,3.202,0,,,,,,GLOBAL,1.000,clear,0,6.7,101,4.373,0,0,-1.000,-6.50,3.21,0.0491,0.0193
45.762,3.205,0,,,,,,GLOBAL,1.000,clear,0,6.7,101,4.392,0,0,-1.000,-6.50,3.21,0.0435,0.0144
45.781,3.204,0,,,,,,GLOBAL,1.000,clear,0,6.7,101,4.411,0,0,-1.000,-5.89,3.21,0.0372,0.0055
45.802,3.206,0,,,,,,GLOBAL,1.000,clear,0,6.7,101,4.431,0,0,-1.000,-5.89,3.21,0.0335,0.0048
45.821,3.200,0,,,,,,GLOBAL,1.000,clear,0,6.7,101,4.451,0,0,-1.000,-5.96,3.21,0.0278,0.0246
45.841,3.195,0,,,,,,GLOBAL,1.000,clear,0,6.7,101,4.471,0,0,-1.000,-5.80,3.21,0.0477,0.0189
45.861,3.195,0,,,,,,GLOBAL,1.000,clear,0,6.7,101,4.491,0,0,-1.000,-5.74,3.21,0.0435,0.0143
45.881,3.190,0,,,,,,GLOBAL,1.000,clear,0,6.7,101,4.511,0,0,-1.000,-5.74,3.21,0.0358,0.0037
45.902,3.194,0,,,,,,GLOBAL,1.000,clear,0,6.7,101,4.532,0,0,-1.000,-5.26,3.21,0.0343,0.0005
45.921,3.192,0,,,,,,GLOBAL,1.000,clear,0,6.7,101,4.551,0,0,-1.000,-4.85,3.21,0.0283,0.0201
45.942,3.195,0,,,,,,GLOBAL,1.000,clear,0,6.7,101,4.571,0,0,-1.000,-4.85,3.21,0.0484,0.0116
45.961,3.198,0,,,,,,GLOBAL,1.000,clear,0,6.7,101,4.591,0,0,-1.000,-4.87,3.21,0.0441,0.0128
45.981,3.196,0,,,,,,GLOBAL,1.000,clear,0,6.7,101,4.611,0,0,-1.000,-5.29,3.21,0.0372,0.0100
46.001,3.198,0,,,,,,GLOBAL,1.000,clear,0,6.7,101,4.631,0,0,-1.000,-5.29,3.21,0.0342,0.0033
46.021,3.198,0,,,,,,GLOBAL,1.000,clear,0,6.7,101,4.651,0,0,-1.000,-4.69,3.22,0.0275,0.0234
46.041,3.195,0,,,,,,GLOBAL,1.000,clear,0,6.7,101,4.671,0,0,-1.000,-4.27,3.26,0.0474,0.0171
46.061,3.192,0,,,,,,GLOBAL,1.000,clear,0,6.7,101,4.691,0,0,-1.000,-4.27,3.26,0.0401,0.0145
46.081,3.199,0,,,,,,GLOBAL,1.000,clear,0,6.7,101,4.711,0,0,-1.000,-4.22,3.31,0.0386,0.0095
46.101,3.206,0,,,,,,GLOBAL,1.000,clear,0,6.7,101,4.731,0,0,-1.000,-3.75,3.34,0.0308,0.0058
46.121,3.228,0,,,,,,GLOBAL,1.000,clear,0,6.7,101,4.751,0,0,-1.000,-3.75,3.34,0.0274,0.0261
46.141,3.222,0,,,,,,GLOBAL,1.000,clear,0,6.7,101,4.771,0,0,-1.000,-2.92,3.45,0.0473,0.0195
46.161,3.234,0,,,,,,GLOBAL,1.000,clear,0,6.7,101,4.791,0,0,-1.000,-2.64,3.51,0.0427,0.0141
46.181,3.248,0,,,,,,GLOBAL,1.000,clear,0,6.7,101,4.811,0,0,-1.000,-2.64,3.51,0.0374,0.0077
46.201,3.258,0,,,,,,GLOBAL,1.000,clear,0,6.7,101,4.831,0,0,-1.000,-2.10,3.55,0.0333,0.0020
46.221,3.292,0,,,,,,GLOBAL,1.000,clear,0,6.7,101,4.851,0,0,-1.000,-2.18,3.61,0.0275,0.0221
46.241,3.314,0,,,,,,GLOBAL,1.000,clear,0,6.7,101,4.871,0,0,-1.000,-2.18,3.61,0.0475,0.0161
46.261,3.348,0,,,,,,GLOBAL,1.000,clear,0,6.7,101,4.891,0,0,-1.000,-2.12,3.64,0.0432,0.0110
46.281,3.384,0,,,,,,GLOBAL,1.000,clear,0,6.7,101,4.911,0,0,-1.000,-2.07,3.69,0.0374,0.0070
46.301,3.408,0,,,,,,GLOBAL,1.000,clear,0,6.7,101,4.931,0,0,-1.000,-2.07,3.69,0.0338,0.0023
46.321,3.440,0,,,,,,GLOBAL,1.000,clear,0,6.7,101,4.951,0,0,-1.000,-1.88,3.74,0.0272,0.0223
46.342,3.461,0,,,,,,GLOBAL,1.000,clear,0,6.7,101,4.972,0,0,-1.000,-1.70,3.79,0.0479,0.0191
46.361,3.495,0,,,,,,GLOBAL,1.000,clear,0,6.7,101,4.991,0,0,-1.000,-1.70,3.79,0.0438,0.0067
46.383,3.529,0,,,,,,GLOBAL,1.000,clear,0,6.7,101,5.013,0,0,-1.000,-2.15,3.81,0.0387,0.0063
46.411,3.560,0,,,,,,GLOBAL,1.000,clear,0,6.7,101,5.041,0,0,-1.000,-2.15,3.81,0.0435,0.0083
46.423,3.603,0,,,,,,GLOBAL,1.000,clear,0,6.7,101,5.053,0,0,-1.000,-2.67,3.81,0.0283,0.0204
46.441,3.629,0,,,,,,GLOBAL,1.000,clear,0,6.7,101,5.071,0,0,-1.000,-2.88,3.86,0.0469,0.0177
46.461,3.665,0,,,,,,GLOBAL,1.000,clear,0,6.7,101,5.091,0,0,-1.000,-2.37,3.90,0.0444,0.0130
46.481,3.690,0,,,,,,GLOBAL,1.000,clear,0,6.7,101,5.111,0,0,-1.000,-2.37,3.90,0.0372,0.0091
46.501,3.716,0,,,,,,GLOBAL,1.000,clear,0,6.7,101,5.131,0,0,-1.000,-2.54,3.95,0.0344,0.0061
46.521,3.744,0,,,,,,GLOBAL,1.000,clear,0,6.7,101,5.151,0,0,-1.000,-2.54,3.95,0.0272,0.0012
46.541,3.775,0,,,,,,GLOBAL,1.000,clear,0,6.7,101,5.171,0,0,-1.000,-2.47,3.97,0.0474,0.0214
46.561,3.802,0,,,,,,GLOBAL,1.000,clear,0,6.7,101,5.191,0,0,-1.000,-5.59,4.04,0.0447,0.0165
46.581,3.825,0,,,,,,GLOBAL,1.000,clear,0,6.7,101,5.211,0,0,-1.000,-5.23,4.08,0.0390,0.0101
46.601,3.859,0,,,,,,GLOBAL,1.000,clear,0,6.7,101,5.231,0,0,-1.000,-5.23,4.08,0.0310,0.0064
46.622,3.878,0,,,,,,GLOBAL,1.000,clear,0,6.7,101,5.252,0,0,-1.000,-4.71,4.13,0.0294,0.0013
46.641,3.914,0,,,,,,GLOBAL,1.000,clear,0,6.7,101,5.271,0,0,-1.000,-5.79,4.20,0.0489,0.0208
46.662,3.939,0,,,,,,GLOBAL,1.000,clear,0,6.7,101,5.292,0,0,-1.000,-5.79,4.20,0.0439,0.0160
46.681,3.970,0,,,,,,GLOBAL,1.000,clear,0,6.7,101,5.311,0,0,-1.000,-4.74,4.22,0.0376,0.0088
46.701,3.995,0,,,,,,GLOBAL,1.000,clear,0,6.7,101,5.331,0,0,-1.000,-4.79,4.25,0.0337,0.0058
46.722,4.033,0,,,,,,GLOBAL,1.000,clear,0,6.7,101,5.352,0,0,-1.000,-4.79,4.25,0.0546,0.0268
46.742,4.054,0,,,,,,GLOBAL,1.000,clear,0,6.7,101,5.372,0,0,-1.000,-4.95,4.30,0.0499,0.0180
46.762,4.088,0,,,,,,GLOBAL,1.000,clear,0,6.7,101,5.392,0,0,-1.000,-4.87,4.32,0.0443,0.0170
46.781,4.106,0,,,,,,GLOBAL,1.000,clear,0,6.7,101,5.411,0,0,-1.000,-4.87,4.32,0.0380,0.0113
46.801,4.146,0,,,,,,GLOBAL,1.000,clear,0,6.7,101,5.431,0,0,-1.000,-4.94,4.41,0.0341,0.0049
46.822,4.161,0,,,,,,GLOBAL,1.000,clear,0,6.7,101,5.452,0,0,-1.000,-4.94,4.41,0.0546,0.0254
46.843,4.203,0,,,,,,GLOBAL,1.000,clear,0,6.7,101,5.473,0,0,-1.000,-4.93,4.46,0.0517,0.0206
46.861,4.220,0,,,,,,GLOBAL,1.000,clear,0,6.7,101,5.491,0,0,-1.000,-5.12,4.58,0.0443,0.0170
46.881,4.268,0,,,,,,GLOBAL,1.000,clear,0,6.7,101,5.511,0,0,-1.000,-4.60,4.61,0.0384,0.0066
46.901,4.293,0,,,,,,GLOBAL,1.000,clear,0,6.7,101,5.531,0,0,-1.000,-4.60,4.61,0.0344,0.0033
46.921,4.343,0,,,,,,GLOBAL,1.000,clear,0,6.7,101,5.551,0,0,-1.000,-4.10,4.70,0.0300,0.0234
46.941,4.372,0,,,,,,GLOBAL,1.000,clear,0,6.7,101,5.571,0,0,-1.000,-3.87,4.78,0.0501,0.0175
46.961,4.422,0,,,,,,GLOBAL,1.000,clear,0,6.7,101,5.591,0,0,-1.000,-3.87,4.78,0.0433,0.0132
46.981,4.460,0,,,,,,GLOBAL,1.000,clear,0,6.7,101,5.611,0,0,-1.000,-3.33,4.84,0.0389,0.0091
47.001,4.503,0,,,,,,GLOBAL,1.000,clear,0,6.7,101,5.631,0,0,-1.000,-3.33,4.84,0.0347,0.0066
47.022,4.553,0,,,,,,GLOBAL,1.000,clear,0,6.7,101,5.651,0,0,-1.000,-3.33,4.84,0.0293,0.0024
47.041,4.591,0,,,,,,GLOBAL,1.000,clear,0,6.7,101,5.671,0,0,-1.000,-2.15,4.80,0.0493,0.0223
47.062,4.641,0,,,,,,GLOBAL,1.000,clear,0,6.7,101,5.692,0,0,-1.000,-2.42,4.73,0.0458,0.0157
47.081,4.651,0,,,,,,GLOBAL,1.000,clear,0,6.7,101,5.711,0,0,-1.000,-2.42,4.73,0.0376,0.0121
47.101,4.682,0,,,,,,GLOBAL,1.000,clear,0,6.7,101,5.731,0,0,-1.000,-2.26,4.68,0.0352,0.0071
47.121,4.687,0,,,,,,GLOBAL,1.000,clear,0,6.7,101,5.751,0,0,-1.000,-2.29,4.65,0.0296,0.0022
47.142,4.698,0,,,,,,GLOBAL,1.000,clear,0,6.7,101,5.772,0,0,-1.000,-2.29,4.65,0.0502,0.0228
47.161,4.684,0,,,,,,GLOBAL,1.000,clear,0,6.7,101,5.791,0,0,-1.000,-1.82,4.60,0.0439,0.0155
47.181,4.684,0,,,,,,GLOBAL,1.000,clear,0,6.7,101,5.811,0,0,-1.000,-1.54,4.55,0.0380,0.0101
47.201,4.677,0,,,,,,GLOBAL,1.000,clear,0,6.7,101,5.831,0,0,-1.000,-1.54,4.55,0.0355,0.0038
47.221,4.664,0,,,,,,GLOBAL,1.000,clear,0,6.7,101,5.851,0,0,-1.000,-1.29,4.51,0.0303,0.0006
47.242,4.633,0,,,,,,GLOBAL,1.000,clear,0,6.7,101,5.872,0,0,-1.000,-0.86,4.46,0.0506,0.0211
47.262,4.603,0,,,,,,GLOBAL,1.000,clear,0,6.7,101,5.891,0,0,-1.000,-0.86,4.46,0.0461,0.0173
47.281,4.581,0,,,,,,GLOBAL,1.000,clear,0,6.7,101,5.911,0,0,-1.000,-0.78,4.41,0.0403,0.0099
47.301,4.564,0,,,,,,GLOBAL,1.000,clear,0,6.7,101,5.931,0,0,-1.000,-0.38,4.37,0.0360,0.0063
47.322,4.537,0,,,,,,GLOBAL,1.000,clear,0,6.7,101,5.951,0,0,-1.000,-0.38,4.37,0.0307,0.0030
47.343,4.522,0,,,,,,GLOBAL,1.000,clear,0,6.7,101,5.973,0,0,-1.000,-0.19,4.34,0.0525,0.0248
47.362,4.510,0,,,,,,GLOBAL,1.000,clear,0,6.7,101,5.992,0,0,-1.000,0.27,4.30,0.0466,0.0167
47.381,4.494,0,,,,,,GLOBAL,1.000,clear,0,6.7,101,6.011,0,0,-1.000,0.27,4.30,0.0405,0.0087
47.401,4.472,0,,,,,,GLOBAL,1.000,clear,0,6.7,101,6.031,0,0,-1.000,0.60,4.24,0.0349,0.0074
47.421,4.451,0,,,,,,GLOBAL,1.000,clear,0,6.7,101,6.051,0,0,-1.000,0.60,4.24,0.0308,0.0275
47.442,4.417,0,,,,,,GLOBAL,1.000,clear,0,6.7,101,6.072,0,0,-1.000,0.46,4.21,0.0257,0.0195
47.462,4.389,0,,,,,,GLOBAL,1.000,clear,0,6.7,101,6.092,0,0,-1.000,0.96,4.17,0.0459,0.0180
47.482,4.373,0,,,,,,GLOBAL,1.000,clear,0,6.7,101,6.112,0,0,-1.000,1.48,4.13,0.0422,0.0080
47.501,4.364,0,,,,,,GLOBAL,1.000,clear,0,6.7,101,6.131,0,0,-1.000,1.48,4.13,0.0354,0.0054
47.521,4.346,0,,,,,,GLOBAL,1.000,clear,0,6.7,101,6.151,0,0,-1.000,2.25,4.09,0.0312,0.0013
47.542,4.318,0,,,,,,GLOBAL,1.000,clear,0,6.7,101,6.172,0,0,-1.000,2.77,4.04,0.0206,0.0216
47.561,4.290,0,,,,,,GLOBAL,1.000,clear,0,6.7,101,6.191,0,0,-1.000,2.77,4.04,0.0404,0.0158
47.581,4.265,0,,,,,,GLOBAL,1.000,clear,0,6.7,101,6.211,0,0,-1.000,2.63,4.00,0.0414,0.0116
47.601,4.234,0,,,,,,GLOBAL,1.000,clear,0,6.7,101,6.231,0,0,-1.000,2.63,4.00,0.0355,0.0031
47.623,4.198,0,,,,,,GLOBAL,1.000,clear,0,6.7,101,6.253,0,0,-1.000,3.22,3.96,0.0574,0.0250
47.642,4.166,0,,,,,,GLOBAL,1.000,clear,0,6.7,101,6.272,0,0,-1.000,3.48,3.92,0.0504,0.0163
47.661,4.134,0,,,,,,GLOBAL,1.000,clear,0,6.7,101,6.291,0,0,-1.000,3.97,3.88,0.0445,0.0151
47.681,4.107,0,,,,,,GLOBAL,1.000,clear,0,6.7,101,6.311,0,0,-1.000,3.97,3.88,0.0400,0.0107
47.701,4.068,0,,,,,,GLOBAL,1.000,clear,0,6.7,101,6.331,0,0,-1.000,4.51,3.82,0.0357,0.0035
47.722,4.040,0,,,,,,GLOBAL,1.000,clear,0,6.7,101,6.352,0,0,-1.000,4.29,3.80,0.0306,0.0020
47.742,3.999,0,,,,,,GLOBAL,1.000,clear,0,6.7,101,6.372,0,0,-1.000,4.29,3.80,0.0268,0.0224
47.762,3.975,0,,,,,,GLOBAL,1.000,clear,0,6.7,101,6.392,0,0,-1.000,4.79,3.76,0.0462,0.0165
47.781,3.934,0,,,,,,GLOBAL,1.000,clear,0,6.7,101,6.411,0,0,-1.000,4.75,3.69,0.0404,0.0089
47.801,3.908,0,,,,,,GLOBAL,1.000,clear,0,6.7,101,6.431,0,0,-1.000,4.75,3.69,0.0364,0.0044
47.821,3.875,0,,,,,,GLOBAL,1.000,clear,0,6.7,101,6.451,0,0,-1.000,4.74,3.65,0.0310,0.0246
47.852,3.875,0,,,,,,GLOBAL,1.000,clear,0,6.7,101,6.482,0,0,-1.000,4.74,3.65,0.0614,0.0550
47.876,3.845,0,,,,,,GLOBAL,1.000,clear,0,6.7,101,6.506,0,0,-1.000,4.49,3.61,0.0603,0.0021
47.897,3.810,0,,,,,,GLOBAL,1.000,clear,0,6.7,101,6.527,0,0,-1.000,4.50,3.56,0.0565,0.0200
47.901,3.749,0,,,,,,GLOBAL,1.000,clear,0,6.7,101,6.531,0,0,-1.000,4.50,3.56,0.0352,0.0025
47.922,3.717,0,,,,,,GLOBAL,1.000,clear,0,6.7,101,6.552,0,0,-1.000,4.53,3.54,0.0562,0.0235
47.941,3.694,0,,,,,,GLOBAL,1.000,clear,0,6.7,101,6.571,0,0,-1.000,3.99,3.50,0.0511,0.0181
47.961,3.659,0,,,,,,GLOBAL,1.000,clear,0,6.7,101,6.591,0,0,-1.000,4.47,3.43,0.0427,0.0151
47.981,3.632,0,,,,,,GLOBAL,1.000,clear,0,6.7,101,6.611,0,0,-1.000,4.47,3.43,0.0414,0.0125
48.001,3.608,0,,,,,,GLOBAL,1.000,clear,0,6.7,101,6.631,0,0,-1.000,3.67,3.38,0.0357,0.0088
48.022,3.571,0,,,,,,GLOBAL,1.000,clear,0,6.7,101,6.652,0,0,-1.000,3.67,3.38,0.0317,0.0014
48.042,3.540,0,,,,,,GLOBAL,1.000,clear,0,6.7,101,6.672,0,0,-1.000,3.57,3.36,0.0264,0.0217
48.061,3.502,0,,,,,,GLOBAL,1.000,clear,0,6.7,101,6.691,0,0,-1.000,3.58,3.29,0.0459,0.0165
48.081,3.485,0,,,,,,GLOBAL,1.000,clear,0,6.7,101,6.711,0,0,-1.000,3.58,3.29,0.0418,0.0123
48.101,3.465,0,,,,,,GLOBAL,1.000,clear,0,6.7,101,6.731,0,0,-1.000,2.85,3.27,0.0361,0.0091
48.121,3.430,0,,,,,,GLOBAL,1.000,clear,0,6.7,101,6.751,0,0,-1.000,3.43,3.19,0.0320,0.0035
48.142,3.400,0,,,,,,GLOBAL,1.000,clear,0,6.7,101,6.772,0,0,-1.000,2.86,3.17,0.0268,0.0240
48.162,3.353,0,,,,,,GLOBAL,1.000,clear,0,6.7,101,6.791,0,0,-1.000,2.86,3.17,0.0466,0.0186
48.181,3.332,0,,,,,,GLOBAL,1.000,clear,0,6.7,101,6.811,0,0,-1.000,2.32,3.14,0.0424,0.0139
48.201,3.301,0,,,,,,GLOBAL,1.000,clear,0,6.7,101,6.831,0,0,-1.000,2.80,3.10,0.0365,0.0064
48.221,3.271,0,,,,,,GLOBAL,1.000,clear,0,6.7,101,6.851,0,0,-1.000,2.80,3.10,0.0301,0.0032
48.242,3.256,0,,,,,,GLOBAL,1.000,clear,0,6.7,101,6.871,0,0,-1.000,2.26,3.05,0.0268,0.0235
48.263,3.218,0,,,,,,GLOBAL,1.000,clear,0,6.7,101,6.893,0,0,-1.000,2.48,3.02,0.0485,0.0204
48.281,3.189,0,,,,,,GLOBAL,1.000,clear,0,6.7,101,6.911,0,0,-1.000,2.48,3.02,0.0426,0.0114
48.301,3.163,0,,,,,,GLOBAL,1.000,clear,0,6.7,101,6.931,0,0,-1.000,2.57,3.00,0.0367,0.0063
48.336,3.132,0,,,,,,GLOBAL,1.000,clear,0,6.7,101,6.966,0,0,-1.000,2.57,3.00,0.0716,0.0413
48.342,3.113,0,,,,,,GLOBAL,1.000,clear,0,6.7,101,6.972,0,0,-1.000,2.69,3.00,0.0274,0.0042
48.362,3.089,0,,,,,,GLOBAL,1.000,clear,0,6.7,101,6.992,0,0,-1.000,2.70,3.00,0.0472,0.0170
48.381,3.069,0,,,,,,GLOBAL,1.000,clear,0,6.7,101,7.011,0,0,-1.000,2.26,3.00,0.0429,0.0135
48.401,3.064,0,,,,,,GLOBAL,1.000,clear,0,6.7,101,7.031,0,0,-1.000,2.26,3.00,0.0372,0.0061
48.421,3.057,0,,,,,,GLOBAL,1.000,clear,0,6.7,101,7.051,0,0,-1.000,3.33,3.00,0.0332,0.0039
48.442,3.052,0,,,,,,GLOBAL,1.000,clear,0,6.7,101,7.072,0,0,-1.000,3.38,3.00,0.0277,0.0005
48.463,3.055,0,,,,,,GLOBAL,1.000,clear,0,6.7,101,7.093,0,0,-1.000,3.38,3.00,0.0487,0.0215
48.481,3.050,0,,,,,,GLOBAL,1.000,clear,0,6.7,101,7.111,0,0,-1.000,3.15,3.00,0.0431,0.0130
48.501,3.046,0,,,,,,GLOBAL,1.000,clear,0,6.7,101,7.131,0,0,-1.000,3.13,3.00,0.0369,0.0078
48.521,3.039,0,,,,,,GLOBAL,1.000,clear,0,6.7,101,7.151,0,0,-1.000,3.13,3.00,0.0335,0.0030
48.541,3.028,0,,,,,,GLOBAL,1.000,clear,0,6.7,101,7.171,0,0,-1.000,4.08,3.00,0.0270,0.0230
48.562,3.015,0,,,,,,GLOBAL,1.000,clear,0,6.7,101,7.192,0,0,-1.000,4.54,3.00,0.0478,0.0200
48.584,3.000,0,,,,,,GLOBAL,1.000,clear,0,6.7,101,7.214,0,0,-1.000,4.54,3.00,0.0440,0.0159
48.601,2.983,0,,,,,,GLOBAL,1.000,clear,0,6.7,101,7.231,0,0,-1.000,4.58,3.00,0.0349,0.0066
48.621,2.976,0,,,,,,GLOBAL,1.000,clear,0,6.7,101,7.251,0,0,-1.000,4.58,3.00,0.0291,0.0045
48.641,2.976,0,,,,,,GLOBAL,1.000,clear,0,6.7,101,7.271,0,0,-1.000,5.86,3.00,0.0276,0.0244
48.661,2.974,0,,,,,,GLOBAL,1.000,clear,0,6.7,101,7.291,0,0,-1.000,5.31,3.00,0.0476,0.0181
48.681,2.972,0,,,,,,GLOBAL,1.000,clear,0,6.7,101,7.311,0,0,-1.000,7.18,3.00,0.0418,0.0145
48.702,2.974,0,,,,,,GLOBAL,1.000,clear,0,6.7,101,7.331,0,0,-1.000,7.18,3.00,0.0380,0.0081
48.721,2.971,0,,,,,,GLOBAL,1.000,clear,0,6.7,101,7.351,0,0,-1.000,7.43,3.00,0.0320,0.0024
48.741,2.969,0,,,,,,GLOBAL,1.000,clear,0,6.7,101,7.371,0,0,-1.000,8.59,3.00,0.0265,0.0224
48.762,2.971,0,,,,,,GLOBAL,1.000,clear,0,6.7,101,7.392,0,0,-1.000,8.59,3.00,0.0468,0.0170
48.782,2.969,0,,,,,,GLOBAL,1.000,clear,0,6.7,101,7.412,0,0,-1.000,8.66,3.00,0.0430,0.0105
48.801,2.967,0,,,,,,GLOBAL,1.000,clear,0,6.7,101,7.431,0,0,-1.000,9.96,3.00,0.0368,0.0057
48.822,2.970,0,,,,,,GLOBAL,1.000,clear,0,6.7,101,7.452,0,0,-1.000,9.96,3.00,0.0331,0.0020
48.841,2.962,0,,,,,,GLOBAL,1.000,clear,0,6.7,101,7.471,0,0,-1.000,11.76,3.00,0.0271,0.0214
48.861,2.963,0,,,,,,GLOBAL,1.000,clear,0,6.7,101,7.491,0,0,-1.000,12.81,3.00,0.0470,0.0190
48.882,2.966,0,,,,,,GLOBAL,1.000,clear,0,6.7,101,7.511,0,0,-1.000,12.81,3.00,0.0425,0.0155
48.901,2.959,0,,,,,,GLOBAL,1.000,clear,0,6.7,101,7.531,0,0,-1.000,12.78,3.00,0.0376,0.0094
48.921,2.960,0,,,,,,GLOBAL,1.000,clear,0,6.7,101,7.551,0,0,-1.000,14.11,3.00,0.0327,0.0040
48.941,2.965,0,,,,,,GLOBAL,1.000,clear,0,6.7,101,7.571,0,0,-1.000,14.11,3.00,0.0269,0.0241
48.961,2.962,0,,,,,,GLOBAL,1.000,clear,0,6.7,101,7.591,0,0,-1.000,14.45,3.00,0.0469,0.0165
48.981,2.966,0,,,,,,GLOBAL,1.000,clear,0,6.7,101,7.611,0,0,-1.000,14.98,3.00,0.0428,0.0146
49.001,2.962,0,,,,,,GLOBAL,1.000,clear,0,6.7,101,7.631,0,0,-1.000,14.98,3.00,0.0371,0.0023
49.021,2.961,0,,,,,,GLOBAL,1.000,clear,0,6.7,101,7.651,0,0,-1.000,15.31,3.00,0.0296,0.0224
49.041,2.966,0,,,,,,GLOBAL,1.000,clear,0,6.7,101,7.671,0,0,-1.000,15.31,3.00,0.0270,0.0182
49.061,2.954,0,,,,,,GLOBAL,1.000,clear,0,6.7,101,7.691,0,0,-1.000,15.14,3.00,0.0472,0.0193
49.081,2.952,0,,,,,,GLOBAL,1.000,clear,0,6.7,101,7.711,0,0,-1.000,15.81,3.00,0.0426,0.0150
49.101,2.961,0,,,,,,GLOBAL,1.000,clear,0,6.7,101,7.731,0,0,-1.000,15.65,3.00,0.0373,0.0103
49.121,2.944,0,,,,,,GLOBAL,1.000,clear,0,6.7,101,7.751,0,0,-1.000,15.65,3.00,0.0308,0.0038
49.142,2.947,0,,,,,,GLOBAL,1.000,clear,0,6.7,101,7.772,0,0,-1.000,14.94,3.00,0.0510,0.0240
49.162,2.952,0,,,,,,GLOBAL,1.000,clear,0,6.7,101,7.792,0,0,-1.000,14.93,3.00,0.0474,0.0171
49.182,2.936,0,,,,,,GLOBAL,1.000,clear,0,6.7,101,7.811,0,0,-1.000,14.93,3.00,0.0424,0.0138
49.201,2.936,0,,,,,,GLOBAL,1.000,clear,0,6.7,101,7.831,0,0,-1.000,13.78,3.00,0.0373,0.0098
49.221,2.939,0,,,,,,GLOBAL,1.000,clear,0,6.7,101,7.851,0,0,-1.000,13.76,3.00,0.0335,0.0024
49.242,2.923,0,,,,,,GLOBAL,1.000,clear,0,6.7,101,7.872,0,0,-1.000,13.76,3.00,0.0283,0.0013
49.262,2.930,0,,,,,,GLOBAL,1.000,clear,0,6.7,101,7.892,0,0,-1.000,12.40,3.00,0.0481,0.0212
49.281,2.930,0,,,,,,GLOBAL,1.000,clear,0,6.7,101,7.911,0,0,-1.000,13.06,3.00,0.0412,0.0147
49.301,2.915,0,,,,,,GLOBAL,1.000,clear,0,6.7,101,7.931,0,0,-1.000,13.06,3.00,0.0378,0.0088
49.432,2.919,0,,,,,,GLOBAL,1.000,clear,0,6.7,101,8.062,0,0,-1.000,13.38,3.00,0.1447,0.1146
49.443,2.913,0,,,,,,GLOBAL,1.000,clear,0,6.7,101,8.073,0,0,-1.000,13.94,3.00,0.0783,0.0020
49.461,2.901,0,,,,,,GLOBAL,1.000,clear,0,6.7,101,8.091,0,0,-1.000,16.04,3.00,0.0482,0.0165
49.482,2.901,0,,,,,,GLOBAL,1.000,clear,0,6.7,101,8.112,0,0,-1.000,16.04,3.00,0.0427,0.0155
49.501,2.912,0,,,,,,GLOBAL,1.000,clear,0,6.7,101,8.131,0,0,-1.000,15.31,3.00,0.0384,0.0089
49.521,2.906,0,,,,,,GLOBAL,1.000,clear,0,6.7,101,8.151,0,0,-1.000,15.31,3.00,0.0327,0.0031
49.542,2.908,0,,,,,,GLOBAL,1.000,clear,0,6.7,101,8.172,0,0,-1.000,15.02,3.00,0.0292,0.0239
49.562,2.913,0,,,,,,GLOBAL,1.000,clear,0,6.7,101,8.192,0,0,-1.000,12.81,3.00,0.0491,0.0195
49.581,2.907,0,,,,,,GLOBAL,1.000,clear,0,6.7,101,8.211,0,0,-1.000,13.55,3.00,0.0430,0.0166
49.601,2.914,0,,,,,,GLOBAL,1.000,clear,0,6.7,101,8.231,0,0,-1.000,13.55,3.00,0.0374,0.0087
49.622,2.919,0,,,,,,GLOBAL,1.000,clear,0,6.7,101,8.252,0,0,-1.000,13.39,3.00,0.0328,0.0040
49.642,2.908,0,,,,,,GLOBAL,1.000,clear,0,6.7,101,8.272,0,0,-1.000,13.39,3.00,0.0532,0.0244
49.662,2.920,0,,,,,,GLOBAL,1.000,clear,0,6.7,101,8.292,0,0,-1.000,14.59,3.00,0.0507,0.0156
49.681,2.916,0,,,,,,GLOBAL,1.000,clear,0,6.7,101,8.311,0,0,-1.000,13.47,3.00,0.0428,0.0167
49.701,2.900,0,,,,,,GLOBAL,1.000,clear,0,6.7,101,8.331,0,0,-1.000,12.39,3.00,0.0391,0.0085
49.721,2.918,0,,,,,,GLOBAL,1.000,clear,0,6.7,101,8.351,0,0,-1.000,12.39,3.00,0.0310,0.0016
49.743,2.922,0,,,,,,GLOBAL,1.000,clear,0,6.7,101,8.373,0,0,-1.000,12.51,3.00,0.0298,0.0237
49.762,2.904,0,,,,,,GLOBAL,1.000,clear,0,6.7,101,8.392,0,0,-1.000,12.51,3.00,0.0482,0.0180
49.783,2.919,0,,,,,,GLOBAL,1.000,clear,0,6.7,101,8.413,0,0,-1.000,12.39,3.00,0.0456,0.0115
49.801,2.915,0,,,,,,GLOBAL,1.000,clear,0,6.7,101,8.431,0,0,-1.000,12.10,3.00,0.0390,0.0029
49.821,2.900,0,,,,,,GLOBAL,1.000,clear,0,6.7,101,8.451,0,0,-1.000,12.10,3.00,0.0309,0.0015
49.842,2.918,0,,,,,,GLOBAL,1.000,clear,0,6.7,101,8.472,0,0,-1.000,11.61,3.00,0.0511,0.0218
49.862,2.919,0,,,,,,GLOBAL,1.000,clear,0,6.7,101,8.492,0,0,-1.000,11.73,3.00,0.0475,0.0160
49.882,2.910,0,,,,,,GLOBAL,1.000,clear,0,6.7,101,8.512,0,0,-1.000,11.16,3.00,0.0394,0.0131
49.902,2.924,0,,,,,,GLOBAL,1.000,clear,0,6.7,101,8.532,0,0,-1.000,11.16,3.00,0.0386,0.0093
49.923,2.917,0,,,,,,GLOBAL,1.000,clear,0,6.7,101,8.553,0,0,-1.000,10.92,3.00,0.0352,0.0038
49.941,2.907,0,,,,,,GLOBAL,1.000,clear,0,6.7,101,8.571,0,0,-1.000,10.92,3.00,0.0540,0.0225
49.961,2.927,0,,,,,,GLOBAL,1.000,clear,0,6.7,101,8.591,0,0,-1.000,11.46,3.00,0.0460,0.0174
49.981,2.924,0,,,,,,GLOBAL,1.000,clear,0,6.7,101,8.611,0,0,-1.000,11.59,3.00,0.0433,0.0103
50.002,2.914,0,,,,,,GLOBAL,1.000,clear,0,6.7,101,8.632,0,0,-1.000,10.57,3.00,0.0375,0.0122
50.022,2.928,0,,,,,,GLOBAL,1.000,clear,0,6.7,101,8.652,0,0,-1.000,10.57,3.00,0.0347,0.0032
50.042,2.923,0,,,,,,GLOBAL,1.000,clear,0,6.7,101,8.672,0,0,-1.000,11.35,3.00,0.0274,0.0021
50.063,2.913,0,,,,,,GLOBAL,1.000,clear,0,6.7,101,8.693,0,0,-1.000,10.42,3.00,0.0487,0.0233
50.082,2.935,0,,,,,,GLOBAL,1.000,clear,0,6.7,101,8.712,0,0,-1.000,10.42,3.00,0.0450,0.0151
50.101,2.931,0,,,,,,GLOBAL,1.000,clear,0,6.7,101,8.731,0,0,-1.000,10.92,3.00,0.0387,0.0025
50.122,2.921,0,,,,,,GLOBAL,1.000,clear,0,6.7,101,8.752,0,0,-1.000,10.14,3.00,0.0333,0.0035
50.142,2.936,0,,,,,,GLOBAL,1.000,clear,0,6.7,101,8.772,0,0,-1.000,10.14,3.00,0.0295,0.0238
50.161,2.926,0,,,,,,GLOBAL,1.000,clear,0,6.7,101,8.791,0,0,-1.000,9.58,3.00,0.0487,0.0112
50.181,2.919,0,,,,,,GLOBAL,1.000,clear,0,6.7,101,8.811,0,0,-1.000,9.62,3.00,0.0429,0.0155
50.201,2.940,0,,,,,,GLOBAL,1.000,clear,0,6.7,101,8.831,0,0,-1.000,9.62,3.00,0.0390,0.0091
50.221,2.926,0,,,,,,GLOBAL,1.000,clear,0,6.7,101,8.851,0,0,-1.000,9.08,3.00,0.0333,0.0054
50.241,2.925,0,,,,,,GLOBAL,1.000,clear,0,6.7,101,8.871,0,0,-1.000,7.45,3.00,0.0293,0.0255
50.262,2.944,0,,,,,,GLOBAL,1.000,clear,0,6.7,101,8.891,0,0,-1.000,7.45,3.00,0.0494,0.0167
50.281,2.930,0,,,,,,GLOBAL,1.000,clear,0,6.7,101,8.911,0,0,-1.000,7.84,3.00,0.0433,0.0138
50.301,2.929,0,,,,,,GLOBAL,1.000,clear,0,6.7,101,8.931,0,0,-1.000,6.77,3.00,0.0377,0.0081
50.322,2.952,0,,,,,,GLOBAL,1.000,clear,0,6.7,101,8.952,0,0,-1.000,6.77,3.00,0.0340,0.0037
50.341,2.938,0,,,,,,GLOBAL,1.000,clear,0,6.7,101,8.971,0,0,-1.000,6.17,3.00,0.0279,0.0015
50.361,2.941,0,,,,,,GLOBAL,1.000,clear,0,6.7,101,8.991,0,0,-1.000,6.03,3.00,0.0478,0.0214
50.382,2.951,0,,,,,,GLOBAL,1.000,clear,0,6.7,101,9.012,0,0,-1.000,6.03,3.00,0.0439,0.0150
50.401,2.941,0,,,,,,GLOBAL,1.000,clear,0,6.7,101,9.031,0,0,-1.000,5.46,3.00,0.0381,0.0084
50.421,2.952,0,,,,,,GLOBAL,1.000,clear,0,6.7,101,9.051,0,0,-1.000,5.46,3.00,0.0323,0.0054
50.441,2.960,0,,,,,,GLOBAL,1.000,clear,0,6.7,101,9.071,0,0,-1.000,4.44,3.00,0.0281,0.0253
50.461,2.945,0,,,,,,GLOBAL,1.000,clear,0,6.7,101,9.091,0,0,-1.000,4.54,3.00,0.0482,0.0192
50.481,2.957,0,,,,,,GLOBAL,1.000,clear,0,6.7,101,9.111,0,0,-1.000,4.07,3.00,0.0428,0.0133
50.501,2.960,0,,,,,,GLOBAL,1.000,clear,0,6.7,101,9.131,0,0,-1.000,4.07,3.00,0.0385,0.0037
50.522,2.952,0,,,,,,GLOBAL,1.000,clear,0,6.7,101,9.152,0,0,-1.000,3.75,3.00,0.0332,0.0064
50.541,2.964,0,,,,,,GLOBAL,1.000,clear,0,6.7,101,9.171,0,0,-1.000,3.49,3.00,0.0287,0.0261
50.561,2.968,0,,,,,,GLOBAL,1.000,clear,0,6.7,101,9.191,0,0,-1.000,3.49,3.00,0.0488,0.0197
50.581,2.964,0,,,,,,GLOBAL,1.000,clear,0,6.7,101,9.211,0,0,-1.000,3.43,3.00,0.0430,0.0146
50.601,2.968,0,,,,,,GLOBAL,1.000,clear,0,6.7,101,9.231,0,0,-1.000,3.22,3.00,0.0374,0.0087
50.621,2.972,0,,,,,,GLOBAL,1.000,clear,0,6.7,101,9.251,0,0,-1.000,3.22,3.00,0.0333,0.0032
50.641,2.972,0,,,,,,GLOBAL,1.000,clear,0,6.7,101,9.271,0,0,-1.000,2.89,3.00,0.0272,0.0230
50.661,2.978,0,,,,,,GLOBAL,1.000,clear,0,6.7,101,9.291,0,0,-1.000,2.68,3.00,0.0473,0.0172
50.681,2.983,0,,,,,,GLOBAL,1.000,clear,0,6.7,101,9.311,0,0,-1.000,2.68,3.00,0.0420,0.0139
50.701,2.982,0,,,,,,GLOBAL,1.000,clear,0,6.7,101,9.331,0,0,-1.000,3.15,3.00,0.0373,0.0026
50.721,2.979,0,,,,,,GLOBAL,1.000,clear,0,6.7,101,9.351,0,0,-1.000,3.02,3.00,0.0294,0.0038
50.742,2.986,0,,,,,,GLOBAL,1.000,clear,0,6.7,101,9.372,0,0,-1.000,3.02,3.00,0.0281,0.0246
50.762,2.989,0,,,,,,GLOBAL,1.000,clear,0,6.7,101,9.391,0,0,-1.000,2.94,3.03,0.0476,0.0155
50.781,2.992,0,,,,,,GLOBAL,1.000,clear,0,6.7,101,9.411,0,0,-1.000,2.98,3.07,0.0413,0.0137
50.801,2.998,0,,,,,,GLOBAL,1.000,clear,0,6.7,101,9.431,0,0,-1.000,2.98,3.07,0.0369,0.0073
50.923,2.997,0,,,,,,GLOBAL,1.000,clear,0,6.7,101,9.553,0,0,-1.000,2.98,3.16,0.1302,0.1294
50.942,3.114,0,,,,,,GLOBAL,1.000,clear,0,6.7,101,9.572,0,0,-1.000,2.94,3.43,0.0272,0.0096
50.961,3.148,0,,,,,,GLOBAL,1.000,clear,0,6.7,101,9.591,0,0,-1.000,3.13,3.53,0.0468,0.0150
50.981,3.179,0,,,,,,GLOBAL,1.000,clear,0,6.7,101,9.611,0,0,-1.000,3.13,3.53,0.0412,0.0131
51.002,3.211,0,,,,,,GLOBAL,1.000,clear,0,6.7,101,9.632,0,0,-1.000,4.13,3.57,0.0374,0.0067
51.021,3.248,0,,,,,,GLOBAL,1.000,clear,0,6.7,101,9.651,0,0,-1.000,4.13,3.57,0.0314,0.0022
51.042,3.291,0,,,,,,GLOBAL,0.954,clear,0,6.7,101,9.671,0,0,-1.000,3.54,3.67,0.0516,0.0224
51.061,3.331,0,,,,,,GLOBAL,0.964,clear,0,6.7,101,9.691,0,0,-1.000,2.93,3.68,0.0458,0.0167
51.081,3.376,0,,,,,,GLOBAL,0.964,clear,0,6.7,101,9.711,0,0,-1.000,2.93,3.68,0.0405,0.0117
51.101,3.424,0,,,,,,GLOBAL,0.982,clear,0,6.7,101,9.731,0,0,-1.000,3.31,3.78,0.0360,0.0072
51.121,3.464,0,,,,,,GLOBAL,0.993,clear,0,6.7,101,9.751,0,0,-1.000,4.12,3.91,0.0318,0.0035
51.141,3.508,0,,,,,,GLOBAL,0.985,clear,0,6.7,101,9.771,0,0,-1.000,2.93,4.12,0.0518,0.0235
51.162,3.559,0,,,,,,GLOBAL,0.996,clear,0,6.7,101,9.792,0,0,-1.000,2.93,4.12,0.0459,0.0168
51.181,3.618,0,,,,,,GLOBAL,0.996,clear,0,6.7,101,9.811,0,0,1.440,3.48,4.14,0.0404,0.0135
51.201,3.678,0,,,,,,GLOBAL,1.000,clear,0,6.7,101,9.831,0,0,-1.000,3.94,4.25,0.0364,0.0029
51.221,3.734,0,,,,,,GLOBAL,1.000,clear,0,6.7,101,9.851,0,0,-1.000,3.94,4.25,0.0303,0.0035
51.242,3.804,0,,,,,,GLOBAL,1.000,clear,0,6.7,101,9.872,0,0,-1.000,4.20,4.33,0.0269,0.0238
51.262,3.869,0,,,,,,GLOBAL,1.000,clear,0,6.7,101,9.892,0,0,-1.000,3.71,4.44,0.0473,0.0163
51.281,3.941,0,,,,,,GLOBAL,1.000,clear,0,6.7,101,9.911,0,0,-1.000,3.71,4.44,0.0409,0.0138
51.301,4.003,0,,,,,,GLOBAL,1.000,clear,0,6.7,101,9.931,0,0,-1.000,4.21,4.49,0.0368,0.0076
51.321,4.071,0,,,,,,GLOBAL,1.000,clear,0,6.7,101,9.951,0,0,-1.000,4.37,4.55,0.0311,0.0275
51.341,4.131,0,,,,,,GLOBAL,1.000,clear,0,6.7,101,9.971,0,0,-1.000,4.37,4.55,0.0242,0.0187
51.361,4.186,0,,,,,,GLOBAL,1.000,clear,0,6.7,101,9.991,0,0,-1.000,4.10,4.67,0.0441,0.0159
51.381,4.231,0,,,,,,GLOBAL,1.000,clear,0,6.7,101,10.011,0,0,-1.000,4.84,4.76,0.0402,0.0111
51.401,4.295,0,,,,,,GLOBAL,1.000,clear,0,6.7,101,10.031,0,0,-1.000,4.84,4.76,0.0355,0.0034
51.421,4.352,0,,,,,,GLOBAL,1.000,clear,0,6.7,101,10.051,0,0,-1.000,4.94,4.81,0.0263,0.0023
51.442,4.408,0,,,,,,GLOBAL,1.000,clear,0,6.7,101,10.072,0,0,-1.000,4.51,4.90,0.0248,0.0229
51.462,4.457,0,,,,,,AVOID,0.977,avoid_cruise,1,6.7,101,10.092,0,0,-1.000,4.51,4.90,0.0445,0.0188
51.481,4.514,0,,,,,,AVOID,0.956,avoid_cruise,1,24.2,101,10.111,0,0,-1.000,5.08,4.84,0.0416,0.0125
51.501,4.570,0,,,,,,AVOID,0.956,avoid_cruise,1,24.7,101,10.131,0,0,-1.000,4.88,4.78,0.0356,0.0060
51.521,4.616,0,,,,,,AVOID,0.956,avoid_cruise,1,24.1,101,10.151,0,0,-1.000,4.88,4.78,0.0300,0.0029
51.541,4.662,0,,,,,,AVOID,0.909,avoid_cruise,1,24.1,54,0.007,1,0,-1.000,5.04,4.78,0.0261,0.0228
51.561,4.689,0,,,,,,AVOID,0.896,avoid_cruise,1,24.2,54,0.010,1,0,-1.000,2.36,4.55,0.0461,0.0192
51.581,4.717,0,,,,,,AVOID,0.896,avoid_cruise,1,23.2,54,0.030,0,0,0.716,2.36,4.55,0.0421,0.0137
51.602,4.727,0,,,,,,AVOID,0.878,avoid_cruise,1,23.2,54,0.001,0,0,0.716,5.11,4.48,0.0370,0.0343
51.624,4.737,0,,,,,,AVOID,0.863,avoid_cruise,1,22.0,53,0.001,1,0,-1.000,2.52,4.39,0.0324,0.0059
51.641,4.736,0,,,,,,AVOID,0.863,avoid_cruise,1,22.0,53,0.019,1,0,0.691,2.52,4.39,0.0267,0.0239
51.661,4.726,0,,,,,,AVOID,0.843,avoid_cruise,1,21.9,54,0.003,1,0,0.647,2.95,4.31,0.0465,0.0174
51.681,4.708,1,2.790,2.873,0.418,0.113,,AVOID,0.834,avoid_cruise,1,21.1,55,0.003,1,0,0.626,3.21,4.17,0.0406,0.0135
51.702,4.678,1,2.675,2.787,0.248,0.124,,AVOID,0.820,avoid_cruise,1,20.8,50,0.001,1,0,0.608,3.21,4.17,0.0375,0.0081
51.721,4.627,1,2.554,2.683,0.201,0.137,,AVOID,0.803,avoid_cruise,1,18.8,50,0.020,1,0,-1.000,3.44,4.10,0.0302,0.0034
51.741,4.561,1,2.554,2.683,0.201,0.137,,AVOID,0.789,avoid_cruise,1,18.8,46,0.014,1,0,-1.000,3.46,4.01,0.0266,0.0234
51.762,4.504,1,2.477,2.583,0.144,0.110,,AVOID,0.789,avoid_cruise,1,18.1,51,0.010,1,0,-1.000,3.46,4.01,0.0468,0.0183
51.782,4.444,1,2.371,2.475,0.069,0.105,,AVOID,0.763,avoid_cruise,1,17.1,51,0.030,1,0,-1.000,3.50,3.94,0.0426,0.0125
51.802,4.417,1,2.371,2.475,0.069,0.105,,AVOID,0.756,avoid_cruise,1,15.9,55,0.001,1,0,-1.000,3.50,3.94,0.0357,0.0325
51.821,4.374,0,,,,,2.131,AVOID,0.745,avoid_cruise,1,14.9,48,0.003,1,0,-1.000,3.62,3.81,0.0301,0.0010
51.841,4.334,0,,,,,2.131,AVOID,0.728,avoid_cruise,1,14.9,48,0.023,1,0,-1.000,3.62,3.81,0.0271,0.0210
51.861,4.275,0,,,,,2.036,AVOID,0.728,avoid_cruise,1,14.6,47,0.010,1,0,-1.000,3.81,3.64,0.0470,0.0183
51.881,4.207,1,1.934,2.050,-0.148,0.121,,AVOID,0.709,avoid_cruise,1,13.7,46,0.003,1,0,-1.000,3.98,3.54,0.0413,0.0138
51.902,4.120,0,,,,,1.815,AVOID,0.698,avoid_cruise,1,12.8,45,0.003,1,0,-1.000,3.98,3.54,0.0375,0.0089
51.921,4.034,0,,,,,1.815,AVOID,0.681,avoid_cruise,1,15.5,45,0.023,1,0,-1.000,4.09,3.49,0.0317,0.0285
51.942,3.929,0,,,,,1.729,AVOID,0.681,avoid_cruise,1,15.5,45,0.017,1,0,-1.000,4.66,3.41,0.0278,0.0158
51.961,3.839,0,,,,,1.636,AVOID,0.663,avoid_cruise,1,12.2,35,0.006,1,0,-1.000,4.66,3.41,0.0473,0.0180
51.984,3.742,1,1.551,1.661,-0.267,0.131,,AVOID,0.647,avoid_cruise,1,10.5,39,0.005,1,0,-1.000,4.84,3.31,0.0439,0.0161
52.002,3.668,1,1.477,1.578,-0.237,0.118,,AVOID,0.647,avoid_cruise,1,10.6,39,0.023,1,0,-1.000,4.48,3.24,0.0383,0.0081
52.022,3.609,1,1.370,1.500,-0.108,0.133,,AVOID,0.647,avoid_cruise,1,11.3,39,0.043,1,0,-1.000,4.48,3.24,0.0304,0.0048
52.042,3.549,1,1.370,1.500,-0.108,0.133,,AVOID,0.616,avoid_cruise,1,11.3,42,0.009,1,0,-1.000,4.51,3.08,0.0273,0.0247
52.062,3.497,1,1.310,1.426,-0.146,0.123,,AVOID,0.602,avoid_cruise,1,15.4,41,0.001,1,0,-1.000,4.51,3.08,0.0474,0.0186
52.085,3.433,1,1.231,1.343,-0.176,0.124,,AVOID,0.600,avoid_cruise,1,16.2,40,0.001,1,0,-1.000,1.75,3.01,0.0447,0.0176
52.101,3.374,1,1.164,1.274,-0.194,0.125,,AVOID,0.600,avoid_cruise,1,16.1,40,0.008,1,0,-1.000,2.46,3.00,0.0367,0.0066
52.122,3.307,1,1.082,1.186,-0.209,0.122,,AVOID,0.600,avoid_cruise,1,16.1,24,0.001,1,0,-1.000,2.46,3.00,0.0332,0.0029
52.144,3.238,1,1.082,1.186,-0.209,0.122,,AVOID,0.600,avoid_cruise,1,16.1,23,0.001,1,0,-1.000,1.92,3.00,0.0288,0.0241
52.161,3.191,1,1.066,1.179,-0.215,0.132,,AVOID,0.600,avoid_cruise,1,16.2,23,0.019,1,0,-1.000,7.96,3.00,0.0467,0.0164
52.181,3.146,1,1.001,1.085,-0.331,0.133,,AVOID,0.600,avoid_cruise,1,16.4,22,0.013,1,0,-1.000,7.72,3.00,0.0422,0.0095
52.201,3.092,1,0.932,0.992,-0.391,0.135,,AVOID,0.600,avoid_cruise,1,12.9,22,0.001,1,0,-1.000,7.72,3.00,0.0365,0.0038
52.225,3.060,1,0.932,0.992,-0.391,0.135,,AVOID,0.600,avoid_cruise,1,12.7,22,0.003,1,0,-1.000,6.89,3.00,0.0361,0.0276
52.242,3.033,1,0.856,0.946,-0.276,0.130,,AVOID,0.600,avoid_cruise,1,12.7,22,0.019,1,0,-1.000,6.89,3.00,0.0270,0.0161
52.262,3.005,1,0.816,0.893,-0.305,0.127,,AVOID,0.600,avoid_cruise,1,14.9,21,0.018,1,0,-1.000,3.47,3.00,0.0469,0.0136
52.281,2.993,1,0.762,0.815,-0.337,0.120,,AVOID,0.600,avoid_cruise,1,14.7,20,0.014,1,0,-1.000,4.12,3.00,0.0419,0.0067
52.302,2.990,1,0.709,0.747,-0.354,0.118,,AVOID,0.600,avoid_cruise,1,13.3,19,0.010,1,0,-1.000,5.90,3.00,0.0374,0.0072
52.321,2.986,1,0.650,0.677,-0.363,0.118,,AVOID,0.600,avoid_cruise,1,12.5,19,0.029,1,0,-1.000,5.90,3.00,0.0301,0.0030
52.352,2.983,1,0.650,0.677,-0.363,0.118,,AVOID,0.600,avoid_cruise,1,12.5,19,0.026,1,0,-1.000,4.50,3.00,0.0375,0.0335
52.361,2.983,1,0.603,0.608,-0.379,0.114,,AVOID,0.600,avoid_cruise,1,12.4,19,0.002,1,0,-1.000,4.50,3.00,0.0478,0.0047
52.381,2.978,0,,,,,,AVOID,0.600,avoid_cruise,1,11.7,18,0.005,1,0,-1.000,3.12,3.00,0.0410,0.0126
52.444,2.978,0,,,,,,AVOID,0.600,avoid_cruise,1,11.7,18,0.068,1,0,-1.000,3.12,3.00,0.1041,0.0757
52.462,2.918,0,,,,,,AVOID,0.600,avoid_cruise,1,7.6,16,0.001,1,0,0.933,3.19,3.00,0.0434,0.0099
52.488,2.900,0,,,,,,AVOID,0.600,avoid_cruise,1,10.9,15,0.001,1,0,-1.000,1.70,3.00,0.0379,0.0190
52.502,2.895,0,,,,,,AVOID,0.600,avoid_cruise,1,14.1,15,0.015,1,0,-1.000,1.70,3.00,0.0365,0.0041
52.521,2.897,0,,,,,,AVOID,0.600,avoid_cruise,1,16.9,15,0.035,0,0,-1.000,2.36,2.98,0.0318,0.0031
52.542,2.890,0,,,,,,AVOID,0.600,avoid_cruise,1,16.9,15,0.055,0,0,-1.000,2.36,2.98,0.0264,0.0234
52.562,2.886,0,,,,,,GLOBAL,0.632,clear,0,13.0,15,0.075,0,0,-1.000,-2.42,2.94,0.0464,0.0190
52.581,2.888,0,,,,,,GLOBAL,0.632,clear,0,13.0,15,0.095,0,0,-1.000,-7.20,3.09,0.0361,0.0127
52.601,2.886,0,,,,,,GLOBAL,0.652,clear,0,13.0,15,0.114,0,0,-1.000,-7.20,3.09,0.0363,0.0083
52.621,2.874,0,,,,,,GLOBAL,0.672,clear,0,13.0,15,0.134,0,0,-1.000,-11.98,3.16,0.0323,0.0009
52.641,2.887,0,,,,,,GLOBAL,0.693,clear,0,13.0,15,0.155,0,0,-1.000,-11.98,3.16,0.0267,0.0210
52.661,2.904,0,,,,,,GLOBAL,0.712,clear,0,13.0,15,0.175,0,0,-1.000,-16.77,3.23,0.0467,0.0175
52.681,2.900,0,,,,,,GLOBAL,0.712,clear,0,13.0,15,0.195,0,0,-1.000,-21.40,3.32,0.0426,0.0126
52.701,2.931,0,,,,,,GLOBAL,0.733,clear,0,13.0,15,0.215,0,0,-1.000,-21.16,3.50,0.0370,0.0081
52.721,2.962,0,,,,,,GLOBAL,0.752,clear,0,13.0,15,0.235,0,0,-1.000,-21.16,3.50,0.0311,0.0039
52.741,2.984,0,,,,,,GLOBAL,0.773,clear,0,13.0,15,0.255,0,0,-1.000,-18.98,3.56,0.0269,0.0238
52.762,3.028,0,,,,,,GLOBAL,0.773,clear,0,13.0,15,0.275,0,0,-1.000,-17.00,3.62,0.0473,0.0186
52.782,3.065,0,,,,,,GLOBAL,0.800,clear,0,13.0,15,0.295,0,0,-1.000,-17.00,3.62,0.0410,0.0107
52.801,3.108,0,,,,,,GLOBAL,0.812,clear,0,13.0,15,0.315,0,0,-1.000,-15.96,3.72,0.0356,0.0076
52.822,3.199,0,,,,,,GLOBAL,0.832,clear,0,13.0,15,0.335,0,0,-1.000,-15.03,3.77,0.0321,0.0005
52.842,3.226,0,,,,,,GLOBAL,0.853,clear,0,13.0,15,0.355,0,0,-1.000,-15.03,3.77,0.0267,0.0209
52.861,3.310,0,,,,,,GLOBAL,0.877,clear,0,13.0,15,0.375,0,0,-1.000,-14.00,3.91,0.0459,0.0170
52.881,3.372,0,,,,,,GLOBAL,0.877,clear,0,13.0,15,0.395,0,0,-1.000,-12.68,4.01,0.0418,0.0131
52.901,3.425,0,,,,,,GLOBAL,0.896,clear,0,13.0,15,0.415,0,0,-1.000,-12.68,4.01,0.0361,0.0072
52.921,3.512,0,,,,,,GLOBAL,0.922,clear,0,13.0,15,0.435,0,0,-1.000,-11.15,4.08,0.0303,0.0035
52.941,3.519,0,,,,,,GLOBAL,0.946,clear,0,13.0,15,0.455,0,0,-1.000,-9.75,4.17,0.0248,0.0234
52.962,3.623,0,,,,,,GLOBAL,0.973,clear,0,13.0,15,0.475,0,0,-1.000,-9.75,4.17,0.0451,0.0195
52.982,3.645,0,,,,,,GLOBAL,0.973,clear,0,13.0,15,0.495,0,0,-1.000,-8.43,4.24,0.0413,0.0138
53.001,3.733,0,,,,,,GLOBAL,0.973,clear,0,13.0,15,0.515,0,0,-1.000,-7.49,4.34,0.0364,0.0051
53.021,3.755,0,,,,,,GLOBAL,1.000,clear,0,13.0,15,0.535,0,0,-1.000,-7.49,4.34,0.0305,0.0031
53.042,3.824,0,,,,,,GLOBAL,1.000,clear,0,13.0,15,0.555,0,0,-1.000,-5.56,4.43,0.0508,0.0234
53.061,3.847,0,,,,,,GLOBAL,1.000,clear,0,13.0,15,0.575,0,0,-1.000,-4.49,4.39,0.0466,0.0182
53.082,3.907,0,,,,,,GLOBAL,1.000,clear,0,13.0,15,0.595,0,0,-1.000,-4.49,4.39,0.0411,0.0143
53.101,3.946,0,,,,,,GLOBAL,1.000,clear,0,13.0,15,0.615,0,0,-1.000,-2.58,4.38,0.0367,0.0069
53.121,3.995,0,,,,,,GLOBAL,1.000,clear,0,13.0,15,0.635,0,0,-1.000,-2.50,4.34,0.0312,0.0035
53.142,4.022,0,,,,,,GLOBAL,1.000,clear,0,13.0,15,0.656,0,0,-1.000,-2.50,4.34,0.0280,0.0244
53.161,4.037,0,,,,,,GLOBAL,1.000,clear,0,13.0,15,0.675,0,0,-1.000,-2.88,4.30,0.0470,0.0180
53.181,4.044,0,,,,,,GLOBAL,1.000,clear,0,13.0,15,0.695,0,0,-1.000,-2.84,4.27,0.0411,0.0132
53.201,4.035,0,,,,,,GLOBAL,1.000,clear,0,13.0,15,0.715,0,0,-1.000,-2.84,4.27,0.0372,0.0065
53.221,4.037,0,,,,,,GLOBAL,1.000,clear,0,13.0,15,0.735,0,0,-1.000,-2.58,4.21,0.0304,0.0035
53.241,4.030,0,,,,,,GLOBAL,1.000,clear,0,13.0,15,0.754,0,0,-1.000,-2.58,4.21,0.0271,0.0233
53.261,4.037,0,,,,,,GLOBAL,1.000,clear,0,13.0,15,0.775,0,0,-1.000,-2.54,4.20,0.0472,0.0171
53.281,4.024,0,,,,,,GLOBAL,1.000,clear,0,13.0,15,0.795,0,0,-1.000,-2.17,4.16,0.0416,0.0124
53.301,4.026,0,,,,,,GLOBAL,1.000,clear,0,13.0,15,0.815,0,0,-1.000,-2.17,4.16,0.0360,0.0063
53.321,4.019,0,,,,,,GLOBAL,1.000,clear,0,13.0,15,0.834,0,0,-1.000,-2.05,4.12,0.0317,0.0020
53.341,4.024,0,,,,,,GLOBAL,1.000,clear,0,13.0,15,0.855,0,0,-1.000,-1.71,4.08,0.0258,0.0220
53.361,4.025,0,,,,,,GLOBAL,1.000,clear,0,13.0,15,0.875,0,0,-1.000,-1.27,4.04,0.0460,0.0172
53.381,4.024,0,,,,,,GLOBAL,1.000,clear,0,13.0,15,0.895,0,0,-1.000,-1.27,4.04,0.0416,0.0119
53.401,4.021,0,,,,,,GLOBAL,1.000,clear,0,13.0,15,0.915,0,0,-1.000,-1.04,4.02,0.0361,0.0054
53.422,4.008,0,,,,,,GLOBAL,1.000,clear,0,13.0,15,0.935,0,0,-1.000,-0.77,3.98,0.0312,0.0007
53.442,4.001,0,,,,,,GLOBAL,1.000,clear,0,13.0,15,0.955,0,0,-1.000,-0.77,3.98,0.0267,0.0204
53.462,3.989,0,,,,,,GLOBAL,1.000,clear,0,13.0,15,0.975,0,0,-1.000,-0.55,3.98,0.0467,0.0176
53.482,3.980,0,,,,,,GLOBAL,1.000,clear,0,13.0,15,0.995,0,0,-1.000,-0.29,3.96,0.0428,0.0109
53.502,3.967,0,,,,,,GLOBAL,1.000,clear,0,13.0,15,1.015,0,0,-1.000,-0.29,3.96,0.0367,0.0051
53.521,3.968,0,,,,,,GLOBAL,1.000,clear,0,13.0,15,1.035,0,0,-1.000,-0.05,3.93,0.0301,0.0037
53.542,3.962,0,,,,,,GLOBAL,1.000,clear,0,13.0,15,1.055,0,0,-1.000,0.49,3.89,0.0253,0.0239
53.561,3.956,0,,,,,,GLOBAL,1.000,clear,0,13.0,15,1.075,0,0,-1.000,0.49,3.89,0.0451,0.0178
53.581,3.943,0,,,,,,GLOBAL,1.000,clear,0,13.0,15,1.095,0,0,-1.000,0.97,3.85,0.0410,0.0130
53.604,3.917,0,,,,,,GLOBAL,1.000,clear,0,13.0,15,1.117,0,0,-1.000,1.12,3.81,0.0381,0.0086
53.621,3.882,0,,,,,,GLOBAL,1.000,clear,0,13.0,15,1.135,0,0,-1.000,1.12,3.81,0.0309,0.0027
53.641,3.859,0,,,,,,GLOBAL,1.000,clear,0,13.0,15,1.155,0,0,-1.000,1.60,3.78,0.0511,0.0228
53.661,3.847,0,,,,,,GLOBAL,1.000,clear,0,13.0,15,1.175,0,0,-1.000,1.89,3.72,0.0471,0.0176
53.681,3.834,0,,,,,,GLOBAL,1.000,clear,0,13.0,15,1.195,0,0,1.639,1.89,3.72,0.0414,0.0140
53.704,3.825,0,,,,,,GLOBAL,1.000,clear,0,13.0,15,1.217,0,0,1.621,2.15,3.68,0.0399,0.0095
53.721,3.805,0,,,,,,GLOBAL,1.000,clear,0,13.0,15,1.235,0,0,1.621,2.15,3.68,0.0317,0.0030
53.742,3.769,0,,,,,,GLOBAL,1.000,clear,0,13.0,15,1.255,0,0,1.606,2.21,3.68,0.0266,0.0237
53.762,3.749,0,,,,,,GLOBAL,1.000,clear,0,13.0,15,1.275,0,0,1.611,2.38,3.66,0.0463,0.0190
53.786,3.754,0,,,,,,GLOBAL,1.000,clear,0,13.0,15,1.300,0,0,1.611,2.38,3.66,0.0469,0.0113
53.801,3.745,0,,,,,,GLOBAL,1.000,clear,0,13.0,15,1.315,0,0,1.590,3.67,3.66,0.0362,0.0033
53.843,3.725,0,,,,,,GLOBAL,1.000,clear,0,13.0,15,1.356,0,0,1.590,6.41,3.59,0.0777,0.0448
53.864,3.684,0,,,,,,GLOBAL,1.000,clear,0,13.0,15,1.377,0,0,-1.000,7.89,3.57,0.0491,0.0042
53.883,3.672,0,,,,,,GLOBAL,1.000,clear,0,13.0,15,1.396,0,0,-1.000,10.03,3.55,0.0437,0.0033
53.914,3.672,0,,,,,,GLOBAL,1.000,clear,0,13.0,15,1.427,0,0,-1.000,10.03,3.55,0.0751,0.0347
53.936,3.641,0,,,,,,GLOBAL,1.000,clear,0,13.0,15,1.450,0,0,-1.000,9.77,3.53,0.0717,0.0074
53.944,3.601,0,,,,,,GLOBAL,1.000,clear,0,13.0,15,1.457,0,0,-1.000,14.39,3.46,0.0510,0.0063
53.961,3.579,0,,,,,,GLOBAL,1.000,clear,0,13.0,15,1.475,0,0,-1.000,13.38,3.46,0.0454,0.0155
53.981,3.550,0,,,,,,GLOBAL,1.000,clear,0,13.0,15,1.495,0,0,-1.000,13.38,3.46,0.0412,0.0134
54.002,3.513,0,,,,,,GLOBAL,1.000,clear,0,13.0,15,1.515,0,0,-1.000,12.30,3.44,0.0378,0.0081
54.021,3.504,0,,,,,,GLOBAL,1.000,clear,0,13.0,15,1.535,0,0,-1.000,12.30,3.44,0.0305,0.0034
54.041,3.484,0,,,,,,GLOBAL,1.000,clear,0,13.0,15,1.554,0,0,-1.000,12.69,3.41,0.0271,0.0005
54.062,3.461,0,,,,,,GLOBAL,1.000,clear,0,13.0,15,1.575,0,0,-1.000,12.85,3.41,0.0475,0.0210
54.081,3.452,0,,,,,,GLOBAL,1.000,clear,0,13.0,15,1.594,0,0,-1.000,12.01,3.37,0.0417,0.0145
54.101,3.433,0,,,,,,GLOBAL,1.000,clear,0,13.0,15,1.615,0,0,-1.000,12.01,3.37,0.0373,0.0097
54.121,3.422,0,,,,,,GLOBAL,1.000,clear,0,13.0,15,1.635,0,0,-1.000,11.10,3.35,0.0308,0.0026
54.142,3.400,0,,,,,,GLOBAL,1.000,clear,0,13.0,15,1.655,0,0,-1.000,9.77,3.35,0.0270,0.0229
54.161,3.367,0,,,,,,GLOBAL,1.000,clear,0,13.0,15,1.675,0,0,-1.000,9.77,3.35,0.0467,0.0194
54.181,3.337,0,,,,,,GLOBAL,1.000,clear,0,13.0,15,1.695,0,0,-1.000,8.79,3.30,0.0425,0.0135
54.201,3.310,0,,,,,,GLOBAL,1.000,clear,0,13.0,15,1.714,0,0,-1.000,9.00,3.28,0.0372,0.0098
54.221,3.302,0,,,,,,GLOBAL,1.000,clear,0,13.0,15,1.735,0,0,-1.000,9.00,3.28,0.0334,0.0037
54.241,3.268,0,,,,,,GLOBAL,1.000,clear,0,13.0,15,1.754,0,0,-1.000,7.31,3.23,0.0269,0.0006
54.262,3.239,0,,,,,,GLOBAL,1.000,clear,0,13.0,15,1.775,0,0,-1.000,6.28,3.23,0.0472,0.0209
54.281,3.215,0,,,,,,GLOBAL,1.000,clear,0,13.0,15,1.795,0,0,-1.000,6.28,3.23,0.0434,0.0136
54.301,3.174,0,,,,,,GLOBAL,1.000,clear,0,13.0,15,1.815,0,0,-1.000,6.27,3.18,0.0371,0.0103
54.321,3.160,0,,,,,,GLOBAL,1.000,clear,0,13.0,15,1.835,0,0,-1.000,5.09,3.18,0.0338,0.0046
54.341,3.160,0,,,,,,GLOBAL,1.000,clear,0,13.0,15,1.855,0,0,-1.000,5.09,3.18,0.0538,0.0246
54.361,3.130,0,,,,,,GLOBAL,1.000,clear,0,13.0,15,1.875,0,0,-1.000,4.96,3.15,0.0471,0.0152
54.381,3.127,0,,,,,,GLOBAL,1.000,clear,0,13.0,15,1.894,0,0,-1.000,4.11,3.10,0.0422,0.0135
54.401,3.118,0,,,,,,GLOBAL,1.000,clear,0,13.0,15,1.914,0,0,-1.000,4.11,3.10,0.0370,0.0073
54.422,3.087,0,,,,,,GLOBAL,1.000,clear,0,13.0,15,1.936,0,0,-1.000,3.72,3.08,0.0335,0.0033
54.441,3.075,0,,,,,,GLOBAL,1.000,clear,0,13.0,15,1.955,0,0,-1.000,3.13,3.03,0.0271,0.0223
54.461,3.061,0,,,,,,GLOBAL,1.000,clear,0,13.0,15,1.975,0,0,-1.000,3.13,3.03,0.0473,0.0199
54.481,3.043,0,,,,,,GLOBAL,1.000,clear,0,13.0,15,1.994,0,0,-1.000,2.80,3.00,0.0425,0.0145
54.501,3.028,0,,,,,,GLOBAL,1.000,clear,0,13.0,15,2.015,0,0,-1.000,2.77,3.00,0.0370,0.0099
54.521,3.011,0,,,,,,GLOBAL,1.000,clear,0,13.0,15,2.035,0,0,-1.000,2.77,3.00,0.0329,0.0045
54.542,2.993,0,,,,,,GLOBAL,1.000,clear,0,13.0,15,2.055,0,0,-1.000,1.90,3.00,0.0276,0.0013
54.561,2.981,0,,,,,,GLOBAL,1.000,clear,0,13.0,15,2.074,0,0,-1.000,1.65,3.00,0.0471,0.0208
54.581,2.980,0,,,,,,GLOBAL,1.000,clear,0,13.0,15,2.095,0,0,-1.000,1.65,3.00,0.0428,0.0148
54.601,2.974,0,,,,,,GLOBAL,1.000,clear,0,13.0,15,2.115,0,0,-1.000,1.91,3.00,0.0374,0.0084
54.621,2.969,0,,,,,,GLOBAL,1.000,clear,0,13.0,15,2.135,0,0,-1.000,2.58,3.00,0.0334,0.0045
54.641,2.952,0,,,,,,GLOBAL,1.000,clear,0,13.0,15,2.155,0,0,-1.000,2.58,3.00,0.0273,0.0247
54.661,2.945,0,,,,,,GLOBAL,1.000,clear,0,13.0,15,2.175,0,0,-1.000,1.94,3.00,0.0471,0.0195
54.681,2.942,0,,,,,,GLOBAL,1.000,clear,0,13.0,15,2.195,0,0,-1.000,2.31,3.00,0.0434,0.0148
54.701,2.940,0,,,,,,GLOBAL,1.000,clear,0,13.0,15,2.215,0,0,-1.000,2.31,3.00,0.0371,0.0076
54.721,2.940,0,,,,,,GLOBAL,1.000,clear,0,13.0,15,2.235,0,0,-1.000,3.21,3.00,0.0305,0.0036
54.741,2.942,0,,,,,,GLOBAL,1.000,clear,0,13.0,15,2.255,0,0,-1.000,2.03,3.00,0.0272,0.0236
54.762,2.935,0,,,,,,GLOBAL,1.000,clear,0,13.0,15,2.275,0,0,-1.000,2.03,3.00,0.0475,0.0192
54.781,2.930,0,,,,,,GLOBAL,1.000,clear,0,13.0,15,2.295,0,0,-1.000,3.75,3.00,0.0413,0.0146
54.801,2.932,0,,,,,,GLOBAL,1.000,clear,0,13.0,15,2.314,0,0,-1.000,4.04,3.00,0.0354,0.0083
54.821,2.935,0,,,,,,GLOBAL,1.000,clear,0,13.0,15,2.334,0,0,-1.000,4.04,3.00,0.0322,0.0042
54.841,2.935,0,,,,,,GLOBAL,1.000,clear,0,13.0,15,2.355,0,0,-1.000,4.80,3.00,0.0253,0.0243
54.861,2.939,0,,,,,,GLOBAL,1.000,clear,0,13.0,15,2.374,0,0,-1.000,6.38,3.00,0.0452,0.0178
54.881,2.935,0,,,,,,GLOBAL,1.000,clear,0,13.0,15,2.395,0,0,-1.000,6.38,3.00,0.0427,0.0142
54.901,2.932,0,,,,,,GLOBAL,1.000,clear,0,13.0,15,2.415,0,0,-1.000,7.41,3.00,0.0364,0.0098
54.921,2.938,0,,,,,,GLOBAL,1.000,clear,0,13.0,15,2.435,0,0,-1.000,8.66,3.00,0.0329,0.0029
54.941,2.940,0,,,,,,GLOBAL,1.000,clear,0,13.0,15,2.455,0,0,-1.000,8.66,3.00,0.0272,0.0229
54.962,2.941,0,,,,,,GLOBAL,1.000,clear,0,13.0,15,2.475,0,0,-1.000,8.61,3.00,0.0476,0.0196
54.981,2.941,0,,,,,,GLOBAL,1.000,clear,0,13.0,15,2.495,0,0,-1.000,9.56,3.00,0.0432,0.0132
55.001,2.933,0,,,,,,GLOBAL,1.000,clear,0,13.0,15,2.515,0,0,-1.000,9.56,3.00,0.0369,0.0060
55.023,2.935,0,,,,,,GLOBAL,1.000,clear,0,13.0,15,2.536,0,0,-1.000,10.26,3.00,0.0331,0.0060
55.041,2.933,0,,,,,,GLOBAL,1.000,clear,0,13.0,15,2.555,0,0,-1.000,10.44,3.00,0.0274,0.0243
55.062,2.936,0,,,,,,GLOBAL,1.000,clear,0,13.0,15,2.575,0,0,-1.000,10.44,3.00,0.0477,0.0192
55.081,2.938,0,,,,,,GLOBAL,1.000,clear,0,13.0,15,2.594,0,0,-1.000,9.65,3.00,0.0416,0.0146
55.101,2.928,0,,,,,,GLOBAL,1.000,clear,0,13.0,15,2.614,0,0,-1.000,10.06,3.00,0.0375,0.0074
55.121,2.930,0,,,,,,GLOBAL,1.000,clear,0,13.0,15,2.635,0,0,-1.000,10.06,3.00,0.0300,0.0014
55.143,2.933,0,,,,,,GLOBAL,1.000,clear,0,13.0,15,2.656,0,0,-1.000,9.34,3.00,0.0292,0.0228
55.161,2.924,0,,,,,,GLOBAL,1.000,clear,0,13.0,15,2.674,0,0,-1.000,9.22,3.00,0.0478,0.0153
55.181,2.925,0,,,,,,GLOBAL,1.000,clear,0,13.0,15,2.694,0,0,-1.000,9.22,3.00,0.0420,0.0097
55.201,2.921,0,,,,,,GLOBAL,1.000,clear,0,13.0,15,2.714,0,0,-1.000,8.63,3.00,0.0380,0.0071
55.221,2.914,0,,,,,,GLOBAL,1.000,clear,0,13.0,15,2.735,0,0,-1.000,8.63,3.00,0.0302,0.0032
55.244,2.911,0,,,,,,GLOBAL,1.000,clear,0,13.0,15,2.757,0,0,-1.000,8.35,3.00,0.0526,0.0255
55.261,2.911,0,,,,,,GLOBAL,1.000,clear,0,13.0,15,2.775,0,0,-1.000,7.70,3.00,0.0455,0.0168
55.281,2.914,0,,,,,,GLOBAL,1.000,clear,0,13.0,15,2.794,0,0,-1.000,7.64,3.00,0.0422,0.0136
55.301,2.910,0,,,,,,GLOBAL,1.000,clear,0,13.0,15,2.814,0,0,-1.000,7.64,3.00,0.0377,0.0095
55.328,2.909,0,,,,,,GLOBAL,1.000,clear,0,13.0,15,2.841,0,0,-1.000,7.36,3.00,0.0645,0.0363
55.344,2.909,0,,,,,,GLOBAL,1.000,clear,0,13.0,15,2.857,0,0,-1.000,7.36,3.00,0.0807,0.0525
55.381,2.906,0,,,,,,GLOBAL,1.000,clear,0,13.0,15,2.894,0,0,-1.000,7.32,3.00,0.0668,0.0298
55.407,2.910,0,,,,,,GLOBAL,1.000,clear,0,13.0,15,2.920,0,0,-1.000,7.63,3.00,0.0629,0.0254
55.449,2.908,0,,,,,,GLOBAL,1.000,clear,0,13.0,15,2.962,0,0,-1.000,7.48,3.00,0.0806,0.0375
55.462,2.902,0,,,,,,GLOBAL,1.000,clear,0,13.0,15,2.975,0,0,-1.000,7.26,3.00,0.0479,0.0105
55.481,2.899,0,,,,,,GLOBAL,1.000,clear,0,13.0,15,2.995,0,0,-1.000,7.26,3.00,0.0432,0.0141
55.501,2.911,0,,,,,,GLOBAL,1.000,clear,0,13.0,15,3.015,0,0,-1.000,7.34,3.00,0.0374,0.0092
55.522,2.905,0,,,,,,GLOBAL,1.000,clear,0,13.0,15,3.035,0,0,-1.000,7.26,3.00,0.0341,0.0025
55.543,2.903,0,,,,,,GLOBAL,1.000,clear,0,13.0,15,3.056,0,0,-1.000,7.26,3.00,0.0287,0.0232
55.561,2.910,0,,,,,,GLOBAL,1.000,clear,0,13.0,15,3.074,0,0,-1.000,6.31,3.00,0.0472,0.0181
55.581,2.905,0,,,,,,GLOBAL,1.000,clear,0,13.0,15,3.095,0,0,-1.000,6.17,3.00,0.0417,0.0145
55.601,2.907,0,,,,,,GLOBAL,1.000,clear,0,13.0,15,3.115,0,0,-1.000,6.17,3.00,0.0377,0.0090
55.621,2.920,0,,,,,,GLOBAL,1.000,clear,0,13.0,15,3.135,0,0,-1.000,6.73,3.00,0.0322,0.0027
55.641,2.914,0,,,,,,GLOBAL,1.000,clear,0,13.0,15,3.155,0,0,-1.000,6.90,3.00,0.0272,0.0228
55.662,2.917,0,,,,,,GLOBAL,1.000,clear,0,13.0,15,3.175,0,0,-1.000,6.90,3.00,0.0474,0.0195
55.681,2.920,0,,,,,,GLOBAL,1.000,clear,0,13.0,15,3.194,0,0,-1.000,6.76,3.00,0.0423,0.0122
55.701,2.914,0,,,,,,GLOBAL,1.000,clear,0,13.0,15,3.214,0,0,-1.000,7.26,3.00,0.0371,0.0036
55.721,2.921,0,,,,,,GLOBAL,1.000,clear,0,13.0,15,3.235,0,0,-1.000,7.26,3.00,0.0326,0.0038
55.741,2.928,0,,,,,,GLOBAL,1.000,clear,0,13.0,15,3.255,0,0,-1.000,6.93,3.00,0.0268,0.0239
55.762,2.921,0,,,,,,GLOBAL,1.000,clear,0,13.0,15,3.275,0,0,-1.000,7.03,3.00,0.0471,0.0173
55.781,2.928,0,,,,,,GLOBAL,1.000,clear,0,13.0,15,3.295,0,0,-1.000,7.03,3.00,0.0427,0.0130
55.801,2.924,0,,,,,,GLOBAL,1.000,clear,0,13.0,15,3.315,0,0,-1.000,7.19,3.00,0.0367,0.0055
55.821,2.921,0,,,,,,GLOBAL,1.000,clear,0,13.0,15,3.335,0,0,-1.000,7.33,3.00,0.0329,0.0035
55.844,2.935,0,,,,,,GLOBAL,1.000,clear,0,13.0,15,3.357,0,0,-1.000,7.33,3.00,0.0294,0.0258
55.862,2.935,0,,,,,,GLOBAL,1.000,clear,0,13.0,15,3.375,0,0,-1.000,7.94,3.00,0.0476,0.0168
55.881,2.928,0,,,,,,GLOBAL,1.000,clear,0,13.0,15,3.394,0,0,-1.000,7.63,3.00,0.0427,0.0132
55.901,2.935,0,,,,,,GLOBAL,1.000,clear,0,13.0,15,3.415,0,0,-1.000,7.63,3.00,0.0372,0.0048
55.921,2.924,0,,,,,,GLOBAL,1.000,clear,0,13.0,15,3.435,0,0,-1.000,7.82,3.00,0.0306,0.0006
55.942,2.926,0,,,,,,GLOBAL,1.000,clear,0,13.0,15,3.455,0,0,-1.000,8.28,3.00,0.0274,0.0206
55.961,2.936,0,,,,,,GLOBAL,1.000,clear,0,13.0,15,3.475,0,0,-1.000,8.28,3.00,0.0474,0.0152
55.981,2.928,0,,,,,,GLOBAL,1.000,clear,0,13.0,15,3.495,0,0,-1.000,8.76,3.00,0.0419,0.0145
56.001,2.931,0,,,,,,GLOBAL,1.000,clear,0,13.0,15,3.514,0,0,-1.000,9.06,3.00,0.0369,0.0069
56.022,2.932,0,,,,,,GLOBAL,1.000,clear,0,13.0,15,3.535,0,0,-1.000,9.06,3.00,0.0319,0.0037
56.042,2.917,0,,,,,,GLOBAL,1.000,clear,0,13.0,15,3.555,0,0,-1.000,8.97,3.00,0.0518,0.0236
56.061,2.933,0,,,,,,GLOBAL,1.000,clear,0,13.0,15,3.574,0,0,-1.000,9.46,3.00,0.0476,0.0177
56.081,2.931,0,,,,,,GLOBAL,1.000,clear,0,13.0,15,3.595,0,0,-1.000,9.46,3.00,0.0420,0.0134
56.101,2.921,0,,,,,,GLOBAL,1.000,clear,0,13.0,15,3.615,0,0,-1.000,9.86,3.00,0.0375,0.0059
56.122,2.931,0,,,,,,GLOBAL,1.000,clear,0,13.0,15,3.635,0,0,-1.000,9.17,3.00,0.0307,0.0043
56.141,2.923,0,,,,,,GLOBAL,1.000,clear,0,13.0,15,3.655,0,0,-1.000,9.17,3.00,0.0266,0.0239
56.161,2.913,0,,,,,,GLOBAL,1.000,clear,0,13.0,15,3.675,0,0,-1.000,10.46,3.00,0.0467,0.0193
56.181,2.934,0,,,,,,GLOBAL,1.000,clear,0,13.0,15,3.695,0,0,-1.000,11.41,3.00,0.0424,0.0138
56.201,2.918,0,,,,,,GLOBAL,1.000,clear,0,13.0,15,3.715,0,0,-1.000,11.41,3.00,0.0364,0.0088
56.222,2.916,0,,,,,,GLOBAL,1.000,clear,0,13.0,15,3.735,0,0,-1.000,10.81,3.00,0.0328,0.0041
56.242,2.925,0,,,,,,GLOBAL,1.000,clear,0,13.0,15,3.756,0,0,-1.000,12.37,3.00,0.0278,0.0248
56.262,2.911,0,,,,,,GLOBAL,1.000,clear,0,13.0,15,3.775,0,0,-1.000,12.37,3.00,0.0469,0.0187
56.281,2.913,0,,,,,,GLOBAL,1.000,clear,0,13.0,15,3.795,0,0,-1.000,14.57,3.00,0.0414,0.0141
56.301,2.933,0,,,,,,GLOBAL,1.000,clear,0,13.0,15,3.815,0,0,-1.000,14.57,3.00,0.0367,0.0087
56.321,2.911,0,,,,,,GLOBAL,1.000,clear,0,13.0,15,3.835,0,0,-1.000,15.15,3.00,0.0327,0.0030
56.342,2.921,0,,,,,,GLOBAL,1.000,clear,0,13.0,15,3.855,0,0,-1.000,16.83,3.00,0.0273,0.0005
56.361,2.925,0,,,,,,GLOBAL,1.000,clear,0,13.0,15,3.875,0,0,-1.000,18.22,3.00,0.0469,0.0201
56.381,2.907,0,,,,,,GLOBAL,1.000,clear,0,13.0,15,3.895,0,0,-1.000,18.22,3.00,0.0426,0.0136
56.402,2.920,0,,,,,,GLOBAL,1.000,clear,0,13.0,15,3.915,0,0,-1.000,18.09,3.00,0.0373,0.0103
56.421,2.929,0,,,,,,GLOBAL,1.000,clear,0,13.0,15,3.935,0,0,-1.000,17.76,3.00,0.0330,0.0040
56.442,2.904,0,,,,,,GLOBAL,1.000,clear,0,13.0,15,3.955,0,0,-1.000,17.76,3.00,0.0275,0.0007
56.461,2.919,0,,,,,,GLOBAL,1.000,clear,0,13.0,15,3.975,0,0,-1.000,17.98,3.00,0.0472,0.0204
56.481,2.919,0,,,,,,GLOBAL,1.000,clear,0,13.0,15,3.995,0,0,-1.000,16.94,3.00,0.0429,0.0146
56.502,2.888,0,,,,,,GLOBAL,1.000,clear,0,13.0,15,4.015,0,0,-1.000,16.94,3.00,0.0375,0.0110
56.521,2.905,0,,,,,,GLOBAL,1.000,clear,0,13.0,15,4.035,0,0,-1.000,17.39,3.00,0.0333,0.0039
56.541,2.918,0,,,,,,GLOBAL,1.000,clear,0,13.0,15,4.055,0,0,-1.000,17.39,3.00,0.0270,0.0008
56.562,2.886,0,,,,,,GLOBAL,1.000,clear,0,13.0,15,4.075,0,0,-1.000,16.91,3.00,0.0472,0.0210
56.582,2.902,0,,,,,,GLOBAL,1.000,clear,0,13.0,15,4.095,0,0,-1.000,16.80,3.00,0.0437,0.0114
56.601,2.893,0,,,,,,GLOBAL,1.000,clear,0,13.0,15,4.114,0,0,-1.000,16.80,3.00,0.0366,0.0019
56.621,2.864,0,,,,,,GLOBAL,1.000,clear,0,13.0,15,4.135,0,0,-1.000,16.81,3.00,0.0318,0.0051
56.641,2.889,0,,,,,,GLOBAL,1.000,clear,0,13.0,15,4.155,0,0,-1.000,17.47,3.00,0.0278,0.0251
56.662,2.889,0,,,,,,GLOBAL,1.000,clear,0,13.0,15,4.176,0,0,-1.000,18.39,3.00,0.0488,0.0194
56.681,2.866,0,,,,,,GLOBAL,1.000,clear,0,13.0,15,4.195,0,0,-1.000,18.39,3.00,0.0421,0.0142
56.702,2.878,0,,,,,,GLOBAL,1.000,clear,0,13.0,15,4.215,0,0,-1.000,19.55,3.00,0.0370,0.0082
56.722,2.879,0,,,,,,GLOBAL,1.000,clear,0,13.0,15,4.235,0,0,-1.000,19.55,3.00,0.0325,0.0020
56.745,2.846,0,,,,,,GLOBAL,1.000,clear,0,13.0,15,4.258,0,0,-1.000,19.51,3.00,0.0300,0.0252
56.761,2.873,0,,,,,,GLOBAL,1.000,clear,0,13.0,15,4.275,0,0,-1.000,19.84,3.00,0.0465,0.0136
56.781,2.868,0,,,,,,GLOBAL,1.000,clear,0,13.0,15,4.295,0,0,-1.000,19.84,3.00,0.0410,0.0126
56.801,2.839,0,,,,,,GLOBAL,1.000,clear,0,13.0,15,4.315,0,0,-1.000,19.87,3.00,0.0347,0.0084
56.821,2.863,0,,,,,,GLOBAL,1.000,clear,0,13.0,15,4.335,0,0,-1.000,20.49,3.00,0.0326,0.0043
56.841,2.853,0,,,,,,GLOBAL,1.000,clear,0,13.0,15,4.355,0,0,-1.000,20.49,3.00,0.0268,0.0242
56.862,2.826,0,,,,,,GLOBAL,1.000,clear,0,13.0,15,4.375,0,0,-1.000,20.37,3.00,0.0475,0.0171
56.882,2.864,0,,,,,,GLOBAL,1.000,clear,0,13.0,15,4.395,0,0,-1.000,19.76,3.00,0.0430,0.0041
56.912,2.842,0,,,,,,GLOBAL,1.000,clear,0,13.0,15,4.425,0,0,-1.000,19.76,3.00,0.0474,0.0010
56.923,2.822,0,,,,,,GLOBAL,1.000,clear,0,13.0,15,4.436,0,0,-1.000,19.87,3.00,0.0585,0.0121
56.943,2.858,0,,,,,,GLOBAL,1.000,clear,0,13.0,15,4.456,0,0,-1.000,19.26,3.00,0.0285,0.0185
56.962,2.829,0,,,,,,GLOBAL,1.000,clear,0,13.0,15,4.475,0,0,-1.000,19.08,3.00,0.0478,0.0184
56.982,2.811,0,,,,,,GLOBAL,1.000,clear,0,13.0,15,4.495,0,0,-1.000,19.08,3.00,0.0405,0.0122
57.002,2.856,0,,,,,,GLOBAL,1.000,clear,0,13.0,15,4.515,0,0,-1.000,18.89,3.00,0.0380,0.0070
57.022,2.817,0,,,,,,GLOBAL,1.000,clear,0,13.0,15,4.535,0,0,-1.000,18.89,3.00,0.0284,0.0039
57.042,2.809,0,,,,,,GLOBAL,1.000,clear,0,13.0,15,4.555,0,0,-1.000,17.29,3.00,0.0266,0.0239
57.061,2.847,0,,,,,,GLOBAL,1.000,clear,0,13.0,15,4.575,0,0,-1.000,14.99,3.00,0.0461,0.0191
57.081,2.816,0,,,,,,GLOBAL,1.000,clear,0,13.0,15,4.595,0,0,-1.000,14.99,3.00,0.0420,0.0135
57.101,2.812,0,,,,,,GLOBAL,1.000,clear,0,13.0,15,4.615,0,0,-1.000,14.57,3.00,0.0361,0.0049
57.121,2.851,0,,,,,,GLOBAL,1.000,clear,0,13.0,15,4.635,0,0,-1.000,13.71,3.00,0.0300,0.0038
57.141,2.810,0,,,,,,GLOBAL,1.000,clear,0,13.0,15,4.655,0,0,-1.000,13.04,3.00,0.0266,0.0238
57.161,2.813,0,,,,,,GLOBAL,1.000,clear,0,13.0,15,4.675,0,0,-1.000,13.04,3.00,0.0466,0.0177
57.182,2.849,0,,,,,,GLOBAL,1.000,clear,0,13.0,15,4.695,0,0,-1.000,12.57,3.00,0.0426,0.0137
57.201,2.815,0,,,,,,GLOBAL,1.000,clear,0,13.0,15,4.715,0,0,-1.000,10.41,3.00,0.0354,0.0089
57.222,2.825,0,,,,,,GLOBAL,1.000,clear,0,13.0,15,4.735,0,0,-1.000,10.41,3.00,0.0329,0.0024
57.242,2.848,0,,,,,,GLOBAL,1.000,clear,0,13.0,15,4.755,0,0,-1.000,9.36,3.00,0.0532,0.0226
57.261,2.828,0,,,,,,GLOBAL,1.000,clear,0,13.0,15,4.775,0,0,-1.000,8.74,3.00,0.0466,0.0167
57.282,2.839,0,,,,,,GLOBAL,1.000,clear,0,13.0,15,4.795,0,0,-1.000,8.74,3.00,0.0414,0.0145
57.301,2.850,0,,,,,,GLOBAL,1.000,clear,0,13.0,15,4.815,0,0,-1.000,7.86,3.00,0.0371,0.0079
57.321,2.837,0,,,,,,GLOBAL,1.000,clear,0,13.0,15,4.834,0,0,-1.000,6.37,3.00,0.0307,0.0044
57.342,2.847,0,,,,,,GLOBAL,1.000,clear,0,13.0,15,4.855,0,0,-1.000,6.37,3.00,0.0278,0.0249
57.361,2.861,0,,,,,,GLOBAL,1.000,clear,0,13.0,15,4.875,0,0,-1.000,5.49,3.00,0.0473,0.0185
57.381,2.859,0,,,,,,GLOBAL,1.000,clear,0,13.0,15,4.895,0,0,-1.000,5.24,3.00,0.0418,0.0143
57.401,2.869,0,,,,,,GLOBAL,1.000,clear,0,13.0,15,4.914,0,0,-1.000,5.24,3.00,0.0375,0.0064
57.421,2.882,0,,,,,,GLOBAL,1.000,clear,0,13.0,15,4.935,0,0,-1.000,2.57,3.00,0.0303,0.0027
57.441,2.879,0,,,,,,GLOBAL,1.000,clear,0,13.0,15,4.954,0,0,-1.000,1.70,3.00,0.0261,0.0225
57.462,2.883,0,,,,,,GLOBAL,1.000,clear,0,13.0,15,4.975,0,0,-1.000,1.70,3.00,0.0464,0.0193
57.481,2.894,0,,,,,,GLOBAL,1.000,clear,0,13.0,15,4.995,0,0,1.381,0.39,3.00,0.0419,0.0135
57.501,2.898,0,,,,,,GLOBAL,1.000,clear,0,13.0,15,5.015,0,0,1.301,0.39,3.00,0.0364,0.0026
57.522,2.899,0,,,,,,GLOBAL,1.000,clear,0,13.0,15,5.035,0,0,-1.000,-0.74,3.00,0.0304,0.0230
57.541,2.905,0,,,,,,GLOBAL,1.000,clear,0,13.0,15,5.055,0,0,1.312,-0.07,3.00,0.0267,0.0188
57.561,2.916,0,,,,,,GLOBAL,1.000,clear,0,13.0,15,5.075,0,0,-1.000,-1.23,3.00,0.0467,0.0189
57.581,2.919,0,,,,,,GLOBAL,1.000,clear,0,13.0,15,5.095,0,0,-1.000,-1.23,3.00,0.0425,0.0139
57.602,2.925,0,,,,,,GLOBAL,1.000,clear,0,13.0,15,5.115,0,0,-1.000,-2.82,3.05,0.0369,0.0035
57.621,2.935,0,,,,,,GLOBAL,1.000,clear,0,13.0,15,5.135,0,0,-1.000,-2.82,3.05,0.0306,0.0032
57.643,2.948,0,,,,,,GLOBAL,1.000,clear,0,13.0,15,5.156,0,0,-1.000,-2.96,3.13,0.0517,0.0244
57.661,2.955,0,,,,,,GLOBAL,1.000,clear,0,13.0,15,5.175,0,0,-1.000,-4.16,3.18,0.0465,0.0173
57.681,2.973,0,,,,,,GLOBAL,1.000,clear,0,13.0,15,5.195,0,0,-1.000,-4.92,3.26,0.0408,0.0142
57.702,2.995,0,,,,,,GLOBAL,1.000,clear,0,13.0,15,5.215,0,0,-1.000,-4.92,3.26,0.0373,0.0082
57.721,3.015,0,,,,,,GLOBAL,1.000,clear,0,13.0,15,5.235,0,0,-1.000,-4.86,3.35,0.0313,0.0017
57.741,3.045,0,,,,,,GLOBAL,1.000,clear,0,13.0,15,5.254,0,0,-1.000,-5.78,3.35,0.0254,0.0216
57.762,3.081,0,,,,,,GLOBAL,1.000,clear,0,13.0,15,5.275,0,0,-1.000,-5.78,3.35,0.0457,0.0167
57.781,3.111,0,,,,,,GLOBAL,1.000,clear,0,13.0,15,5.295,0,0,-1.000,-5.55,3.28,0.0414,0.0119
57.803,3.141,0,,,,,,GLOBAL,1.000,clear,0,13.0,15,5.316,0,0,-1.000,-5.47,3.23,0.0368,0.0049
57.821,3.152,0,,,,,,GLOBAL,1.000,clear,0,13.0,15,5.335,0,0,-1.000,-5.47,3.23,0.0301,0.0237
57.841,3.172,0,,,,,,GLOBAL,1.000,clear,0,13.0,15,5.355,0,0,-1.000,-6.36,3.21,0.0499,0.0195
57.861,3.181,0,,,,,,GLOBAL,1.000,clear,0,13.0,15,5.375,0,0,-1.000,-6.48,3.21,0.0459,0.0146
57.882,3.188,0,,,,,,GLOBAL,1.000,clear,0,13.0,15,5.395,0,0,-1.000,-6.48,3.21,0.0407,0.0131
57.901,3.192,0,,,,,,GLOBAL,1.000,clear,0,13.0,15,5.415,0,0,-1.000,-6.03,3.21,0.0363,0.0033
57.921,3.198,0,,,,,,GLOBAL,1.000,clear,0,13.0,15,5.435,0,0,-1.000,-5.77,3.21,0.0306,0.0233
57.944,3.193,0,,,,,,GLOBAL,1.000,clear,0,13.0,15,5.457,0,0,-1.000,-5.77,3.21,0.0528,0.0215
57.961,3.192,0,,,,,,GLOBAL,1.000,clear,0,13.0,15,5.475,0,0,-1.000,-5.31,3.21,0.0450,0.0164
57.981,3.193,0,,,,,,GLOBAL,1.000,clear,0,13.0,15,5.494,0,0,-1.000,-5.69,3.21,0.0404,0.0087
58.001,3.187,0,,,,,,GLOBAL,1.000,clear,0,13.0,15,5.515,0,0,-1.000,-5.69,3.21,0.0350,0.0072
58.021,3.189,0,,,,,,GLOBAL,1.000,clear,0,13.0,15,5.534,0,0,-1.000,-5.49,3.21,0.0306,0.0009
58.041,3.185,0,,,,,,GLOBAL,1.000,clear,0,13.0,15,5.555,0,0,-1.000,-5.29,3.21,0.0508,0.0212
58.062,3.186,0,,,,,,GLOBAL,1.000,clear,0,13.0,15,5.575,0,0,-1.000,-5.29,3.21,0.0453,0.0162
58.081,3.188,0,,,,,,GLOBAL,1.000,clear,0,13.0,15,5.595,0,0,-1.000,-4.40,3.21,0.0395,0.0097
58.102,3.188,0,,,,,,GLOBAL,1.000,clear,0,13.0,15,5.615,0,0,-1.000,-4.26,3.21,0.0359,0.0031
58.122,3.191,0,,,,,,GLOBAL,1.000,clear,0,13.0,15,5.635,0,0,-1.000,-4.26,3.21,0.0293,0.0019
58.141,3.192,0,,,,,,GLOBAL,1.000,clear,0,13.0,15,5.655,0,0,-1.000,-4.67,3.21,0.0487,0.0214
58.162,3.197,0,,,,,,GLOBAL,1.000,clear,0,13.0,15,5.675,0,0,-1.000,-4.02,3.21,0.0459,0.0142
58.181,3.195,0,,,,,,GLOBAL,1.000,clear,0,13.0,15,5.695,0,0,-1.000,-4.02,3.21,0.0387,0.0112
58.201,3.191,0,,,,,,GLOBAL,1.000,clear,0,13.0,15,5.715,0,0,-1.000,-4.03,3.22,0.0343,0.0057
58.221,3.192,0,,,,,,GLOBAL,1.000,clear,0,13.0,15,5.735,0,0,-1.000,-3.89,3.23,0.0301,0.0256
58.242,3.194,0,,,,,,GLOBAL,1.000,clear,0,13.0,15,5.755,0,0,-1.000,-3.89,3.23,0.0504,0.0182
58.261,3.198,0,,,,,,GLOBAL,1.000,clear,0,13.0,15,5.775,0,0,-1.000,-4.13,3.28,0.0441,0.0105
58.281,3.199,0,,,,,,GLOBAL,1.000,clear,0,13.0,15,5.794,0,0,-1.000,-3.03,3.34,0.0400,0.0018
58.301,3.212,0,,,,,,GLOBAL,1.000,clear,0,13.0,15,5.815,0,0,-1.000,-3.03,3.34,0.0343,0.0020
58.321,3.218,0,,,,,,GLOBAL,1.000,clear,0,13.0,15,5.835,0,0,-1.000,-2.98,3.45,0.0304,0.0007
58.342,3.218,0,,,,,,GLOBAL,1.000,clear,0,13.0,15,5.855,0,0,-1.000,-2.98,3.45,0.0506,0.0209
58.369,3.240,0,,,,,,GLOBAL,1.000,clear,0,13.0,15,5.882,0,0,-1.000,-2.91,3.48,0.0521,0.0223
58.389,3.240,0,,,,,,GLOBAL,1.000,clear,0,13.0,15,5.902,0,0,-1.000,-2.91,3.48,0.0719,0.0420
58.402,3.282,0,,,,,,GLOBAL,1.000,clear,0,13.0,15,5.915,0,0,-1.000,-3.35,3.51,0.0354,0.0047
58.421,3.314,0,,,,,,GLOBAL,1.000,clear,0,13.0,15,5.935,0,0,-1.000,-3.37,3.58,0.0304,0.0024
58.441,3.331,0,,,,,,GLOBAL,1.000,clear,0,13.0,15,5.955,0,0,-1.000,-1.97,3.64,0.0505,0.0224
58.461,3.369,0,,,,,,GLOBAL,1.000,clear,0,13.0,15,5.975,0,0,-1.000,-2.93,3.66,0.0452,0.0156
58.481,3.397,0,,,,,,GLOBAL,1.000,clear,0,13.0,15,5.995,0,0,-1.000,-2.93,3.66,0.0395,0.0118
58.501,3.423,0,,,,,,GLOBAL,1.000,clear,0,13.0,15,6.014,0,0,-1.000,-2.87,3.72,0.0354,0.0037
58.521,3.452,0,,,,,,GLOBAL,1.000,clear,0,13.0,15,6.035,0,0,-1.000,-2.87,3.72,0.0298,0.0238
58.542,3.479,0,,,,,,GLOBAL,1.000,dynamic,1,13.0,15,6.055,0,0,-1.000,-2.86,3.74,0.0501,0.0195
58.561,3.517,0,,,,,,GLOBAL,1.000,dynamic,1,-21.3,15,6.075,0,0,-1.000,-2.78,3.77,0.0455,0.0163
58.581,3.540,0,,,,,,GLOBAL,1.000,dynamic,1,-20.1,15,6.094,0,0,-1.000,-2.68,3.81,0.0381,0.0057
58.601,3.581,0,,,,,,GLOBAL,1.000,clear,0,-20.1,15,6.115,0,0,-1.000,-2.68,3.81,0.0358,0.0043
58.622,3.605,0,,,,,,GLOBAL,1.000,clear,0,-20.1,15,6.135,0,0,-1.000,-2.60,3.83,0.0284,0.0245
58.642,3.639,0,,,,,,GLOBAL,1.000,clear,0,-20.1,15,6.155,0,0,-1.000,-2.59,3.83,0.0485,0.0197
58.661,3.665,0,,,,,,GLOBAL,1.000,clear,1,-20.1,15,6.175,0,0,-1.000,-2.59,3.83,0.0458,0.0144
58.681,3.687,0,,,,,,GLOBAL,1.000,clear,0,-20.1,15,6.195,0,0,-1.000,-2.63,3.90,0.0404,0.0075
58.701,3.712,0,,,,,4.007,GLOBAL,1.000,dynamic,1,-20.1,15,6.215,0,0,-1.000,-2.80,3.92,0.0358,0.0036
58.721,3.736,0,,,,,3.986,GLOBAL,1.000,clear,0,-17.3,15,6.235,0,0,-1.000,-2.80,3.92,0.0306,0.0017
58.742,3.765,0,,,,,3.986,GLOBAL,1.000,clear,0,-17.3,15,6.255,0,0,-1.000,-2.80,3.92,0.0508,0.0219
58.761,3.782,0,,,,,3.781,GLOBAL,1.000,clear,0,-17.3,15,6.275,0,0,-1.000,-2.87,4.01,0.0464,0.0144
58.781,3.813,0,,,,,,GLOBAL,1.000,clear,0,-17.3,15,6.295,0,0,-1.000,-2.87,4.01,0.0407,0.0130
58.801,3.828,1,4.069,4.157,-0.391,0.106,,GLOBAL,1.000,clear,0,-17.3,15,6.315,0,0,-1.000,-2.86,4.06,0.0365,0.0069
58.821,3.864,0,,,,,3.513,GLOBAL,1.000,clear,0,-17.3,15,6.334,0,0,-1.000,-2.92,4.11,0.0244,0.0016
58.842,3.884,0,,,,,3.513,GLOBAL,1.000,clear,0,-17.3,15,6.355,0,0,-1.000,-2.92,4.11,0.0450,0.0223
58.862,3.912,0,,,,,,GLOBAL,1.000,clear,0,-17.3,15,6.375,0,0,-1.000,-3.13,4.13,0.0475,0.0162
58.881,3.931,0,,,,,,GLOBAL,1.000,clear,0,-17.3,15,6.394,0,0,-1.000,-3.02,4.20,0.0409,0.0108
58.901,3.968,0,,,,,,GLOBAL,1.000,clear,0,-17.3,15,6.414,0,0,-1.000,-3.02,4.20,0.0352,0.0070
58.921,3.986,0,,,,,,GLOBAL,1.000,clear,0,-17.3,15,6.434,0,0,-1.000,-3.12,4.25,0.0302,0.0006
58.942,4.017,0,,,,,,GLOBAL,1.000,clear,0,-17.3,15,6.455,0,0,-1.000,-3.32,4.30,0.0504,0.0208
58.961,4.044,0,,,,,,GLOBAL,1.000,clear,0,-17.3,15,6.475,0,0,-1.000,-3.32,4.30,0.0442,0.0167
58.981,4.081,0,,,,,,GLOBAL,1.000,clear,0,-17.3,15,6.495,0,0,-1.000,-3.30,4.38,0.0405,0.0111
59.001,4.102,0,,,,,,GLOBAL,1.000,clear,0,-17.3,15,6.514,0,0,-1.000,-3.30,4.41,0.0354,0.0060
59.021,4.145,0,,,,,,GLOBAL,1.000,clear,0,-17.3,15,6.535,0,0,-1.000,-3.30,4.41,0.0301,0.0013
59.041,4.175,0,,,,,,GLOBAL,0.968,clear,0,-17.3,15,6.555,0,0,-1.000,-8.08,4.72,0.0255,0.0212
59.061,4.214,0,,,,,,GLOBAL,0.968,clear,0,-17.3,15,6.575,0,0,-1.000,-12.87,4.63,0.0456,0.0169
59.081,4.241,0,,,,,,GLOBAL,0.973,clear,0,-17.3,15,6.595,0,0,-1.000,-12.87,4.63,0.0416,0.0121
59.102,4.294,0,,,,,,GLOBAL,0.986,clear,0,-17.3,15,6.615,0,0,-1.000,-10.51,4.71,0.0362,0.0324
59.121,4.334,0,,,,,,GLOBAL,0.990,clear,0,-17.3,15,6.635,0,0,-1.000,-9.51,4.76,0.0319,0.0005
59.142,4.389,0,,,,,,GLOBAL,1.000,clear,0,-17.3,15,6.655,0,0,-1.000,-9.51,4.76,0.0521,0.0208
59.162,4.428,0,,,,,,GLOBAL,1.000,clear,0,-17.3,15,6.675,0,0,-1.000,-8.62,4.80,0.0464,0.0084
59.181,4.479,0,,,,,,GLOBAL,1.000,clear,0,-17.3,15,6.694,0,0,-1.000,-8.10,4.73,0.0402,0.0122
59.201,4.531,0,,,,,,GLOBAL,1.000,clear,0,-17.3,15,6.715,0,0,-1.000,-8.10,4.73,0.0364,0.0070
59.221,4.574,0,,,,,,GLOBAL,1.000,clear,0,-17.3,15,6.735,0,0,-1.000,-7.89,4.72,0.0302,0.0033
59.242,4.611,0,,,,,,GLOBAL,1.000,clear,0,-17.3,15,6.755,0,0,-1.000,-6.69,4.68,0.0268,0.0237
59.262,4.621,0,,,,,,GLOBAL,1.000,clear,0,-17.3,15,6.775,0,0,-1.000,-6.69,4.68,0.0467,0.0158
59.281,4.641,0,,,,,,GLOBAL,1.000,clear,0,-17.3,15,6.795,0,0,-1.000,-6.17,4.65,0.0407,0.0124
59.301,4.638,0,,,,,,GLOBAL,1.000,clear,0,-17.3,15,6.815,0,0,-1.000,-5.34,4.60,0.0336,0.0058
59.321,4.640,0,,,,,,GLOBAL,1.000,clear,0,-17.3,15,6.835,0,0,-1.000,-5.34,4.60,0.0302,0.0023
59.341,4.633,0,,,,,,GLOBAL,1.000,clear,0,-17.3,15,6.854,0,0,-1.000,-4.96,4.58,0.0500,0.0221
59.361,4.619,0,,,,,,GLOBAL,1.000,clear,0,-17.3,15,6.875,0,0,-1.000,-4.53,4.55,0.0451,0.0146
59.381,4.604,0,,,,,,GLOBAL,1.000,clear,0,-17.3,15,6.894,0,0,-1.000,-4.53,4.55,0.0376,0.0082
59.401,4.592,0,,,,,,GLOBAL,1.000,clear,0,-17.3,15,6.915,0,0,-1.000,-3.91,4.51,0.0309,0.0050
59.421,4.581,0,,,,,,GLOBAL,1.000,clear,0,-17.3,15,6.934,0,0,-1.000,-3.19,4.46,0.0294,0.0011
59.442,4.557,0,,,,,,GLOBAL,1.000,clear,0,-17.3,15,6.955,0,0,-1.000,-3.19,4.46,0.0497,0.0214
59.462,4.546,0,,,,,,GLOBAL,0.986,clear,0,-17.3,15,6.975,0,0,-1.000,-3.10,4.42,0.0458,0.0132
59.482,4.522,0,,,,,,AVOID,0.986,avoid_cruise,1,0.0,15,6.995,0,0,-1.000,-2.86,4.33,0.0382,0.0105
59.501,4.498,0,,,,,,AVOID,0.986,avoid_cruise,1,0.0,15,7.014,0,0,-1.000,-2.86,4.33,0.0339,0.0042
59.522,4.478,0,,,,,,AVOID,0.986,avoid_cruise,1,0.0,15,7.035,0,0,-1.000,-2.66,4.31,0.0284,0.0246
59.542,4.453,0,,,,,,AVOID,0.949,avoid_cruise,1,0.0,15,7.055,0,0,-1.000,-2.66,4.31,0.0483,0.0195
59.561,4.422,0,,,,,,AVOID,0.937,avoid_cruise,1,0.0,15,7.075,0,0,-1.000,-2.35,4.11,0.0379,0.0171
59.581,4.399,0,,,,,,AVOID,0.929,avoid_cruise,1,0.0,15,7.095,0,0,-1.000,-1.77,4.01,0.0400,0.0075
59.620,4.371,0,,,,,,AVOID,0.934,avoid_cruise,1,0.0,228,0.001,0,0,-1.000,-1.77,4.01,0.0526,0.0227
59.638,4.329,0,,,,,,AVOID,0.925,avoid_cruise,1,0.0,228,0.002,1,0,-1.000,-1.65,3.97,0.0437,0.0176
59.641,4.274,0,,,,,,AVOID,0.916,avoid_cruise,1,0.0,228,0.005,1,0,-1.000,-1.65,3.97,0.0470,0.0210
59.662,4.225,0,,,,,,AVOID,0.910,avoid_cruise,1,0.0,228,0.004,1,0,-1.000,2.23,3.97,0.0447,0.0028
59.682,4.225,0,,,,,,AVOID,0.910,avoid_cruise,1,0.0,228,0.001,1,0,-1.000,2.23,3.97,0.0375,0.0227
59.710,4.156,0,,,,,,AVOID,0.901,avoid_cruise,1,0.0,228,0.001,1,0,-1.000,1.09,3.91,0.0433,0.0148
59.728,4.133,0,,,,,,AVOID,0.893,avoid_cruise,1,0.0,228,0.001,1,0,-1.000,1.09,3.91,0.0609,0.0325
59.741,4.102,0,,,,,,AVOID,0.878,avoid_cruise,1,0.0,228,0.015,1,0,-1.000,0.70,3.87,0.0474,0.0134
59.762,4.102,0,,,,,,AVOID,0.878,avoid_cruise,1,0.0,228,0.001,1,0,-1.000,0.70,3.87,0.0417,0.0166
59.781,4.029,0,,,,,,AVOID,0.878,avoid_cruise,1,0.0,228,0.021,1,0,-1.000,0.51,3.83,0.0355,0.0124
59.803,4.029,0,,,,,,AVOID,0.854,avoid_cruise,1,0.0,228,0.001,1,0,-1.000,0.51,3.83,0.0571,0.0341
59.863,3.995,0,,,,,,AVOID,0.852,avoid_cruise,1,0.0,228,0.010,1,0,-1.000,0.51,3.83,0.0927,0.0592
59.888,3.963,0,,,,,,REJOIN,0.856,avoid_cruise,1,0.0,228,0.004,1,0,-1.000,0.23,3.77,0.0901,0.0244
59.912,3.933,0,,,,,,REJOIN,0.842,avoid_cruise,1,0.0,228,0.004,1,0,-1.000,0.27,3.74,0.0892,0.0239
59.931,3.895,0,,,,,,REJOIN,0.833,avoid_cruise,1,0.0,228,0.001,1,0,-1.000,0.27,3.74,0.0847,0.0178
59.947,3.861,0,,,,,,REJOIN,0.823,avoid_cruise,1,0.0,228,0.001,1,0,-1.000,0.27,3.74,0.0794,0.0159
59.965,3.832,0,,,,,,REJOIN,0.809,avoid_cruise,1,0.0,228,0.001,1,0,-1.000,0.27,3.74,0.0676,0.0174
59.983,3.808,0,,,,,,REJOIN,0.798,avoid_cruise,1,0.0,228,0.002,1,0,-1.000,0.37,3.68,0.0661,0.0175
60.001,3.740,0,,,,,,REJOIN,0.788,avoid_cruise,1,0.0,228,0.005,1,0,-1.000,0.46,3.56,0.0343,0.0009
60.033,3.724,0,,,,,,REJOIN,0.753,avoid_cruise,1,0.0,228,0.001,1,0,-1.000,0.31,3.55,0.0415,0.0322
60.049,3.684,0,,,,,,REJOIN,0.754,avoid_cruise,1,0.0,228,0.001,1,0,-1.000,0.31,3.55,0.0580,0.0162
60.061,3.651,0,,,,,,REJOIN,0.750,avoid_cruise,1,0.0,228,0.013,1,0,-1.000,0.34,3.57,0.0445,0.0117
60.083,3.633,0,,,,,,REJOIN,0.750,avoid_cruise,1,0.0,228,0.003,1,0,-1.000,0.43,3.51,0.0418,0.0016
60.103,3.633,0,,,,,,REJOIN,0.754,avoid_cruise,1,0.0,228,0.001,1,0,-1.000,0.43,3.51,0.0617,0.0214
60.121,3.595,0,,,,,,REJOIN,0.762,avoid_cruise,1,0.0,228,0.020,1,0,-1.000,0.52,3.47,0.0272,0.0182
60.141,3.569,0,,,,,,REJOIN,0.762,avoid_cruise,1,0.0,228,0.003,1,0,-1.000,0.52,3.47,0.0473,0.0194
60.166,3.538,0,,,,,,REJOIN,0.762,avoid_cruise,1,0.0,228,0.001,1,0,-1.000,0.71,3.36,0.0495,0.0192
60.182,3.524,0,,,,,,REJOIN,0.766,avoid_cruise,1,0.0,228,0.003,1,0,-1.000,0.82,3.30,0.0386,0.0014
60.202,3.492,0,,,,,,REJOIN,0.773,avoid_cruise,1,0.0,228,0.002,1,0,-1.000,0.91,3.25,0.0361,0.0011
60.225,3.459,0,,,,,,REJOIN,0.781,avoid_cruise,1,0.0,228,0.001,1,0,-1.000,0.91,3.25,0.0583,0.0233
60.253,3.422,0,,,,,,REJOIN,0.781,avoid_cruise,1,0.0,228,0.002,1,0,-1.000,1.00,3.10,0.0597,0.0282
60.261,3.386,0,,,,,,REJOIN,0.786,avoid_cruise,1,0.0,228,0.010,1,0,-1.000,1.00,3.10,0.0450,0.0067
60.294,3.349,0,,,,,,REJOIN,0.786,avoid_cruise,1,0.0,228,0.001,1,0,-1.000,1.20,3.07,0.0498,0.0219
60.301,3.295,0,,,,,,REJOIN,0.786,avoid_cruise,1,0.0,228,0.009,1,0,-1.000,1.94,3.06,0.0313,0.0031
60.329,3.295,0,,,,,,REJOIN,0.786,avoid_cruise,1,0.0,228,0.001,1,0,-1.000,1.94,3.06,0.0589,0.0307
60.347,3.252,0,,,,,,REJOIN,0.790,avoid_cruise,1,0.0,228,0.001,1,0,-1.000,2.53,3.06,0.0526,0.0171
60.362,3.164,0,,,,,,GLOBAL,0.863,clear,0,0.0,228,0.017,0,0,-1.000,2.53,3.06,0.0459,0.0131
60.381,3.135,0,,,,,,GLOBAL,0.863,clear,0,0.0,228,0.036,0,0,-1.000,3.49,3.03,0.0379,0.0123
60.402,3.104,0,,,,,,GLOBAL,0.894,clear,0,0.0,228,0.057,0,0,-1.000,4.59,2.98,0.0362,0.0055
60.421,3.076,0,,,,,,GLOBAL,0.931,clear,0,0.0,228,0.076,0,0,-1.000,4.59,2.98,0.0259,0.0016
60.441,3.049,0,,,,,,GLOBAL,0.966,clear,0,0.0,228,0.096,0,0,-1.000,4.71,2.98,0.0460,0.0216
60.461,3.019,0,,,,,,GLOBAL,0.998,clear,0,0.0,228,0.116,0,0,-1.000,4.68,2.98,0.0426,0.0172
60.482,2.999,0,,,,,,GLOBAL,0.998,clear,0,0.0,228,0.137,0,0,-1.000,4.52,2.97,0.0376,0.0123
60.504,2.985,0,,,,,,GLOBAL,0.998,clear,0,0.0,228,0.159,0,0,-1.000,4.52,2.97,0.0336,0.0080
60.521,2.976,0,,,,,,GLOBAL,0.998,clear,0,0.0,228,0.176,0,0,-1.000,5.33,2.95,0.0272,0.0020
60.542,2.970,0,,,,,,GLOBAL,0.998,clear,0,0.0,228,0.197,0,0,-1.000,6.17,2.90,0.0238,0.0226
60.561,2.954,0,,,,,,GLOBAL,0.998,clear,0,0.0,228,0.216,0,0,-1.000,1.39,3.48,0.0431,0.0170
60.583,2.944,0,,,,,,GLOBAL,0.998,clear,0,0.0,228,0.238,0,0,-1.000,1.39,3.48,0.0390,0.0138
60.601,2.927,0,,,,,,GLOBAL,1.000,clear,0,0.0,228,0.256,0,0,-1.000,6.15,3.40,0.0279,0.0074
60.622,2.918,0,,,,,,GLOBAL,1.000,clear,0,0.0,228,0.277,0,0,-1.000,10.93,3.27,0.0305,0.0017
60.641,2.940,0,,,,,,GLOBAL,1.000,clear,0,0.0,228,0.296,0,0,-1.000,10.93,3.27,0.0501,0.0213
60.661,2.985,0,,,,,,GLOBAL,1.000,clear,0,0.0,228,0.316,0,0,-1.000,15.71,3.17,0.0448,0.0145
60.681,3.013,0,,,,,,GLOBAL,1.000,clear,0,0.0,228,0.336,0,0,-1.000,14.39,3.12,0.0405,0.0064
60.701,3.021,0,,,,,,GLOBAL,1.000,clear,0,0.0,228,0.356,0,0,-1.000,14.39,3.12,0.0351,0.0047
60.721,2.995,0,,,,,,GLOBAL,1.000,clear,0,0.0,228,0.376,0,0,-1.000,13.56,3.00,0.0275,0.0245
60.741,2.969,0,,,,,,GLOBAL,1.000,clear,0,0.0,228,0.396,0,0,-1.000,12.53,3.00,0.0475,0.0196
60.762,2.942,0,,,,,,GLOBAL,1.000,clear,0,0.0,228,0.416,0,0,-1.000,12.53,3.00,0.0455,0.0144
60.782,2.922,0,,,,,,GLOBAL,1.000,clear,0,0.0,228,0.437,0,0,-1.000,11.85,3.00,0.0403,0.0065
60.801,2.906,0,,,,,,GLOBAL,1.000,clear,0,0.0,228,0.456,0,0,-1.000,11.95,3.00,0.0342,0.0033
60.821,2.906,0,,,,,,GLOBAL,1.000,clear,0,0.0,228,0.476,0,0,-1.000,11.95,3.00,0.0297,0.0025
60.841,2.916,0,,,,,,GLOBAL,1.000,clear,0,0.0,228,0.496,0,0,-1.000,11.80,3.00,0.0496,0.0224
60.861,2.904,0,,,,,,GLOBAL,1.000,clear,0,0.0,228,0.516,0,0,-1.000,10.89,3.00,0.0455,0.0159
60.881,2.910,0,,,,,,GLOBAL,1.000,clear,0,0.0,228,0.536,0,0,-1.000,10.89,3.00,0.0399,0.0109
60.901,2.895,0,,,,,,GLOBAL,1.000,clear,0,0.0,228,0.556,0,0,-1.000,10.91,3.00,0.0357,0.0073
60.921,2.890,0,,,,,,GLOBAL,1.000,clear,0,0.0,228,0.576,0,0,-1.000,10.55,3.00,0.0300,0.0025
60.942,2.900,0,,,,,,GLOBAL,1.000,clear,0,0.0,228,0.596,0,0,-1.000,10.55,3.00,0.0502,0.0227
60.961,2.890,0,,,,,,GLOBAL,1.000,clear,0,0.0,228,0.616,0,0,-1.000,8.40,3.00,0.0459,0.0164
60.981,2.893,0,,,,,,GLOBAL,1.000,clear,0,0.0,228,0.636,0,0,-1.000,8.76,3.00,0.0402,0.0106
61.002,2.899,0,,,,,,GLOBAL,1.000,clear,0,0.0,228,0.657,0,0,-1.000,8.76,3.00,0.0364,0.0041
61.021,2.879,0,,,,,,GLOBAL,1.000,clear,0,0.0,228,0.676,0,0,-1.000,7.87,3.00,0.0302,0.0237
61.042,2.886,0,,,,,,GLOBAL,1.000,clear,0,0.0,228,0.697,0,0,-1.000,6.22,3.00,0.0273,0.0192
61.061,2.891,0,,,,,,GLOBAL,1.000,clear,0,0.0,228,0.716,0,0,-1.000,6.22,3.00,0.0464,0.0160
61.081,2.880,0,,,,,,GLOBAL,1.000,clear,0,0.0,228,0.736,0,0,-1.000,6.02,3.00,0.0406,0.0132
61.101,2.892,0,,,,,,GLOBAL,1.000,clear,0,0.0,228,0.756,0,0,-1.000,4.82,3.00,0.0365,0.0039
61.121,2.894,0,,,,,,GLOBAL,1.000,clear,0,0.0,228,0.776,0,0,1.678,4.82,3.00,0.0308,0.0025
61.142,2.880,0,,,,,,GLOBAL,1.000,clear,0,0.0,228,0.797,0,0,-1.000,6.03,3.00,0.0274,0.0234
61.162,2.893,0,,,,,,GLOBAL,1.000,clear,0,0.0,228,0.816,0,0,1.638,4.66,3.00,0.0467,0.0175
61.181,2.889,0,,,,,,GLOBAL,1.000,clear,0,0.0,228,0.836,0,0,1.623,4.66,3.00,0.0409,0.0125
61.201,2.892,0,,,,,,GLOBAL,1.000,clear,0,0.0,228,0.856,0,0,1.462,3.98,3.00,0.0351,0.0065
61.221,2.897,0,,,,,,GLOBAL,1.000,clear,0,0.0,228,0.876,0,0,1.343,2.93,3.00,0.0304,0.0025
61.243,2.896,0,,,,,,GLOBAL,1.000,clear,0,0.0,228,0.898,0,0,1.320,2.93,3.00,0.0270,0.0241
61.261,2.897,0,,,,,,GLOBAL,1.000,clear,0,0.0,228,0.916,0,0,1.285,2.59,3.00,0.0454,0.0121
61.281,2.900,0,,,,,,GLOBAL,1.000,clear,0,0.0,228,0.936,0,0,1.259,2.85,3.00,0.0413,0.0120
61.301,2.899,0,,,,,,GLOBAL,1.000,clear,0,0.0,228,0.956,0,0,1.253,2.85,3.00,0.0356,0.0061
61.321,2.906,0,,,,,,GLOBAL,1.000,clear,0,0.0,228,0.976,0,0,1.241,2.62,3.00,0.0314,0.0006
61.341,2.908,0,,,,,,GLOBAL,1.000,clear,0,0.0,228,0.996,0,0,1.259,3.29,3.00,0.0515,0.0208
61.376,2.908,0,,,,,,GLOBAL,1.000,clear,0,0.0,228,1.031,0,0,1.259,3.29,3.00,0.0609,0.0558
61.384,2.917,0,,,,,,GLOBAL,1.000,clear,0,0.0,228,1.039,0,0,1.357,4.09,3.00,0.0436,0.0051
61.407,2.917,0,,,,,,GLOBAL,1.000,clear,0,0.0,228,1.062,0,0,1.357,4.09,3.00,0.0665,0.0280
61.425,2.918,0,,,,,,GLOBAL,1.000,clear,0,0.0,228,1.079,0,0,1.322,4.06,3.00,0.0334,0.0028
61.443,2.918,0,,,,,,GLOBAL,1.000,clear,0,0.0,228,1.098,0,0,1.322,6.39,3.00,0.0522,0.0216
61.462,2.928,0,,,,,,GLOBAL,1.000,clear,0,0.0,228,1.117,0,0,-1.000,6.39,3.00,0.0466,0.0145
61.481,2.930,0,,,,,,GLOBAL,1.000,clear,0,0.0,228,1.136,0,0,-1.000,6.46,3.00,0.0404,0.0126
61.501,2.933,0,,,,,,GLOBAL,1.000,clear,0,0.0,228,1.156,0,0,-1.000,8.30,3.00,0.0363,0.0049
61.521,2.935,0,,,,,,GLOBAL,1.000,clear,0,0.0,228,1.176,0,0,-1.000,10.65,3.00,0.0307,0.0029
61.542,2.935,0,,,,,,GLOBAL,1.000,clear,0,0.0,228,1.196,0,0,-1.000,10.65,3.00,0.0508,0.0230
61.561,2.940,0,,,,,,GLOBAL,1.000,clear,0,0.0,228,1.216,0,0,-1.000,10.37,3.00,0.0464,0.0139
61.581,2.935,0,,,,,,GLOBAL,1.000,clear,0,0.0,228,1.236,0,0,-1.000,12.33,3.00,0.0407,0.0125
61.601,2.942,0,,,,,,GLOBAL,1.000,clear,0,0.0,228,1.256,0,0,-1.000,12.33,3.00,0.0366,0.0044
61.621,2.937,0,,,,,,GLOBAL,1.000,clear,0,0.0,228,1.276,0,0,-1.000,12.09,3.00,0.0307,0.0023
61.642,2.935,0,,,,,,GLOBAL,1.000,clear,0,0.0,228,1.297,0,0,-1.000,14.10,3.00,0.0273,0.0229
61.662,2.942,0,,,,,,GLOBAL,1.000,clear,0,0.0,228,1.316,0,0,-1.000,14.10,3.00,0.0469,0.0142
61.681,2.933,0,,,,,,GLOBAL,1.000,clear,0,0.0,228,1.336,0,0,-1.000,14.75,3.00,0.0395,0.0120
61.702,2.930,0,,,,,,GLOBAL,1.000,clear,0,0.0,228,1.356,0,0,-1.000,13.21,3.00,0.0351,0.0070
61.721,2.941,0,,,,,,GLOBAL,1.000,clear,0,0.0,228,1.376,0,0,-1.000,13.21,3.00,0.0298,0.0021
61.741,2.921,0,,,,,,GLOBAL,1.000,clear,0,0.0,228,1.396,0,0,-1.000,14.87,3.00,0.0498,0.0222
61.761,2.925,0,,,,,,GLOBAL,1.000,clear,0,0.0,228,1.416,0,0,-1.000,14.14,3.00,0.0451,0.0181
61.781,2.934,0,,,,,,GLOBAL,1.000,clear,0,0.0,228,1.436,0,0,-1.000,14.14,3.00,0.0412,0.0122
61.801,2.916,0,,,,,,GLOBAL,1.000,clear,0,0.0,228,1.456,0,0,-1.000,13.28,3.00,0.0354,0.0064
61.821,2.923,0,,,,,,GLOBAL,1.000,clear,0,0.0,228,1.476,0,0,-1.000,13.28,3.00,0.0303,0.0022
61.841,2.918,0,,,,,,GLOBAL,1.000,clear,0,0.0,228,1.496,0,0,-1.000,12.32,3.00,0.0255,0.0222
61.861,2.901,0,,,,,,GLOBAL,1.000,clear,0,0.0,228,1.516,0,0,-1.000,11.08,3.00,0.0455,0.0180
61.881,2.916,0,,,,,,GLOBAL,1.000,clear,0,0.0,228,1.536,0,0,-1.000,10.38,3.00,0.0415,0.0091
61.901,2.897,0,,,,,,GLOBAL,1.000,clear,0,0.0,228,1.556,0,0,-1.000,10.38,3.00,0.0358,0.0074
61.922,2.886,0,,,,,,GLOBAL,1.000,clear,0,0.0,228,1.576,0,0,-1.000,9.82,3.00,0.0301,0.0013
61.941,2.906,0,,,,,,GLOBAL,1.000,clear,0,0.0,228,1.596,0,0,-1.000,9.12,3.00,0.0259,0.0212
61.961,2.885,0,,,,,,GLOBAL,1.000,clear,0,0.0,228,1.616,0,0,-1.000,9.12,3.00,0.0458,0.0185
61.981,2.880,0,,,,,4.116,GLOBAL,1.000,clear,0,0.0,228,1.636,0,0,-1.000,8.41,3.00,0.0418,0.0118
62.002,2.897,1,3.939,4.214,0.094,0.277,,GLOBAL,1.000,clear,0,0.0,228,1.656,0,0,-1.000,8.76,3.00,0.0361,0.0058
62.021,2.877,0,,,,,3.880,GLOBAL,1.000,clear,0,0.0,228,1.676,0,0,-1.000,8.76,3.00,0.0302,0.0017
62.042,2.872,0,,,,,3.880,GLOBAL,1.000,clear,0,0.0,228,1.697,0,0,-1.000,8.43,3.00,0.0265,0.0222
62.061,2.892,0,,,,,4.087,GLOBAL,1.000,clear,0,0.0,228,1.716,0,0,-1.000,8.30,3.00,0.0461,0.0168
62.081,2.879,1,3.719,3.993,-0.390,0.293,,GLOBAL,1.000,clear,0,0.0,228,1.736,0,0,-1.000,8.30,3.00,0.0404,0.0122
62.101,2.877,0,,,,,,GLOBAL,1.000,clear,0,0.0,228,1.756,0,0,-1.000,8.44,3.00,0.0354,0.0060
62.122,2.896,0,,,,,,GLOBAL,1.000,clear,0,0.0,228,1.776,0,0,-1.000,8.81,3.00,0.0273,0.0037
62.142,2.880,0,,,,,,GLOBAL,1.000,clear,0,0.0,228,1.797,0,0,-1.000,8.81,3.00,0.0272,0.0241
62.162,2.886,0,,,,,,GLOBAL,1.000,clear,0,0.0,228,1.817,0,0,-1.000,8.91,3.00,0.0471,0.0165
62.181,2.898,0,,,,,,GLOBAL,1.000,clear,0,0.0,228,1.836,0,0,-1.000,8.36,3.00,0.0409,0.0091
62.201,2.887,0,,,,,,GLOBAL,1.000,clear,0,0.0,228,1.856,0,0,-1.000,8.36,3.00,0.0351,0.0072
62.221,2.892,0,,,,,,GLOBAL,1.000,clear,0,0.0,228,1.876,0,0,-1.000,9.25,3.00,0.0281,0.0006
62.242,2.901,0,,,,,,GLOBAL,1.000,clear,0,0.0,228,1.897,0,0,-1.000,8.30,3.00,0.0260,0.0212
62.261,2.891,0,,,,,,GLOBAL,1.000,clear,0,0.0,228,1.916,0,0,-1.000,8.30,3.00,0.0452,0.0129
62.281,2.900,0,,,,,,GLOBAL,1.000,clear,0,0.0,228,1.936,0,0,-1.000,8.06,3.00,0.0412,0.0115
62.301,2.909,0,,,,,,GLOBAL,1.000,clear,0,0.0,228,1.956,0,0,-1.000,8.56,3.00,0.0355,0.0063
62.321,2.900,0,,,,,,GLOBAL,1.000,clear,0,0.0,228,1.976,0,0,-1.000,8.56,3.00,0.0316,0.0023
62.341,2.909,0,,,,,,GLOBAL,1.000,clear,0,0.0,228,1.996,0,0,-1.000,7.59,3.00,0.0515,0.0222
62.361,2.914,0,,,,,,GLOBAL,1.000,clear,0,0.0,228,2.016,0,0,-1.000,7.52,3.00,0.0458,0.0147
62.381,2.904,0,,,,,,GLOBAL,1.000,clear,0,0.0,228,2.036,0,0,-1.000,7.52,3.00,0.0402,0.0127
62.401,2.910,0,,,,,,GLOBAL,1.000,clear,0,0.0,228,2.056,0,0,-1.000,7.90,3.00,0.0361,0.0047
62.422,2.919,0,,,,,,GLOBAL,1.000,clear,0,0.0,228,2.077,0,0,-1.000,8.01,3.00,0.0309,0.0005
62.442,2.913,0,,,,,,GLOBAL,1.000,clear,0,0.0,228,2.096,0,0,-1.000,8.01,3.00,0.0507,0.0204
62.462,2.917,0,,,,,,GLOBAL,1.000,clear,0,0.0,228,2.117,0,0,-1.000,8.04,3.00,0.0466,0.0139
62.481,2.921,0,,,,,,GLOBAL,1.000,clear,0,0.0,228,2.136,0,0,-1.000,7.95,3.00,0.0403,0.0130
62.501,2.918,0,,,,,,GLOBAL,1.000,clear,0,0.0,228,2.156,0,0,-1.000,7.95,3.00,0.0366,0.0333
62.521,2.916,0,,,,,,GLOBAL,1.000,clear,0,0.0,228,2.176,0,0,-1.000,7.13,3.00,0.0284,0.0170
62.542,2.924,0,,,,,,GLOBAL,1.000,clear,0,0.0,228,2.197,0,0,-1.000,7.89,3.00,0.0258,0.0175
62.561,2.924,0,,,,,,GLOBAL,1.000,clear,0,0.0,228,2.216,0,0,-1.000,7.89,3.00,0.0448,0.0177
62.581,2.920,0,,,,,,GLOBAL,1.000,clear,0,0.0,228,2.236,0,0,-1.000,8.35,3.00,0.0408,0.0130
62.601,2.924,0,,,,,,GLOBAL,1.000,clear,0,0.0,228,2.256,0,0,-1.000,8.60,3.00,0.0352,0.0062
62.621,2.922,0,,,,,,GLOBAL,1.000,clear,0,0.0,228,2.276,0,0,-1.000,8.60,3.00,0.0314,0.0028
62.642,2.917,0,,,,,,GLOBAL,1.000,clear,0,0.0,228,2.297,0,0,-1.000,8.88,3.00,0.0259,0.0231
62.662,2.928,0,,,,,,GLOBAL,1.000,clear,0,0.0,228,2.317,0,0,-1.000,9.60,3.00,0.0459,0.0165
62.681,2.926,0,,,,,,GLOBAL,1.000,clear,0,0.0,228,2.336,0,0,-1.000,9.60,3.00,0.0415,0.0081
62.701,2.921,0,,,,,,GLOBAL,1.000,clear,0,0.0,228,2.356,0,0,-1.000,10.04,3.00,0.0357,0.0055
62.721,2.926,0,,,,,,GLOBAL,1.000,clear,0,0.0,228,2.376,0,0,-1.000,10.04,3.00,0.0301,0.0025
62.742,2.921,0,,,,,,GLOBAL,1.000,clear,0,0.0,228,2.397,0,0,-1.000,9.23,3.00,0.0505,0.0230
62.762,2.918,0,,,,,,GLOBAL,1.000,clear,0,0.0,228,2.416,0,0,-1.000,9.36,3.00,0.0461,0.0158
62.781,2.931,0,,,,,,GLOBAL,1.000,clear,0,0.0,228,2.436,0,0,-1.000,9.17,3.00,0.0402,0.0081
62.801,2.920,0,,,,,,GLOBAL,1.000,clear,0,0.0,228,2.456,0,0,-1.000,9.17,3.00,0.0361,0.0073
62.821,2.919,0,,,,,,GLOBAL,1.000,clear,0,0.0,228,2.476,0,0,-1.000,8.56,3.00,0.0306,0.0022
62.843,2.927,0,,,,,,GLOBAL,1.000,clear,0,0.0,228,2.498,0,0,-1.000,8.01,3.00,0.0282,0.0239
62.862,2.919,0,,,,,,GLOBAL,1.000,clear,0,0.0,228,2.517,0,0,-1.000,8.01,3.00,0.0472,0.0181
62.975,2.921,0,,,,,,GLOBAL,1.000,clear,0,0.0,228,2.630,0,0,-1.000,7.17,3.00,0.1336,0.1065
62.982,2.926,0,,,,,,GLOBAL,1.000,clear,0,0.0,228,2.637,0,0,-1.000,6.66,3.00,0.0419,0.0013
63.004,2.916,0,,,,,,GLOBAL,1.000,clear,0,0.0,228,2.659,0,0,-1.000,6.66,3.00,0.0636,0.0230
63.021,2.929,0,,,,,,GLOBAL,1.000,clear,0,0.0,228,2.676,0,0,-1.000,6.02,3.00,0.0310,0.0169
63.041,2.913,0,,,,,,GLOBAL,1.000,clear,0,0.0,228,2.696,0,0,-1.000,5.60,3.00,0.0254,0.0161
63.061,2.916,0,,,,,,GLOBAL,1.000,clear,0,0.0,228,2.716,0,0,-1.000,7.69,3.00,0.0453,0.0158
63.081,2.919,0,,,,,,GLOBAL,1.000,clear,0,0.0,228,2.736,0,0,-1.000,7.01,3.00,0.0414,0.0044
63.101,2.912,0,,,,,,GLOBAL,1.000,clear,0,0.0,228,2.756,0,0,-1.000,7.01,3.00,0.0357,0.0057
63.121,2.917,0,,,,,,GLOBAL,1.000,clear,0,0.0,228,2.776,0,0,-1.000,5.86,3.00,0.0304,0.0009
63.141,2.923,0,,,,,,GLOBAL,1.000,clear,0,0.0,228,2.796,0,0,-1.000,6.15,3.00,0.0259,0.0208
63.161,2.919,0,,,,,,GLOBAL,1.000,clear,0,0.0,228,2.816,0,0,-1.000,6.15,3.00,0.0457,0.0180
63.182,2.926,0,,,,,,GLOBAL,1.000,clear,0,0.0,228,2.836,0,0,-1.000,7.53,3.00,0.0419,0.0130
63.201,2.926,0,,,,,,GLOBAL,1.000,clear,0,0.0,228,2.856,0,0,-1.000,6.66,3.00,0.0360,0.0069
63.221,2.926,0,,,,,,GLOBAL,1.000,clear,0,0.0,228,2.876,0,0,-1.000,6.66,3.00,0.0318,0.0011
63.241,2.935,0,,,,,,GLOBAL,1.000,clear,0,0.0,228,2.896,0,0,-1.000,6.54,3.00,0.0519,0.0212
63.262,2.935,0,,,,,,GLOBAL,1.000,clear,0,0.0,228,2.917,0,0,-1.000,5.71,3.00,0.0468,0.0189
63.282,2.936,0,,,,,,GLOBAL,1.000,clear,0,0.0,228,2.936,0,0,-1.000,5.71,3.00,0.0423,0.0121
63.301,2.940,0,,,,,,GLOBAL,1.000,clear,0,0.0,228,2.956,0,0,-1.000,5.84,3.00,0.0362,0.0073
63.322,2.932,0,,,,,,GLOBAL,1.000,clear,0,0.0,228,2.977,0,0,-1.000,4.40,3.12,0.0310,0.0023
63.342,2.938,0,,,,,,GLOBAL,1.000,clear,0,0.0,228,2.996,0,0,-1.000,4.40,3.12,0.0267,0.0220
63.361,2.945,0,,,,,,GLOBAL,1.000,clear,0,0.0,228,3.016,0,0,-1.000,5.18,3.16,0.0464,0.0168
63.381,2.952,0,,,,,,GLOBAL,1.000,clear,0,0.0,228,3.036,0,0,-1.000,5.39,3.25,0.0408,0.0138
63.404,2.961,0,,,,,,GLOBAL,1.000,clear,0,0.0,228,3.059,0,0,-1.000,5.39,3.25,0.0398,0.0078
63.426,2.977,0,,,,,,GLOBAL,1.000,clear,0,0.0,228,3.081,0,0,-1.000,5.28,3.28,0.0345,0.0064
63.441,3.000,0,,,,,,GLOBAL,1.000,clear,0,0.0,228,3.096,0,0,-1.000,4.23,3.36,0.0270,0.0218
63.461,3.034,0,,,,,,GLOBAL,1.000,clear,0,0.0,228,3.116,0,0,-1.000,4.23,3.36,0.0471,0.0148
63.481,3.062,0,,,,,,GLOBAL,1.000,clear,0,0.0,228,3.136,0,0,-1.000,4.10,3.39,0.0412,0.0116
63.501,3.096,0,,,,,,GLOBAL,1.000,clear,0,0.0,228,3.156,0,0,-1.000,4.10,3.39,0.0344,0.0040
63.526,3.130,0,,,,,,GLOBAL,1.000,clear,0,0.0,228,3.181,0,0,-1.000,3.60,3.46,0.0351,0.0289
63.542,3.159,0,,,,,,GLOBAL,1.000,clear,0,0.0,228,3.197,0,0,-1.000,4.29,3.53,0.0513,0.0159
63.562,3.201,0,,,,,,GLOBAL,1.000,clear,0,0.0,228,3.216,0,0,-1.000,3.63,3.57,0.0459,0.0152
63.582,3.230,0,,,,,,GLOBAL,1.000,clear,0,0.0,228,3.236,0,0,-1.000,3.63,3.57,0.0415,0.0111
63.601,3.269,0,,,,,,GLOBAL,1.000,clear,0,0.0,228,3.256,0,0,-1.000,3.27,3.60,0.0359,0.0065
63.621,3.310,0,,,,,,GLOBAL,1.000,clear,0,0.0,228,3.276,0,0,-1.000,3.06,3.70,0.0302,0.0265
63.643,3.341,0,,,,,,GLOBAL,1.000,clear,0,0.0,228,3.298,0,0,-1.000,3.06,3.70,0.0523,0.0215
63.661,3.387,0,,,,,,GLOBAL,1.000,clear,0,0.0,228,3.316,0,0,-1.000,3.50,3.74,0.0460,0.0137
63.681,3.412,0,,,,,,GLOBAL,1.000,clear,0,0.0,228,3.336,0,0,-1.000,3.47,3.83,0.0348,0.0069
63.701,3.452,0,,,,,,GLOBAL,1.000,clear,0,0.0,228,3.356,0,0,-1.000,3.47,3.83,0.0316,0.0077
63.726,3.482,0,,,,,,GLOBAL,1.000,clear,0,0.0,228,3.381,0,0,-1.000,2.49,3.86,0.0562,0.0323
63.742,3.524,0,,,,,,GLOBAL,1.000,clear,0,0.0,228,3.397,0,0,-1.000,2.43,3.95,0.0212,0.0144
63.762,3.575,0,,,,,,GLOBAL,1.000,clear,0,0.0,228,3.417,0,0,-1.000,2.43,3.95,0.0415,0.0185
63.781,3.609,0,,,,,,GLOBAL,1.000,clear,0,0.0,228,3.436,0,0,-1.000,2.39,3.98,0.0407,0.0103
63.801,3.660,0,,,,,,GLOBAL,1.000,clear,0,0.0,228,3.456,0,0,-1.000,2.88,4.07,0.0349,0.0040
63.822,3.696,0,,,,,,GLOBAL,1.000,clear,0,0.0,228,3.477,0,0,-1.000,2.88,4.07,0.0555,0.0246
63.841,3.734,0,,,,,,GLOBAL,1.000,clear,0,0.0,228,3.496,0,0,-1.000,2.83,4.15,0.0508,0.0170
63.861,3.773,0,,,,,,GLOBAL,1.000,clear,0,0.0,228,3.516,0,0,-1.000,2.72,4.20,0.0448,0.0136
63.881,3.832,0,,,,,,GLOBAL,1.000,clear,0,0.0,228,3.536,0,0,-1.000,2.72,4.20,0.0394,0.0090
63.901,3.873,0,,,,,,GLOBAL,1.000,clear,0,0.0,228,3.556,0,0,-1.000,2.73,4.25,0.0355,0.0054
63.921,3.925,0,,,,,,GLOBAL,1.000,clear,0,0.0,228,3.576,0,0,-1.000,2.69,4.30,0.0297,0.0254
63.947,3.963,0,,,,,,GLOBAL,1.000,clear,0,0.0,228,3.602,0,0,-1.000,2.69,4.30,0.0555,0.0249
63.961,4.006,0,,,,,,GLOBAL,1.000,clear,0,0.0,228,3.616,0,0,-1.000,2.70,4.36,0.0456,0.0115
63.981,4.038,0,,,,,,GLOBAL,1.000,clear,0,0.0,228,3.636,0,0,-1.000,2.74,4.44,0.0380,0.0067
64.001,4.090,0,,,,,,GLOBAL,1.000,clear,0,0.0,228,3.656,0,0,-1.000,2.74,4.44,0.0341,0.0036
64.022,4.121,0,,,,,,GLOBAL,1.000,clear,0,0.0,228,3.677,0,0,-1.000,2.70,4.46,0.0304,0.0241
64.046,4.169,0,,,,,,AVOID,0.984,avoid_cruise,1,0.0,228,3.701,0,0,-1.000,2.70,4.46,0.0549,0.0203
64.062,4.203,0,,,,,,AVOID,0.984,avoid_cruise,1,19.5,228,3.717,0,0,-1.000,2.75,4.58,0.0448,0.0138
64.081,4.248,0,,,,,,AVOID,0.951,avoid_cruise,1,16.1,228,3.736,0,0,-1.000,2.75,4.58,0.0398,0.0017
64.101,4.273,0,,,,,,AVOID,0.929,avoid_cruise,1,12.5,228,3.756,0,0,-1.000,2.75,4.58,0.0341,0.0012
64.123,4.313,0,,,,,,GLOBAL,0.933,clear,0,12.5,228,3.777,0,0,-1.000,2.73,4.47,0.0316,0.0013
64.142,4.341,0,,,,,,AVOID,0.911,avoid_cruise,1,12.5,27,0.001,1,0,-1.000,1.97,4.44,0.0514,0.0212
64.165,4.378,0,,,,,,AVOID,0.911,avoid_cruise,1,17.1,27,0.023,1,0,0.950,5.26,4.38,0.0482,0.0108
64.181,4.394,0,,,,,,AVOID,0.885,avoid_cruise,1,16.6,54,0.011,1,0,-1.000,5.26,4.38,0.0403,0.0058
64.201,4.413,1,3.779,3.878,0.362,0.116,,AVOID,0.860,avoid_cruise,1,16.0,54,0.003,1,0,-1.000,5.00,4.33,0.0347,0.0015
64.222,4.418,1,3.682,3.774,0.381,0.111,,AVOID,0.831,avoid_cruise,1,16.0,54,0.023,1,0,-1.000,4.28,4.28,0.0310,0.0016
64.241,4.422,1,3.682,3.774,0.381,0.111,,AVOID,0.817,avoid_cruise,1,15.5,54,0.013,1,0,-1.000,4.28,4.28,0.0506,0.0212
64.261,4.413,1,3.561,3.668,0.367,0.125,,AVOID,0.817,avoid_cruise,1,15.8,53,0.005,1,0,-1.000,3.96,4.15,0.0450,0.0152
64.281,4.390,1,3.467,3.571,0.258,0.114,,AVOID,0.801,avoid_cruise,1,16.2,54,0.004,1,0,-1.000,3.94,4.01,0.0408,0.0120
64.303,4.345,1,3.348,3.459,0.378,0.132,,AVOID,0.787,avoid_cruise,1,15.2,54,0.001,1,0,-1.000,3.94,4.01,0.0364,0.0070
64.322,4.280,1,3.252,3.359,0.374,0.128,,AVOID,0.771,avoid_cruise,1,16.7,54,0.020,1,0,-1.000,3.93,3.93,0.0298,0.0026
64.347,4.208,1,3.252,3.359,0.374,0.128,,AVOID,0.756,avoid_cruise,1,16.7,54,0.019,1,0,-1.000,3.99,3.85,0.0550,0.0278
64.361,4.151,1,3.145,3.283,0.078,0.139,,AVOID,0.756,avoid_cruise,1,17.3,54,0.004,1,0,-1.000,3.99,3.85,0.0451,0.0099
64.486,4.151,1,3.145,3.283,0.078,0.139,,AVOID,0.756,avoid_cruise,1,17.3,54,0.130,1,0,-1.000,3.99,3.85,0.1702,0.1349
64.539,4.126,1,3.030,3.178,0.014,0.148,,AVOID,0.741,avoid_cruise,1,14.3,49,0.020,1,0,-1.000,4.13,3.78,0.1958,0.0521
64.545,4.100,1,2.946,3.088,-0.070,0.143,,AVOID,0.727,avoid_cruise,1,12.9,53,0.001,1,0,-1.000,4.21,3.71,0.1517,0.0053
64.565,4.021,1,2.749,2.886,-0.132,0.140,,AVOID,0.695,avoid_cruise,1,10.6,53,0.002,1,0,-1.000,4.42,3.47,0.1235,0.0136
64.582,3.810,1,2.491,2.607,-0.290,0.132,,AVOID,0.636,avoid_cruise,1,7.9,51,0.001,1,0,-1.000,2.16,3.22,0.0661,0.0046
64.603,3.523,0,,,,,2.274,AVOID,0.601,avoid_cruise,1,6.0,50,0.001,1,0,-1.000,2.45,3.18,0.0375,0.0052
64.621,3.485,0,,,,,2.177,AVOID,0.600,avoid_cruise,1,5.4,50,0.019,1,0,-1.000,-1.04,3.11,0.0277,0.0019
64.641,3.433,0,,,,,2.177,AVOID,0.600,avoid_cruise,1,5.4,50,0.012,1,0,-1.000,-0.04,3.00,0.0478,0.0220
64.662,3.379,0,,,,,2.107,AVOID,0.600,avoid_cruise,1,5.6,50,0.007,1,0,-1.000,-0.04,3.00,0.0452,0.0169
64.681,3.319,0,,,,,2.030,AVOID,0.600,avoid_cruise,1,5.7,50,0.003,1,0,-1.000,1.36,3.00,0.0402,0.0020
64.702,3.248,0,,,,,1.965,AVOID,0.600,avoid_cruise,1,6.5,43,0.003,1,0,-1.000,1.36,3.00,0.0355,0.0013
64.722,3.195,0,,,,,1.965,AVOID,0.600,avoid_cruise,1,6.5,40,0.001,1,0,-1.000,2.94,3.00,0.0283,0.0207
64.742,3.146,0,,,,,,AVOID,0.600,avoid_cruise,1,6.4,40,0.021,1,0,-1.000,1.87,3.00,0.0254,0.0198
64.762,3.107,0,,,,,1.865,AVOID,0.600,avoid_cruise,1,3.5,36,0.005,1,0,-1.000,1.78,3.00,0.0453,0.0073
64.781,3.077,0,,,,,,AVOID,0.600,avoid_cruise,1,5.3,36,0.025,1,0,-1.000,1.78,3.00,0.0410,0.0072
64.801,3.040,0,,,,,,AVOID,0.600,avoid_cruise,1,3.5,36,0.045,1,0,-1.000,2.46,3.00,0.0352,0.0039
64.821,3.016,0,,,,,,AVOID,0.600,avoid_cruise,1,3.5,41,0.015,1,0,-1.000,0.16,3.00,0.0277,0.0237
64.845,3.005,0,,,,,,AVOID,0.600,avoid_cruise,1,1.1,41,0.012,1,0,-1.000,0.16,3.00,0.0519,0.0238
64.861,2.988,0,,,,,,AVOID,0.600,avoid_cruise,1,3.4,41,0.009,1,0,-1.000,0.68,3.00,0.0454,0.0154
64.881,2.979,0,,,,,,AVOID,0.600,avoid_cruise,1,8.0,38,0.005,1,0,-1.000,0.53,3.00,0.0411,0.0120
64.902,2.979,0,,,,,,AVOID,0.600,avoid_cruise,1,12.9,29,0.010,1,0,-1.000,0.53,3.00,0.0356,0.0064
64.923,2.981,0,,,,,,AVOID,0.600,avoid_cruise,1,12.9,22,0.001,1,0,-1.000,4.88,3.00,0.0332,0.0281
64.943,2.984,0,,,,,,AVOID,0.600,avoid_cruise,1,17.1,18,0.002,1,0,-1.000,7.29,3.00,0.0531,0.0195
64.961,2.986,0,,,,,,AVOID,0.600,avoid_cruise,1,12.0,18,0.020,1,0,-1.000,8.93,3.00,0.0442,0.0165
64.982,2.981,0,,,,,,AVOID,0.600,avoid_cruise,1,8.3,21,0.001,1,0,-1.000,8.93,3.00,0.0383,0.0031
65.002,2.975,0,,,,,,AVOID,0.600,avoid_cruise,1,3.8,21,0.021,1,0,-1.000,3.76,3.00,0.0354,0.0016
65.021,2.966,0,,,,,,AVOID,0.600,avoid_cruise,1,3.8,21,0.041,1,0,-1.000,3.76,3.00,0.0300,0.0020
65.044,2.953,0,,,,,,AVOID,0.600,avoid_cruise,1,1.1,35,0.001,1,0,-1.000,4.12,3.00,0.0522,0.0242
65.062,2.934,0,,,,,,AVOID,0.600,avoid_cruise,1,0.3,35,0.019,1,0,-1.000,1.36,3.00,0.0464,0.0161
65.082,2.922,0,,,,,,AVOID,0.600,avoid_cruise,1,0.1,33,0.002,1,0,-1.000,-4.50,3.00,0.0403,0.0124
65.101,2.912,0,,,,,,AVOID,0.600,avoid_cruise,1,0.0,33,0.022,1,0,-1.000,-4.50,3.00,0.0358,0.0055
65.122,2.903,0,,,,,,AVOID,0.600,avoid_cruise,1,0.0,114,0.003,1,0,-1.000,-10.77,3.00,0.0305,0.0010
65.142,2.898,0,,,,,,REJOIN,0.600,avoid_cruise,1,0.0,114,0.023,1,0,-1.000,-10.77,3.00,0.0511,0.0216
65.164,2.897,0,,,,,,REJOIN,0.600,avoid_cruise,1,0.0,114,0.001,1,0,-1.000,-10.91,3.00,0.0483,0.0171
65.182,2.888,0,,,,,,AVOID,0.600,avoid_cruise,1,0.0,26,0.003,1,0,-1.000,-10.96,3.00,0.0406,0.0126
65.201,2.889,0,,,,,,AVOID,0.600,avoid_cruise,1,0.0,26,0.023,1,0,-1.000,-10.96,3.00,0.0360,0.0019
65.222,2.888,0,,,,,,AVOID,0.600,avoid_cruise,1,0.0,127,0.011,1,0,-1.000,-3.61,3.00,0.0268,0.0225
65.242,2.897,0,,,,,,AVOID,0.600,avoid_cruise,1,0.0,22,0.017,1,0,-1.000,-3.61,3.00,0.0474,0.0202
65.262,2.901,0,,,,,,AVOID,0.600,avoid_cruise,1,0.0,21,0.011,1,0,-1.000,-7.38,3.00,0.0455,0.0099
65.281,2.902,0,,,,,,AVOID,0.600,avoid_cruise,1,0.0,21,0.006,1,0,-1.000,-0.02,3.00,0.0408,0.0094
65.302,2.910,0,,,,,,AVOID,0.600,avoid_cruise,1,0.0,21,0.005,1,0,-1.000,4.25,3.00,0.0355,0.0039
65.323,2.915,0,,,,,,AVOID,0.600,avoid_cruise,1,0.0,21,0.001,1,0,-1.000,4.25,3.00,0.0325,0.0251
65.343,2.911,0,,,,,,AVOID,0.600,avoid_cruise,1,0.0,21,0.021,1,0,-1.000,3.45,3.00,0.0527,0.0198
65.361,2.917,0,,,,,,AVOID,0.600,avoid_cruise,1,0.0,22,0.016,1,0,-1.000,1.88,3.00,0.0453,0.0147
65.381,2.915,0,,,,,,AVOID,0.600,avoid_cruise,1,0.0,127,0.004,1,0,-1.000,1.88,3.00,0.0371,0.0032
65.401,2.913,0,,,,,,AVOID,0.600,avoid_cruise,1,0.0,127,0.005,1,0,-1.000,-5.48,3.00,0.0353,0.0035
65.421,2.919,0,,,,,,AVOID,0.600,avoid_cruise,1,0.0,127,0.025,1,0,-1.000,-11.01,3.00,0.0298,0.0020
65.449,2.918,0,,,,,,AVOID,0.600,avoid_cruise,1,0.0,127,0.001,1,0,-1.000,-11.01,3.00,0.0572,0.0293
65.461,2.916,0,,,,,,AVOID,0.600,avoid_cruise,1,0.0,127,0.014,1,0,-1.000,-11.00,3.00,0.0456,0.0120
65.481,2.925,0,,,,,,AVOID,0.600,avoid_cruise,1,0.0,127,0.004,1,0,-1.000,-11.00,3.00,0.0401,0.0028
65.501,2.923,0,,,,,,AVOID,0.600,avoid_cruise,1,0.0,127,0.024,1,0,-1.000,-10.99,3.00,0.0359,0.0059
65.521,2.931,0,,,,,,AVOID,0.600,avoid_cruise,1,0.0,127,0.044,1,0,-1.000,-9.51,3.00,0.0301,0.0257
65.542,2.931,0,,,,,,AVOID,0.600,avoid_cruise,1,0.0,127,0.001,1,0,-1.000,-9.51,3.00,0.0507,0.0174
65.565,2.929,0,,,,,,AVOID,0.600,avoid_cruise,1,0.0,127,0.009,1,0,-1.000,-9.54,3.00,0.0485,0.0076
65.581,2.928,0,,,,,,AVOID,0.600,avoid_cruise,1,0.0,127,0.007,1,0,-1.000,-9.06,3.00,0.0405,0.0060
65.608,2.933,0,,,,,,AVOID,0.600,avoid_cruise,1,0.0,127,0.001,1,0,-1.000,-9.06,3.00,0.0411,0.0088
65.629,2.928,0,,,,,,AVOID,0.600,avoid_cruise,1,0.0,127,0.001,1,0,-1.000,-8.77,3.00,0.0386,0.0087
65.642,2.926,0,,,,,,AVOID,0.600,avoid_cruise,1,0.0,127,0.014,1,0,-1.000,-8.76,3.00,0.0512,0.0214
65.665,2.923,0,,,,,,AVOID,0.600,avoid_cruise,1,0.0,127,0.001,1,0,-1.000,-8.76,3.00,0.0483,0.0199
65.683,2.923,0,,,,,,AVOID,0.600,avoid_cruise,1,0.0,127,0.001,1,0,-1.000,-8.75,3.00,0.0428,0.0384
65.709,2.926,0,,,,,,AVOID,0.600,avoid_cruise,1,0.0,127,0.003,1,0,-1.000,-8.76,3.00,0.0433,0.0108
65.724,2.926,0,,,,,,AVOID,0.600,avoid_cruise,1,0.0,127,0.001,1,0,-1.000,-8.76,3.00,0.0575,0.0250
65.742,2.923,0,,,,,,AVOID,0.600,avoid_cruise,1,0.0,127,0.020,1,0,-1.000,-8.76,3.00,0.0486,0.0179
65.762,2.926,0,,,,,,AVOID,0.600,avoid_cruise,1,0.0,127,0.007,1,0,-1.000,-8.76,3.00,0.0459,0.0051
65.782,2.918,0,,,,,,AVOID,0.600,avoid_cruise,1,0.0,127,0.027,1,0,-1.000,-8.76,3.00,0.0388,0.0116
65.819,2.920,0,,,,,,REJOIN,0.600,avoid_cruise,1,0.0,127,0.002,1,0,-1.000,-8.76,3.00,0.0514,0.0217
65.834,2.916,0,,,,,,REJOIN,0.600,avoid_cruise,1,0.0,127,0.002,1,0,-1.000,-8.78,3.00,0.0433,0.0372
65.843,2.915,0,,,,,,REJOIN,0.600,avoid_cruise,1,0.0,127,0.011,1,0,-1.000,-8.78,3.00,0.0517,0.0080
65.888,2.916,0,,,,,,REJOIN,0.600,avoid_cruise,1,0.0,127,0.033,1,0,-1.000,-8.78,3.00,0.0709,0.0412
65.981,2.911,0,,,,,,REJOIN,0.600,avoid_cruise,1,0.0,127,0.002,1,0,-1.000,-8.80,3.00,0.1398,0.0923
65.991,2.909,0,,,,,,REJOIN,0.600,avoid_cruise,1,0.0,127,0.002,1,0,-1.000,-8.81,3.00,0.1245,0.0096
66.002,2.913,0,,,,,,REJOIN,0.600,avoid_cruise,1,0.0,127,0.002,1,0,-1.000,-8.82,3.00,0.1075,0.0099
66.022,2.912,0,,,,,,REJOIN,0.600,avoid_cruise,1,0.0,127,0.002,1,0,-1.000,-8.85,3.00,0.0798,0.0101
66.042,2.906,0,,,,,,REJOIN,0.600,avoid_cruise,1,0.0,127,0.011,1,0,-1.000,-8.87,2.98,0.0478,0.0092
66.062,2.897,0,,,,,,REJOIN,0.600,avoid_cruise,1,0.0,127,0.011,1,0,-1.000,-8.87,2.95,0.0440,0.0102
66.081,2.903,0,,,,,,REJOIN,0.600,avoid_cruise,1,0.0,127,0.009,1,0,-1.000,-8.87,2.95,0.0396,0.0055
66.105,2.896,0,,,,,,REJOIN,0.600,avoid_cruise,1,0.0,127,0.005,1,0,-1.000,-8.89,2.94,0.0371,0.0030
66.121,2.873,0,,,,,,REJOIN,0.600,avoid_cruise,1,0.0,127,0.002,1,0,-1.000,-8.89,2.93,0.0293,0.0199
66.149,2.879,0,,,,,,REJOIN,0.600,avoid_cruise,1,0.0,127,0.001,1,0,-1.000,-8.91,2.93,0.0569,0.0264
66.161,2.880,0,,,,,,REJOIN,0.601,avoid_cruise,1,0.0,127,0.014,1,0,-1.000,-8.91,2.93,0.0434,0.0095
66.181,2.859,0,,,,,,REJOIN,0.601,avoid_cruise,1,0.0,127,0.011,1,0,-1.000,-8.98,2.92,0.0399,0.0071
66.202,2.865,0,,,,,,REJOIN,0.603,avoid_cruise,1,3.2,127,0.005,1,0,-1.000,-8.98,2.92,0.0347,0.0004
66.224,2.868,0,,,,,,REJOIN,0.605,avoid_cruise,1,3.2,127,0.001,1,0,-1.000,-8.99,2.92,0.0566,0.0224
66.249,2.844,0,,,,,,REJOIN,0.606,avoid_cruise,1,6.6,127,0.001,1,0,-1.000,-8.99,2.92,0.0566,0.0242
66.262,2.851,0,,,,,,REJOIN,0.606,avoid_cruise,1,10.0,127,0.013,1,0,-1.000,-8.87,2.92,0.0447,0.0064
66.281,2.845,0,,,,,,REJOIN,0.608,avoid_cruise,1,12.7,127,0.006,1,0,-1.000,-8.04,2.92,0.0387,0.0037
66.302,2.836,0,,,,,,REJOIN,0.610,avoid_cruise,1,16.2,127,0.006,1,0,-1.000,-8.13,2.93,0.0345,0.0011
66.322,2.852,0,,,,,,REJOIN,0.612,avoid_cruise,1,16.2,127,0.002,1,0,-1.000,-8.13,2.93,0.0294,0.0215
66.350,2.835,0,,,,,,REJOIN,0.616,avoid_cruise,1,19.6,127,0.001,1,0,-1.000,-8.29,2.94,0.0577,0.0281
66.361,2.825,0,,,,,,REJOIN,0.618,avoid_cruise,1,23.4,127,0.012,1,0,-1.000,-8.19,2.95,0.0439,0.0104
66.381,2.839,0,,,,,,REJOIN,0.618,avoid_cruise,1,27.0,127,0.009,1,0,-1.000,-8.19,2.95,0.0375,0.0079
66.401,2.829,0,,,,,,REJOIN,0.618,avoid_cruise,1,31.1,127,0.005,1,0,-1.000,-8.00,2.95,0.0347,0.0033
66.423,2.837,0,,,,,,REJOIN,0.623,avoid_cruise,1,31.1,127,0.001,1,0,-1.000,-7.95,2.97,0.0568,0.0255
66.447,2.848,0,,,,,,REJOIN,0.625,avoid_cruise,1,34.8,127,0.002,1,0,-1.000,-7.95,2.97,0.0550,0.0233
66.462,2.839,0,,,,,,GLOBAL,0.649,clear,0,38.4,127,0.017,0,0,-1.000,-7.88,2.98,0.0438,0.0086
66.481,2.842,0,,,,,,GLOBAL,0.649,clear,0,38.4,127,0.037,0,0,-1.000,-7.88,2.98,0.0393,0.0080
66.501,2.855,0,,,,,,GLOBAL,0.649,clear,0,38.4,127,0.057,0,0,-1.000,-7.08,2.96,0.0336,0.0046
66.522,2.854,0,,,,,,GLOBAL,0.649,clear,0,38.4,127,0.077,0,0,-1.000,-7.08,2.96,0.0301,0.0005
66.541,2.863,0,,,,,,GLOBAL,0.717,clear,0,38.4,127,0.097,0,0,-1.000,-6.84,2.98,0.0495,0.0200
66.561,2.864,0,,,,,,GLOBAL,0.740,clear,0,38.4,127,0.117,0,0,-1.000,-6.07,2.98,0.0436,0.0159
66.581,2.868,0,,,,,,GLOBAL,0.740,clear,0,38.4,127,0.137,0,0,-1.000,-6.07,2.98,0.0396,0.0106
66.601,2.870,0,,,,,,GLOBAL,0.763,clear,0,38.4,127,0.157,0,0,-1.000,-1.29,3.44,0.0340,0.0043
66.622,2.798,0,,,,,,GLOBAL,0.784,clear,0,38.4,127,0.177,0,0,-1.000,2.98,3.50,0.0280,0.0245
66.641,2.299,0,,,,,,GLOBAL,0.809,clear,0,38.4,127,0.197,0,0,-1.000,2.98,3.50,0.0477,0.0168
66.661,2.059,0,,,,,,GLOBAL,0.832,clear,0,38.4,127,0.217,0,0,-1.000,7.76,3.63,0.0430,0.0120
66.681,1.944,0,,,,,,GLOBAL,0.832,clear,0,38.4,127,0.237,0,0,-1.000,12.54,3.67,0.0360,0.0080
66.701,1.840,0,,,,,,GLOBAL,0.853,clear,0,38.4,127,0.257,0,0,-1.000,12.54,3.67,0.0329,0.0046
66.721,1.731,0,,,,,,GLOBAL,0.878,clear,0,38.4,127,0.277,0,0,-1.000,17.33,3.74,0.0259,0.0245
66.741,1.648,0,,,,,,GLOBAL,0.901,clear,0,38.4,127,0.297,0,0,-1.000,21.40,3.78,0.0460,0.0190
66.762,1.624,0,,,,,,GLOBAL,0.901,clear,0,38.4,127,0.317,0,0,-1.000,21.40,3.78,0.0416,0.0134
66.781,1.593,0,,,,,,GLOBAL,0.901,clear,0,38.4,127,0.337,0,0,-1.000,21.40,3.85,0.0356,0.0065
66.801,1.552,0,,,,,,GLOBAL,0.952,clear,0,38.4,127,0.356,0,0,-1.000,21.40,4.02,0.0330,0.0050
66.821,1.491,0,,,,,,GLOBAL,0.963,clear,0,38.4,127,0.377,0,0,-1.000,21.40,4.02,0.0260,0.0009
66.841,1.442,0,,,,,,GLOBAL,0.985,clear,0,38.4,127,0.397,0,0,-1.000,21.40,4.09,0.0461,0.0210
66.862,1.405,0,,,,,,GLOBAL,1.000,clear,0,38.4,127,0.417,0,0,-1.000,21.40,4.19,0.0422,0.0142
66.881,1.370,0,,,,,,GLOBAL,1.000,clear,0,38.4,127,0.437,0,0,-1.000,21.40,4.19,0.0372,0.0072
66.901,1.317,0,,,,,,GLOBAL,1.000,clear,0,38.4,127,0.457,0,0,-1.000,21.40,4.25,0.0303,0.0047
66.922,1.293,0,,,,,,GLOBAL,1.000,clear,0,38.4,127,0.477,0,0,-1.000,21.40,4.23,0.0277,0.0249
66.941,1.318,0,,,,,,GLOBAL,1.000,clear,0,38.4,127,0.497,0,0,-1.000,21.40,4.23,0.0476,0.0191
66.962,1.388,0,,,,,,GLOBAL,1.000,clear,0,38.4,127,0.517,0,0,-1.000,21.40,4.23,0.0422,0.0151
66.981,1.507,0,,,,,,GLOBAL,1.000,clear,0,38.4,127,0.537,0,0,-1.000,19.99,4.21,0.0375,0.0092
67.001,1.611,0,,,,,,GLOBAL,1.000,clear,0,38.4,127,0.557,0,0,-1.000,19.99,4.21,0.0319,0.0039
67.022,1.648,0,,,,,,GLOBAL,1.000,clear,0,38.4,127,0.577,0,0,-1.000,17.64,4.20,0.0272,0.0240
67.042,1.758,0,,,,,,GLOBAL,1.000,clear,0,38.4,127,0.597,0,0,-1.000,16.53,4.20,0.0476,0.0186
67.062,1.923,0,,,,,,GLOBAL,1.000,clear,0,38.4,127,0.617,0,0,-1.000,16.53,4.20,0.0416,0.0149
67.081,2.042,0,,,,,,GLOBAL,1.000,clear,0,38.4,127,0.637,0,0,-1.000,13.88,4.18,0.0372,0.0059
67.101,2.045,0,,,,,,GLOBAL,1.000,clear,0,38.4,127,0.657,0,0,-1.000,10.91,4.18,0.0309,0.0041
67.121,2.163,0,,,,,,GLOBAL,1.000,clear,0,38.4,127,0.677,0,0,-1.000,10.91,4.18,0.0270,0.0241
67.141,2.308,0,,,,,,GLOBAL,1.000,clear,0,38.4,127,0.697,0,0,-1.000,9.06,4.16,0.0471,0.0185
67.161,2.338,0,,,,,,GLOBAL,1.000,clear,0,38.4,127,0.717,0,0,-1.000,7.43,4.14,0.0423,0.0146
67.182,2.426,0,,,,,,GLOBAL,1.000,clear,0,38.4,127,0.737,0,0,-1.000,7.43,4.14,0.0376,0.0062
67.201,2.560,0,,,,,,GLOBAL,1.000,clear,0,38.4,127,0.757,0,0,-1.000,5.51,4.12,0.0328,0.0031
67.222,2.602,0,,,,,,GLOBAL,1.000,clear,0,38.4,127,0.777,0,0,-1.000,3.46,4.10,0.0261,0.0233
67.241,2.684,0,,,,,,GLOBAL,1.000,clear,0,38.4,127,0.797,0,0,-1.000,3.46,4.10,0.0460,0.0180
67.261,2.815,0,,,,,,GLOBAL,1.000,clear,0,38.4,127,0.817,0,0,-1.000,1.50,4.08,0.0413,0.0135
67.281,2.868,0,,,,,,GLOBAL,1.000,clear,0,38.4,127,0.836,0,0,-1.000,-0.03,4.04,0.0362,0.0061
67.301,2.989,0,,,,,,GLOBAL,1.000,clear,0,38.4,127,0.857,0,0,-1.000,-0.03,4.04,0.0308,0.0047
67.321,3.086,0,,,,,,GLOBAL,1.000,clear,0,38.4,127,0.877,0,0,-1.000,-0.23,4.02,0.0274,0.0248
67.341,3.160,0,,,,,,GLOBAL,1.000,clear,0,38.4,127,0.897,0,0,-1.000,-0.41,4.01,0.0474,0.0193
67.362,3.282,0,,,,,,GLOBAL,1.000,clear,0,38.4,127,0.918,0,0,-1.000,-0.41,4.01,0.0427,0.0152
67.388,3.361,0,,,,,,GLOBAL,1.000,clear,0,38.4,127,0.944,0,0,-1.000,-1.61,3.98,0.0443,0.0145
67.401,3.361,0,,,,,,GLOBAL,1.000,clear,0,38.4,127,0.957,0,0,-1.000,-1.61,3.98,0.0574,0.0276
67.422,3.361,0,,,,,,GLOBAL,1.000,clear,0,38.4,127,0.977,0,0,-1.000,-1.61,3.98,0.0776,0.0478
67.498,3.614,0,,,,,,GLOBAL,1.000,clear,0,38.4,127,1.053,0,0,-1.000,-5.92,3.93,0.1050,0.0679
67.502,3.733,0,,,,,,GLOBAL,1.000,clear,0,38.4,127,1.057,0,0,-1.000,-7.14,3.87,0.0591,0.0009
67.526,3.791,0,,,,,,GLOBAL,1.000,clear,0,38.4,127,1.081,0,0,-1.000,-7.14,3.87,0.0579,0.0240
67.542,3.786,0,,,,,,GLOBAL,1.000,clear,0,38.4,127,1.097,0,0,-1.000,-8.92,3.83,0.0495,0.0149
67.561,3.780,0,,,,,,GLOBAL,1.000,clear,0,38.4,127,1.116,0,0,-1.000,-9.38,3.81,0.0431,0.0137
67.581,3.747,0,,,,,,GLOBAL,1.000,clear,0,38.4,127,1.136,0,0,-1.000,-11.25,3.78,0.0367,0.0102
67.601,3.735,0,,,,,,GLOBAL,1.000,clear,0,38.4,127,1.157,0,0,-1.000,-11.25,3.78,0.0336,0.0018
67.621,3.702,0,,,,,,GLOBAL,1.000,clear,0,38.4,127,1.177,0,0,-1.000,-9.88,3.74,0.0273,0.0218
67.641,3.697,0,,,,,,GLOBAL,1.000,clear,0,38.4,127,1.197,0,0,-1.000,-8.50,3.72,0.0473,0.0176
67.662,3.703,0,,,,,,GLOBAL,1.000,clear,0,38.4,127,1.217,0,0,-1.000,-8.50,3.72,0.0424,0.0147
67.681,3.723,0,,,,,,GLOBAL,1.000,clear,0,38.4,127,1.237,0,0,-1.000,-7.49,3.68,0.0359,0.0089
67.702,3.747,0,,,,,,GLOBAL,1.000,clear,0,38.4,127,1.257,0,0,-1.000,-6.23,3.64,0.0327,0.0040
67.721,3.747,0,,,,,,GLOBAL,1.000,clear,0,38.4,127,1.277,0,0,-1.000,-6.23,3.64,0.0271,0.0237
67.741,3.767,0,,,,,,GLOBAL,1.000,clear,0,38.4,127,1.297,0,0,-1.000,-5.40,3.59,0.0471,0.0185
67.761,3.757,0,,,,,,GLOBAL,1.000,clear,0,38.4,127,1.317,0,0,-1.000,-4.02,3.57,0.0426,0.0097
67.781,3.761,0,,,,,,GLOBAL,1.000,clear,0,38.4,127,1.337,0,0,-1.000,-4.02,3.57,0.0371,0.0094
67.801,3.744,0,,,,,,GLOBAL,1.000,clear,0,38.4,127,1.357,0,0,-1.000,-2.19,3.53,0.0304,0.0027
67.823,3.714,0,,,,,,GLOBAL,1.000,clear,0,38.4,127,1.378,0,0,-1.000,-0.23,3.48,0.0282,0.0239
67.841,3.685,0,,,,,,GLOBAL,1.000,clear,0,38.4,127,1.397,0,0,-1.000,-0.23,3.48,0.0471,0.0174
67.861,3.650,0,,,,,,GLOBAL,1.000,clear,0,38.4,127,1.416,0,0,-1.000,0.52,3.44,0.0349,0.0122
67.881,3.618,0,,,,,,GLOBAL,1.000,clear,0,38.4,127,1.437,0,0,-1.000,2.64,3.39,0.0346,0.0065
67.902,3.591,0,,,,,,GLOBAL,1.000,clear,0,38.4,127,1.457,0,0,-1.000,2.64,3.39,0.0287,0.0015
67.922,3.580,0,,,,,,GLOBAL,1.000,clear,0,38.4,127,1.477,0,0,-1.000,3.71,3.35,0.0488,0.0215
67.941,3.556,0,,,,,,GLOBAL,1.000,clear,0,38.4,127,1.497,0,0,-1.000,3.94,3.30,0.0462,0.0183
67.961,3.524,0,,,,,,GLOBAL,1.000,clear,0,38.4,127,1.516,0,0,-1.000,3.94,3.30,0.0404,0.0107
67.981,3.462,0,,,,,,GLOBAL,1.000,clear,0,38.4,127,1.537,0,0,-1.000,4.28,3.25,0.0348,0.0050
68.001,3.431,0,,,,,,GLOBAL,1.000,clear,0,38.4,127,1.557,0,0,-1.000,3.85,3.20,0.0302,0.0251
68.022,3.398,0,,,,,,GLOBAL,1.000,clear,0,38.4,127,1.577,0,0,-1.000,3.85,3.20,0.0253,0.0172
68.041,3.380,0,,,,,,GLOBAL,1.000,clear,0,38.4,127,1.597,0,0,-1.000,3.86,3.18,0.0450,0.0186
68.061,3.355,0,,,,,,GLOBAL,1.000,clear,0,38.4,127,1.616,0,0,-1.000,4.28,3.15,0.0406,0.0122
68.081,3.323,0,,,,,,GLOBAL,1.000,clear,0,38.4,127,1.637,0,0,-1.000,4.28,3.15,0.0351,0.0064
68.101,3.303,0,,,,,,GLOBAL,1.000,clear,0,38.4,127,1.657,0,0,-1.000,6.01,3.08,0.0261,0.0036
68.122,3.265,0,,,,,,GLOBAL,1.000,clear,0,38.4,127,1.677,0,0,-1.000,5.89,3.05,0.0259,0.0241
68.141,3.230,0,,,,,,GLOBAL,1.000,clear,0,38.4,127,1.697,0,0,-1.000,5.89,3.05,0.0454,0.0191
68.162,3.196,0,,,,,,GLOBAL,1.000,clear,0,38.4,127,1.717,0,0,-1.000,5.33,3.00,0.0417,0.0142
68.181,3.156,0,,,,,,GLOBAL,1.000,clear,0,38.4,127,1.737,0,0,-1.000,5.91,3.00,0.0353,0.0066
68.202,3.132,1,2.999,3.211,-0.401,0.238,,GLOBAL,1.000,clear,0,38.4,127,1.757,0,0,-1.000,5.91,3.00,0.0309,0.0055
68.222,3.096,1,2.999,3.211,-0.401,0.238,,GLOBAL,1.000,clear,0,38.4,127,1.777,0,0,-1.000,6.96,3.00,0.0276,0.0255
68.241,3.062,0,,,,,2.922,GLOBAL,1.000,clear,0,38.4,127,1.797,0,0,-1.000,7.49,3.00,0.0474,0.0185
68.262,3.043,1,2.855,3.079,-0.385,0.247,,GLOBAL,1.000,clear,0,38.4,127,1.817,0,0,-1.000,7.49,3.00,0.0413,0.0143
68.281,3.019,0,,,,,,GLOBAL,1.000,clear,0,38.4,127,1.837,0,0,-1.000,7.99,3.00,0.0357,0.0018
68.302,2.999,0,,,,,,GLOBAL,1.000,clear,0,38.4,127,1.857,0,0,-1.000,9.14,3.00,0.0291,0.0039
68.322,3.001,0,,,,,,GLOBAL,1.000,clear,0,38.4,127,1.877,0,0,-1.000,9.14,3.00,0.0263,0.0240
68.341,2.998,0,,,,,,GLOBAL,1.000,clear,0,38.4,127,1.897,0,0,-1.000,8.51,3.00,0.0459,0.0169
68.361,2.996,0,,,,,,GLOBAL,1.000,clear,0,38.4,127,1.917,0,0,-1.000,8.22,3.00,0.0391,0.0160
68.381,2.999,0,,,,,,GLOBAL,1.000,clear,0,38.4,127,1.936,0,0,-1.000,8.22,3.00,0.0377,0.0098
68.401,2.994,0,,,,,,GLOBAL,1.000,clear,0,38.4,127,1.956,0,0,-1.000,8.03,3.00,0.0285,0.0042
68.421,2.984,0,,,,,,GLOBAL,1.000,clear,0,38.4,127,1.977,0,0,-1.000,8.03,3.00,0.0292,0.0006
68.441,2.962,0,,,,,,GLOBAL,1.000,clear,0,38.4,127,1.997,0,0,-1.000,8.67,3.00,0.0494,0.0207
68.461,2.929,0,,,,,,GLOBAL,1.000,clear,0,38.4,127,2.017,0,0,-1.000,8.06,3.00,0.0436,0.0156
68.481,2.921,0,,,,,,GLOBAL,1.000,clear,0,38.4,127,2.037,0,0,-1.000,9.13,3.00,0.0379,0.0086
68.501,2.918,0,,,,,,GLOBAL,1.000,clear,0,38.4,127,2.057,0,0,-1.000,9.13,3.00,0.0308,0.0061
68.522,2.903,0,,,,,,GLOBAL,1.000,clear,0,38.4,127,2.077,0,0,-1.000,10.34,3.00,0.0303,0.0005
68.541,2.903,0,,,,,,GLOBAL,1.000,clear,0,38.4,127,2.097,0,0,-1.000,9.12,3.00,0.0496,0.0199
68.561,2.902,0,,,,,,GLOBAL,1.000,clear,0,38.4,127,2.116,0,0,-1.000,9.12,3.00,0.0433,0.0135
68.581,2.896,0,,,,,,GLOBAL,1.000,clear,0,38.4,127,2.137,0,0,-1.000,10.61,3.00,0.0373,0.0057
68.601,2.904,0,,,,,,GLOBAL,1.000,clear,0,38.4,127,2.157,0,0,-1.000,10.48,3.00,0.0326,0.0257
68.621,2.905,0,,,,,,GLOBAL,1.000,clear,0,38.4,127,2.177,0,0,-1.000,10.48,3.00,0.0278,0.0194
68.641,2.897,0,,,,,,GLOBAL,1.000,clear,0,38.4,127,2.197,0,0,-1.000,10.35,3.00,0.0478,0.0175
68.661,2.904,0,,,,,,GLOBAL,1.000,clear,0,38.4,127,2.217,0,0,-1.000,11.19,3.00,0.0433,0.0157
68.681,2.886,0,,,,,,GLOBAL,1.000,clear,0,38.4,127,2.237,0,0,-1.000,11.19,3.00,0.0374,0.0112
68.701,2.893,0,,,,,,GLOBAL,1.000,clear,0,38.4,127,2.256,0,0,-1.000,10.32,3.00,0.0328,0.0047
68.721,2.898,0,,,,,,GLOBAL,1.000,clear,0,38.4,127,2.277,0,0,-1.000,10.44,3.00,0.0274,0.0021
68.741,2.884,0,,,,,,GLOBAL,1.000,clear,0,38.4,127,2.297,0,0,-1.000,10.44,3.00,0.0474,0.0222
68.762,2.895,0,,,,,,GLOBAL,1.000,clear,0,38.4,127,2.317,0,0,-1.000,10.62,3.00,0.0442,0.0169
68.781,2.898,0,,,,,,GLOBAL,1.000,clear,0,38.4,127,2.337,0,0,-1.000,10.62,3.00,0.0375,0.0116
68.801,2.884,0,,,,,,GLOBAL,1.000,clear,0,38.4,127,2.357,0,0,-1.000,10.04,3.00,0.0330,0.0048
68.821,2.897,0,,,,,,GLOBAL,1.000,clear,0,38.4,127,2.377,0,0,-1.000,9.59,3.00,0.0289,0.0018
68.841,2.899,0,,,,,,GLOBAL,1.000,clear,0,38.4,127,2.397,0,0,-1.000,9.52,3.00,0.0490,0.0219
68.861,2.890,0,,,,,,GLOBAL,1.000,clear,0,38.4,127,2.417,0,0,-1.000,9.52,3.00,0.0448,0.0165
68.882,2.907,0,,,,,,GLOBAL,1.000,clear,0,38.4,127,2.437,0,0,-1.000,9.04,3.00,0.0394,0.0063
68.905,2.900,0,,,,,,GLOBAL,1.000,clear,0,38.4,127,2.461,0,0,-1.000,9.04,3.00,0.0391,0.0301
68.924,2.896,0,,,,,,GLOBAL,1.000,clear,0,38.4,127,2.480,0,0,-1.000,8.60,3.00,0.0317,0.0046
68.956,2.905,0,,,,,,GLOBAL,1.000,clear,0,38.4,127,2.511,0,0,-1.000,8.43,3.00,0.0634,0.0363
68.963,2.907,0,,,,,,GLOBAL,1.000,clear,0,38.4,127,2.519,0,0,-1.000,8.43,3.00,0.0471,0.0064
68.987,2.905,0,,,,,,GLOBAL,1.000,clear,0,38.4,127,2.543,0,0,-1.000,8.28,3.00,0.0439,0.0154
69.003,2.905,0,,,,,,GLOBAL,1.000,clear,0,38.4,127,2.558,0,0,-1.000,7.92,3.00,0.0589,0.0305
69.021,2.906,0,,,,,,GLOBAL,1.000,clear,0,38.4,127,2.577,0,0,-1.000,7.76,3.00,0.0262,0.0181
69.041,2.907,0,,,,,,GLOBAL,1.000,clear,0,38.4,127,2.597,0,0,-1.000,7.76,3.00,0.0462,0.0177
69.061,2.909,0,,,,,,GLOBAL,1.000,clear,0,38.4,127,2.617,0,0,-1.000,9.07,3.00,0.0411,0.0138
69.081,2.912,0,,,,,,GLOBAL,1.000,clear,0,38.4,127,2.637,0,0,-1.000,8.07,3.00,0.0370,0.0074
69.101,2.908,0,,,,,,GLOBAL,1.000,clear,0,38.4,127,2.656,0,0,-1.000,8.07,3.00,0.0340,0.0052
69.121,2.912,0,,,,,,GLOBAL,1.000,clear,0,38.4,127,2.677,0,0,-1.000,8.94,3.00,0.0300,0.0006
69.142,2.909,0,,,,,,GLOBAL,1.000,clear,0,38.4,127,2.697,0,0,-1.000,8.51,3.00,0.0505,0.0211
69.162,2.909,0,,,,,,GLOBAL,1.000,clear,0,38.4,127,2.717,0,0,-1.000,8.51,3.00,0.0444,0.0165
69.181,2.908,0,,,,,,GLOBAL,1.000,clear,0,38.4,127,2.737,0,0,-1.000,8.33,3.00,0.0401,0.0106
69.201,2.915,0,,,,,,GLOBAL,1.000,clear,0,38.4,127,2.757,0,0,-1.000,8.25,3.00,0.0343,0.0046
69.221,2.909,0,,,,,,GLOBAL,1.000,clear,0,38.4,127,2.777,0,0,-1.000,8.25,3.00,0.0303,0.0247
69.242,2.912,0,,,,,,GLOBAL,1.000,clear,0,38.4,127,2.797,0,0,-1.000,7.30,3.00,0.0250,0.0197
69.261,2.915,0,,,,,,GLOBAL,1.000,clear,0,38.4,127,2.817,0,0,-1.000,6.83,3.00,0.0445,0.0159
69.281,2.908,0,,,,,,GLOBAL,1.000,clear,0,38.4,127,2.837,0,0,-1.000,6.83,3.00,0.0403,0.0123
69.301,2.909,0,,,,,,GLOBAL,1.000,clear,0,38.4,127,2.857,0,0,-1.000,7.54,3.00,0.0348,0.0078
69.322,2.923,0,,,,,,GLOBAL,1.000,clear,0,38.4,127,2.877,0,0,-1.000,7.46,3.00,0.0302,0.0030
69.342,2.911,0,,,,,,GLOBAL,1.000,clear,0,38.4,127,2.897,0,0,-1.000,7.46,3.00,0.0255,0.0235
69.361,2.916,0,,,,,,GLOBAL,1.000,clear,0,38.4,127,2.917,0,0,-1.000,6.83,3.00,0.0448,0.0167
69.381,2.925,0,,,,,,GLOBAL,1.000,clear,0,38.4,127,2.937,0,0,-1.000,7.17,3.00,0.0407,0.0126
69.401,2.910,0,,,,,,GLOBAL,1.000,clear,0,38.4,127,2.957,0,0,-1.000,7.17,3.00,0.0350,0.0067
69.421,2.917,0,,,,,,GLOBAL,1.000,clear,0,38.4,127,2.977,0,0,-1.000,6.98,3.00,0.0302,0.0019
69.441,2.931,0,,,,,,GLOBAL,1.000,clear,0,38.4,127,2.997,0,0,-1.000,6.43,3.00,0.0501,0.0219
69.462,2.910,0,,,,,,GLOBAL,1.000,clear,0,38.4,127,3.017,0,0,-1.000,6.43,3.00,0.0453,0.0158
69.481,2.922,0,,,,,,GLOBAL,1.000,clear,0,38.4,127,3.037,0,0,-1.000,6.18,3.00,0.0393,0.0106
69.501,2.926,0,,,,,,GLOBAL,1.000,clear,0,38.4,127,3.057,0,0,-1.000,6.59,3.00,0.0339,0.0071
69.521,2.913,0,,,,,,GLOBAL,1.000,clear,0,38.4,127,3.077,0,0,-1.000,6.59,3.00,0.0295,0.0030
69.541,2.923,0,,,,,,GLOBAL,1.000,clear,0,38.4,127,3.097,0,0,-1.000,6.48,3.00,0.0496,0.0230
69.561,2.928,0,,,,,,GLOBAL,1.000,clear,0,38.4,127,3.117,0,0,-1.000,6.33,3.00,0.0453,0.0167
69.581,2.915,0,,,,,,GLOBAL,1.000,clear,0,38.4,127,3.137,0,0,-1.000,6.33,3.00,0.0380,0.0128
69.601,2.933,0,,,,,,GLOBAL,1.000,clear,0,38.4,127,3.157,0,0,-1.000,6.37,3.00,0.0356,0.0065
69.621,2.926,0,,,,,,GLOBAL,1.000,clear,0,38.4,127,3.177,0,0,-1.000,6.56,3.00,0.0299,0.0026
69.643,2.919,0,,,,,,GLOBAL,1.000,clear,0,38.4,127,3.198,0,0,-1.000,6.56,3.00,0.0276,0.0243
69.661,2.933,0,,,,,,GLOBAL,1.000,clear,0,38.4,127,3.217,0,0,-1.000,6.72,3.00,0.0459,0.0157
69.681,2.933,0,,,,,,GLOBAL,1.000,clear,0,38.4,127,3.236,0,0,-1.000,6.73,3.00,0.0352,0.0105
69.701,2.924,0,,,,,,GLOBAL,1.000,clear,0,38.4,127,3.257,0,0,-1.000,6.73,3.00,0.0331,0.0057
69.721,2.937,0,,,,,,GLOBAL,1.000,clear,0,38.4,127,3.277,0,0,-1.000,7.58,3.00,0.0264,0.0006
69.741,2.929,0,,,,,,GLOBAL,1.000,clear,0,38.4,127,3.297,0,0,-1.000,7.85,3.00,0.0464,0.0206
69.762,2.929,0,,,,,,GLOBAL,1.000,clear,0,38.4,127,3.317,0,0,-1.000,7.85,3.00,0.0441,0.0162
69.781,2.938,0,,,,,,GLOBAL,1.000,clear,0,38.4,127,3.337,0,0,-1.000,7.69,3.00,0.0377,0.0116
69.802,2.929,0,,,,,,GLOBAL,1.000,clear,0,38.4,127,3.357,0,0,-1.000,7.94,3.00,0.0335,0.0080
69.822,2.932,0,,,,,,GLOBAL,1.000,clear,0,38.4,127,3.377,0,0,-1.000,7.94,3.00,0.0267,0.0026
69.842,2.937,0,,,,,,GLOBAL,1.000,clear,0,38.4,127,3.397,0,0,-1.000,8.31,3.00,0.0240,0.0227
69.862,2.927,0,,,,,,GLOBAL,1.000,clear,0,38.4,127,3.417,0,0,-1.000,9.39,3.00,0.0440,0.0186
69.881,2.934,0,,,,,,GLOBAL,1.000,clear,0,38.4,127,3.437,0,0,-1.000,9.39,3.00,0.0395,0.0111
69.901,2.937,0,,,,,,GLOBAL,1.000,clear,0,38.4,127,3.457,0,0,-1.000,10.12,3.00,0.0327,0.0071
69.921,2.931,0,,,,,,GLOBAL,1.000,clear,0,38.4,127,3.477,0,0,-1.000,10.12,3.00,0.0255,0.0032
69.941,2.934,0,,,,,,GLOBAL,1.000,clear,0,38.4,127,3.497,0,0,-1.000,10.28,3.00,0.0455,0.0232
69.961,2.937,0,,,,,,GLOBAL,1.000,clear,0,38.4,127,3.517,0,0,-1.000,12.30,3.00,0.0438,0.0173
69.981,2.929,0,,,,,,GLOBAL,1.000,clear,0,38.4,127,3.537,0,0,-1.000,14.80,3.00,0.0362,0.0099
70.002,2.940,0,,,,,,GLOBAL,1.000,clear,0,38.4,127,3.557,0,0,-1.000,14.80,3.00,0.0356,0.0068
70.021,2.941,0,,,,,,GLOBAL,1.000,clear,0,38.4,127,3.577,0,0,-1.000,16.29,3.00,0.0279,0.0026
70.041,2.935,0,,,,,,GLOBAL,1.000,clear,0,38.4,127,3.597,0,0,-1.000,15.57,3.00,0.0477,0.0224
70.061,2.938,0,,,,,,GLOBAL,1.000,clear,0,38.4,127,3.616,0,0,-1.000,15.57,3.00,0.0437,0.0172
70.081,2.941,0,,,,,,GLOBAL,1.000,clear,0,38.4,127,3.637,0,0,-1.000,16.96,3.00,0.0399,0.0132
70.101,2.929,0,,,,,,GLOBAL,1.000,clear,0,38.4,127,3.657,0,0,-1.000,17.17,3.00,0.0342,0.0063
70.122,2.938,0,,,,,,GLOBAL,1.000,clear,0,38.4,127,3.677,0,0,-1.000,17.17,3.00,0.0287,0.0007
70.141,2.934,0,,,,,,GLOBAL,1.000,clear,0,38.4,127,3.697,0,0,-1.000,16.09,3.00,0.0482,0.0202
70.161,2.922,0,,,,,,GLOBAL,1.000,clear,0,38.4,127,3.717,0,0,-1.000,16.73,3.00,0.0444,0.0157
70.181,2.928,0,,,,,,GLOBAL,1.000,clear,0,38.4,127,3.737,0,0,-1.000,16.73,3.00,0.0384,0.0130
70.201,2.919,0,,,,,,GLOBAL,1.000,clear,0,38.4,127,3.757,0,0,-1.000,15.69,3.00,0.0358,0.0065
70.222,2.911,0,,,,,,GLOBAL,1.000,clear,0,38.4,127,3.777,0,0,-1.000,15.54,3.00,0.0307,0.0021
70.242,2.920,0,,,,,,GLOBAL,1.000,clear,0,38.4,127,3.797,0,0,-1.000,15.54,3.00,0.0265,0.0221
70.261,2.906,0,,,,,,GLOBAL,1.000,clear,0,38.4,127,3.817,0,0,-1.000,14.46,3.00,0.0460,0.0141
70.281,2.896,0,,,,,,GLOBAL,1.000,clear,0,38.4,127,3.837,0,0,-1.000,13.74,3.00,0.0354,0.0089
70.301,2.909,0,,,,,,GLOBAL,1.000,clear,0,38.4,127,3.857,0,0,-1.000,13.74,3.00,0.0360,0.0047
70.322,2.891,0,,,,,,GLOBAL,1.000,clear,0,38.4,127,3.877,0,0,-1.000,14.74,3.00,0.0291,0.0008
70.344,2.889,0,,,,,,GLOBAL,1.000,clear,0,38.4,127,3.899,0,0,-1.000,14.92,3.00,0.0290,0.0234
70.361,2.899,0,,,,,,GLOBAL,1.000,clear,0,38.4,127,3.917,0,0,-1.000,14.92,3.00,0.0461,0.0158
70.422,2.879,0,,,,,,GLOBAL,1.000,clear,0,38.4,127,3.978,0,0,-1.000,15.52,3.00,0.0817,0.0468
70.447,2.874,0,,,,,,GLOBAL,1.000,clear,0,38.4,127,4.002,0,0,-1.000,17.97,3.00,0.0561,0.0111
70.462,2.882,0,,,,,,GLOBAL,1.000,clear,0,38.4,127,4.017,0,0,-1.000,19.08,3.00,0.0459,0.0148
70.491,2.888,0,,,,,,GLOBAL,1.000,clear,0,38.4,127,4.046,0,0,-1.000,19.08,3.00,0.0506,0.0197
70.501,2.866,0,,,,,,GLOBAL,1.000,clear,0,38.4,127,4.057,0,0,-1.000,19.17,3.00,0.0352,0.0043
70.522,2.875,0,,,,,,GLOBAL,1.000,clear,0,38.4,127,4.077,0,0,-1.000,19.17,3.00,0.0312,0.0247
70.544,2.877,0,,,,,,GLOBAL,1.000,clear,0,38.4,127,4.099,0,0,-1.000,19.93,3.00,0.0278,0.0175
70.561,2.862,0,,,,,,GLOBAL,1.000,clear,0,38.4,127,4.117,0,0,-1.000,19.60,3.00,0.0451,0.0165
70.581,2.880,0,,,,,,GLOBAL,1.000,clear,0,38.4,127,4.136,0,0,-1.000,19.22,3.00,0.0410,0.0087
70.602,2.882,0,,,,,,GLOBAL,1.000,clear,0,38.4,127,4.157,0,0,-1.000,19.22,3.00,0.0361,0.0073
70.621,2.854,0,,,,,,GLOBAL,1.000,clear,0,38.4,127,4.177,0,0,-1.000,18.92,3.00,0.0314,0.0267
70.642,2.873,0,,,,,,GLOBAL,1.000,clear,0,38.4,127,4.197,0,0,-1.000,18.03,3.00,0.0262,0.0195
70.662,2.867,0,,,,,,GLOBAL,1.000,clear,0,38.4,127,4.217,0,0,-1.000,18.03,3.00,0.0463,0.0174
70.681,2.835,0,,,,,,GLOBAL,1.000,clear,0,38.4,127,4.236,0,0,-1.000,17.23,3.00,0.0417,0.0092
70.701,2.867,0,,,,,,GLOBAL,1.000,clear,0,38.4,127,4.256,0,0,-1.000,17.37,3.00,0.0357,0.0039
70.721,2.854,0,,,,,,GLOBAL,1.000,clear,0,38.4,127,4.277,0,0,-1.000,17.37,3.00,0.0302,0.0026
70.742,2.828,0,,,,,,GLOBAL,1.000,clear,0,38.4,127,4.298,0,0,-1.000,16.16,3.00,0.0271,0.0237
70.762,2.854,0,,,,,,GLOBAL,1.000,clear,0,38.4,127,4.317,0,0,-1.000,14.30,3.00,0.0462,0.0177
70.781,2.844,0,,,,,,GLOBAL,1.000,clear,0,38.4,127,4.336,0,0,-1.000,14.30,3.00,0.0402,0.0120
70.801,2.821,0,,,,,,GLOBAL,1.000,clear,0,38.4,127,4.357,0,0,-1.000,13.96,3.00,0.0359,0.0037
70.821,2.858,0,,,,,,GLOBAL,1.000,clear,0,38.4,127,4.376,0,0,-1.000,13.96,3.00,0.0303,0.0026
70.842,2.845,0,,,,,,GLOBAL,1.000,clear,0,38.4,127,4.397,0,0,-1.000,13.50,3.00,0.0270,0.0235
70.861,2.818,0,,,,,,GLOBAL,1.000,clear,0,38.4,127,4.417,0,0,-1.000,12.47,3.00,0.0463,0.0173
70.881,2.844,0,,,,,,GLOBAL,1.000,clear,0,38.4,127,4.437,0,0,-1.000,10.11,3.00,0.0404,0.0132
70.901,2.839,0,,,,,,GLOBAL,1.000,clear,0,38.4,127,4.457,0,0,-1.000,10.11,3.00,0.0364,0.0075
70.921,2.824,0,,,,,,GLOBAL,1.000,clear,0,38.4,127,4.477,0,0,-1.000,9.54,3.00,0.0307,0.0016
70.942,2.852,0,,,,,,GLOBAL,1.000,clear,0,38.4,127,4.497,0,0,-1.000,8.93,3.00,0.0511,0.0220
70.961,2.850,0,,,,,,GLOBAL,1.000,clear,0,38.4,127,4.517,0,0,-1.000,8.93,3.00,0.0450,0.0168
70.985,2.833,0,,,,,,GLOBAL,1.000,clear,0,38.4,127,4.540,0,0,-1.000,8.82,3.00,0.0428,0.0123
71.001,2.849,0,,,,,,GLOBAL,1.000,clear,0,38.4,127,4.556,0,0,-1.000,6.25,3.00,0.0344,0.0067
71.022,2.862,0,,,,,,GLOBAL,1.000,clear,0,38.4,127,4.577,0,0,-1.000,6.25,3.00,0.0306,0.0277
71.042,2.849,0,,,,,,GLOBAL,1.000,clear,0,38.4,127,4.597,0,0,-1.000,5.72,3.00,0.0260,0.0190
71.061,2.867,0,,,,,,GLOBAL,1.000,clear,0,38.4,127,4.617,0,0,-1.000,4.61,3.00,0.0459,0.0181
71.081,2.879,0,,,,,,GLOBAL,1.000,clear,0,38.4,127,4.637,0,0,-1.000,4.61,3.00,0.0402,0.0125
71.101,2.872,0,,,,,,GLOBAL,1.000,clear,0,38.4,127,4.657,0,0,-1.000,2.77,3.00,0.0348,0.0085
71.121,2.881,0,,,,,,GLOBAL,1.000,clear,0,38.4,127,4.676,0,0,-1.000,1.88,3.00,0.0300,0.0033
71.142,2.895,0,,,,,,GLOBAL,1.000,clear,0,38.4,127,4.697,0,0,1.335,1.88,3.00,0.0276,0.0238
71.161,2.886,0,,,,,,GLOBAL,1.000,clear,0,38.4,127,4.717,0,0,1.356,1.00,3.00,0.0472,0.0166
71.181,2.899,0,,,,,,GLOBAL,1.000,clear,0,38.4,127,4.736,0,0,1.356,-0.72,3.00,0.0413,0.0121
71.201,2.911,0,,,,,,GLOBAL,1.000,clear,0,38.4,127,4.757,0,0,-1.000,-0.72,3.00,0.0345,0.0028
71.221,2.905,0,,,,,,GLOBAL,1.000,clear,0,38.4,127,4.777,0,0,-1.000,-2.08,3.00,0.0304,0.0019
71.241,2.913,0,,,,,,GLOBAL,1.000,clear,0,38.4,127,4.797,0,0,-1.000,-2.04,3.05,0.0252,0.0219
71.261,2.926,0,,,,,,GLOBAL,1.000,clear,0,38.4,127,4.817,0,0,-1.000,-2.04,3.05,0.0452,0.0174
71.282,2.927,0,,,,,,GLOBAL,1.000,clear,0,38.4,127,4.837,0,0,-1.000,-2.89,3.13,0.0410,0.0123
71.301,2.944,0,,,,,,GLOBAL,1.000,clear,0,38.4,127,4.857,0,0,-1.000,-2.90,3.18,0.0338,0.0045
71.321,2.962,0,,,,,,GLOBAL,1.000,clear,0,38.4,127,4.877,0,0,-1.000,-2.90,3.18,0.0250,0.0246
71.342,2.978,0,,,,,,GLOBAL,1.000,clear,0,38.4,127,4.897,0,0,-1.000,-3.96,3.26,0.0240,0.0201
71.361,2.999,0,,,,,,GLOBAL,1.000,clear,0,38.4,127,4.917,0,0,-1.000,-4.10,3.30,0.0433,0.0173
71.381,3.023,0,,,,,,GLOBAL,1.000,clear,0,38.4,127,4.937,0,0,-1.000,-4.10,3.30,0.0391,0.0129
71.402,3.052,0,,,,,,GLOBAL,1.000,clear,0,38.4,127,4.957,0,0,-1.000,-4.65,3.35,0.0357,0.0069
71.421,3.087,0,,,,,,GLOBAL,1.000,clear,0,38.4,127,4.977,0,0,-1.000,-4.71,3.28,0.0273,0.0030
71.441,3.120,0,,,,,,GLOBAL,1.000,clear,0,38.4,127,4.997,0,0,-1.000,-4.71,3.28,0.0250,0.0229
71.461,3.142,0,,,,,,GLOBAL,1.000,clear,0,38.4,127,5.017,0,0,-1.000,-5.00,3.25,0.0451,0.0180
71.481,3.152,0,,,,,,GLOBAL,1.000,clear,0,38.4,127,5.037,0,0,-1.000,-5.42,3.21,0.0400,0.0102
71.502,3.173,0,,,,,,GLOBAL,1.000,clear,0,38.4,127,5.057,0,0,-1.000,-5.42,3.21,0.0344,0.0079
71.522,3.185,0,,,,,,GLOBAL,1.000,clear,0,38.4,127,5.077,0,0,-1.000,-5.24,3.21,0.0306,0.0009
71.542,3.189,0,,,,,,GLOBAL,1.000,clear,0,38.4,127,5.097,0,0,-1.000,-6.17,3.21,0.0504,0.0207
71.562,3.196,0,,,,,,GLOBAL,1.000,clear,0,38.4,127,5.117,0,0,-1.000,-6.17,3.21,0.0447,0.0174
71.582,3.195,0,,,,,,GLOBAL,1.000,clear,0,38.4,127,5.137,0,0,-1.000,-5.15,3.21,0.0404,0.0112
71.601,3.195,0,,,,,,GLOBAL,1.000,clear,0,38.4,127,5.157,0,0,-1.000,-5.26,3.21,0.0359,0.0069
71.622,3.200,0,,,,,,GLOBAL,1.000,clear,0,38.4,127,5.177,0,0,-1.000,-5.26,3.21,0.0309,0.0006
71.642,3.192,0,,,,,,GLOBAL,1.000,clear,0,38.4,127,5.197,0,0,-1.000,-5.27,3.21,0.0512,0.0209
71.661,3.193,0,,,,,,GLOBAL,1.000,clear,0,38.4,127,5.217,0,0,-1.000,-5.19,3.21,0.0434,0.0175
71.682,3.189,0,,,,,,GLOBAL,1.000,clear,0,38.4,127,5.237,0,0,-1.000,-5.19,3.21,0.0407,0.0110
71.702,3.185,0,,,,,,GLOBAL,1.000,clear,0,38.4,127,5.257,0,0,-1.000,-4.49,3.21,0.0351,0.0014
71.721,3.192,0,,,,,,GLOBAL,1.000,clear,0,38.4,127,5.277,0,0,-1.000,-4.49,3.21,0.0304,0.0211
71.742,3.184,0,,,,,,GLOBAL,1.000,clear,0,38.4,127,5.297,0,0,-1.000,-4.42,3.21,0.0506,0.0198
71.762,3.188,0,,,,,,GLOBAL,1.000,clear,0,38.4,127,5.317,0,0,-1.000,-4.05,3.21,0.0447,0.0147
71.782,3.190,0,,,,,,GLOBAL,1.000,clear,0,38.4,127,5.337,0,0,-1.000,-4.05,3.21,0.0377,0.0088
71.801,3.185,0,,,,,,GLOBAL,1.000,clear,0,38.4,127,5.357,0,0,-1.000,-4.43,3.21,0.0345,0.0056
71.821,3.195,0,,,,,,GLOBAL,1.000,clear,0,38.4,127,5.377,0,0,-1.000,-4.26,3.21,0.0279,0.0255
71.842,3.192,0,,,,,,GLOBAL,1.000,clear,0,38.4,127,5.398,0,0,-1.000,-3.43,3.23,0.0490,0.0197
71.861,3.193,0,,,,,,GLOBAL,1.000,clear,0,38.4,127,5.417,0,0,-1.000,-3.43,3.23,0.0429,0.0147
71.902,3.193,0,,,,,,GLOBAL,1.000,clear,0,38.4,127,5.457,0,0,-1.000,-3.43,3.23,0.0834,0.0552
71.932,3.190,0,,,,,,GLOBAL,1.000,clear,0,38.4,127,5.487,0,0,-1.000,-3.88,3.28,0.0884,0.0290
71.942,3.217,0,,,,,,GLOBAL,1.000,clear,0,38.4,127,5.497,0,0,-1.000,-3.14,3.41,0.0476,0.0039
71.963,3.215,0,,,,,,GLOBAL,1.000,clear,0,38.4,127,5.518,0,0,-1.000,-3.14,3.41,0.0441,0.0131
71.982,3.230,0,,,,,,GLOBAL,1.000,clear,0,38.4,127,5.537,0,0,-1.000,-2.61,3.48,0.0376,0.0089
72.002,3.244,0,,,,,,GLOBAL,1.000,clear,0,38.4,127,5.557,0,0,-1.000,-2.71,3.55,0.0336,0.0029
72.021,3.266,0,,,,,,GLOBAL,1.000,clear,0,38.4,127,5.576,0,0,-1.000,-2.71,3.55,0.0270,0.0227
72.042,3.295,0,,,,,,GLOBAL,1.000,clear,0,38.4,127,5.597,0,0,-1.000,-2.47,3.58,0.0474,0.0180
72.062,3.313,0,,,,,,GLOBAL,1.000,clear,0,38.4,127,5.617,0,0,-1.000,-2.77,3.61,0.0434,0.0108
72.082,3.353,0,,,,,,GLOBAL,1.000,clear,0,38.4,127,5.637,0,0,-1.000,-2.28,3.72,0.0379,0.0067
72.101,3.381,0,,,,,,GLOBAL,1.000,clear,0,38.4,127,5.657,0,0,-1.000,-2.28,3.72,0.0331,0.0038
72.122,3.406,0,,,,,,GLOBAL,1.000,clear,0,38.4,127,5.677,0,0,-1.000,-7.06,3.69,0.0532,0.0240
72.142,3.439,0,,,,,,GLOBAL,1.000,clear,0,38.4,127,5.697,0,0,-1.000,-11.83,3.69,0.0493,0.0160
72.162,3.460,0,,,,,,GLOBAL,1.000,clear,0,38.4,127,5.717,0,0,-1.000,-11.83,3.69,0.0421,0.0142
72.182,3.485,0,,,,,,GLOBAL,1.000,clear,0,38.4,127,5.737,0,0,-1.000,-9.35,3.74,0.0373,0.0103
72.201,3.518,0,,,,,,GLOBAL,1.000,clear,0,38.4,127,5.757,0,0,-1.000,-9.35,3.74,0.0336,0.0014
72.221,3.544,0,,,,,,GLOBAL,1.000,clear,0,38.4,127,5.777,0,0,-1.000,-8.31,3.77,0.0271,0.0214
72.241,3.575,0,,,,,,GLOBAL,1.000,clear,0,38.4,127,5.797,0,0,-1.000,-8.44,3.79,0.0471,0.0192
72.262,3.598,0,,,,,,GLOBAL,1.000,clear,0,38.4,127,5.817,0,0,-1.000,-8.44,3.79,0.0439,0.0139
72.282,3.628,0,,,,,,GLOBAL,1.000,clear,0,38.4,127,5.837,0,0,-1.000,-7.84,3.86,0.0374,0.0067
72.301,3.657,0,,,,,,GLOBAL,1.000,clear,0,38.4,127,5.857,0,0,-1.000,-7.33,3.88,0.0322,0.0027
72.322,3.684,0,,,,,,GLOBAL,1.000,clear,0,38.4,127,5.877,0,0,-1.000,-6.99,3.90,0.0274,0.0230
72.341,3.706,0,,,,,,GLOBAL,1.000,clear,0,38.4,127,5.897,0,0,-1.000,-6.99,3.90,0.0470,0.0135
72.361,3.729,0,,,,,,GLOBAL,1.000,clear,0,38.4,127,5.917,0,0,-1.000,-5.84,3.95,0.0425,0.0127
72.381,3.752,0,,,,,,GLOBAL,1.000,clear,0,38.4,127,5.937,0,0,-1.000,-5.55,3.95,0.0384,0.0036
72.402,3.780,0,,,,,,GLOBAL,1.000,clear,0,38.4,127,5.957,0,0,-1.000,-5.55,3.95,0.0311,0.0014
72.421,3.797,0,,,,,,GLOBAL,1.000,clear,0,38.4,127,5.977,0,0,-1.000,-5.28,3.97,0.0269,0.0205
72.441,3.812,0,,,,,,GLOBAL,1.000,clear,0,38.4,127,5.997,0,0,-1.000,-3.84,4.04,0.0470,0.0188
72.461,3.832,0,,,,,,GLOBAL,1.000,clear,0,38.4,127,6.017,0,0,-1.000,-3.84,4.04,0.0425,0.0094
72.483,3.852,0,,,,,,GLOBAL,1.000,clear,0,38.4,127,6.038,0,0,-1.000,-4.02,4.08,0.0387,0.0094
72.501,3.876,0,,,,,,GLOBAL,1.000,clear,0,38.4,127,6.056,0,0,-1.000,-4.02,4.08,0.0328,0.0025
72.521,3.896,0,,,,,,GLOBAL,1.000,clear,0,38.4,127,6.077,0,0,-1.000,-4.18,4.13,0.0269,0.0225
72.541,3.917,0,,,,,,AVOID,0.943,avoid_cruise,1,38.4,127,6.097,0,0,-1.000,-4.18,4.13,0.0469,0.0177
72.572,3.947,0,,,,,,AVOID,0.943,avoid_cruise,1,0.0,152,0.001,0,0,-1.000,-4.05,4.18,0.0531,0.0191
72.581,3.966,0,,,,,,AVOID,0.911,avoid_cruise,1,0.0,152,0.011,0,0,-1.000,-4.44,4.18,0.0370,0.0288
72.602,3.987,0,,,,,,AVOID,0.887,avoid_cruise,1,0.0,152,0.003,1,0,-1.000,0.31,3.96,0.0334,0.0492
72.627,4.009,0,,,,,,AVOID,0.856,avoid_cruise,1,0.0,152,0.001,1,0,-1.000,0.31,3.96,0.0586,0.0126
72.642,4.032,0,,,,,,REJOIN,0.827,avoid_cruise,1,0.0,152,0.016,1,0,-1.000,1.48,3.81,0.0472,0.0142
72.662,4.034,0,,,,,,REJOIN,0.800,avoid_cruise,1,0.0,152,0.010,1,0,-1.000,0.40,3.70,0.0443,0.0084
72.682,4.034,0,,,,,,REJOIN,0.800,avoid_cruise,1,0.0,152,0.001,1,0,-1.000,0.40,3.70,0.0642,0.0283
72.702,4.019,0,,,,,,REJOIN,0.774,avoid_cruise,1,0.0,152,0.004,1,0,-1.000,-0.29,3.60,0.0335,0.0017
72.730,4.005,0,,,,,,REJOIN,0.732,avoid_cruise,1,0.0,152,0.002,1,0,-1.000,-0.29,3.60,0.0623,0.0304
72.754,3.968,0,,,,,,REJOIN,0.712,avoid_cruise,1,0.0,152,0.002,1,0,-1.000,-0.25,3.48,0.0605,0.0233
72.762,3.922,0,,,,,,REJOIN,0.712,avoid_cruise,1,0.0,152,0.010,1,0,-1.000,0.01,3.37,0.0439,0.0070
72.782,3.863,0,,,,,,REJOIN,0.712,avoid_cruise,1,0.0,152,0.030,1,0,-1.000,0.01,3.37,0.0385,0.0116
72.801,3.810,0,,,,,,GLOBAL,0.753,clear,0,0.0,152,0.049,0,0,-1.000,0.07,3.18,0.0337,0.0045
72.822,3.776,0,,,,,,GLOBAL,0.752,clear,0,0.0,152,0.069,0,0,-1.000,0.07,3.18,0.0283,0.0012
72.842,3.767,0,,,,,,GLOBAL,0.764,clear,0,0.0,152,0.089,0,0,-1.000,-0.19,3.12,0.0483,0.0211
72.862,3.733,0,,,,,,GLOBAL,0.782,clear,0,0.0,152,0.109,0,0,-1.000,-4.98,3.37,0.0445,0.0158
72.883,3.695,0,,,,,,GLOBAL,0.782,clear,0,0.0,152,0.130,0,0,-1.000,-4.98,3.37,0.0395,0.0126
72.901,3.637,0,,,,,,GLOBAL,0.792,clear,0,0.0,152,0.149,0,0,-1.000,-0.19,3.58,0.0340,0.0040
72.921,3.583,0,,,,,,GLOBAL,0.803,clear,0,0.0,152,0.169,0,0,-1.000,3.79,3.70,0.0284,0.0017
72.941,3.552,0,,,,,,GLOBAL,0.820,clear,0,0.0,152,0.189,0,0,-1.000,3.79,3.70,0.0485,0.0218
72.961,3.509,0,,,,,,GLOBAL,0.840,clear,0,0.0,152,0.209,0,0,-1.000,3.73,3.97,0.0442,0.0108
72.982,3.485,0,,,,,,GLOBAL,0.840,clear,0,0.0,152,0.229,0,0,-1.000,3.56,3.97,0.0371,0.0085
73.001,3.466,0,,,,,,GLOBAL,0.840,clear,0,0.0,152,0.249,0,0,-1.000,3.56,3.97,0.0330,0.0044
73.022,3.458,0,,,,,,GLOBAL,0.840,clear,0,0.0,152,0.270,0,0,-1.000,2.77,3.94,0.0295,0.0250
73.051,3.480,0,,,,,,GLOBAL,0.901,clear,0,0.0,152,0.298,0,0,-1.000,2.73,4.14,0.0584,0.0286
73.062,3.534,0,,,,,,GLOBAL,0.920,clear,0,0.0,152,0.310,0,0,-1.000,2.73,4.14,0.0439,0.0100
73.081,3.608,0,,,,,,GLOBAL,0.920,clear,0,0.0,152,0.329,0,0,-1.000,2.48,4.19,0.0377,0.0098
73.101,3.605,0,,,,,,GLOBAL,0.942,clear,0,0.0,152,0.349,0,0,-1.000,2.48,4.19,0.0334,0.0064
73.121,3.563,0,,,,,,GLOBAL,0.962,clear,0,0.0,152,0.369,0,0,-1.000,2.27,4.23,0.0251,0.0265
73.142,3.561,0,,,,,,GLOBAL,0.988,clear,0,0.0,152,0.389,0,0,-1.000,2.39,4.40,0.0452,0.0191
73.161,3.554,0,,,,,,GLOBAL,0.988,clear,0,0.0,152,0.409,0,0,-1.000,2.45,4.49,0.0384,0.0168
73.181,3.583,0,,,,,,GLOBAL,1.000,clear,0,0.0,152,0.429,0,0,-1.000,2.45,4.49,0.0380,0.0099
73.201,3.611,0,,,,,,GLOBAL,1.000,clear,0,0.0,152,0.449,0,0,-1.000,2.29,4.53,0.0321,0.0056
73.221,3.651,0,,,,,,GLOBAL,1.000,clear,0,0.0,152,0.469,0,0,-1.000,1.52,4.48,0.0244,0.0008
73.241,3.709,0,,,,,,GLOBAL,1.000,clear,0,0.0,152,0.489,0,0,-1.000,1.52,4.48,0.0445,0.0210
73.262,3.760,0,,,,,,GLOBAL,1.000,clear,0,0.0,152,0.509,0,0,-1.000,1.10,4.44,0.0424,0.0164
73.281,3.832,0,,,,,,GLOBAL,1.000,clear,0,0.0,152,0.529,0,0,-1.000,1.10,4.44,0.0349,0.0086
73.302,3.894,0,,,,,,GLOBAL,1.000,clear,0,0.0,152,0.549,0,0,-1.000,1.17,4.39,0.0330,0.0064
73.321,3.965,0,,,,,,GLOBAL,1.000,clear,0,0.0,152,0.569,0,0,-1.000,1.00,4.37,0.0254,0.0025
73.342,4.018,0,,,,,,GLOBAL,1.000,clear,0,0.0,152,0.589,0,0,-1.000,0.39,4.32,0.0456,0.0227
73.362,4.076,0,,,,,,GLOBAL,1.000,clear,0,0.0,152,0.609,0,0,-1.000,0.39,4.32,0.0448,0.0178
73.382,4.101,0,,,,,,GLOBAL,1.000,clear,0,0.0,152,0.629,0,0,-1.000,-0.26,4.28,0.0357,0.0130
73.401,4.133,0,,,,,,GLOBAL,1.000,clear,0,0.0,152,0.649,0,0,-1.000,-0.20,4.24,0.0342,0.0050
73.448,4.133,0,,,,,,GLOBAL,1.000,clear,0,0.0,152,0.696,0,0,-1.000,-0.20,4.24,0.0809,0.0516
73.461,4.186,0,,,,,,GLOBAL,1.000,clear,0,0.0,152,0.709,0,0,-1.000,-0.96,4.17,0.0428,0.0096
73.482,4.193,0,,,,,,GLOBAL,1.000,clear,0,0.0,152,0.729,0,0,-1.000,-0.96,4.17,0.0391,0.0094
73.502,4.187,0,,,,,,GLOBAL,1.000,clear,0,0.0,152,0.749,0,0,-1.000,-0.44,4.15,0.0329,0.0009
73.521,4.187,0,,,,,,GLOBAL,1.000,clear,0,0.0,152,0.769,0,0,-1.000,-0.44,4.15,0.0274,0.0206
73.542,4.172,0,,,,,,GLOBAL,1.000,clear,0,0.0,152,0.789,0,0,-1.000,-0.24,4.07,0.0477,0.0190
73.562,4.158,0,,,,,,GLOBAL,1.000,clear,0,0.0,152,0.810,0,0,-1.000,-0.25,4.06,0.0455,0.0090
73.582,4.128,0,,,,,,GLOBAL,1.000,clear,0,0.0,152,0.829,0,0,-1.000,-0.25,4.06,0.0406,0.0094
73.601,4.086,0,,,,,,GLOBAL,1.000,clear,0,0.0,152,0.849,0,0,-1.000,-0.43,4.02,0.0347,0.0040
73.621,4.054,0,,,,,,GLOBAL,1.000,clear,0,0.0,152,0.869,0,0,-1.000,-0.45,4.00,0.0280,0.0240
73.642,4.030,0,,,,,,GLOBAL,1.000,clear,0,0.0,152,0.889,0,0,-1.000,0.07,3.94,0.0254,0.0182
73.661,4.020,0,,,,,6.877,GLOBAL,1.000,clear,0,0.0,152,0.909,0,0,-1.000,0.07,3.94,0.0451,0.0124
73.681,4.028,0,,,,,6.616,GLOBAL,1.000,clear,0,0.0,152,0.929,0,0,-1.000,0.35,3.88,0.0408,0.0087
73.701,4.017,0,,,,,6.618,GLOBAL,1.000,clear,0,0.0,152,0.949,0,0,-1.000,0.63,3.84,0.0353,0.0031
73.722,4.015,0,,,,,6.577,GLOBAL,1.000,clear,0,0.0,152,0.969,0,0,-1.000,0.63,3.84,0.0305,0.0015
73.741,3.993,0,,,,,6.577,GLOBAL,1.000,clear,0,0.0,152,0.989,0,0,-1.000,0.27,3.80,0.0253,0.0213
73.761,3.981,1,6.486,6.736,0.288,0.256,,GLOBAL,1.000,clear,0,0.0,152,1.009,0,0,-1.000,0.45,3.76,0.0453,0.0176
73.781,3.949,0,,,,,6.381,GLOBAL,1.000,clear,0,0.0,152,1.029,0,0,-1.000,0.45,3.76,0.0413,0.0034
73.802,3.931,0,,,,,,GLOBAL,1.000,clear,0,0.0,152,1.050,0,0,-1.000,0.40,3.71,0.0286,0.0033
73.821,3.888,0,,,,,,GLOBAL,1.000,clear,0,0.0,152,1.069,0,0,-1.000,0.40,3.71,0.0280,0.0005
73.841,3.864,0,,,,,,GLOBAL,1.000,clear,0,0.0,152,1.089,0,0,-1.000,0.55,3.71,0.0480,0.0206
73.862,3.828,0,,,,,,GLOBAL,1.000,clear,0,0.0,152,1.109,0,0,-1.000,1.04,3.67,0.0461,0.0167
73.881,3.802,0,,,,,,GLOBAL,1.000,clear,0,0.0,152,1.129,0,0,-1.000,1.90,3.61,0.0401,0.0092
73.901,3.771,0,,,,,,GLOBAL,1.000,clear,0,0.0,152,1.149,0,0,-1.000,1.90,3.61,0.0359,0.0018
73.921,3.738,0,,,,,,GLOBAL,1.000,clear,0,0.0,152,1.169,0,0,-1.000,3.00,3.54,0.0301,0.0218
73.942,3.710,0,,,,,,GLOBAL,1.000,clear,0,0.0,152,1.189,0,0,-1.000,2.69,3.50,0.0267,0.0185
73.961,3.678,0,,,,,,GLOBAL,1.000,clear,0,0.0,152,1.209,0,0,-1.000,2.69,3.50,0.0462,0.0168
73.981,3.653,0,,,,,,GLOBAL,1.000,clear,0,0.0,152,1.229,0,0,-1.000,3.48,3.45,0.0404,0.0108
74.001,3.606,0,,,,,,GLOBAL,1.000,clear,0,0.0,152,1.249,0,0,-1.000,3.48,3.45,0.0361,0.0077
74.021,3.577,0,,,,,,GLOBAL,1.000,clear,0,0.0,152,1.269,0,0,-1.000,3.93,3.43,0.0304,0.0028
74.042,3.545,0,,,,,,GLOBAL,1.000,clear,0,0.0,152,1.289,0,0,-1.000,4.06,3.41,0.0265,0.0230
74.061,3.509,0,,,,,,GLOBAL,1.000,clear,0,0.0,152,1.309,0,0,-1.000,4.30,3.36,0.0464,0.0183
74.081,3.489,1,5.070,5.485,0.239,0.419,,GLOBAL,1.000,clear,0,0.0,152,1.329,0,0,-1.000,4.30,3.36,0.0407,0.0128
74.101,3.450,0,,,,,,GLOBAL,1.000,clear,0,0.0,152,1.349,0,0,-1.000,4.86,3.34,0.0367,0.0077
74.121,3.427,0,,,,,5.274,GLOBAL,1.000,clear,0,0.0,152,1.369,0,0,-1.000,4.86,3.34,0.0308,0.0025
74.143,3.400,0,,,,,5.274,GLOBAL,1.000,clear,0,0.0,152,1.390,0,0,-1.000,4.77,3.27,0.0265,0.0240
74.161,3.376,0,,,,,,GLOBAL,1.000,clear,0,0.0,152,1.409,0,0,-1.000,5.08,3.24,0.0450,0.0170
74.181,3.347,0,,,,,,GLOBAL,1.000,clear,0,0.0,152,1.429,0,0,-1.000,5.08,3.19,0.0410,0.0120
74.201,3.309,0,,,,,,GLOBAL,1.000,clear,0,0.0,152,1.449,0,0,-1.000,5.08,3.19,0.0353,0.0073
74.221,3.290,0,,,,,,GLOBAL,1.000,clear,0,0.0,152,1.469,0,0,-1.000,4.74,3.17,0.0311,0.0028
74.241,3.269,0,,,,,,GLOBAL,1.000,clear,0,0.0,152,1.489,0,0,-1.000,4.66,3.12,0.0253,0.0229
74.261,3.233,0,,,,,,GLOBAL,1.000,clear,0,0.0,152,1.509,0,0,-1.000,4.66,3.12,0.0453,0.0179
74.281,3.214,0,,,,,,GLOBAL,1.000,clear,0,0.0,152,1.529,0,0,-1.000,5.47,3.07,0.0412,0.0140
74.301,3.182,0,,,,,,GLOBAL,1.000,clear,0,0.0,152,1.549,0,0,-1.000,5.42,3.05,0.0371,0.0060
74.321,3.149,0,,,,,,GLOBAL,1.000,clear,0,0.0,152,1.569,0,0,-1.000,5.42,3.05,0.0301,0.0032
74.341,3.134,0,,,,,,GLOBAL,1.000,clear,0,0.0,152,1.589,0,0,-1.000,5.21,3.00,0.0257,0.0232
74.361,3.104,0,,,,,,GLOBAL,1.000,clear,0,0.0,152,1.609,0,0,-1.000,4.70,3.00,0.0456,0.0179
74.381,3.070,0,,,,,,GLOBAL,1.000,clear,0,0.0,152,1.629,0,0,-1.000,4.70,3.00,0.0407,0.0131
74.401,3.050,0,,,,,,GLOBAL,1.000,clear,0,0.0,152,1.649,0,0,-1.000,4.45,3.00,0.0358,0.0066
74.422,3.024,0,,,,,,GLOBAL,1.000,clear,0,0.0,152,1.669,0,0,-1.000,5.00,3.00,0.0320,0.0014
74.441,3.008,0,,,,,,GLOBAL,1.000,clear,0,0.0,152,1.689,0,0,-1.000,5.00,3.00,0.0259,0.0209
74.461,3.010,0,,,,,,GLOBAL,1.000,clear,0,0.0,152,1.709,0,0,-1.000,5.01,3.00,0.0459,0.0185
74.482,3.002,0,,,,,,GLOBAL,1.000,clear,0,0.0,152,1.729,0,0,-1.000,5.07,3.00,0.0420,0.0114
74.501,2.995,0,,,,,,GLOBAL,1.000,clear,0,0.0,152,1.749,0,0,-1.000,5.07,3.00,0.0362,0.0060
74.521,2.993,0,,,,,,GLOBAL,1.000,clear,0,0.0,152,1.769,0,0,-1.000,4.93,3.00,0.0301,0.0019
74.541,2.987,0,,,,,,GLOBAL,1.000,clear,0,0.0,152,1.789,0,0,-1.000,5.80,3.00,0.0263,0.0219
74.562,2.976,0,,,,,,GLOBAL,1.000,clear,0,0.0,152,1.809,0,0,-1.000,5.80,3.00,0.0465,0.0185
74.581,2.965,0,,,,,,GLOBAL,1.000,clear,0,0.0,152,1.829,0,0,-1.000,5.29,3.00,0.0422,0.0125
74.601,2.940,0,,,,,,GLOBAL,1.000,clear,0,0.0,152,1.849,0,0,-1.000,4.84,3.00,0.0366,0.0077
74.621,2.928,0,,,,,,GLOBAL,1.000,clear,0,0.0,152,1.869,0,0,-1.000,4.84,3.00,0.0324,0.0039
74.642,2.913,0,,,,,,GLOBAL,1.000,clear,0,0.0,152,1.890,0,0,-1.000,6.49,3.00,0.0274,0.0244
74.661,2.903,0,,,,,,GLOBAL,1.000,clear,0,0.0,152,1.909,0,0,-1.000,5.98,3.00,0.0467,0.0160
74.681,2.902,0,,,,,,GLOBAL,1.000,clear,0,0.0,152,1.929,0,0,-1.000,5.98,3.00,0.0413,0.0137
74.701,2.904,0,,,,,,GLOBAL,1.000,clear,0,0.0,152,1.949,0,0,-1.000,6.68,3.00,0.0369,0.0095
74.721,2.905,0,,,,,,GLOBAL,1.000,clear,0,0.0,152,1.969,0,0,-1.000,6.91,3.00,0.0327,0.0030
74.742,2.904,0,,,,,,GLOBAL,1.000,clear,0,0.0,152,1.989,0,0,-1.000,6.91,3.00,0.0271,0.0232
74.762,2.902,0,,,,,,GLOBAL,1.000,clear,0,0.0,152,2.009,0,0,-1.000,7.87,3.00,0.0472,0.0198
74.781,2.904,0,,,,,,GLOBAL,1.000,clear,0,0.0,152,2.029,0,0,-1.000,9.09,3.00,0.0427,0.0067
74.801,2.903,0,,,,,,GLOBAL,1.000,clear,0,0.0,152,2.049,0,0,-1.000,9.09,3.00,0.0368,0.0041
74.821,2.906,0,,,,,,GLOBAL,1.000,clear,0,0.0,152,2.069,0,0,-1.000,9.66,3.00,0.0300,0.0045
74.841,2.909,0,,,,,,GLOBAL,1.000,clear,0,0.0,152,2.089,0,0,-1.000,11.48,3.00,0.0258,0.0246
74.861,2.907,0,,,,,,GLOBAL,1.000,clear,0,0.0,152,2.109,0,0,-1.000,11.48,3.00,0.0457,0.0188
74.881,2.906,0,,,,,,GLOBAL,1.000,clear,0,0.0,152,2.129,0,0,-1.000,11.31,3.00,0.0412,0.0145
74.962,2.909,0,,,,,,GLOBAL,1.000,clear,0,0.0,152,2.209,0,0,-1.000,11.36,3.00,0.0978,0.0679
74.983,2.903,0,,,,,,GLOBAL,1.000,clear,0,0.0,152,2.231,0,0,-1.000,14.55,3.00,0.0437,0.0108
75.007,2.904,0,,,,,,GLOBAL,1.000,clear,0,0.0,152,2.255,0,0,-1.000,15.60,3.00,0.0434,0.0105
75.022,2.916,0,,,,,,GLOBAL,1.000,clear,0,0.0,152,2.270,0,0,-1.000,16.48,3.00,0.0328,0.0030
75.043,2.901,0,,,,,,GLOBAL,1.000,clear,0,0.0,152,2.290,0,0,-1.000,16.48,3.00,0.0530,0.0232
75.061,2.906,0,,,,,,GLOBAL,1.000,clear,0,0.0,152,2.309,0,0,-1.000,17.48,3.00,0.0470,0.0181
75.081,2.914,0,,,,,,GLOBAL,1.000,clear,0,0.0,152,2.329,0,0,-1.000,19.37,3.00,0.0421,0.0146
75.101,2.896,0,,,,,,GLOBAL,1.000,clear,0,0.0,152,2.349,0,0,-1.000,19.37,3.00,0.0373,0.0090
75.121,2.908,0,,,,,,GLOBAL,1.000,clear,0,0.0,152,2.369,0,0,-1.000,19.10,3.00,0.0323,0.0049
75.142,2.901,0,,,,,,GLOBAL,1.000,clear,0,0.0,152,2.390,0,0,-1.000,19.59,3.00,0.0283,0.0259
75.161,2.889,0,,,,,,GLOBAL,1.000,clear,0,0.0,152,2.409,0,0,-1.000,19.59,3.00,0.0473,0.0186
75.181,2.906,0,,,,,,GLOBAL,1.000,clear,0,0.0,152,2.429,0,0,-1.000,18.86,3.00,0.0426,0.0145
75.201,2.887,0,,,,,,GLOBAL,1.000,clear,0,0.0,152,2.449,0,0,-1.000,19.38,3.00,0.0372,0.0052
75.221,2.877,0,,,,,,GLOBAL,1.000,clear,0,0.0,152,2.469,0,0,-1.000,19.38,3.00,0.0327,0.0036
75.241,2.892,0,,,,,,GLOBAL,1.000,clear,0,0.0,152,2.489,0,0,-1.000,18.48,3.00,0.0269,0.0235
75.261,2.859,0,,,,,,GLOBAL,1.000,clear,0,0.0,152,2.509,0,0,-1.000,17.37,3.00,0.0470,0.0184
75.281,2.857,0,,,,,,GLOBAL,1.000,clear,0,0.0,152,2.529,0,0,-1.000,17.37,3.00,0.0427,0.0138
75.301,2.879,0,,,,,,GLOBAL,1.000,clear,0,0.0,152,2.549,0,0,-1.000,16.87,3.00,0.0371,0.0062
75.322,2.845,0,,,,,,GLOBAL,1.000,clear,0,0.0,152,2.569,0,0,-1.000,16.33,3.00,0.0331,0.0047
75.341,2.837,0,,,,,,GLOBAL,1.000,clear,0,0.0,152,2.589,0,0,-1.000,16.33,3.00,0.0272,0.0243
75.361,2.852,0,,,,,,GLOBAL,1.000,clear,0,0.0,152,2.609,0,0,-1.000,16.46,3.00,0.0473,0.0194
75.381,2.821,0,,,,,,GLOBAL,1.000,clear,0,0.0,152,2.629,0,0,-1.000,15.13,3.00,0.0378,0.0127
75.401,2.815,0,,,,,,GLOBAL,1.000,clear,0,0.0,152,2.649,0,0,-1.000,15.13,3.00,0.0374,0.0041
75.421,2.839,0,,,,,,GLOBAL,1.000,clear,0,0.0,152,2.669,0,0,-1.000,15.54,3.00,0.0332,0.0013
75.442,2.814,0,,,,,,GLOBAL,1.000,clear,0,0.0,152,2.689,0,0,-1.000,14.09,3.00,0.0267,0.0216
75.461,2.795,0,,,,,,GLOBAL,1.000,clear,0,0.0,152,2.709,0,0,-1.000,14.09,3.00,0.0464,0.0152
75.481,2.817,0,,,,,,GLOBAL,1.000,clear,0,0.0,152,2.729,0,0,-1.000,13.85,3.00,0.0417,0.0111
75.501,2.807,0,,,,,,GLOBAL,1.000,clear,0,0.0,152,2.749,0,0,-1.000,13.85,3.00,0.0372,0.0058
75.521,2.799,0,,,,,,GLOBAL,1.000,clear,0,0.0,152,2.769,0,0,-1.000,13.54,3.00,0.0309,0.0049
75.541,2.816,0,,,,,,GLOBAL,1.000,clear,0,0.0,152,2.789,0,0,-1.000,12.52,3.00,0.0278,0.0249
75.562,2.813,0,,,,,,GLOBAL,1.000,clear,0,0.0,152,2.810,0,0,-1.000,12.18,3.00,0.0485,0.0198
75.581,2.800,0,,,,,,GLOBAL,1.000,clear,0,0.0,152,2.829,0,0,-1.000,12.18,3.00,0.0421,0.0150
75.601,2.816,0,,,,,,GLOBAL,1.000,clear,0,0.0,152,2.849,0,0,-1.000,11.82,3.00,0.0379,0.0026
75.621,2.818,0,,,,,,GLOBAL,1.000,clear,0,0.0,152,2.869,0,0,-1.000,11.82,3.00,0.0321,0.0024
75.642,2.822,0,,,,,,GLOBAL,1.000,clear,0,0.0,152,2.889,0,0,-1.000,11.52,3.00,0.0270,0.0230
75.661,2.835,0,,,,,,GLOBAL,1.000,clear,0,0.0,152,2.909,0,0,-1.000,11.65,3.00,0.0466,0.0185
75.681,2.840,0,,,,,,GLOBAL,1.000,clear,0,0.0,152,2.929,0,0,-1.000,10.29,3.00,0.0424,0.0099
75.701,2.840,0,,,,,,GLOBAL,1.000,clear,0,0.0,152,2.949,0,0,-1.000,10.29,3.00,0.0369,0.0069
75.721,2.844,0,,,,,,GLOBAL,1.000,clear,0,0.0,152,2.969,0,0,-1.000,9.75,3.00,0.0327,0.0046
75.741,2.848,0,,,,,,GLOBAL,1.000,clear,0,0.0,152,2.989,0,0,-1.000,10.05,3.00,0.0263,0.0246
75.762,2.848,0,,,,,,GLOBAL,1.000,clear,0,0.0,152,3.009,0,0,-1.000,10.05,3.00,0.0467,0.0195
75.781,2.857,0,,,,,,GLOBAL,1.000,clear,0,0.0,152,3.029,0,0,-1.000,9.44,3.00,0.0427,0.0146
75.801,2.858,0,,,,,,GLOBAL,1.000,clear,0,0.0,152,3.049,0,0,-1.000,8.20,3.00,0.0353,0.0105
75.821,2.856,0,,,,,,GLOBAL,1.000,clear,0,0.0,152,3.069,0,0,-1.000,8.20,3.00,0.0304,0.0047
75.841,2.865,0,,,,,,GLOBAL,1.000,clear,0,0.0,152,3.089,0,0,-1.000,8.02,3.00,0.0274,0.0246
75.861,2.866,0,,,,,,GLOBAL,1.000,clear,0,0.0,152,3.109,0,0,-1.000,7.61,3.00,0.0475,0.0191
75.881,2.865,0,,,,,,GLOBAL,1.000,clear,0,0.0,152,3.129,0,0,-1.000,7.61,3.00,0.0416,0.0138
75.901,2.877,0,,,,,,GLOBAL,1.000,clear,0,0.0,152,3.149,0,0,-1.000,6.66,3.00,0.0374,0.0049
75.921,2.872,0,,,,,,GLOBAL,1.000,clear,0,0.0,152,3.169,0,0,-1.000,6.66,3.00,0.0274,0.0048
75.941,2.878,0,,,,,,GLOBAL,1.000,clear,0,0.0,152,3.189,0,0,-1.000,6.10,3.00,0.0271,0.0249
75.961,2.884,0,,,,,,GLOBAL,1.000,clear,0,0.0,152,3.209,0,0,-1.000,6.16,3.00,0.0470,0.0189
75.981,2.886,0,,,,,,GLOBAL,1.000,clear,0,0.0,152,3.229,0,0,-1.000,5.86,3.00,0.0419,0.0116
76.001,2.896,0,,,,,,GLOBAL,1.000,clear,0,0.0,152,3.249,0,0,-1.000,5.86,3.00,0.0372,0.0074
76.021,2.899,0,,,,,,GLOBAL,1.000,clear,0,0.0,152,3.269,0,0,-1.000,5.74,3.00,0.0301,0.0046
76.041,2.896,0,,,,,,GLOBAL,1.000,clear,0,0.0,152,3.289,0,0,-1.000,5.91,3.00,0.0270,0.0246
76.062,2.906,0,,,,,,GLOBAL,1.000,clear,0,0.0,152,3.309,0,0,-1.000,5.91,3.00,0.0474,0.0174
76.081,2.902,0,,,,,,GLOBAL,1.000,clear,0,0.0,152,3.329,0,0,-1.000,6.17,3.00,0.0422,0.0102
76.102,2.914,0,,,,,,GLOBAL,1.000,clear,0,0.0,152,3.350,0,0,-1.000,6.01,3.00,0.0371,0.0071
76.122,2.916,0,,,,,,GLOBAL,1.000,clear,0,0.0,152,3.369,0,0,-1.000,6.01,3.00,0.0328,0.0019
76.141,2.914,0,,,,,,GLOBAL,1.000,clear,0,0.0,152,3.389,0,0,-1.000,7.38,3.00,0.0268,0.0215
76.161,2.919,0,,,,,,GLOBAL,1.000,clear,0,0.0,152,3.409,0,0,-1.000,7.06,3.00,0.0468,0.0196
76.181,2.921,0,,,,,,GLOBAL,1.000,clear,0,0.0,152,3.429,0,0,-1.000,7.06,3.00,0.0426,0.0145
76.201,2.918,0,,,,,,GLOBAL,1.000,clear,0,0.0,152,3.449,0,0,-1.000,7.57,3.00,0.0370,0.0084
76.221,2.932,0,,,,,,GLOBAL,1.000,clear,0,0.0,152,3.469,0,0,-1.000,8.32,3.00,0.0325,0.0032
76.241,2.929,0,,,,,,GLOBAL,1.000,clear,0,0.0,152,3.489,0,0,-1.000,8.32,3.00,0.0271,0.0234
76.261,2.928,0,,,,,,GLOBAL,1.000,clear,0,0.0,152,3.509,0,0,-1.000,7.85,3.00,0.0470,0.0169
76.281,2.934,0,,,,,,GLOBAL,1.000,clear,0,0.0,152,3.529,0,0,-1.000,8.09,3.00,0.0431,0.0144
76.301,2.931,0,,,,,,GLOBAL,1.000,clear,0,0.0,152,3.549,0,0,-1.000,8.09,3.00,0.0371,0.0074
76.321,2.933,0,,,,,,GLOBAL,1.000,clear,0,0.0,152,3.569,0,0,-1.000,7.82,3.00,0.0314,0.0043
76.341,2.941,0,,,,,,GLOBAL,1.000,clear,0,0.0,152,3.589,0,0,-1.000,7.83,3.00,0.0515,0.0244
76.361,2.933,0,,,,,,GLOBAL,1.000,clear,0,0.0,152,3.609,0,0,-1.000,7.83,3.00,0.0474,0.0153
76.381,2.936,0,,,,,,GLOBAL,1.000,clear,0,0.0,152,3.629,0,0,-1.000,7.89,3.00,0.0416,0.0113
76.403,2.938,0,,,,,,GLOBAL,1.000,clear,0,0.0,152,3.650,0,0,-1.000,7.69,3.00,0.0373,0.0098
76.532,2.937,0,,,,,,GLOBAL,1.000,clear,0,0.0,152,3.780,0,0,-1.000,7.69,3.00,0.1666,0.1390
76.550,2.940,0,,,,,,GLOBAL,1.000,clear,0,0.0,152,3.798,0,0,-1.000,6.90,3.00,0.1603,0.0172
76.569,2.928,0,,,,,,GLOBAL,1.000,clear,0,0.0,152,3.817,0,0,-1.000,6.45,3.00,0.0536,0.0106
76.581,2.935,0,,,,,,GLOBAL,1.000,clear,0,0.0,152,3.829,0,0,-1.000,6.25,3.00,0.0407,0.0115
76.604,2.937,0,,,,,,GLOBAL,1.000,clear,0,0.0,152,3.852,0,0,-1.000,6.25,3.00,0.0382,0.0122
76.621,2.938,0,,,,,,GLOBAL,1.000,clear,0,0.0,152,3.869,0,0,-1.000,5.21,3.00,0.0310,0.0031
76.642,2.923,0,,,,,,GLOBAL,1.000,clear,0,0.0,152,3.889,0,0,-1.000,5.52,3.00,0.0253,0.0235
76.661,2.933,0,,,,,,GLOBAL,1.000,clear,0,0.0,152,3.909,0,0,-1.000,5.52,3.00,0.0450,0.0190
76.684,2.937,0,,,,,,GLOBAL,1.000,clear,0,0.0,152,3.932,0,0,-1.000,5.74,3.00,0.0458,0.0173
76.701,2.930,0,,,,,,GLOBAL,1.000,clear,0,0.0,152,3.949,0,0,-1.000,5.59,3.00,0.0369,0.0091
76.721,2.937,0,,,,,,GLOBAL,1.000,clear,0,0.0,152,3.969,0,0,-1.000,5.59,3.00,0.0327,0.0040
76.741,2.936,0,,,,,,GLOBAL,1.000,clear,0,0.0,152,3.989,0,0,-1.000,5.59,3.00,0.0270,0.0240
76.762,2.927,0,,,,,,GLOBAL,1.000,clear,0,0.0,152,4.010,0,0,-1.000,3.26,3.00,0.0477,0.0204
76.781,2.942,0,,,,,,GLOBAL,1.000,clear,0,0.0,152,4.029,0,0,-1.000,3.26,3.00,0.0428,0.0123
76.801,2.940,0,,,,,,GLOBAL,1.000,clear,0,0.0,152,4.049,0,0,-1.000,3.06,3.00,0.0368,0.0089
76.823,2.936,0,,,,,,GLOBAL,1.000,clear,0,0.0,152,4.071,0,0,-1.000,2.98,3.00,0.0351,0.0018
76.841,2.942,0,,,,,,GLOBAL,1.000,clear,0,0.0,152,4.089,0,0,-1.000,2.98,3.00,0.0274,0.0198
76.861,2.936,0,,,,,,GLOBAL,1.000,clear,0,0.0,152,4.109,0,0,-1.000,3.18,3.00,0.0473,0.0143
76.881,2.938,0,,,,,,GLOBAL,1.000,clear,0,0.0,152,4.129,0,0,-1.000,3.63,3.07,0.0417,0.0137
76.901,2.954,0,,,,,,GLOBAL,1.000,clear,0,0.0,152,4.149,0,0,-1.000,3.63,3.07,0.0376,0.0045
76.921,2.939,0,,,,,,GLOBAL,1.000,clear,0,0.0,152,4.169,0,0,-1.000,3.59,3.12,0.0318,0.0037
76.941,2.957,0,,,,,,GLOBAL,1.000,clear,0,0.0,152,4.189,0,0,-1.000,3.41,3.25,0.0270,0.0237
76.961,2.964,0,,,,,,GLOBAL,1.000,clear,0,0.0,152,4.209,0,0,-1.000,3.41,3.25,0.0470,0.0188
76.982,2.974,0,,,,,,GLOBAL,1.000,clear,0,0.0,152,4.230,0,0,-1.000,3.24,3.32,0.0424,0.0140
77.001,2.999,0,,,,,,GLOBAL,1.000,clear,0,0.0,152,4.249,0,0,-1.000,3.15,3.36,0.0361,0.0059
77.021,3.022,0,,,,,,GLOBAL,1.000,clear,0,0.0,152,4.269,0,0,-1.000,3.15,3.36,0.0320,0.0026
77.042,3.051,0,,,,,,GLOBAL,1.000,clear,0,0.0,152,4.290,0,0,-1.000,3.13,3.39,0.0272,0.0234
77.066,3.091,0,,,,,,GLOBAL,1.000,clear,0,0.0,152,4.314,0,0,-1.000,3.14,3.50,0.0514,0.0235
77.081,3.121,0,,,,,,GLOBAL,1.000,clear,0,0.0,152,4.329,0,0,-1.000,3.14,3.50,0.0415,0.0136
77.101,3.155,0,,,,,,GLOBAL,1.000,clear,0,0.0,152,4.349,0,0,-1.000,3.09,3.53,0.0352,0.0065
77.121,3.184,0,,,,,,GLOBAL,1.000,clear,0,0.0,152,4.369,0,0,-1.000,3.66,3.60,0.0295,0.0019
77.141,3.218,0,,,,,,GLOBAL,1.000,clear,0,0.0,152,4.389,0,0,-1.000,3.66,3.60,0.0497,0.0221
77.161,3.262,0,,,,,,GLOBAL,1.000,clear,0,0.0,152,4.409,0,0,-1.000,3.97,3.67,0.0462,0.0156
77.181,3.294,0,,,,,,GLOBAL,1.000,clear,0,0.0,152,4.429,0,0,-1.000,4.35,3.74,0.0407,0.0136
77.202,3.350,0,,,,,,GLOBAL,1.000,clear,0,0.0,152,4.449,0,0,-1.000,4.35,3.74,0.0374,0.0063
77.222,3.388,0,,,,,,GLOBAL,1.000,clear,0,0.0,152,4.469,0,0,-1.000,4.34,3.77,0.0574,0.0263
77.243,3.432,0,,,,,,GLOBAL,1.000,clear,0,0.0,152,4.491,0,0,-1.000,4.38,3.86,0.0520,0.0202
77.261,3.478,0,,,,,,GLOBAL,1.000,clear,0,0.0,152,4.509,0,0,-1.000,4.38,3.86,0.0471,0.0126
77.284,3.511,0,,,,,,GLOBAL,1.000,clear,0,0.0,152,4.532,0,0,-1.000,4.65,3.95,0.0429,0.0125
77.301,3.564,0,,,,,,GLOBAL,1.000,clear,0,0.0,152,4.549,0,0,-1.000,4.68,3.98,0.0344,0.0062
77.321,3.609,0,,,,,,GLOBAL,1.000,clear,0,0.0,152,4.569,0,0,-1.000,4.68,3.98,0.0315,0.0033
77.341,3.659,0,,,,,,GLOBAL,1.000,clear,0,0.0,152,4.589,0,0,-1.000,5.09,4.07,0.0260,0.0234
77.361,3.697,0,,,,,,GLOBAL,1.000,clear,0,0.0,152,4.609,0,0,-1.000,4.71,4.09,0.0458,0.0187
77.384,3.749,0,,,,,,GLOBAL,1.000,clear,0,0.0,152,4.632,0,0,-1.000,4.71,4.09,0.0444,0.0154
77.402,3.792,0,,,,,,GLOBAL,1.000,clear,0,0.0,152,4.650,0,0,-1.000,4.85,4.15,0.0329,0.0097
77.421,3.832,0,,,,,,GLOBAL,1.000,clear,0,0.0,152,4.669,0,0,-1.000,4.98,4.23,0.0321,0.0006
77.446,3.872,0,,,,,,GLOBAL,1.000,clear,0,0.0,152,4.693,0,0,-1.000,4.98,4.23,0.0564,0.0250
77.461,3.905,0,,,,,,GLOBAL,1.000,clear,0,0.0,152,4.709,0,0,-1.000,5.04,4.25,0.0454,0.0145
77.481,3.951,0,,,,,,GLOBAL,1.000,clear,0,0.0,152,4.729,0,0,-1.000,4.86,4.36,0.0407,0.0107
77.501,3.986,0,,,,,,GLOBAL,1.000,clear,0,0.0,152,4.749,0,0,-1.000,4.86,4.36,0.0363,0.0043
77.521,4.023,0,,,,,,GLOBAL,1.000,clear,0,0.0,152,4.769,0,0,-1.000,4.88,4.41,0.0309,0.0011
77.543,4.057,0,,,,,,GLOBAL,1.000,clear,0,0.0,152,4.791,0,0,-1.000,4.05,4.46,0.0283,0.0227
77.561,4.111,0,,,,,,GLOBAL,1.000,clear,0,0.0,152,4.809,0,0,-1.000,4.05,4.46,0.0465,0.0175
77.581,4.143,0,,,,,,GLOBAL,1.000,clear,0,0.0,152,4.829,0,0,-1.000,3.99,4.52,0.0407,0.0109
77.601,4.185,0,,,,,,GLOBAL,1.000,clear,0,0.0,152,4.849,0,0,-1.000,3.91,4.58,0.0367,0.0065
77.621,4.221,0,,,,,,GLOBAL,1.000,clear,0,0.0,152,4.869,0,0,-1.000,3.91,4.58,0.0310,0.0044
77.644,4.269,0,,,,,,GLOBAL,1.000,clear,0,0.0,152,4.891,0,0,-1.000,3.49,4.70,0.0535,0.0269
77.661,4.302,0,,,,,,GLOBAL,1.000,clear,0,0.0,152,4.909,0,0,-1.000,3.22,4.76,0.0468,0.0166
77.681,4.352,0,,,,,,GLOBAL,1.000,clear,0,0.0,152,4.929,0,0,-1.000,3.22,4.76,0.0414,0.0123
77.701,4.398,0,,,,,,GLOBAL,1.000,clear,0,0.0,152,4.949,0,0,-1.000,3.69,4.81,0.0372,0.0076
77.721,4.452,0,,,,,,GLOBAL,1.000,clear,0,0.0,152,4.969,0,0,-1.000,2.97,4.87,0.0306,0.0013
77.742,4.499,0,,,,,,GLOBAL,1.000,clear,0,0.0,152,4.989,0,0,-1.000,2.97,4.87,0.0510,0.0217
77.762,4.542,0,,,,,,GLOBAL,1.000,clear,0,0.0,152,5.009,0,0,-1.000,1.99,4.95,0.0476,0.0149
77.782,4.575,0,,,,,,GLOBAL,1.000,clear,0,0.0,152,5.029,0,0,0.684,1.24,5.00,0.0420,0.0112
77.801,4.609,0,,,,,,GLOBAL,1.000,clear,0,0.0,152,5.049,0,0,0.652,1.24,5.00,0.0374,0.0045
77.821,4.658,0,,,,,,GLOBAL,1.000,clear,0,0.0,152,5.069,0,0,0.645,1.18,5.00,0.0304,0.0246
77.841,4.705,0,,,,,,GLOBAL,1.000,clear,0,0.0,152,5.089,0,0,0.615,1.00,5.00,0.0279,0.0192
77.861,4.752,0,,,,,,GLOBAL,1.000,clear,0,0.0,152,5.109,0,0,0.587,1.00,5.00,0.0476,0.0168
77.881,4.774,0,,,,,,GLOBAL,1.000,clear,0,0.0,152,5.129,0,0,0.562,1.74,5.00,0.0420,0.0101
77.902,4.791,0,,,,,,GLOBAL,1.000,clear,0,0.0,152,5.150,0,0,0.562,1.53,5.00,0.0376,0.0054
77.921,4.815,1,2.332,2.446,0.172,0.121,,GLOBAL,1.000,clear,0,0.0,152,5.169,0,1,0.537,1.53,5.00,0.0323,0.0009
77.942,4.815,1,2.332,2.446,0.172,0.121,,GLOBAL,1.000,clear,0,0.0,152,5.189,0,1,0.510,0.90,5.00,0.0526,0.0213
77.968,4.837,1,2.224,2.332,-0.023,0.108,,AVOID,0.984,avoid_cruise,1,0.0,152,5.215,0,1,0.507,0.67,4.92,0.0533,0.0093
77.982,4.529,1,2.098,2.215,-0.079,0.118,,AVOID,0.968,avoid_cruise,1,-21.7,152,5.230,0,1,0.491,0.67,4.92,0.0431,0.0060
78.001,4.529,1,2.098,2.215,-0.079,0.118,,AVOID,0.968,avoid_cruise,1,-21.7,152,5.249,0,1,0.491,0.53,4.84,0.0625,0.0253
78.039,4.401,1,1.959,2.080,0.125,0.125,,AVOID,0.968,avoid_cruise,1,-11.2,152,5.286,0,1,0.461,0.53,4.84,0.0703,0.0364
78.052,4.342,1,1.959,2.080,0.125,0.125,,AVOID,0.939,avoid_cruise,1,-11.2,152,5.299,0,1,0.461,0.53,4.84,0.0834,0.0494
78.063,4.341,1,1.765,1.886,0.084,0.124,,AVOID,0.912,avoid_cruise,1,1.2,152,5.311,0,1,0.463,0.16,4.65,0.0484,0.0044
78.086,4.327,1,1.765,1.886,0.084,0.124,,AVOID,0.904,avoid_cruise,1,5.7,152,5.333,0,1,0.435,0.16,4.65,0.0468,0.0273
78.119,4.327,1,1.633,1.758,0.074,0.127,,AVOID,0.892,avoid_cruise,1,5.7,152,5.367,0,1,0.407,-0.29,4.56,0.0548,0.0324
78.122,4.299,1,1.554,1.681,0.055,0.128,,AVOID,0.892,avoid_cruise,1,9.0,152,5.369,0,1,0.391,-0.36,4.46,0.0333,0.0017
78.142,4.211,0,,,,,1.457,GLOBAL,0.863,avoid_cruise,1,11.9,152,5.390,0,1,0.379,-0.36,4.46,0.0271,0.0201
78.161,4.161,0,,,,,1.357,GLOBAL,0.863,avoid_cruise,1,12.4,152,5.409,0,1,0.358,-0.87,4.36,0.0464,0.0191
78.181,4.107,0,,,,,1.263,GLOBAL,0.848,avoid_cruise,1,14.8,152,5.429,0,1,0.338,-0.28,4.31,0.0431,0.0127
78.201,4.039,0,,,,,1.192,GLOBAL,0.833,avoid_cruise,1,17.1,152,5.449,0,1,-1.000,-0.14,4.24,0.0370,0.0072
78.221,3.977,0,,,,,1.085,GLOBAL,0.813,avoid_cruise,1,17.2,152,5.469,0,1,-1.000,-0.14,4.24,0.0316,0.0040
78.242,3.909,0,,,,,1.085,GLOBAL,0.813,avoid_cruise,1,17.2,152,5.489,0,1,0.307,-0.15,4.16,0.0521,0.0244
78.261,3.842,0,,,,,0.991,GLOBAL,0.799,avoid_cruise,1,20.4,152,5.509,0,1,0.290,0.02,3.99,0.0473,0.0180
78.281,3.768,0,,,,,0.932,GLOBAL,0.785,avoid_cruise,1,22.3,152,5.529,0,1,-1.000,0.02,3.99,0.0420,0.0143
78.301,3.692,0,,,,,0.842,GLOBAL,0.772,avoid_cruise,1,22.5,152,5.549,0,1,-1.000,0.01,3.93,0.0374,0.0059
78.321,3.626,0,,,,,0.758,GLOBAL,0.758,avoid_cruise,1,26.1,152,5.569,0,1,-1.000,0.01,3.93,0.0318,0.0030
78.342,3.556,0,,,,,0.758,AVOID,0.742,aeb_escape,1,26.1,152,5.589,0,0,-1.000,0.06,3.86,0.0272,0.0233
78.361,3.487,0,,,,,,AVOID,0.729,aeb_escape,1,30.3,25,0.016,1,0,-1.000,0.27,3.79,0.0471,0.0189
78.381,3.412,0,,,,,0.591,AVOID,0.729,aeb_escape,1,27.0,21,0.017,1,0,-1.000,6.91,3.64,0.0424,0.0058
78.401,3.339,0,,,,,,AVOID,0.713,dynamic,1,27.0,21,0.006,1,0,-1.000,6.91,3.64,0.0363,0.0054
78.422,3.267,0,,,,,0.468,AVOID,0.697,aeb_escape,1,25.3,21,0.027,1,0,-1.000,7.46,3.56,0.0320,0.0033
78.442,3.196,0,,,,,0.468,AVOID,0.697,aeb_escape,1,25.3,24,0.018,1,0,-1.000,7.76,3.49,0.0269,0.0233
78.461,3.125,0,,,,,5.360,AVOID,0.680,dynamic,1,28.8,24,0.013,1,0,-1.000,8.43,3.40,0.0466,0.0194
78.481,3.055,0,,,,,5.074,AVOID,0.665,aeb_escape,1,33.2,23,0.002,1,0,-1.000,8.43,3.40,0.0424,0.0134
78.501,2.979,0,,,,,5.272,AVOID,0.665,aeb_escape,1,38.1,23,0.022,1,0,-1.000,8.28,3.33,0.0367,0.0063
78.521,2.906,0,,,,,5.564,AVOID,0.634,aeb_escape,1,41.5,20,0.007,1,0,-1.000,8.28,3.33,0.0287,0.0033
78.542,2.829,0,,,,,5.564,AVOID,0.624,aeb_escape,1,41.5,17,0.002,1,0,-1.000,8.90,3.20,0.0492,0.0237
78.561,2.748,0,,,,,,AVOID,0.610,aeb_escape,1,46.0,17,0.021,1,0,-1.000,8.97,3.12,0.0467,0.0170
78.581,2.673,0,,,,,,AVOID,0.610,aeb_escape,1,46.0,14,0.006,1,0,-1.000,10.17,3.05,0.0398,0.0143
78.601,2.617,0,,,,,4.911,AVOID,0.595,aeb_escape,1,46.2,14,0.013,1,0,-1.000,10.17,3.05,0.0371,0.0072
78.621,2.551,0,,,,,,AVOID,0.595,aeb_escape,1,46.2,14,0.033,1,0,-1.000,10.35,2.98,0.0300,0.0040
78.642,2.486,0,,,,,,AVOID,0.564,aeb_escape,1,46.2,14,0.002,1,0,-1.000,11.73,2.82,0.0506,0.0246
78.662,2.445,0,,,,,,AVOID,0.550,aeb_escape,1,46.4,14,0.022,1,0,-1.000,11.73,2.82,0.0476,0.0168
78.681,2.440,0,,,,,,AVOID,0.550,aeb_escape,1,46.4,14,0.011,1,0,-1.000,11.90,2.75,0.0399,0.0141
78.701,2.465,0,,,,,,AVOID,0.535,aeb_escape,1,46.4,13,0.010,1,0,-1.000,12.57,2.68,0.0373,0.0038
78.721,2.501,0,,,,,,AVOID,0.520,aeb_escape,1,46.4,13,0.004,1,0,-1.000,12.57,2.68,0.0300,0.0036
78.742,2.493,0,,,,,,AVOID,0.505,aeb_escape,1,46.2,13,0.001,1,0,-1.000,12.16,2.60,0.0505,0.0241
78.762,2.437,0,,,,,,AVOID,0.505,aeb_escape,1,45.7,13,0.020,1,0,-1.000,12.45,2.53,0.0476,0.0183
78.781,2.410,0,,,,,,AVOID,0.483,aeb_escape,1,42.6,13,0.008,1,0,-1.000,12.45,2.53,0.0418,0.0131
78.802,2.396,0,,,,,,AVOID,0.475,aeb_escape,1,36.2,12,0.015,1,0,-1.000,12.57,2.37,0.0372,0.0091
78.821,2.374,0,,,,,,AVOID,0.459,aeb_escape,1,30.7,12,0.035,1,0,-1.000,13.14,2.29,0.0319,0.0040
78.841,2.363,0,,,,,,AVOID,0.445,aeb_escape,1,30.7,14,0.005,1,0,-1.000,13.14,2.29,0.0271,0.0241
78.861,2.363,0,,,,,,AVOID,0.429,aeb_escape,1,26.3,14,0.024,1,0,-1.000,7.83,2.23,0.0470,0.0192
78.881,2.352,0,,,,,,AVOID,0.429,aeb_escape,1,19.6,14,0.017,1,0,-1.000,6.90,2.15,0.0422,0.0142
78.901,2.332,0,,,,,,AVOID,0.414,aeb_escape,1,12.8,16,0.009,1,0,-1.000,6.90,2.15,0.0371,0.0079
78.921,2.285,0,,,,,,AVOID,0.400,aeb_escape,1,5.9,17,0.007,1,0,-1.000,3.15,2.07,0.0323,0.0011
78.942,2.233,0,,,,,,AVOID,0.385,aeb_escape,1,5.9,18,0.005,1,0,-1.000,3.15,2.07,0.0529,0.0216
78.962,2.200,0,,,,,,AVOID,0.370,aeb_escape,1,0.1,18,0.025,1,0,-1.000,0.18,1.92,0.0462,0.0138
78.981,2.158,0,,,,,,AVOID,0.370,aeb_escape,1,-6.2,20,0.014,1,0,-1.000,-3.46,1.83,0.0424,0.0133
79.001,2.104,0,,,,,,AVOID,0.370,aeb_escape,1,-11.8,20,0.034,1,0,-1.000,-3.46,1.83,0.0368,0.0029
79.022,2.041,0,,,,,,AVOID,0.335,aeb_escape,1,-17.8,23,0.001,1,0,-1.000,-4.63,1.82,0.0334,0.0236
79.045,2.023,0,,,,,,AVOID,0.335,aeb_escape,1,-17.8,23,0.024,1,0,-1.000,-8.08,1.65,0.0309,0.0036
79.061,1.994,0,,,,,,AVOID,0.310,aeb_escape,1,-23.2,32,0.007,1,0,-1.000,-8.08,1.65,0.0471,0.0049
79.081,1.977,0,,,,,,AVOID,0.310,aeb_escape,1,-28.7,36,0.016,1,0,-1.000,-12.13,1.56,0.0427,0.0016
79.103,1.955,0,,,,,,AVOID,0.295,aeb_escape,1,-30.4,42,0.001,1,0,-1.000,-12.71,1.44,0.0388,0.0068
79.121,1.913,0,,,,,,AVOID,0.278,aeb_escape,1,-32.2,42,0.004,1,0,-1.000,-12.71,1.44,0.0330,0.0030
79.144,1.851,0,,,,,,AVOID,0.265,aeb_escape,1,-32.2,42,0.001,1,0,-1.000,-14.38,1.35,0.0556,0.0256
79.162,1.793,0,,,,,,AVOID,0.250,aeb_escape,1,-33.2,42,0.019,1,0,-1.000,-12.68,1.29,0.0480,0.0178
79.181,1.718,0,,,,,,AVOID,0.250,aeb_escape,1,-33.3,42,0.013,1,0,-1.000,-12.85,1.21,0.0430,0.0104
79.202,1.629,0,,,,,,AVOID,0.235,aeb_escape,1,-33.4,42,0.011,1,0,-1.000,-12.85,1.21,0.0380,0.0060
79.221,1.550,0,,,,,,AVOID,0.220,aeb_escape,1,-33.5,41,0.004,1,0,-1.000,-11.54,1.14,0.0318,0.0028
79.244,1.453,0,,,,,,AVOID,0.205,aeb_escape,1,-33.5,41,0.004,1,0,-1.000,-10.62,0.99,0.0291,0.0256
79.261,1.395,0,,,,,,AVOID,0.205,aeb_escape,1,-32.4,41,0.021,1,0,-1.000,-10.62,0.99,0.0465,0.0154
79.281,1.336,0,,,,,,AVOID,0.188,aeb_escape,1,-31.5,40,0.006,1,0,-1.000,-10.07,0.91,0.0417,0.0017
79.301,1.280,0,,,,,,AVOID,0.175,aeb_escape,1,-30.4,40,0.007,1,0,-1.000,-10.07,0.91,0.0362,0.0061
79.321,1.203,0,,,,,,AVOID,0.160,aeb_escape,1,-30.4,40,0.002,1,0,-1.000,-8.82,0.84,0.0319,0.0013
79.344,1.133,0,,,,,,AVOID,0.160,aeb_escape,1,-29.1,40,0.001,1,0,-1.000,-8.83,0.77,0.0543,0.0237
79.365,1.064,0,,,,,,AVOID,0.160,aeb_escape,1,-28.2,40,0.001,1,0,-1.000,-8.83,0.77,0.0498,0.0203
79.381,1.012,0,,,,,,AVOID,0.160,aeb_escape,1,-27.5,40,0.018,1,0,-1.000,-8.26,0.77,0.0425,0.0129
79.401,0.945,0,,,,,,AVOID,0.160,aeb_escape,1,-26.8,40,0.010,1,0,-1.000,-8.26,0.77,0.0367,0.0075
79.423,0.890,0,,,,,,AVOID,0.160,aeb_escape,1,-26.6,40,0.004,1,0,-1.000,-8.02,0.77,0.0321,0.0017
79.441,0.846,0,,,,,,AVOID,0.160,aeb_escape,1,-26.6,40,0.003,1,0,-1.000,-8.20,0.77,0.0263,0.0205
79.461,0.802,0,,,,,,AVOID,0.160,aeb_escape,1,-25.8,40,0.022,1,0,-1.000,-8.65,0.77,0.0462,0.0137
79.481,0.769,0,,,,,,AVOID,0.160,aeb_escape,1,-25.5,40,0.014,1,0,-1.000,-8.65,0.77,0.0411,0.0127
79.501,0.753,0,,,,,,AVOID,0.160,aeb_escape,1,-25.1,40,0.034,1,0,-1.000,-7.77,0.76,0.0369,0.0086
79.522,0.737,0,,,,,,AVOID,0.160,aeb_escape,1,-25.1,40,0.055,1,0,-1.000,-8.20,0.76,0.0318,0.0015
79.542,0.716,0,,,,,,AVOID,0.160,aeb_escape,1,-25.0,40,0.003,1,0,-1.000,-8.20,0.76,0.0261,0.0212
79.561,0.695,0,,,,,,AVOID,0.160,aeb_escape,1,-24.3,40,0.023,1,0,-1.000,-8.19,0.76,0.0458,0.0185
79.581,0.676,0,,,,,,AVOID,0.160,aeb_escape,1,-23.4,40,0.014,1,0,-1.000,-8.17,0.76,0.0415,0.0116
79.602,0.665,0,,,,,,AVOID,0.160,aeb_escape,1,-23.4,40,0.010,1,0,-1.000,-8.17,0.76,0.0616,0.0317
79.629,0.663,0,,,,,,AVOID,0.160,aeb_escape,1,-22.6,40,0.037,1,0,-1.000,-7.63,0.76,0.0632,0.0136
79.657,0.665,0,,,,,,AVOID,0.160,aeb_escape,1,-21.9,40,0.002,1,0,-1.000,-7.56,0.76,0.0655,0.0255
79.675,0.653,0,,,,,,AVOID,0.160,aeb_escape,1,-21.6,40,0.020,1,0,-1.000,-7.56,0.76,0.0595,0.0175
79.681,0.633,0,,,,,,AVOID,0.160,aeb_escape,1,-21.3,40,0.003,1,0,-1.000,-7.77,0.76,0.0357,0.0058
79.703,0.633,0,,,,,,AVOID,0.160,aeb_escape,1,-21.3,40,0.025,1,0,-1.000,-7.77,0.76,0.0576,0.0277
79.735,0.625,0,,,,,,AVOID,0.160,aeb_escape,1,-20.8,40,0.026,1,0,-1.000,-7.07,0.76,0.0681,0.0302
79.750,0.625,0,,,,,,AVOID,0.160,aeb_escape,1,-20.3,40,0.003,1,0,-1.000,-7.40,0.76,0.0583,0.0144
79.767,0.614,0,,,,,,AVOID,0.160,aeb_escape,1,-19.9,40,0.014,1,0,-1.000,-7.21,0.76,0.0523,0.0123
79.781,0.607,0,,,,,,AVOID,0.160,aeb_escape,1,-19.8,40,0.005,1,0,-1.000,-7.21,0.76,0.0407,0.0044
79.802,0.603,0,,,,,,AVOID,0.160,aeb_escape,1,-19.2,40,0.012,1,0,-1.000,-7.37,0.74,0.0369,0.0066
79.821,0.581,0,,,,,,AVOID,0.160,aeb_escape,1,-19.1,40,0.005,1,0,-1.000,-6.74,0.74,0.0310,0.0264
79.842,0.568,0,,,,,,AVOID,0.160,aeb_escape,1,-19.1,40,0.001,1,0,-1.000,-6.74,0.74,0.0521,0.0199
79.862,0.561,0,,,,,,AVOID,0.160,aeb_escape,1,-18.9,40,0.021,1,0,-1.000,-6.44,0.74,0.0472,0.0156
79.881,0.566,0,,,,,,AVOID,0.160,aeb_escape,1,-18.4,40,0.016,1,0,-1.000,-6.76,0.74,0.0410,0.0134
79.902,0.570,0,,,,,,AVOID,0.160,aeb_escape,1,-17.8,40,0.009,1,0,-1.000,-6.78,0.74,0.0375,0.0061
79.924,0.579,0,,,,,,AVOID,0.160,aeb_escape,1,-17.8,40,0.001,1,0,-1.000,-6.78,0.74,0.0329,0.0060
79.945,0.591,0,,,,,,AVOID,0.160,aeb_escape,1,-17.7,40,0.001,1,0,-1.000,-1.94,0.76,0.0533,0.0264
79.962,0.593,0,,,,,,AVOID,0.160,aeb_escape,1,-16.8,40,0.018,1,0,-1.000,-7.04,0.76,0.0458,0.0163
79.981,0.586,0,,,,,,AVOID,0.160,aeb_escape,1,-16.5,40,0.005,1,0,-1.000,-7.04,0.76,0.0416,0.0038
80.002,0.585,0,,,,,,AVOID,0.160,aeb_escape,1,-15.9,40,0.025,1,0,-1.000,-6.05,0.75,0.0327,0.0070
80.021,0.585,0,,,,,,AVOID,0.160,aeb_escape,1,-15.6,40,0.045,1,0,-1.000,-6.05,0.75,0.0316,0.0014
80.041,0.586,0,,,,,,AVOID,0.160,aeb_escape,1,-15.6,40,0.065,1,0,-1.000,-5.84,0.75,0.0249,0.0215
80.062,0.582,0,,,,,,AVOID,0.160,aeb_escape,1,-15.6,40,0.007,1,0,-1.000,-5.65,0.75,0.0450,0.0147
80.081,0.590,0,,,,,,AVOID,0.160,aeb_escape,1,-15.2,40,0.015,1,0,-1.000,-5.65,0.75,0.0409,0.0125
80.101,0.598,0,,,,,,AVOID,0.160,aeb_escape,1,-14.4,40,0.001,1,0,-1.000,-5.16,0.75,0.0362,0.0050
80.121,0.602,0,,,,,,AVOID,0.160,aeb_escape,1,-14.1,40,0.021,1,0,-1.000,-5.60,0.75,0.0319,0.0018
80.145,0.606,0,,,,,,AVOID,0.160,aeb_escape,1,-14.1,40,0.001,1,0,-1.000,-5.60,0.75,0.0551,0.0250
80.161,0.613,0,,,,,,AVOID,0.160,aeb_escape,1,-13.5,40,0.018,1,0,-1.000,-4.53,0.75,0.0466,0.0129
80.181,0.620,0,,,,,,AVOID,0.160,aeb_escape,1,-13.4,40,0.004,1,0,-1.000,-4.15,0.75,0.0406,0.0124
80.201,0.625,0,,,,,,AVOID,0.160,aeb_escape,1,-12.7,40,0.005,1,0,-1.000,-4.42,0.75,0.0367,0.0033
80.221,0.626,0,,,,,,AVOID,0.160,aeb_escape,1,-12.4,40,0.025,1,0,-1.000,-4.42,0.75,0.0307,0.0017
80.244,0.631,0,,,,,,AVOID,0.160,aeb_escape,1,-12.4,40,0.002,1,0,-1.000,-3.72,0.75,0.0532,0.0241
80.262,0.633,0,,,,,,AVOID,0.160,aeb_escape,1,-11.9,40,0.020,1,0,-1.000,-4.39,0.74,0.0476,0.0158
80.281,0.627,0,,,,,,AVOID,0.160,aeb_escape,1,-11.8,40,0.013,1,0,-1.000,-4.39,0.74,0.0412,0.0060
80.302,0.619,0,,,,,,AVOID,0.160,aeb_escape,1,-11.8,40,0.012,1,0,-1.000,-4.54,0.74,0.0376,0.0087
80.321,0.605,0,,,,,,AVOID,0.160,aeb_escape,1,-11.6,40,0.007,1,0,-1.000,-4.54,0.74,0.0265,0.0033
80.342,0.600,0,,,,,,AVOID,0.180,avoid_cruise,1,-11.6,40,0.028,1,0,-1.000,-3.74,0.74,0.0269,0.0236
80.362,0.593,0,,,,,,AVOID,0.201,avoid_cruise,1,-5.6,127,0.010,1,0,-1.000,-3.74,0.74,0.0470,0.0187
80.381,0.595,0,,,,,,AVOID,0.201,avoid_cruise,1,-1.7,127,0.010,1,0,-1.000,-6.38,0.83,0.0416,0.0089
80.402,0.597,0,,,,,,REJOIN,0.220,avoid_cruise,1,-0.5,127,0.007,1,0,-1.000,-5.68,0.93,0.0361,0.0053
80.421,0.599,0,,,,,,REJOIN,0.240,avoid_cruise,1,-0.5,127,0.003,1,0,-1.000,-5.68,0.93,0.0317,0.0010
80.447,0.619,0,,,,,,REJOIN,0.260,avoid_cruise,1,-0.1,127,0.001,1,0,-1.000,-5.22,1.02,0.0575,0.0268
80.461,0.629,0,,,,,,REJOIN,0.281,avoid_cruise,1,-0.0,127,0.016,1,0,-1.000,-5.19,1.20,0.0460,0.0136
80.481,0.649,0,,,,,,REJOIN,0.281,avoid_cruise,1,-0.0,127,0.010,1,0,-1.000,-5.19,1.20,0.0417,0.0090
80.501,0.683,0,,,,,,REJOIN,0.281,avoid_cruise,1,-0.0,127,0.030,1,0,-1.000,-5.64,1.30,0.0363,0.0097
80.521,0.733,0,,,,,,REJOIN,0.324,avoid_cruise,1,-0.0,127,0.050,1,0,-1.000,-5.34,1.30,0.0323,0.0026
80.542,0.752,0,,,,,,REJOIN,0.340,avoid_cruise,1,-0.0,127,0.008,1,0,-1.000,-5.34,1.30,0.0526,0.0230
80.562,0.788,0,,,,,,REJOIN,0.360,avoid_cruise,1,-0.0,127,0.012,1,0,-1.000,-5.88,1.49,0.0469,0.0194
80.586,0.864,0,,,,,,REJOIN,0.360,avoid_cruise,1,-0.0,127,0.014,1,0,-1.000,-5.59,1.57,0.0473,0.0109
80.601,0.907,0,,,,,,REJOIN,0.380,avoid_cruise,1,-0.0,127,0.005,1,0,-1.000,-5.59,1.57,0.0368,0.0036
80.637,0.970,0,,,,,,REJOIN,0.403,avoid_cruise,1,-0.0,127,0.005,1,0,-1.000,-6.22,1.65,0.0465,0.0158
80.660,1.011,0,,,,,,REJOIN,0.422,avoid_cruise,1,-0.0,127,0.007,1,0,-1.000,-5.89,1.74,0.0693,0.0386
80.662,1.074,0,,,,,,REJOIN,0.422,avoid_cruise,1,-0.0,127,0.009,1,0,-1.000,-5.85,1.85,0.0475,0.0015
80.682,1.139,0,,,,,,REJOIN,0.445,avoid_cruise,1,-0.0,127,0.005,1,0,-1.000,-5.85,1.85,0.0415,0.0034
80.701,1.206,0,,,,,,REJOIN,0.463,avoid_cruise,1,-0.0,127,0.008,1,0,-1.000,-5.82,2.04,0.0370,0.0055
80.724,1.278,0,,,,,,REJOIN,0.483,avoid_cruise,1,-0.0,127,0.001,1,0,-1.000,-5.82,2.04,0.0325,0.0280
80.758,1.359,0,,,,,,REJOIN,0.505,avoid_cruise,1,-0.0,127,0.001,1,0,-1.000,-5.81,2.13,0.0443,0.0343
80.761,1.438,0,,,,,,REJOIN,0.505,avoid_cruise,1,-0.0,127,0.004,1,0,-1.000,-6.49,2.22,0.0471,0.0019
80.797,1.526,0,,,,,,REJOIN,0.538,avoid_cruise,1,-0.0,127,0.003,1,0,-1.000,-6.49,2.22,0.0570,0.0250
80.811,1.608,0,,,,,,REJOIN,0.548,avoid_cruise,1,-0.0,127,0.002,1,0,-1.000,-5.94,2.32,0.0456,0.0137
80.828,1.695,0,,,,,,REJOIN,0.576,avoid_cruise,1,-0.0,127,0.018,1,0,-1.000,-5.91,2.47,0.0624,0.0305
80.847,1.781,0,,,,,,REJOIN,0.594,avoid_cruise,1,-6.6,127,0.009,1,0,-1.000,-5.84,2.51,0.0572,0.0172
80.862,1.885,0,,,,,,REJOIN,0.616,avoid_cruise,1,-2.1,127,0.005,1,0,-1.000,-5.84,2.51,0.0473,0.0151
80.882,1.977,0,,,,,,REJOIN,0.616,avoid_cruise,1,-0.6,127,0.010,1,0,-1.000,-5.80,2.72,0.0422,0.0084
80.902,1.977,0,,,,,,REJOIN,0.616,avoid_cruise,1,-0.6,127,0.001,1,0,-1.000,-5.80,2.72,0.0371,0.0290
80.921,2.127,0,,,,,,REJOIN,0.618,avoid_cruise,1,-0.0,127,0.004,1,0,-1.000,-5.77,2.83,0.0324,0.0026
80.949,2.201,0,,,,,,REJOIN,0.620,avoid_cruise,1,-0.0,127,0.001,1,0,-1.000,-5.77,2.83,0.0597,0.0298
80.961,2.273,0,,,,,,REJOIN,0.625,avoid_cruise,1,-0.0,127,0.014,1,0,-1.000,-5.97,2.83,0.0466,0.0122
80.981,2.354,0,,,,,,REJOIN,0.625,avoid_cruise,1,-0.0,127,0.012,1,0,-1.000,-5.97,2.83,0.0410,0.0104
81.001,2.430,0,,,,,,REJOIN,0.625,avoid_cruise,1,-0.0,127,0.032,1,0,-1.000,-5.99,2.85,0.0370,0.0063
81.031,2.492,0,,,,,,REJOIN,0.627,avoid_cruise,1,-0.0,127,0.001,1,0,-1.000,-5.99,2.85,0.0401,0.0113
81.041,2.538,0,,,,,,REJOIN,0.631,avoid_cruise,1,-0.0,127,0.011,1,0,-1.000,-6.08,2.84,0.0268,0.0215
81.062,2.582,0,,,,,,REJOIN,0.631,avoid_cruise,1,-0.0,127,0.008,1,0,-1.000,-6.08,2.84,0.0478,0.0196
81.081,2.625,0,,,,,,REJOIN,0.633,avoid_cruise,1,-0.0,127,0.007,1,0,-1.000,-6.01,2.85,0.0414,0.0052
81.101,2.650,0,,,,,,REJOIN,0.638,avoid_cruise,1,-0.0,127,0.004,1,0,-1.000,-6.01,2.85,0.0367,0.0027
81.121,2.687,0,,,,,,REJOIN,0.642,avoid_cruise,1,-0.0,127,0.024,1,0,-1.000,-5.97,2.87,0.0279,0.0031
81.142,2.707,0,,,,,,REJOIN,0.645,avoid_cruise,1,-0.0,127,0.013,1,0,-1.000,-6.53,2.87,0.0273,0.0235
81.162,2.727,0,,,,,,REJOIN,0.649,avoid_cruise,1,-0.0,127,0.009,1,0,-1.000,-6.21,2.89,0.0480,0.0181
81.181,2.747,0,,,,,,REJOIN,0.649,avoid_cruise,1,-0.0,127,0.006,1,0,-1.000,-6.17,2.91,0.0416,0.0142
81.201,2.765,0,,,,,,REJOIN,0.652,avoid_cruise,1,-0.0,127,0.005,1,0,-1.000,-6.17,2.91,0.0377,0.0032
81.221,2.778,0,,,,,,REJOIN,0.654,avoid_cruise,1,-0.0,127,0.025,1,0,-1.000,-6.64,2.94,0.0320,0.0027
81.250,2.797,0,,,,,,REJOIN,0.657,avoid_cruise,1,-0.0,127,0.001,1,0,-1.000,-6.37,2.94,0.0610,0.0318
81.262,2.806,0,,,,,,REJOIN,0.657,avoid_cruise,1,-0.0,127,0.012,1,0,-1.000,-6.25,2.96,0.0465,0.0107
81.283,2.806,0,,,,,,REJOIN,0.659,avoid_cruise,1,-0.0,127,0.001,1,0,-1.000,-6.25,2.96,0.0436,0.0322
81.301,2.828,0,,,,,,REJOIN,0.664,avoid_cruise,1,-0.0,127,0.006,1,0,-1.000,-6.78,2.98,0.0365,0.0051
81.324,2.842,0,,,,,,REJOIN,0.669,avoid_cruise,1,-0.0,127,0.001,1,0,-1.000,-6.78,2.98,0.0596,0.0282
81.349,2.851,0,,,,,,REJOIN,0.672,avoid_cruise,1,-0.0,127,0.002,1,0,-1.000,-6.26,2.99,0.0603,0.0244
81.362,2.866,0,,,,,,REJOIN,0.674,avoid_cruise,1,-0.0,127,0.015,1,0,-1.000,-6.26,2.99,0.0476,0.0125
81.381,2.873,0,,,,,,REJOIN,0.674,avoid_cruise,1,-0.0,127,0.009,1,0,-1.000,-6.26,2.99,0.0425,0.0066
81.401,2.878,0,,,,,,REJOIN,0.680,avoid_cruise,1,-0.0,127,0.005,1,0,-1.000,-6.20,3.01,0.0364,0.0035
81.421,2.894,0,,,,,,REJOIN,0.683,avoid_cruise,1,-0.0,127,0.001,1,0,-1.000,-6.20,3.01,0.0563,0.0234
81.451,2.902,0,,,,,,REJOIN,0.685,avoid_cruise,1,-0.0,127,0.001,1,0,-1.000,-6.67,3.01,0.0626,0.0293
81.462,2.909,0,,,,,,REJOIN,0.691,avoid_cruise,1,-0.0,127,0.012,1,0,-1.000,-6.39,3.02,0.0476,0.0102
81.481,2.921,0,,,,,,REJOIN,0.691,avoid_cruise,1,-0.0,127,0.008,1,0,-1.000,-5.91,3.05,0.0413,0.0067
81.501,2.922,0,,,,,,REJOIN,0.691,avoid_cruise,1,-0.0,127,0.028,1,0,-1.000,-5.91,3.05,0.0369,0.0052
81.522,2.926,0,,,,,,REJOIN,0.694,avoid_cruise,1,-0.0,127,0.049,1,0,-1.000,-6.05,3.06,0.0324,0.0024
81.550,2.943,0,,,,,,REJOIN,0.703,avoid_cruise,1,-0.0,127,0.001,1,0,-1.000,-6.05,3.06,0.0602,0.0301
81.561,2.952,0,,,,,,REJOIN,0.706,avoid_cruise,1,-0.0,127,0.012,1,0,-1.000,-6.18,3.04,0.0473,0.0108
81.683,2.965,0,,,,,,REJOIN,0.706,avoid_cruise,1,-2.3,127,0.108,1,0,-1.000,-6.18,3.04,0.1430,0.1049
81.714,2.969,0,,,,,,REJOIN,0.715,avoid_cruise,1,4.2,127,0.002,1,0,-1.000,-6.18,3.04,0.1240,0.0154
81.724,2.977,0,,,,,,REJOIN,0.718,avoid_cruise,1,6.7,127,0.002,1,0,-1.000,-6.18,3.06,0.1104,0.0097
81.748,2.979,0,,,,,,REJOIN,0.728,avoid_cruise,1,12.4,127,0.002,1,0,-1.000,-5.91,3.04,0.0832,0.0136
81.770,2.997,0,,,,,,REJOIN,0.735,avoid_cruise,1,18.0,127,0.002,1,0,-1.000,-5.27,3.04,0.0553,0.0111
81.782,2.989,0,,,,,,REJOIN,0.738,avoid_cruise,1,20.7,127,0.004,1,0,-1.000,-5.27,3.04,0.0674,0.0232
81.801,2.994,0,,,,,,GLOBAL,0.767,clear,0,20.7,127,0.023,0,0,-1.000,-5.27,3.04,0.0267,0.0022
81.821,2.996,0,,,,,,GLOBAL,0.795,clear,0,20.7,127,0.043,0,0,-1.000,-4.64,3.03,0.0329,0.0022
81.843,2.993,0,,,,,,GLOBAL,0.824,clear,0,20.7,127,0.065,0,0,-1.000,-2.98,3.00,0.0547,0.0240
81.862,2.983,0,,,,,,GLOBAL,0.854,clear,0,20.7,127,0.084,0,0,-1.000,-2.45,3.00,0.0466,0.0175
81.883,2.983,0,,,,,,GLOBAL,0.854,clear,0,20.7,127,0.105,0,0,-1.000,-2.45,3.00,0.0423,0.0079
81.902,2.976,0,,,,,,GLOBAL,0.883,clear,0,20.7,127,0.123,0,0,-1.000,-2.45,3.00,0.0363,0.0265
81.921,2.972,0,,,,,,GLOBAL,0.917,clear,0,20.7,127,0.143,0,0,-1.000,-0.63,2.99,0.0273,0.0029
81.941,2.969,0,,,,,,GLOBAL,0.950,clear,0,20.7,127,0.163,0,0,-1.000,0.58,2.97,0.0475,0.0231
81.961,2.963,0,,,,,,GLOBAL,0.978,clear,0,20.7,127,0.183,0,0,-1.000,0.17,3.06,0.0468,0.0099
81.981,2.953,0,,,,,,GLOBAL,0.978,clear,0,20.7,127,0.203,0,0,-1.000,1.19,3.84,0.0418,0.0119
82.001,2.945,0,,,,,,GLOBAL,0.978,clear,0,20.7,127,0.223,0,0,-1.000,1.19,3.84,0.0378,0.0074
82.021,2.959,0,,,,,,GLOBAL,0.978,clear,0,20.7,127,0.243,0,0,-1.000,5.97,3.70,0.0320,0.0041
82.043,2.864,0,,,,,,GLOBAL,1.000,clear,0,20.7,127,0.264,0,0,-1.000,10.76,3.54,0.0292,0.0254
82.061,2.470,0,,,,,,GLOBAL,1.000,clear,0,20.7,127,0.283,0,0,-1.000,10.76,3.54,0.0480,0.0184
82.081,2.267,0,,,,,,GLOBAL,1.000,clear,0,20.7,127,0.303,0,0,-1.000,15.54,3.51,0.0422,0.0121
82.101,2.124,0,,,,,,GLOBAL,1.000,clear,0,20.7,127,0.323,0,0,-1.000,20.32,3.39,0.0363,0.0066
82.121,1.868,0,,,,,,GLOBAL,1.000,clear,0,20.7,127,0.343,0,0,-1.000,20.32,3.39,0.0308,0.0014
82.141,1.557,0,,,,,,GLOBAL,1.000,clear,0,20.7,127,0.363,0,0,-1.000,21.40,3.37,0.0509,0.0214
82.161,1.098,0,,,,,,GLOBAL,1.000,clear,0,20.7,127,0.383,0,0,-1.000,21.40,3.37,0.0450,0.0155
82.182,0.201,0,,,,,,GLOBAL,1.000,clear,0,20.7,127,0.403,0,0,-1.000,21.40,3.37,0.0397,0.0100
82.201,-0.046,0,,,,,,GLOBAL,1.000,clear,0,20.7,127,0.423,0,0,-1.000,21.40,3.37,0.0339,0.0035
82.222,-0.045,0,,,,,,GLOBAL,1.000,clear,0,20.7,127,0.444,0,0,-1.000,21.40,3.37,0.0283,0.0245
82.241,-0.046,0,,,,,,GLOBAL,1.000,clear,0,20.7,127,0.463,0,0,-1.000,21.40,3.37,0.0472,0.0178
82.262,-0.052,0,,,,,,GLOBAL,1.000,clear,0,20.7,127,0.483,0,0,-1.000,21.40,3.37,0.0425,0.0155
82.282,-0.099,0,,,,,,GLOBAL,1.000,clear,0,20.7,127,0.503,0,0,-1.000,21.40,3.37,0.0376,0.0061
82.301,-0.094,0,,,,,,GLOBAL,1.000,clear,0,20.7,127,0.523,0,0,-1.000,21.40,3.37,0.0327,0.0015
82.321,-0.027,0,,,,,,GLOBAL,1.000,clear,0,20.7,127,0.543,0,0,-1.000,21.40,3.37,0.0269,0.0214
82.341,0.003,0,,,,,,GLOBAL,1.000,clear,0,20.7,127,0.563,0,0,-1.000,21.40,3.37,0.0469,0.0170
82.362,0.011,0,,,,,,GLOBAL,1.000,clear,0,20.7,127,0.584,0,0,-1.000,21.40,3.37,0.0437,0.0137
82.382,0.001,0,,,,,,GLOBAL,1.000,clear,0,20.7,127,0.603,0,0,-1.000,21.40,3.37,0.0359,0.0056
82.402,0.000,0,,,,,,GLOBAL,1.000,clear,0,20.7,127,0.623,0,0,-1.000,21.40,3.37,0.0311,0.0040
82.422,0.000,0,,,,,,GLOBAL,1.000,clear,0,20.7,127,0.643,0,0,-1.000,21.40,3.37,0.0266,0.0241
82.441,0.000,0,,,,,,GLOBAL,1.000,clear,0,20.7,127,0.663,0,0,-1.000,21.40,3.37,0.0460,0.0187
82.461,0.000,0,,,,,,GLOBAL,1.000,clear,0,20.7,127,0.683,0,0,-1.000,21.40,3.37,0.0405,0.0150
82.481,0.000,0,,,,,,GLOBAL,1.000,clear,0,20.7,127,0.703,0,0,-1.000,21.40,3.37,0.0374,0.0068
82.501,0.000,0,,,,,,GLOBAL,1.000,clear,0,20.7,127,0.723,0,0,-1.000,21.40,3.37,0.0300,0.0047
82.522,0.000,0,,,,,,GLOBAL,1.000,clear,0,20.7,127,0.743,0,0,-1.000,21.40,3.37,0.0504,0.0251
82.541,0.000,0,,,,,,GLOBAL,1.000,clear,0,20.7,127,0.763,0,0,-1.000,21.40,3.37,0.0473,0.0149
82.561,0.000,0,,,,,,GLOBAL,1.000,clear,0,20.7,127,0.783,0,0,-1.000,21.40,3.37,0.0403,0.0123
82.581,0.000,0,,,,,,GLOBAL,1.000,clear,0,20.7,127,0.803,0,0,-1.000,21.40,3.37,0.0359,0.0066
82.601,0.000,0,,,,,,GLOBAL,1.000,clear,0,20.7,127,0.823,0,0,-1.000,21.40,3.37,0.0318,0.0047
82.621,0.091,0,,,,,,GLOBAL,1.000,clear,0,20.7,127,0.843,0,0,-1.000,21.40,3.37,0.0279,0.0247
82.642,0.188,0,,,,,,GLOBAL,1.000,clear,0,20.7,127,0.863,0,0,-1.000,21.40,3.37,0.0482,0.0177
82.662,0.204,0,,,,,,GLOBAL,1.000,clear,0,20.7,127,0.883,0,0,-1.000,21.40,3.37,0.0425,0.0133
82.681,0.225,0,,,,,,GLOBAL,1.000,clear,0,20.7,127,0.903,0,0,-1.000,21.40,3.37,0.0375,0.0066
82.702,0.270,0,,,,,,GLOBAL,1.000,clear,0,20.7,127,0.923,0,0,-1.000,21.40,3.37,0.0330,0.0008
82.721,0.319,0,,,,,,GLOBAL,1.000,clear,0,20.7,127,0.943,0,0,-1.000,21.40,3.37,0.0270,0.0204
82.741,0.380,0,,,,,,GLOBAL,1.000,clear,0,20.7,127,0.963,0,0,-1.000,21.40,3.37,0.0469,0.0195
82.762,0.441,0,,,,,,GLOBAL,1.000,clear,0,20.7,127,0.983,0,0,-1.000,21.40,3.37,0.0430,0.0151
82.781,0.505,0,,,,,,GLOBAL,1.000,clear,0,20.7,127,1.003,0,0,-1.000,21.40,3.37,0.0374,0.0097
82.802,0.551,0,,,,,,GLOBAL,1.000,clear,0,20.7,127,1.023,0,0,-1.000,21.40,3.37,0.0335,0.0026
82.821,0.604,0,,,,,,GLOBAL,1.000,clear,0,20.7,127,1.043,0,0,-1.000,21.40,3.37,0.0271,0.0220
82.841,0.661,0,,,,,,GLOBAL,1.000,clear,0,20.7,127,1.063,0,0,-1.000,21.40,3.37,0.0471,0.0197
82.861,0.738,0,,,,,,GLOBAL,1.000,clear,0,20.7,127,1.083,0,0,-1.000,21.40,3.37,0.0429,0.0156
82.881,0.845,0,,,,,,GLOBAL,1.000,clear,0,20.7,127,1.103,0,0,-1.000,21.40,3.37,0.0373,0.0122
82.901,0.929,0,,,,,,GLOBAL,1.000,clear,0,20.7,127,1.123,0,0,-1.000,21.40,3.37,0.0348,0.0055
82.921,1.006,0,,,,,,GLOBAL,1.000,clear,0,20.7,127,1.143,0,0,-1.000,21.40,3.37,0.0273,0.0006
82.941,1.002,0,,,,,,GLOBAL,1.000,clear,0,20.7,127,1.163,0,0,-1.000,21.40,3.37,0.0474,0.0207
82.961,0.949,0,,,,,,GLOBAL,1.000,clear,0,20.7,127,1.183,0,0,-1.000,21.40,3.37,0.0449,0.0136
82.981,0.918,0,,,,,,GLOBAL,1.000,clear,0,20.7,127,1.203,0,0,-1.000,21.40,3.35,0.0376,0.0057
83.001,0.909,0,,,,,,GLOBAL,1.000,clear,0,20.7,127,1.223,0,0,-1.000,21.40,3.35,0.0350,0.0056
83.021,0.893,0,,,,,,GLOBAL,1.000,clear,0,20.7,127,1.243,0,0,-1.000,21.40,3.35,0.0277,0.0024
83.041,0.883,0,,,,,,GLOBAL,1.000,clear,0,20.7,127,1.263,0,0,-1.000,21.40,3.35,0.0478,0.0224
83.062,0.935,0,,,,,,GLOBAL,1.000,clear,0,20.7,127,1.283,0,0,-1.000,21.40,3.35,0.0457,0.0170
83.081,0.973,0,,,,,,GLOBAL,1.000,clear,0,20.7,127,1.303,0,0,-1.000,21.40,3.35,0.0654,0.0367
83.102,0.941,0,,,,,,GLOBAL,1.000,clear,0,20.7,127,1.323,0,0,-1.000,21.40,3.32,0.0585,0.0038
83.122,0.865,0,,,,,,GLOBAL,1.000,clear,0,20.7,127,1.343,0,0,-1.000,21.40,3.32,0.0296,0.0025
83.142,0.760,0,,,,,,GLOBAL,1.000,clear,0,20.7,127,1.363,0,0,-1.000,21.40,3.32,0.0252,0.0224
83.161,0.635,0,,,,,,GLOBAL,1.000,clear,0,20.7,127,1.383,0,0,-1.000,21.40,3.30,0.0449,0.0176
83.181,0.573,0,,,,,,GLOBAL,1.000,clear,0,20.7,127,1.403,0,0,-1.000,21.40,3.32,0.0416,0.0130
83.202,0.493,0,,,,,,GLOBAL,1.000,clear,0,20.7,127,1.423,0,0,-1.000,21.40,3.32,0.0359,0.0085
83.221,0.494,0,,,,,,GLOBAL,1.000,clear,0,20.7,127,1.443,0,0,-1.000,21.40,3.32,0.0316,0.0018
83.245,0.485,0,,,,,,GLOBAL,1.000,clear,0,20.7,127,1.466,0,0,-1.000,21.40,3.30,0.0550,0.0252
83.261,0.409,0,,,,,,GLOBAL,1.000,clear,0,20.7,127,1.483,0,0,-1.000,21.40,3.30,0.0460,0.0144
83.281,0.130,0,,,,,,GLOBAL,1.000,clear,0,20.7,127,1.503,0,0,-1.000,21.40,3.30,0.0403,0.0112
83.301,-0.048,0,,,,,,GLOBAL,1.000,clear,0,20.7,127,1.523,0,0,-1.000,21.40,3.30,0.0359,0.0061
83.321,-0.009,0,,,,,,GLOBAL,1.000,clear,0,20.7,127,1.543,0,0,-1.000,21.40,3.30,0.0303,0.0024
83.342,-0.027,0,,,,,,GLOBAL,1.000,clear,0,20.7,127,1.563,0,0,-1.000,21.40,3.30,0.0505,0.0226
83.361,-0.039,0,,,,,,GLOBAL,1.000,clear,0,20.7,127,1.583,0,0,-1.000,21.40,3.30,0.0460,0.0160
83.381,-0.063,0,,,,,,GLOBAL,1.000,clear,0,20.7,127,1.603,0,0,-1.000,21.40,3.30,0.0405,0.0120
83.404,-0.063,0,,,,,,GLOBAL,1.000,clear,0,20.7,127,1.625,0,0,-1.000,21.40,3.30,0.0629,0.0344
83.456,-0.078,0,,,,,,GLOBAL,1.000,clear,0,20.7,127,1.677,0,0,-1.000,21.40,3.30,0.0878,0.0496
83.462,-0.069,0,,,,,,GLOBAL,1.000,clear,0,20.7,127,1.683,0,0,-1.000,21.40,3.32,0.0452,0.0032
83.492,-0.069,0,,,,,,GLOBAL,1.000,clear,0,20.7,127,1.714,0,0,-1.000,21.40,3.32,0.0760,0.0340
83.504,-0.027,0,,,,,,GLOBAL,1.000,clear,0,20.7,127,1.725,0,0,-1.000,21.40,3.32,0.0374,0.0053
83.521,-0.003,0,,,,,,GLOBAL,1.000,clear,0,20.7,127,1.743,0,0,-1.000,21.40,3.32,0.0274,0.0012
83.541,-0.019,0,,,,,,GLOBAL,1.000,clear,0,20.7,127,1.763,0,0,-1.000,21.40,3.32,0.0475,0.0214
83.562,-0.005,0,,,,,,GLOBAL,1.000,clear,0,20.7,127,1.783,0,0,-1.000,21.40,3.32,0.0450,0.0151
83.581,-0.000,0,,,,,,GLOBAL,1.000,clear,0,20.7,127,1.803,0,0,-1.000,21.40,3.32,0.0379,0.0124
83.601,-0.009,0,,,,,,GLOBAL,1.000,clear,0,20.7,127,1.823,0,0,-1.000,21.40,3.32,0.0355,0.0032
83.622,-0.029,0,,,,,,GLOBAL,1.000,clear,0,20.7,127,1.843,0,0,-1.000,21.40,3.32,0.0282,0.0008
83.641,-0.009,0,,,,,,GLOBAL,1.000,clear,0,20.7,127,1.863,0,0,-1.000,21.40,3.32,0.0478,0.0204
83.661,-0.000,0,,,,,,GLOBAL,1.000,clear,0,20.7,127,1.883,0,0,-1.000,21.40,3.32,0.0431,0.0147
83.682,0.000,0,,,,,,GLOBAL,1.000,clear,0,20.7,127,1.903,0,0,-1.000,21.40,3.32,0.0394,0.0104
83.701,0.000,0,,,,,,GLOBAL,1.000,clear,0,20.7,127,1.923,0,0,-1.000,21.40,3.32,0.0357,0.0035
83.722,0.000,0,,,,,,GLOBAL,1.000,clear,0,20.7,127,1.943,0,0,-1.000,21.40,3.32,0.0303,0.0005
83.742,0.000,0,,,,,,GLOBAL,1.000,clear,0,20.7,127,1.963,0,0,-1.000,21.40,3.32,0.0504,0.0206
83.762,0.000,0,,,,,,GLOBAL,1.000,clear,0,20.7,127,1.983,0,0,-1.000,21.40,3.32,0.0461,0.0145
83.781,0.000,0,,,,,,GLOBAL,1.000,clear,0,20.7,127,2.003,0,0,-1.000,21.40,3.32,0.0372,0.0071
83.801,0.000,0,,,,,,GLOBAL,1.000,clear,0,20.7,127,2.023,0,0,-1.000,21.40,3.32,0.0359,0.0031
83.821,0.000,0,,,,,,GLOBAL,1.000,clear,0,20.7,127,2.043,0,0,-1.000,21.40,3.32,0.0301,0.0232
83.842,0.000,0,,,,,,GLOBAL,1.000,clear,0,20.7,127,2.063,0,0,-1.000,21.40,3.32,0.0502,0.0198
83.861,0.000,0,,,,,,GLOBAL,1.000,clear,0,20.7,127,2.083,0,0,-1.000,21.40,3.32,0.0448,0.0114
83.883,0.000,0,,,,,,GLOBAL,1.000,clear,0,20.7,127,2.105,0,0,-1.000,21.40,3.32,0.0426,0.0122
83.902,0.000,0,,,,,,GLOBAL,1.000,clear,0,20.7,127,2.123,0,0,-1.000,21.40,3.32,0.0362,0.0032
83.921,0.000,0,,,,,,GLOBAL,1.000,clear,0,20.7,127,2.143,0,0,-1.000,21.40,3.32,0.0304,0.0008
83.942,0.000,0,,,,,,GLOBAL,1.000,clear,0,20.7,127,2.163,0,0,-1.000,21.40,3.32,0.0269,0.0210
83.961,0.000,0,,,,,,GLOBAL,1.000,clear,0,20.7,127,2.183,0,0,-1.000,21.40,3.32,0.0466,0.0106
83.981,0.000,0,,,,,,GLOBAL,1.000,clear,0,20.7,127,2.203,0,0,-1.000,21.40,3.32,0.0408,0.0095
84.001,0.000,0,,,,,,GLOBAL,1.000,clear,0,20.7,127,2.223,0,0,-1.000,21.40,3.32,0.0365,0.0061
84.021,0.000,0,,,,,,GLOBAL,1.000,clear,0,20.7,127,2.243,0,0,-1.000,21.40,3.32,0.0301,0.0024
84.042,0.000,0,,,,,,GLOBAL,1.000,clear,0,20.7,127,2.263,0,0,-1.000,21.40,3.32,0.0268,0.0228
84.061,0.000,0,,,,,,GLOBAL,1.000,clear,0,20.7,127,2.283,0,0,-1.000,21.40,3.32,0.0466,0.0115
84.081,0.000,0,,,,,,GLOBAL,1.000,clear,0,20.7,127,2.303,0,0,-1.000,21.40,3.32,0.0411,0.0124
84.101,0.000,0,,,,,,GLOBAL,1.000,clear,0,20.7,127,2.323,0,0,-1.000,21.40,3.32,0.0372,0.0079
84.122,0.000,0,,,,,,GLOBAL,1.000,clear,0,20.7,127,2.343,0,0,-1.000,21.40,3.32,0.0284,0.0033
84.141,0.000,0,,,,,,GLOBAL,1.000,clear,0,20.7,127,2.363,0,0,-1.000,21.40,3.32,0.0251,0.0230
84.162,0.000,0,,,,,,GLOBAL,1.000,clear,0,20.7,127,2.383,0,0,-1.000,21.40,3.32,0.0452,0.0181
84.182,0.000,0,,,,,,GLOBAL,1.000,clear,0,20.7,127,2.403,0,0,-1.000,21.40,3.32,0.0420,0.0137
84.201,0.000,0,,,,,,GLOBAL,1.000,clear,0,20.7,127,2.423,0,0,-1.000,21.40,3.32,0.0356,0.0081
84.221,0.000,0,,,,,,GLOBAL,1.000,clear,0,20.7,127,2.443,0,0,-1.000,21.40,3.32,0.0315,0.0039
84.241,0.000,0,,,,,,GLOBAL,1.000,clear,0,20.7,127,2.463,0,0,-1.000,21.40,3.32,0.0260,0.0239
84.261,0.000,0,,,,,,GLOBAL,1.000,clear,0,20.7,127,2.483,0,0,-1.000,21.40,3.32,0.0459,0.0182
84.281,0.000,0,,,,,,GLOBAL,1.000,clear,0,20.7,127,2.503,0,0,-1.000,21.40,3.32,0.0404,0.0142
84.301,0.000,0,,,,,,GLOBAL,1.000,clear,0,20.7,127,2.523,0,0,-1.000,21.40,3.32,0.0359,0.0074
84.321,0.000,0,,,,,,GLOBAL,1.000,clear,0,20.7,127,2.543,0,0,-1.000,21.40,3.32,0.0259,0.0011
84.342,0.000,0,,,,,,GLOBAL,1.000,clear,0,20.7,127,2.563,0,0,-1.000,21.40,3.32,0.0250,0.0216
84.361,0.000,0,,,,,,GLOBAL,1.000,clear,0,20.7,127,2.583,0,0,-1.000,21.40,3.32,0.0443,0.0173
84.381,0.000,0,,,,,,GLOBAL,1.000,clear,0,20.7,127,2.603,0,0,-1.000,21.40,3.32,0.0404,0.0132
84.401,0.000,0,,,,,,GLOBAL,1.000,clear,0,20.7,127,2.623,0,0,-1.000,21.40,3.32,0.0356,0.0085
84.421,0.000,0,,,,,,GLOBAL,1.000,clear,0,20.7,127,2.643,0,0,-1.000,21.40,3.32,0.0322,0.0044
84.441,0.000,0,,,,,,GLOBAL,1.000,clear,0,20.7,127,2.663,0,0,-1.000,21.40,3.32,0.0521,0.0243
84.461,0.000,0,,,,,,GLOBAL,1.000,clear,0,20.7,127,2.683,0,0,-1.000,21.40,3.32,0.0460,0.0166
84.481,0.000,0,,,,,,GLOBAL,1.000,clear,0,20.7,127,2.703,0,0,-1.000,21.40,3.32,0.0402,0.0097
84.501,0.000,0,,,,,,GLOBAL,1.000,clear,0,20.7,127,2.723,0,0,-1.000,21.40,3.32,0.0328,0.0090
84.521,0.000,0,,,,,,GLOBAL,1.000,clear,0,20.7,127,2.743,0,0,-1.000,21.40,3.32,0.0305,0.0007
84.542,0.000,0,,,,,,GLOBAL,1.000,clear,0,20.7,127,2.764,0,0,-1.000,21.40,3.32,0.0162,0.0215
84.561,0.000,0,,,,,,GLOBAL,1.000,clear,0,20.7,127,2.783,0,0,-1.000,21.40,3.32,0.0354,0.0172
84.581,0.000,0,,,,,,GLOBAL,1.000,clear,0,20.7,127,2.803,0,0,-1.000,21.40,3.32,0.0427,0.0128
84.601,0.000,0,,,,,,GLOBAL,1.000,clear,0,20.7,127,2.823,0,0,-1.000,21.40,3.32,0.0370,0.0073
84.621,0.000,0,,,,,,GLOBAL,1.000,clear,0,20.7,127,2.843,0,0,-1.000,21.40,3.32,0.0326,0.0030
84.641,0.000,0,,,,,,GLOBAL,1.000,clear,0,20.7,127,2.863,0,0,-1.000,21.40,3.32,0.0271,0.0231
84.662,0.000,0,,,,,,GLOBAL,1.000,clear,0,20.7,127,2.883,0,0,-1.000,21.40,3.32,0.0472,0.0156
84.681,0.000,0,,,,,,GLOBAL,1.000,clear,0,20.7,127,2.903,0,0,-1.000,21.40,3.32,0.0429,0.0132
84.701,0.000,0,,,,,,GLOBAL,1.000,clear,0,20.7,127,2.923,0,0,-1.000,21.40,3.32,0.0371,0.0064
84.721,0.000,0,,,,,,GLOBAL,1.000,clear,0,20.7,127,2.943,0,0,-1.000,21.40,3.32,0.0332,0.0040
84.742,0.000,0,,,,,,GLOBAL,1.000,clear,0,20.7,127,2.963,0,0,-1.000,21.40,3.32,0.0275,0.0242
84.762,0.000,0,,,,,,GLOBAL,1.000,clear,0,20.7,127,2.983,0,0,-1.000,21.40,3.32,0.0475,0.0196
84.781,0.000,0,,,,,,GLOBAL,1.000,clear,0,20.7,127,3.003,0,0,-1.000,21.40,3.32,0.0433,0.0076
84.801,0.000,0,,,,,,GLOBAL,1.000,clear,0,20.7,127,3.023,0,0,-1.000,21.40,3.32,0.0357,0.0036
84.821,0.000,0,,,,,,GLOBAL,1.000,clear,0,20.7,127,3.043,0,0,-1.000,21.40,3.32,0.0297,0.0040
84.841,0.000,0,,,,,,GLOBAL,1.000,clear,0,20.7,127,3.063,0,0,-1.000,21.40,3.32,0.0264,0.0007
84.862,0.000,0,,,,,,GLOBAL,1.000,clear,0,20.7,127,3.083,0,0,-1.000,21.40,3.32,0.0468,0.0211
84.881,0.000,0,,,,,,GLOBAL,1.000,clear,0,20.7,127,3.103,0,0,-1.000,21.40,3.32,0.0437,0.0145
84.901,0.000,0,,,,,,GLOBAL,1.000,clear,0,20.7,127,3.123,0,0,-1.000,21.40,3.32,0.0375,0.0092
84.921,0.000,0,,,,,,GLOBAL,1.000,clear,0,20.7,127,3.143,0,0,-1.000,21.40,3.32,0.0339,0.0031
84.942,0.000,0,,,,,,GLOBAL,1.000,clear,0,20.7,127,3.163,0,0,-1.000,21.40,3.32,0.0277,0.0235
84.961,0.000,0,,,,,,GLOBAL,1.000,clear,0,20.7,127,3.183,0,0,-1.000,21.40,3.32,0.0471,0.0147
84.982,0.000,0,,,,,,GLOBAL,1.000,clear,0,20.7,127,3.203,0,0,-1.000,21.40,3.32,0.0431,0.0063
85.002,0.000,0,,,,,,GLOBAL,1.000,clear,0,20.7,127,3.224,0,0,-1.000,21.40,3.32,0.0375,0.0117
85.021,0.000,0,,,,,,GLOBAL,1.000,clear,0,20.7,127,3.243,0,0,-1.000,21.40,3.32,0.0342,0.0035
85.041,0.000,0,,,,,,GLOBAL,1.000,clear,0,20.7,127,3.263,0,0,-1.000,21.40,3.32,0.0272,0.0233
85.061,0.000,0,,,,,,GLOBAL,1.000,clear,0,20.7,127,3.283,0,0,-1.000,21.40,3.32,0.0473,0.0162
85.081,0.000,0,,,,,,GLOBAL,1.000,clear,0,20.7,127,3.303,0,0,-1.000,21.40,3.32,0.0443,0.0139
85.101,0.000,0,,,,,,GLOBAL,1.000,clear,0,20.7,127,3.323,0,0,-1.000,21.40,3.32,0.0374,0.0110
85.121,0.000,0,,,,,,GLOBAL,1.000,clear,0,20.7,127,3.343,0,0,-1.000,21.40,3.32,0.0344,0.0015
85.141,0.000,0,,,,,,GLOBAL,1.000,clear,0,20.7,127,3.363,0,0,-1.000,21.40,3.32,0.0273,0.0215
85.161,0.000,0,,,,,,GLOBAL,1.000,clear,0,20.7,127,3.383,0,0,-1.000,21.40,3.32,0.0472,0.0163
85.181,0.000,0,,,,,,GLOBAL,1.000,clear,0,20.7,127,3.403,0,0,-1.000,21.40,3.32,0.0446,0.0132
85.201,0.000,0,,,,,,GLOBAL,1.000,clear,0,20.7,127,3.423,0,0,-1.000,21.40,3.32,0.0373,0.0101
85.222,0.000,0,,,,,,GLOBAL,1.000,clear,0,20.7,127,3.443,0,0,-1.000,21.40,3.32,0.0316,0.0034
85.241,0.000,0,,,,,,GLOBAL,1.000,clear,0,20.7,127,3.463,0,0,-1.000,21.40,3.32,0.0247,0.0231
85.262,0.000,0,,,,,,GLOBAL,1.000,clear,0,20.7,127,3.483,0,0,-1.000,21.40,3.32,0.0451,0.0200
85.281,0.000,0,,,,,,GLOBAL,1.000,clear,0,20.7,127,3.503,0,0,-1.000,21.40,3.32,0.0425,0.0099
85.301,0.000,0,,,,,,GLOBAL,1.000,clear,0,20.7,127,3.523,0,0,-1.000,21.40,3.32,0.0358,0.0106
85.321,0.000,0,,,,,,GLOBAL,1.000,clear,0,20.7,127,3.543,0,0,-1.000,21.40,3.32,0.0337,0.0048
85.341,0.000,0,,,,,,GLOBAL,1.000,clear,0,20.7,127,3.563,0,0,-1.000,21.40,3.32,0.0263,0.0249
85.361,0.000,0,,,,,,GLOBAL,1.000,clear,0,20.7,127,3.583,0,0,-1.000,21.40,3.32,0.0462,0.0184
85.381,0.000,0,,,,,,GLOBAL,1.000,clear,0,20.7,127,3.603,0,0,-1.000,21.40,3.32,0.0431,0.0121
85.402,0.000,0,,,,,,GLOBAL,1.000,clear,0,20.7,127,3.623,0,0,-1.000,21.40,3.32,0.0360,0.0042
85.421,0.000,0,,,,,,GLOBAL,1.000,clear,0,20.7,127,3.643,0,0,-1.000,21.40,3.32,0.0328,0.0036
85.442,0.000,0,,,,,,GLOBAL,1.000,clear,0,20.7,127,3.664,0,0,-1.000,21.40,3.32,0.0287,0.0012
85.462,0.000,0,,,,,,GLOBAL,1.000,clear,0,20.7,127,3.684,0,0,-1.000,21.40,3.32,0.0487,0.0211
85.481,0.000,0,,,,,,GLOBAL,1.000,clear,0,20.7,127,3.703,0,0,-1.000,21.40,3.32,0.0435,0.0144
85.501,0.000,0,,,,,,GLOBAL,1.000,clear,0,20.7,127,3.723,0,0,-1.000,21.40,3.32,0.0357,0.0084
85.521,0.000,0,,,,,,GLOBAL,1.000,clear,0,20.7,127,3.743,0,0,-1.000,21.40,3.32,0.0339,0.0032
85.541,0.000,0,,,,,,GLOBAL,1.000,clear,0,20.7,127,3.763,0,0,-1.000,21.40,3.32,0.0274,0.0016
85.561,0.000,0,,,,,,GLOBAL,1.000,clear,0,20.7,127,3.783,0,0,-1.000,21.40,3.32,0.0473,0.0215
85.581,0.000,0,,,,,,GLOBAL,1.000,clear,0,20.7,127,3.803,0,0,-1.000,21.40,3.32,0.0452,0.0143
85.602,0.000,0,,,,,,GLOBAL,1.000,clear,0,20.7,127,3.823,0,0,-1.000,21.40,3.32,0.0396,0.0083
85.621,0.000,0,,,,,,GLOBAL,1.000,clear,0,20.7,127,3.843,0,0,-1.000,21.40,3.32,0.0318,0.0021
85.642,0.000,0,,,,,,GLOBAL,1.000,clear,0,20.7,127,3.863,0,0,-1.000,21.40,3.32,0.0303,0.0029
85.661,0.000,0,,,,,,GLOBAL,1.000,clear,0,20.7,127,3.883,0,0,-1.000,21.40,3.32,0.0499,0.0224
85.681,0.000,0,,,,,,GLOBAL,1.000,clear,0,20.7,127,3.903,0,0,-1.000,21.40,3.32,0.0459,0.0163
85.701,0.000,0,,,,,,GLOBAL,1.000,clear,0,20.7,127,3.923,0,0,-1.000,21.40,3.32,0.0401,0.0129
85.721,0.000,0,,,,,,GLOBAL,1.000,clear,0,20.7,127,3.943,0,0,-1.000,21.40,3.32,0.0360,0.0078
85.741,0.000,0,,,,,,GLOBAL,1.000,clear,0,20.7,127,3.963,0,0,-1.000,21.40,3.32,0.0303,0.0034
85.762,0.000,0,,,,,,GLOBAL,1.000,clear,0,20.7,127,3.984,0,0,-1.000,21.40,3.32,0.0269,0.0241
85.781,0.000,0,,,,,,GLOBAL,1.000,clear,0,20.7,127,4.003,0,0,-1.000,21.40,3.32,0.0461,0.0176
85.801,0.000,0,,,,,,GLOBAL,1.000,clear,0,20.7,127,4.023,0,0,-1.000,21.40,3.32,0.0405,0.0132
85.821,0.000,0,,,,,,GLOBAL,1.000,clear,0,20.7,127,4.043,0,0,-1.000,21.40,3.32,0.0363,0.0079
85.841,0.000,0,,,,,,GLOBAL,1.000,clear,0,20.7,127,4.063,0,0,-1.000,21.40,3.32,0.0304,0.0019
85.861,0.000,0,,,,,,GLOBAL,1.000,clear,0,20.7,127,4.083,0,0,-1.000,21.40,3.32,0.0266,0.0221
85.881,0.000,0,,,,,,GLOBAL,1.000,clear,0,20.7,127,4.103,0,0,-1.000,21.40,3.32,0.0466,0.0182
85.902,0.000,0,,,,,,GLOBAL,1.000,clear,0,20.7,127,4.123,0,0,-1.000,21.40,3.32,0.0412,0.0126
85.921,0.000,0,,,,,,GLOBAL,1.000,clear,0,20.7,127,4.143,0,0,-1.000,21.40,3.32,0.0366,0.0055
85.942,0.000,0,,,,,,GLOBAL,1.000,clear,0,20.7,127,4.163,0,0,-1.000,21.40,3.32,0.0288,0.0016
85.962,0.000,0,,,,,,GLOBAL,1.000,clear,0,20.7,127,4.183,0,0,-1.000,21.40,3.32,0.0485,0.0213
85.981,0.000,0,,,,,,GLOBAL,1.000,clear,0,20.7,127,4.203,0,0,-1.000,21.40,3.32,0.0469,0.0147
86.001,0.000,0,,,,,,GLOBAL,1.000,clear,0,20.7,127,4.223,0,0,-1.000,21.40,3.32,0.0409,0.0132
86.022,0.000,0,,,,,,GLOBAL,1.000,clear,0,20.7,127,4.243,0,0,-1.000,21.40,3.32,0.0375,0.0079
86.041,0.000,0,,,,,,GLOBAL,1.000,clear,0,20.7,127,4.263,0,0,-1.000,21.40,3.32,0.0262,0.0030
86.061,0.000,0,,,,,,GLOBAL,1.000,clear,0,20.7,127,4.283,0,0,-1.000,21.40,3.32,0.0463,0.0232
86.081,0.000,0,,,,,,GLOBAL,1.000,clear,0,20.7,127,4.303,0,0,-1.000,21.40,3.32,0.0455,0.0138
86.101,0.000,0,,,,,,GLOBAL,1.000,clear,0,20.7,127,4.323,0,0,-1.000,21.40,3.32,0.0363,0.0140
86.121,0.000,0,,,,,,GLOBAL,1.000,clear,0,20.7,127,4.343,0,0,-1.000,21.40,3.32,0.0350,0.0065
86.145,0.000,0,,,,,,GLOBAL,1.000,clear,0,20.7,127,4.366,0,0,-1.000,21.40,3.32,0.0337,0.0053
86.162,0.000,0,,,,,,GLOBAL,1.000,clear,0,20.7,127,4.383,0,0,-1.000,21.40,3.32,0.0509,0.0225
86.182,0.000,0,,,,,,GLOBAL,1.000,clear,0,20.7,127,4.403,0,0,-1.000,21.40,3.32,0.0470,0.0420
86.220,0.000,0,,,,,,GLOBAL,1.000,clear,0,20.7,127,4.441,0,0,-1.000,21.40,3.32,0.0853,0.0379
86.222,0.000,0,,,,,,GLOBAL,1.000,clear,0,20.7,127,4.443,0,0,-1.000,21.40,3.32,0.0622,0.0016
86.241,0.000,0,,,,,,GLOBAL,1.000,clear,0,20.7,127,4.463,0,0,-1.000,21.40,3.32,0.0240,0.0043
86.261,0.000,0,,,,,,GLOBAL,1.000,clear,0,20.7,127,4.483,0,0,-1.000,21.40,3.32,0.0270,0.0243
86.281,0.000,0,,,,,,GLOBAL,1.000,clear,0,20.7,127,4.503,0,0,-1.000,21.40,3.32,0.0470,0.0190
86.301,0.000,0,,,,,,GLOBAL,1.000,clear,0,20.7,127,4.523,0,0,-1.000,21.40,3.32,0.0419,0.0147
86.323,0.000,0,,,,,,GLOBAL,1.000,clear,0,20.7,127,4.545,0,0,-1.000,21.40,3.32,0.0397,0.0103
86.341,0.000,0,,,,,,GLOBAL,1.000,clear,0,20.7,127,4.563,0,0,-1.000,21.40,3.32,0.0306,0.0051
86.362,0.000,0,,,,,,GLOBAL,1.000,clear,0,20.7,127,4.583,0,0,-1.000,21.40,3.32,0.0286,0.0255
86.381,0.000,0,,,,,,GLOBAL,1.000,clear,0,20.7,127,4.603,0,0,-1.000,21.40,3.32,0.0483,0.0189
86.401,0.000,0,,,,,,GLOBAL,1.000,clear,0,20.7,127,4.623,0,0,-1.000,21.40,3.32,0.0424,0.0150
86.421,0.000,0,,,,,,GLOBAL,1.000,clear,0,20.7,127,4.643,0,0,-1.000,21.40,3.32,0.0382,0.0099
86.441,0.000,0,,,,,,GLOBAL,1.000,clear,0,20.7,127,4.663,0,0,-1.000,21.40,3.32,0.0272,0.0051
86.461,0.000,0,,,,,,GLOBAL,1.000,clear,0,20.7,127,4.683,0,0,-1.000,21.40,3.32,0.0249,0.0252
86.481,0.000,0,,,,,,GLOBAL,1.000,clear,0,20.7,127,4.703,0,0,-1.000,21.40,3.32,0.0449,0.0191
86.502,0.000,0,,,,,,GLOBAL,1.000,clear,0,20.7,127,4.723,0,0,-1.000,21.40,3.32,0.0430,0.0145
86.521,0.000,0,,,,,,GLOBAL,1.000,clear,0,20.7,127,4.743,0,0,-1.000,21.40,3.32,0.0372,0.0046
86.541,0.000,0,,,,,,GLOBAL,1.000,clear,0,20.7,127,4.763,0,0,-1.000,21.40,3.32,0.0291,0.0020
86.562,0.000,0,,,,,,GLOBAL,1.000,clear,0,20.7,127,4.783,0,0,-1.000,21.40,3.32,0.0280,0.0221
86.582,0.000,0,,,,,,GLOBAL,1.000,clear,0,20.7,127,4.803,0,0,-1.000,21.40,3.32,0.0480,0.0169
86.601,0.000,0,,,,,,GLOBAL,1.000,clear,0,20.7,127,4.823,0,0,-1.000,21.40,3.32,0.0409,0.0138
86.621,0.000,0,,,,,,GLOBAL,1.000,clear,0,20.7,127,4.843,0,0,-1.000,21.40,3.32,0.0375,0.0093
86.642,0.000,0,,,,,,GLOBAL,1.000,clear,0,20.7,127,4.863,0,0,-1.000,21.40,3.32,0.0336,0.0023
86.662,0.000,0,,,,,,GLOBAL,1.000,clear,0,20.7,127,4.883,0,0,-1.000,21.40,3.32,0.0277,0.0226
86.681,0.000,0,,,,,,GLOBAL,1.000,clear,0,20.7,127,4.903,0,0,-1.000,21.40,3.32,0.0473,0.0193
86.701,0.000,0,,,,,,GLOBAL,1.000,clear,0,20.7,127,4.923,0,0,-1.000,21.40,3.32,0.0433,0.0087
86.721,0.000,0,,,,,,GLOBAL,1.000,clear,0,20.7,127,4.943,0,0,-1.000,21.40,3.32,0.0369,0.0065
86.741,0.000,0,,,,,,GLOBAL,1.000,clear,0,20.7,127,4.963,0,0,-1.000,21.40,3.32,0.0311,0.0007
86.762,0.000,0,,,,,,GLOBAL,1.000,clear,0,20.7,127,4.984,0,0,-1.000,21.40,3.32,0.0279,0.0008
86.781,0.000,0,,,,,,GLOBAL,1.000,clear,0,20.7,127,5.003,0,0,-1.000,21.40,3.32,0.0470,0.0198
86.801,0.000,0,,,,,,GLOBAL,1.000,clear,0,20.7,127,5.023,0,0,-1.000,21.40,3.32,0.0437,0.0103
86.821,0.000,0,,,,,,GLOBAL,1.000,clear,0,20.7,127,5.043,0,0,-1.000,21.40,3.32,0.0379,0.0101
86.841,0.000,0,,,,,,GLOBAL,1.000,clear,0,20.7,127,5.063,0,0,-1.000,21.40,3.32,0.0336,0.0028
86.862,0.000,0,,,,,,GLOBAL,1.000,clear,0,20.7,127,5.084,0,0,-1.000,21.40,3.32,0.0280,0.0238
86.881,0.000,0,,,,,,GLOBAL,1.000,clear,0,20.7,127,5.103,0,0,-1.000,21.40,3.32,0.0470,0.0187
86.901,0.000,0,,,,,,GLOBAL,1.000,clear,0,20.7,127,5.123,0,0,-1.000,21.40,3.32,0.0438,0.0128
86.921,0.000,0,,,,,,GLOBAL,1.000,clear,0,20.7,127,5.143,0,0,-1.000,21.40,3.32,0.0383,0.0105
86.941,0.000,0,,,,,,GLOBAL,1.000,clear,0,20.7,127,5.163,0,0,-1.000,21.40,3.32,0.0341,0.0019
86.962,0.000,0,,,,,,GLOBAL,1.000,clear,0,20.7,127,5.183,0,0,-1.000,21.40,3.32,0.0289,0.0007
86.982,0.000,0,,,,,,GLOBAL,1.000,clear,0,20.7,127,5.203,0,0,-1.000,21.40,3.32,0.0484,0.0203
87.002,0.000,0,,,,,,GLOBAL,1.000,clear,0,20.7,127,5.223,0,0,-1.000,21.40,3.32,0.0444,0.0092
87.021,0.000,0,,,,,,GLOBAL,1.000,clear,0,20.7,127,5.243,0,0,-1.000,21.40,3.32,0.0385,0.0045
87.041,0.000,0,,,,,,GLOBAL,1.000,clear,0,20.7,127,5.263,0,0,-1.000,21.40,3.32,0.0344,0.0006
87.062,0.000,0,,,,,,GLOBAL,1.000,clear,0,20.7,127,5.283,0,0,-1.000,21.40,3.32,0.0278,0.0005
87.081,0.000,0,,,,,,GLOBAL,1.000,clear,0,20.7,127,5.303,0,0,-1.000,21.40,3.32,0.0477,0.0204
87.102,0.000,0,,,,,,GLOBAL,1.000,clear,0,20.7,127,5.323,0,0,-1.000,21.40,3.32,0.0450,0.0121
87.122,0.000,0,,,,,,GLOBAL,1.000,clear,0,20.7,127,5.343,0,0,-1.000,21.40,3.32,0.0369,0.0099
87.141,0.000,0,,,,,,GLOBAL,1.000,clear,0,20.7,127,5.363,0,0,-1.000,21.40,3.32,0.0345,0.0048
87.161,0.000,0,,,,,,GLOBAL,1.000,clear,0,20.7,127,5.383,0,0,-1.000,21.40,3.32,0.0273,0.0012
87.181,0.000,0,,,,,,GLOBAL,1.000,clear,0,20.7,127,5.403,0,0,-1.000,21.40,3.32,0.0475,0.0214
87.202,0.000,0,,,,,,GLOBAL,1.000,clear,0,20.7,127,5.423,0,0,-1.000,21.40,3.32,0.0451,0.0086
87.222,0.000,0,,,,,,GLOBAL,1.000,clear,0,20.7,127,5.443,0,0,-1.000,21.40,3.32,0.0376,0.0038
87.243,0.000,0,,,,,,GLOBAL,1.000,clear,0,20.7,127,5.464,0,0,-1.000,21.40,3.32,0.0366,0.0041
87.262,0.000,0,,,,,,GLOBAL,1.000,clear,0,20.7,127,5.483,0,0,-1.000,21.40,3.32,0.0279,0.0017
87.282,0.000,0,,,,,,GLOBAL,1.000,clear,0,20.7,127,5.503,0,0,-1.000,21.40,3.32,0.0477,0.0214
87.301,0.000,0,,,,,,GLOBAL,1.000,clear,0,20.7,127,5.523,0,0,-1.000,21.40,3.32,0.0453,0.0145
87.321,0.000,0,,,,,,GLOBAL,1.000,clear,0,20.7,127,5.543,0,0,-1.000,21.40,3.32,0.0379,0.0115
87.341,0.000,0,,,,,,GLOBAL,1.000,clear,0,20.7,127,5.563,0,0,-1.000,21.40,3.32,0.0318,0.0058
87.361,0.000,0,,,,,,GLOBAL,1.000,clear,0,20.7,127,5.583,0,0,-1.000,21.40,3.32,0.0296,0.0026
87.383,0.000,0,,,,,,GLOBAL,1.000,clear,0,20.7,127,5.604,0,0,-1.000,21.40,3.32,0.0513,0.0243
87.401,0.000,0,,,,,,GLOBAL,1.000,clear,0,20.7,127,5.623,0,0,-1.000,21.40,3.32,0.0457,0.0164
87.421,0.000,0,,,,,,GLOBAL,1.000,clear,0,20.7,127,5.643,0,0,-1.000,21.40,3.32,0.0397,0.0118
87.441,0.000,0,,,,,,GLOBAL,1.000,clear,0,20.7,127,5.663,0,0,-1.000,21.40,3.32,0.0358,0.0073
87.462,0.000,0,,,,,,GLOBAL,1.000,clear,0,20.7,127,5.683,0,0,-1.000,21.40,3.32,0.0301,0.0030
87.481,0.000,0,,,,,,GLOBAL,1.000,clear,0,20.7,127,5.703,0,0,-1.000,21.40,3.32,0.0498,0.0226
87.501,0.000,0,,,,,,GLOBAL,1.000,clear,0,20.7,127,5.723,0,0,-1.000,21.40,3.32,0.0459,0.0161
87.521,0.000,0,,,,,,GLOBAL,1.000,clear,0,20.7,127,5.743,0,0,-1.000,21.40,3.32,0.0382,0.0134
87.542,0.000,0,,,,,,GLOBAL,1.000,clear,0,20.7,127,5.763,0,0,-1.000,21.40,3.32,0.0362,0.0008
87.561,0.000,0,,,,,,GLOBAL,1.000,clear,0,20.7,127,5.783,0,0,-1.000,21.40,3.32,0.0303,0.0031
87.583,0.000,0,,,,,,GLOBAL,1.000,clear,0,20.7,127,5.804,0,0,-1.000,21.40,3.32,0.0517,0.0245
87.601,0.000,0,,,,,,GLOBAL,1.000,clear,0,20.7,127,5.823,0,0,-1.000,21.40,3.32,0.0449,0.0172
87.622,0.000,0,,,,,,GLOBAL,1.000,clear,0,20.7,127,5.843,0,0,-1.000,21.40,3.32,0.0392,0.0127
87.642,0.000,0,,,,,,GLOBAL,1.000,clear,0,20.7,127,5.863,0,0,-1.000,21.40,3.32,0.0354,0.0069
87.661,0.000,0,,,,,,GLOBAL,1.000,clear,0,20.7,127,5.883,0,0,-1.000,21.40,3.32,0.0251,0.0017
87.681,0.000,0,,,,,,GLOBAL,1.000,clear,0,20.7,127,5.903,0,0,-1.000,21.40,3.32,0.0449,0.0216
87.701,0.000,0,,,,,,GLOBAL,1.000,clear,0,20.7,127,5.923,0,0,-1.000,21.40,3.32,0.0449,0.0062
87.721,0.000,0,,,,,,GLOBAL,1.000,clear,0,20.7,127,5.943,0,0,-1.000,21.40,3.32,0.0355,0.0105
87.741,0.000,0,,,,,,GLOBAL,1.000,clear,0,20.7,127,5.963,0,0,-1.000,21.40,3.32,0.0345,0.0010
87.762,0.000,0,,,,,,GLOBAL,1.000,clear,0,20.7,127,5.983,0,0,-1.000,21.40,3.32,0.0252,0.0027
87.782,0.000,0,,,,,,GLOBAL,1.000,clear,0,20.7,127,6.003,0,0,-1.000,21.40,3.32,0.0449,0.0224
87.801,0.000,0,,,,,,GLOBAL,1.000,clear,0,20.7,127,6.023,0,0,-1.000,21.40,3.32,0.0453,0.0157
87.822,0.000,0,,,,,,GLOBAL,1.000,clear,0,20.7,127,6.043,0,0,-1.000,21.40,3.32,0.0383,0.0135
87.843,0.000,0,,,,,,GLOBAL,1.000,clear,0,20.7,127,6.064,0,0,-1.000,21.40,3.32,0.0374,0.0065
87.861,0.000,0,,,,,,GLOBAL,1.000,clear,0,20.7,127,6.083,0,0,-1.000,21.40,3.32,0.0265,0.0036
87.882,0.000,0,,,,,,GLOBAL,1.000,clear,0,20.7,127,6.103,0,0,-1.000,21.40,3.32,0.0264,0.0242
87.901,0.000,0,,,,,,GLOBAL,1.000,clear,0,20.7,127,6.123,0,0,-1.000,21.40,3.32,0.0458,0.0155
87.921,0.000,0,,,,,,GLOBAL,1.000,clear,0,20.7,127,6.143,0,0,-1.000,21.40,3.32,0.0402,0.0137
87.941,0.000,0,,,,,,GLOBAL,1.000,clear,0,20.7,127,6.163,0,0,-1.000,21.40,3.32,0.0358,0.0074
87.961,0.000,0,,,,,,GLOBAL,1.000,clear,0,20.7,127,6.183,0,0,-1.000,21.40,3.32,0.0317,0.0033
87.983,0.000,0,,,,,,GLOBAL,1.000,clear,0,20.7,127,6.204,0,0,-1.000,21.40,3.32,0.0277,0.0250
88.001,0.000,0,,,,,,GLOBAL,1.000,clear,0,20.7,127,6.223,0,0,-1.000,21.40,3.32,0.0461,0.0151
88.022,0.000,0,,,,,,GLOBAL,1.000,clear,0,20.7,127,6.243,0,0,-1.000,21.40,3.32,0.0384,0.0033
88.041,0.000,0,,,,,,GLOBAL,1.000,clear,0,20.7,127,6.263,0,0,-1.000,21.40,3.32,0.0310,0.0091
88.061,0.000,0,,,,,,GLOBAL,1.000,clear,0,20.7,127,6.283,0,0,-1.000,21.40,3.32,0.0312,0.0009
88.082,0.000,0,,,,,,GLOBAL,1.000,clear,0,20.7,127,6.303,0,0,-1.000,21.40,3.32,0.0261,0.0010
88.101,0.000,0,,,,,,GLOBAL,1.000,clear,0,20.7,127,6.323,0,0,-1.000,21.40,3.32,0.0459,0.0207
88.121,0.000,0,,,,,,GLOBAL,1.000,clear,0,20.7,127,6.343,0,0,-1.000,21.40,3.32,0.0423,0.0141
88.141,0.000,0,,,,,,GLOBAL,1.000,clear,0,20.7,127,6.363,0,0,-1.000,21.40,3.32,0.0358,0.0103
88.161,0.000,0,,,,,,GLOBAL,1.000,clear,0,20.7,127,6.383,0,0,-1.000,21.40,3.32,0.0275,0.0048
88.182,0.000,0,,,,,,GLOBAL,1.000,clear,0,20.7,127,6.403,0,0,-1.000,21.40,3.32,0.0242,0.0014
88.201,0.000,0,,,,,,GLOBAL,1.000,clear,0,20.7,127,6.423,0,0,-1.000,21.40,3.32,0.0439,0.0212
88.221,0.000,0,,,,,,GLOBAL,1.000,clear,0,20.7,127,6.443,0,0,-1.000,21.40,3.32,0.0381,0.0126
88.241,0.000,0,,,,,,GLOBAL,1.000,clear,0,20.7,127,6.463,0,0,-1.000,21.40,3.32,0.0373,0.0079
88.262,0.000,0,,,,,,GLOBAL,1.000,clear,0,20.7,127,6.483,0,0,-1.000,21.40,3.32,0.0350,0.0006
88.281,0.000,0,,,,,,GLOBAL,1.000,clear,0,20.7,127,6.503,0,0,-1.000,21.40,3.32,0.0278,0.0011
88.302,0.000,0,,,,,,GLOBAL,1.000,clear,0,20.7,127,6.523,0,0,-1.000,21.40,3.32,0.0479,0.0211
88.321,0.000,0,,,,,,GLOBAL,1.000,clear,0,20.7,127,6.543,0,0,-1.000,21.40,3.32,0.0447,0.0141
88.342,0.000,0,,,,,,GLOBAL,1.000,clear,0,20.7,127,6.564,0,0,-1.000,21.40,3.32,0.0380,0.0078
88.361,0.000,0,,,,,,GLOBAL,1.000,clear,0,20.7,127,6.583,0,0,-1.000,21.40,3.32,0.0344,0.0013
88.381,0.000,0,,,,,,GLOBAL,1.000,clear,0,20.7,127,6.603,0,0,-1.000,21.40,3.32,0.0277,0.0214
88.401,0.000,0,,,,,,GLOBAL,1.000,clear,0,20.7,127,6.623,0,0,-1.000,21.40,3.32,0.0477,0.0185
88.422,0.000,0,,,,,,GLOBAL,1.000,clear,0,20.7,127,6.643,0,0,-1.000,21.40,3.32,0.0451,0.0152
88.441,0.000,0,,,,,,GLOBAL,1.000,clear,0,20.7,127,6.663,0,0,-1.000,21.40,3.32,0.0392,0.0114
88.462,0.000,0,,,,,,GLOBAL,1.000,clear,0,20.7,127,6.683,0,0,-1.000,21.40,3.32,0.0353,0.0036
88.481,0.000,0,,,,,,GLOBAL,1.000,clear,0,20.7,127,6.703,0,0,-1.000,21.40,3.32,0.0286,0.0020
88.502,0.000,0,,,,,,GLOBAL,1.000,clear,0,20.7,127,6.723,0,0,-1.000,21.40,3.32,0.0491,0.0226
88.521,0.000,0,,,,,,GLOBAL,1.000,clear,0,20.7,127,6.743,0,0,-1.000,21.40,3.32,0.0450,0.0144
88.541,0.000,0,,,,,,GLOBAL,1.000,clear,0,20.7,127,6.763,0,0,-1.000,21.40,3.32,0.0395,0.0127
88.562,0.000,0,,,,,,GLOBAL,1.000,clear,0,20.7,127,6.783,0,0,-1.000,21.40,3.32,0.0355,0.0019
88.581,0.000,0,,,,,,GLOBAL,1.000,clear,0,20.7,127,6.803,0,0,-1.000,21.40,3.32,0.0295,0.0012
88.602,0.000,0,,,,,,GLOBAL,1.000,clear,0,20.7,127,6.823,0,0,-1.000,21.40,3.32,0.0499,0.0216
88.622,0.000,0,,,,,,GLOBAL,1.000,clear,0,20.7,127,6.843,0,0,-1.000,21.40,3.32,0.0454,0.0104
88.641,0.000,0,,,,,,GLOBAL,1.000,clear,0,20.7,127,6.863,0,0,-1.000,21.40,3.32,0.0366,0.0124
88.661,0.000,0,,,,,,GLOBAL,1.000,clear,0,20.7,127,6.883,0,0,-1.000,21.40,3.32,0.0354,0.0052
88.681,0.000,0,,,,,,GLOBAL,1.000,clear,0,20.7,127,6.903,0,0,-1.000,21.40,3.32,0.0284,0.0026
88.702,0.000,0,,,,,,GLOBAL,1.000,clear,0,20.7,127,6.923,0,0,-1.000,21.40,3.32,0.0489,0.0231
88.721,0.000,0,,,,,,GLOBAL,1.000,clear,0,20.7,127,6.943,0,0,-1.000,21.40,3.32,0.0456,0.0172
88.741,0.000,0,,,,,,GLOBAL,1.000,clear,0,20.7,127,6.963,0,0,-1.000,21.40,3.32,0.0400,0.0130
88.761,0.000,0,,,,,,GLOBAL,1.000,clear,0,20.7,127,6.983,0,0,-1.000,21.40,3.32,0.0344,0.0035
88.782,0.000,0,,,,,,GLOBAL,1.000,clear,0,20.7,127,7.003,0,0,-1.000,21.40,3.32,0.0301,0.0007
88.801,0.000,0,,,,,,GLOBAL,1.000,clear,0,20.7,127,7.023,0,0,-1.000,21.40,3.32,0.0498,0.0204
88.821,0.000,0,,,,,,GLOBAL,1.000,clear,0,20.7,127,7.043,0,0,-1.000,21.40,3.32,0.0445,0.0159
88.841,0.000,0,,,,,,GLOBAL,1.000,clear,0,20.7,127,7.063,0,0,-1.000,21.40,3.32,0.0398,0.0099
88.861,0.000,0,,,,,,GLOBAL,1.000,clear,0,20.7,127,7.083,0,0,-1.000,21.40,3.32,0.0347,0.0032
88.882,0.000,0,,,,,,GLOBAL,1.000,clear,0,20.7,127,7.103,0,0,-1.000,21.40,3.32,0.0280,0.0023
88.902,0.000,0,,,,,,GLOBAL,1.000,clear,0,20.7,127,7.123,0,0,-1.000,21.40,3.32,0.0478,0.0221
88.921,0.000,0,,,,,,GLOBAL,1.000,clear,0,20.7,127,7.143,0,0,-1.000,21.40,3.32,0.0449,0.0167
88.941,0.000,0,,,,,,GLOBAL,1.000,clear,0,20.7,127,7.163,0,0,-1.000,21.40,3.32,0.0404,0.0104
88.994,0.000,0,,,,,,GLOBAL,1.000,clear,0,20.7,127,7.216,0,0,-1.000,21.40,3.32,0.0934,0.0635
89.011,0.000,0,,,,,,GLOBAL,1.000,clear,0,20.7,127,7.233,0,0,-1.000,21.40,3.32,0.0619,0.0142
89.023,0.000,0,,,,,,GLOBAL,1.000,clear,0,20.7,127,7.244,0,0,-1.000,21.40,3.32,0.0479,0.0113
89.041,0.000,0,,,,,,GLOBAL,1.000,clear,0,20.7,127,7.263,0,0,-1.000,21.40,3.32,0.0423,0.0079
89.061,0.000,0,,,,,,GLOBAL,1.000,clear,0,20.7,127,7.283,0,0,-1.000,21.40,3.32,0.0366,0.0069
89.082,0.000,0,,,,,,GLOBAL,1.000,clear,0,20.7,127,7.303,0,0,-1.000,21.40,3.32,0.0327,0.0018
89.102,0.000,0,,,,,,GLOBAL,1.000,clear,0,20.7,127,7.324,0,0,-1.000,21.40,3.32,0.0274,0.0222
89.121,0.000,0,,,,,,GLOBAL,1.000,clear,0,20.7,127,7.343,0,0,-1.000,21.40,3.32,0.0466,0.0179
89.142,0.000,0,,,,,,GLOBAL,1.000,clear,0,20.7,127,7.363,0,0,-1.000,21.40,3.32,0.0428,0.0147
89.166,0.000,0,,,,,,GLOBAL,1.000,clear,0,20.7,127,7.387,0,0,-1.000,21.40,3.32,0.0428,0.0076
89.182,0.000,0,,,,,,GLOBAL,1.000,clear,0,20.7,127,7.403,0,0,-1.000,21.40,3.32,0.0331,0.0012
89.202,0.000,0,,,,,,GLOBAL,1.000,clear,0,20.7,127,7.423,0,0,-1.000,21.40,3.32,0.0294,0.0215
89.221,0.000,0,,,,,,GLOBAL,1.000,clear,0,20.7,127,7.443,0,0,-1.000,21.40,3.32,0.0488,0.0164
89.241,0.000,0,,,,,,GLOBAL,1.000,clear,0,20.7,127,7.463,0,0,-1.000,21.40,3.32,0.0427,0.0030
89.261,0.000,0,,,,,,GLOBAL,1.000,clear,0,20.7,127,7.483,0,0,-1.000,21.40,3.32,0.0370,0.0076
89.281,0.000,0,,,,,,GLOBAL,1.000,clear,0,20.7,127,7.503,0,0,-1.000,21.40,3.32,0.0331,0.0040
89.301,0.000,0,,,,,,GLOBAL,1.000,clear,0,20.7,127,7.523,0,0,-1.000,21.40,3.32,0.0289,0.0240
89.322,0.000,0,,,,,,GLOBAL,1.000,clear,0,20.7,127,7.543,0,0,-1.000,21.40,3.32,0.0495,0.0182
89.341,0.000,0,,,,,,GLOBAL,1.000,clear,0,20.7,127,7.563,0,0,-1.000,21.40,3.32,0.0433,0.0146
89.362,0.000,0,,,,,,GLOBAL,1.000,clear,0,20.7,127,7.583,0,0,-1.000,21.40,3.32,0.0394,0.0053
89.382,0.000,0,,,,,,GLOBAL,1.000,clear,0,20.7,127,7.603,0,0,-1.000,21.40,3.32,0.0338,0.0012
89.401,0.000,0,,,,,,GLOBAL,1.000,clear,0,20.7,127,7.623,0,0,-1.000,21.40,3.32,0.0275,0.0210
89.421,0.000,0,,,,,,GLOBAL,1.000,clear,0,20.7,127,7.643,0,0,-1.000,21.40,3.32,0.0475,0.0178
89.441,0.000,0,,,,,,GLOBAL,1.000,clear,0,20.7,127,7.663,0,0,-1.000,21.40,3.32,0.0435,0.0151
89.462,0.000,0,,,,,,GLOBAL,1.000,clear,0,20.7,127,7.683,0,0,-1.000,21.40,3.32,0.0382,0.0101
89.482,0.000,0,,,,,,GLOBAL,1.000,clear,0,20.7,127,7.703,0,0,-1.000,21.40,3.32,0.0340,0.0030
89.502,0.000,0,,,,,,GLOBAL,1.000,clear,0,20.7,127,7.724,0,0,-1.000,21.40,3.32,0.0286,0.0023
89.521,0.000,0,,,,,,GLOBAL,1.000,clear,0,20.7,127,7.743,0,0,-1.000,21.40,3.32,0.0477,0.0214
89.541,0.000,0,,,,,,GLOBAL,1.000,clear,0,20.7,127,7.763,0,0,-1.000,21.40,3.32,0.0453,0.0138
89.561,0.000,0,,,,,,GLOBAL,1.000,clear,0,20.7,127,7.783,0,0,-1.000,21.40,3.32,0.0373,0.0129
89.581,0.000,0,,,,,,GLOBAL,1.000,clear,0,20.7,127,7.803,0,0,-1.000,21.40,3.32,0.0353,0.0051
89.601,0.000,0,,,,,,GLOBAL,1.000,clear,0,20.7,127,7.823,0,0,-1.000,21.40,3.32,0.0298,0.0033
89.622,0.000,0,,,,,,GLOBAL,1.000,clear,0,20.7,127,7.843,0,0,-1.000,21.40,3.32,0.0500,0.0235
89.641,0.000,0,,,,,,GLOBAL,1.000,clear,0,20.7,127,7.863,0,0,-1.000,21.40,3.32,0.0456,0.0177
89.661,0.000,0,,,,,,GLOBAL,1.000,clear,0,20.7,127,7.883,0,0,-1.000,21.40,3.32,0.0370,0.0133
89.682,0.000,0,,,,,,GLOBAL,1.000,clear,0,20.7,127,7.903,0,0,-1.000,21.40,3.32,0.0360,0.0063
89.702,0.000,0,,,,,,GLOBAL,1.000,clear,0,20.7,127,7.923,0,0,-1.000,21.40,3.32,0.0282,0.0041
89.723,0.000,0,,,,,,GLOBAL,1.000,clear,0,20.7,127,7.945,0,0,-1.000,21.40,3.32,0.0281,0.0257
89.741,0.000,0,,,,,,GLOBAL,1.000,clear,0,20.7,127,7.963,0,0,-1.000,21.40,3.32,0.0459,0.0175
89.761,0.000,0,,,,,,GLOBAL,1.000,clear,0,20.7,127,7.983,0,0,-1.000,21.40,3.32,0.0403,0.0133
89.781,0.000,0,,,,,,GLOBAL,1.000,clear,0,20.7,127,8.003,0,0,-1.000,21.40,3.32,0.0348,0.0050
89.801,0.000,0,,,,,,GLOBAL,1.000,clear,0,20.7,127,8.023,0,0,-1.000,21.40,3.32,0.0259,0.0040
89.822,0.000,0,,,,,,GLOBAL,1.000,clear,0,20.7,127,8.043,0,0,-1.000,21.40,3.32,0.0268,0.0245
89.841,0.000,0,,,,,,GLOBAL,1.000,clear,0,20.7,127,8.063,0,0,-1.000,21.40,3.32,0.0463,0.0156
89.861,0.000,0,,,,,,GLOBAL,1.000,clear,0,20.7,127,8.083,0,0,-1.000,21.40,3.32,0.0409,0.0136
89.881,0.000,0,,,,,,GLOBAL,1.000,clear,0,20.7,127,8.103,0,0,-1.000,21.40,3.32,0.0364,0.0082
89.901,0.000,0,,,,,,GLOBAL,1.000,clear,0,20.7,127,8.123,0,0,-1.000,21.40,3.32,0.0308,0.0031
89.922,0.000,0,,,,,,GLOBAL,1.000,clear,0,20.7,127,8.143,0,0,-1.000,21.40,3.32,0.0265,0.0235
89.941,0.000,0,,,,,,GLOBAL,1.000,clear,0,20.7,127,8.163,0,0,-1.000,21.40,3.32,0.0462,0.0181
89.961,0.000,0,,,,,,GLOBAL,1.000,clear,0,20.7,127,8.183,0,0,-1.000,21.40,3.32,0.0411,0.0140
89.981,0.000,0,,,,,,GLOBAL,1.000,clear,0,20.7,127,8.203,0,0,-1.000,21.40,3.32,0.0369,0.0066
90.001,0.000,0,,,,,,GLOBAL,1.000,clear,0,20.7,127,8.223,0,0,-1.000,21.40,3.32,0.0304,0.0040
90.021,0.000,0,,,,,,GLOBAL,1.000,clear,0,20.7,127,8.243,0,0,-1.000,21.40,3.32,0.0271,0.0239
90.041,0.000,0,,,,,,GLOBAL,1.000,clear,0,20.7,127,8.263,0,0,-1.000,21.40,3.32,0.0471,0.0192
90.061,0.000,0,,,,,,GLOBAL,1.000,clear,0,20.7,127,8.283,0,0,-1.000,21.40,3.32,0.0416,0.0138
90.082,0.000,0,,,,,,GLOBAL,1.000,clear,0,20.7,127,8.303,0,0,-1.000,21.40,3.32,0.0374,0.0091
90.101,0.000,0,,,,,,GLOBAL,1.000,clear,0,20.7,127,8.323,0,0,-1.000,21.40,3.32,0.0331,0.0042
90.121,0.000,0,,,,,,GLOBAL,1.000,clear,0,20.7,127,8.343,0,0,-1.000,21.40,3.32,0.0274,0.0007
90.141,0.000,0,,,,,,GLOBAL,1.000,clear,0,20.7,127,8.363,0,0,-1.000,21.40,3.32,0.0474,0.0207
90.162,0.000,0,,,,,,GLOBAL,1.000,clear,0,20.7,127,8.384,0,0,-1.000,21.40,3.32,0.0441,0.0147
90.181,0.000,0,,,,,,GLOBAL,1.000,clear,0,20.7,127,8.403,0,0,-1.000,21.40,3.32,0.0375,0.0107
90.201,0.000,0,,,,,,GLOBAL,1.000,clear,0,20.7,127,8.423,0,0,-1.000,21.40,3.32,0.0335,0.0033
90.223,0.000,0,,,,,,GLOBAL,1.000,clear,0,20.7,127,8.444,0,0,-1.000,21.40,3.32,0.0550,0.0248
90.241,0.000,0,,,,,,GLOBAL,1.000,clear,0,20.7,127,8.463,0,0,-1.000,21.40,3.32,0.0475,0.0177
90.261,0.000,0,,,,,,GLOBAL,1.000,clear,0,20.7,127,8.483,0,0,-1.000,21.40,3.32,0.0435,0.0142
90.281,0.000,0,,,,,,GLOBAL,1.000,clear,0,20.7,127,8.503,0,0,-1.000,21.40,3.32,0.0361,0.0092
90.301,0.000,0,,,,,,GLOBAL,1.000,clear,0,20.7,127,8.523,0,0,-1.000,21.40,3.32,0.0323,0.0040
90.321,0.000,0,,,,,,GLOBAL,1.000,clear,0,20.7,127,8.543,0,0,-1.000,21.40,3.32,0.0272,0.0011
90.341,0.000,0,,,,,,GLOBAL,1.000,clear,0,20.7,127,8.563,0,0,-1.000,21.40,3.32,0.0472,0.0212
90.362,0.000,0,,,,,,GLOBAL,1.000,clear,0,20.7,127,8.583,0,0,-1.000,21.40,3.32,0.0443,0.0141
90.381,0.000,0,,,,,,GLOBAL,1.000,clear,0,20.7,127,8.603,0,0,-1.000,21.40,3.32,0.0382,0.0070
90.401,0.000,0,,,,,,GLOBAL,1.000,clear,0,20.7,127,8.623,0,0,-1.000,21.40,3.32,0.0340,0.0035
90.421,0.000,0,,,,,,GLOBAL,1.000,clear,0,20.7,127,8.643,0,0,-1.000,21.40,3.32,0.0283,0.0010
90.441,0.000,0,,,,,,GLOBAL,1.000,clear,0,20.7,127,8.663,0,0,-1.000,21.40,3.32,0.0484,0.0212
90.462,0.000,0,,,,,,GLOBAL,1.000,clear,0,20.7,127,8.684,0,0,-1.000,21.40,3.32,0.0450,0.0165
90.481,0.000,0,,,,,,GLOBAL,1.000,clear,0,20.7,127,8.703,0,0,-1.000,21.40,3.32,0.0384,0.0104
90.501,0.000,0,,,,,,GLOBAL,1.000,clear,0,20.7,127,8.723,0,0,-1.000,21.40,3.32,0.0342,0.0036
90.522,0.000,0,,,,,,GLOBAL,1.000,clear,0,20.7,127,8.743,0,0,-1.000,21.40,3.32,0.0278,0.0005
90.541,0.000,0,,,,,,GLOBAL,1.000,clear,0,20.7,127,8.763,0,0,-1.000,21.40,3.32,0.0473,0.0200
90.562,0.000,0,,,,,,GLOBAL,1.000,clear,0,20.7,127,8.783,0,0,-1.000,21.40,3.32,0.0448,0.0161
90.581,0.000,0,,,,,,GLOBAL,1.000,clear,0,20.7,127,8.803,0,0,-1.000,21.40,3.32,0.0388,0.0093
90.601,0.000,0,,,,,,GLOBAL,1.000,clear,0,20.7,127,8.823,0,0,-1.000,21.40,3.32,0.0345,0.0038
90.622,0.000,0,,,,,,GLOBAL,1.000,clear,0,20.7,127,8.843,0,0,-1.000,21.40,3.32,0.0292,0.0007
90.641,0.000,0,,,,,,GLOBAL,1.000,clear,0,20.7,127,8.863,0,0,-1.000,21.40,3.32,0.0489,0.0204
90.661,0.000,0,,,,,,GLOBAL,1.000,clear,0,20.7,127,8.883,0,0,-1.000,21.40,3.32,0.0440,0.0141
90.681,0.000,0,,,,,,GLOBAL,1.000,clear,0,20.7,127,8.903,0,0,-1.000,21.40,3.32,0.0359,0.0094
90.701,0.000,0,,,,,,GLOBAL,1.000,clear,0,20.7,127,8.923,0,0,-1.000,21.40,3.32,0.0347,0.0053
90.722,0.000,0,,,,,,GLOBAL,1.000,clear,0,20.7,127,8.943,0,0,-1.000,21.40,3.32,0.0293,0.0015
90.741,0.000,0,,,,,,GLOBAL,1.000,clear,0,20.7,127,8.963,0,0,-1.000,21.40,3.35,0.0491,0.0213
90.762,0.000,0,,,,,,GLOBAL,1.000,clear,0,20.7,127,8.983,0,0,-1.000,21.40,3.35,0.0451,0.0147
90.781,0.000,0,,,,,,GLOBAL,1.000,clear,0,20.7,127,9.003,0,0,-1.000,21.40,3.32,0.0392,0.0087
90.801,0.000,0,,,,,,GLOBAL,1.000,clear,0,20.7,127,9.023,0,0,-1.000,21.40,3.32,0.0351,0.0065
90.821,0.000,0,,,,,,GLOBAL,1.000,clear,0,20.7,127,9.043,0,0,-1.000,21.40,3.32,0.0277,0.0025
90.841,0.000,0,,,,,,GLOBAL,1.000,clear,0,20.7,127,9.063,0,0,-1.000,21.40,3.32,0.0478,0.0226
90.862,0.000,0,,,,,,GLOBAL,1.000,clear,0,20.7,127,9.084,0,0,-1.000,21.40,3.32,0.0462,0.0178
90.881,0.000,0,,,,,,GLOBAL,1.000,clear,0,20.7,127,9.103,0,0,-1.000,21.40,3.32,0.0360,0.0130
90.901,0.000,0,,,,,,GLOBAL,1.000,clear,0,20.7,127,9.123,0,0,-1.000,21.40,3.32,0.0341,0.0065
90.921,0.000,0,,,,,,GLOBAL,1.000,clear,0,20.7,127,9.143,0,0,-1.000,21.40,3.32,0.0278,0.0020
90.942,0.000,0,,,,,,GLOBAL,1.000,clear,0,20.7,127,9.163,0,0,-1.000,21.40,3.32,0.0481,0.0223
90.961,0.000,0,,,,,,GLOBAL,1.000,clear,0,20.7,127,9.183,0,0,-1.000,21.40,3.32,0.0443,0.0166
90.981,0.000,0,,,,,,GLOBAL,1.000,clear,0,20.7,127,9.203,0,0,-1.000,21.40,3.32,0.0400,0.0127
91.001,0.000,0,,,,,,GLOBAL,1.000,clear,0,20.7,127,9.223,0,0,-1.000,21.40,3.32,0.0357,0.0072
91.022,0.000,0,,,,,,GLOBAL,1.000,clear,0,20.7,127,9.243,0,0,-1.000,21.40,3.32,0.0306,0.0037
91.043,0.000,0,,,,,,GLOBAL,1.000,clear,0,20.7,127,9.264,0,0,-1.000,21.40,3.32,0.0270,0.0244
91.062,0.000,0,,,,,,GLOBAL,1.000,clear,0,20.7,127,9.283,0,0,-1.000,21.40,3.32,0.0460,0.0171
91.081,0.000,0,,,,,,GLOBAL,1.000,clear,0,20.7,127,9.303,0,0,-1.000,21.40,3.32,0.0404,0.0133
91.101,0.000,0,,,,,,GLOBAL,1.000,clear,0,20.7,127,9.323,0,0,-1.000,21.40,3.32,0.0362,0.0062
91.122,0.000,0,,,,,,GLOBAL,1.000,clear,0,20.7,127,9.343,0,0,-1.000,21.40,3.32,0.0307,0.0012
91.142,0.000,0,,,,,,GLOBAL,1.000,clear,0,20.7,127,9.363,0,0,-1.000,21.40,3.32,0.0268,0.0214
91.162,0.000,0,,,,,,GLOBAL,1.000,clear,0,20.7,127,9.383,0,0,-1.000,21.40,3.32,0.0465,0.0135
91.181,0.000,0,,,,,,GLOBAL,1.000,clear,0,20.7,127,9.403,0,0,-1.000,21.40,3.32,0.0406,0.0100
91.201,0.000,0,,,,,,GLOBAL,1.000,clear,0,20.7,127,9.423,0,0,-1.000,21.40,3.32,0.0366,0.0052
91.222,0.000,0,,,,,,GLOBAL,1.000,clear,0,20.7,127,9.443,0,0,-1.000,21.40,3.32,0.0312,0.0006
91.242,0.000,0,,,,,,GLOBAL,1.000,clear,0,20.7,127,9.463,0,0,-1.000,21.40,3.32,0.0509,0.0203
91.262,0.000,0,,,,,,GLOBAL,1.000,clear,0,20.7,127,9.483,0,0,-1.000,21.40,3.32,0.0471,0.0152
91.282,0.000,0,,,,,,GLOBAL,1.000,clear,0,20.7,127,9.503,0,0,-1.000,21.40,3.32,0.0423,0.0104
91.304,0.000,0,,,,,,GLOBAL,1.000,clear,0,20.7,127,9.525,0,0,-1.000,21.40,3.32,0.0391,0.0092
91.321,0.000,0,,,,,,GLOBAL,1.000,clear,0,20.7,127,9.543,0,0,-1.000,21.40,3.32,0.0312,0.0034
91.341,0.000,0,,,,,,GLOBAL,1.000,clear,0,20.7,127,9.563,0,0,-1.000,21.40,3.32,0.0269,0.0234
91.361,0.000,0,,,,,,GLOBAL,1.000,clear,0,20.7,127,9.583,0,0,-1.000,21.40,3.32,0.0468,0.0184
91.381,0.000,0,,,,,,GLOBAL,1.000,clear,0,20.7,127,9.603,0,0,-1.000,21.40,3.32,0.0408,0.0101
91.401,0.000,0,,,,,,GLOBAL,1.000,clear,0,20.7,127,9.623,0,0,-1.000,21.40,3.32,0.0370,0.0078
91.422,0.000,0,,,,,,GLOBAL,1.000,clear,0,20.7,127,9.643,0,0,-1.000,21.40,3.32,0.0317,0.0040
91.442,0.000,0,,,,,,GLOBAL,1.000,clear,0,20.7,127,9.663,0,0,-1.000,21.40,3.32,0.0268,0.0238
91.462,0.000,0,,,,,,GLOBAL,1.000,clear,0,20.7,127,9.683,0,0,-1.000,21.40,3.32,0.0468,0.0181
91.482,0.000,0,,,,,,GLOBAL,1.000,clear,0,20.7,127,9.703,0,0,-1.000,21.40,3.32,0.0407,0.0142
91.501,0.000,0,,,,,,GLOBAL,1.000,clear,0,20.7,127,9.723,0,0,-1.000,21.40,3.32,0.0372,0.0061
91.521,0.000,0,,,,,,GLOBAL,1.000,clear,0,20.7,127,9.743,0,0,-1.000,21.40,3.32,0.0292,0.0010
91.541,0.000,0,,,,,,GLOBAL,1.000,clear,0,20.7,127,9.763,0,0,-1.000,21.40,3.32,0.0275,0.0210
91.561,0.000,0,,,,,,GLOBAL,1.000,clear,0,20.7,127,9.783,0,0,-1.000,21.40,3.32,0.0476,0.0154
91.581,0.000,0,,,,,,GLOBAL,1.000,clear,0,20.7,127,9.803,0,0,-1.000,21.40,3.32,0.0418,0.0130
91.602,0.000,0,,,,,,GLOBAL,1.000,clear,0,20.7,127,9.823,0,0,-1.000,21.40,3.32,0.0374,0.0071
91.621,0.000,0,,,,,,GLOBAL,1.000,clear,0,20.7,127,9.843,0,0,-1.000,21.40,3.32,0.0302,0.0036
91.641,0.000,0,,,,,,GLOBAL,1.000,clear,0,20.7,127,9.863,0,0,-1.000,21.40,3.32,0.0269,0.0236
91.662,0.000,0,,,,,,GLOBAL,1.000,clear,0,20.7,127,9.883,0,0,-1.000,21.40,3.32,0.0472,0.0196
91.681,0.000,0,,,,,,GLOBAL,1.000,clear,0,20.7,127,9.903,0,0,-1.000,21.40,3.32,0.0423,0.0142
91.701,0.000,0,,,,,,GLOBAL,1.000,clear,0,20.7,127,9.923,0,0,-1.000,21.40,3.32,0.0372,0.0088
91.721,0.000,0,,,,,,GLOBAL,1.000,clear,0,20.7,127,9.943,0,0,-1.000,21.40,3.32,0.0325,0.0009
91.742,0.000,0,,,,,,GLOBAL,1.000,clear,0,20.7,127,9.963,0,0,-1.000,21.40,3.32,0.0274,0.0211
91.762,0.000,0,,,,,,GLOBAL,1.000,clear,0,20.7,127,9.983,0,0,-1.000,21.40,3.32,0.0476,0.0174
91.782,0.000,0,,,,,,GLOBAL,1.000,clear,0,20.7,127,10.003,0,0,-1.000,21.40,3.32,0.0424,0.0031
91.802,0.000,0,,,,,,GLOBAL,1.000,clear,0,20.7,127,10.023,0,0,-1.000,21.40,3.32,0.0626,0.0233
91.822,0.000,0,,,,,,GLOBAL,1.000,clear,0,20.7,127,10.043,0,0,-1.000,21.40,3.32,0.0334,0.0014
91.841,0.000,0,,,,,,GLOBAL,1.000,clear,0,20.7,127,10.063,0,0,-1.000,21.40,3.32,0.0277,0.0205
91.861,0.000,0,,,,,,GLOBAL,1.000,clear,0,20.7,127,10.083,0,0,-1.000,21.40,3.32,0.0479,0.0191
91.881,0.000,0,,,,,,GLOBAL,1.000,clear,0,20.7,127,10.103,0,0,-1.000,21.40,3.32,0.0429,0.0136
91.902,0.000,0,,,,,,GLOBAL,1.000,clear,0,20.7,127,10.123,0,0,-1.000,21.40,3.32,0.0374,0.0103
91.923,0.000,0,,,,,,GLOBAL,1.000,clear,0,20.7,127,10.144,0,0,-1.000,21.40,3.32,0.0343,0.0050
91.942,0.000,0,,,,,,GLOBAL,1.000,clear,0,20.7,127,10.163,0,0,-1.000,21.40,3.32,0.0277,0.0005
91.961,0.000,0,,,,,,GLOBAL,1.000,clear,0,20.7,127,10.183,0,0,-1.000,21.40,3.32,0.0474,0.0202
91.981,0.000,0,,,,,,GLOBAL,1.000,clear,0,20.7,127,10.203,0,0,-1.000,21.40,3.32,0.0431,0.0135
92.001,0.000,0,,,,,,GLOBAL,1.000,clear,0,20.7,127,10.223,0,0,-1.000,21.40,3.32,0.0374,0.0100
92.021,0.000,0,,,,,,GLOBAL,1.000,clear,0,20.7,127,10.243,0,0,-1.000,21.40,3.32,0.0331,0.0047
92.041,0.000,0,,,,,,GLOBAL,1.000,clear,0,20.7,127,10.263,0,0,-1.000,21.40,3.32,0.0292,0.0006
92.062,0.000,0,,,,,,GLOBAL,1.000,clear,0,20.7,127,10.283,0,0,-1.000,21.40,3.32,0.0494,0.0208
92.081,0.000,0,,,,,,GLOBAL,1.000,clear,0,20.7,127,10.303,0,0,-1.000,21.40,3.32,0.0434,0.0148
92.101,0.000,0,,,,,,GLOBAL,1.000,clear,0,20.7,127,10.323,0,0,-1.000,21.40,3.32,0.0374,0.0084
92.121,0.000,0,,,,,,GLOBAL,1.000,clear,0,20.7,127,10.343,0,0,-1.000,21.40,3.32,0.0334,0.0041
92.141,0.000,0,,,,,,GLOBAL,1.000,clear,0,20.7,127,10.363,0,0,-1.000,21.40,3.32,0.0259,0.0242
92.161,0.000,0,,,,,,GLOBAL,1.000,clear,0,20.7,127,10.383,0,0,-1.000,21.40,3.32,0.0459,0.0178
92.181,0.000,0,,,,,,GLOBAL,1.000,clear,0,20.7,127,10.403,0,0,-1.000,21.40,3.32,0.0435,0.0147
92.204,0.000,0,,,,,,GLOBAL,1.000,clear,0,20.7,127,10.425,0,0,-1.000,21.40,3.32,0.0401,0.0118
92.221,0.000,0,,,,,,GLOBAL,1.000,clear,0,20.7,127,10.443,0,0,-1.000,21.40,3.32,0.0337,0.0296
92.242,0.000,0,,,,,,GLOBAL,1.000,clear,0,20.7,127,10.463,0,0,-1.000,21.40,3.32,0.0544,0.0194
92.261,0.000,0,,,,,,GLOBAL,1.000,clear,0,20.7,127,10.483,0,0,-1.000,21.40,3.32,0.0494,0.0186
92.281,0.000,0,,,,,,GLOBAL,1.000,clear,0,20.7,127,10.503,0,0,-1.000,21.40,3.35,0.0422,0.0162
92.301,0.000,0,,,,,,GLOBAL,1.000,clear,0,20.7,127,10.523,0,0,-1.000,21.40,3.32,0.0390,0.0100
92.321,0.000,0,,,,,,GLOBAL,1.000,clear,0,20.7,127,10.543,0,0,-1.000,21.40,3.32,0.0340,0.0056
92.341,0.000,0,,,,,,GLOBAL,1.000,clear,0,20.7,127,10.563,0,0,-1.000,21.40,3.32,0.0300,0.0009
92.361,0.000,0,,,,,,GLOBAL,1.000,clear,0,20.7,127,10.583,0,0,-1.000,21.40,3.32,0.0500,0.0208
92.381,0.000,0,,,,,,GLOBAL,1.000,clear,0,20.7,127,10.603,0,0,-1.000,21.40,3.32,0.0440,0.0148
92.401,0.000,0,,,,,,GLOBAL,1.000,clear,0,20.7,127,10.623,0,0,-1.000,21.40,3.32,0.0380,0.0028
92.421,0.000,0,,,,,,GLOBAL,1.000,clear,0,20.7,127,10.643,0,0,-1.000,21.40,3.32,0.0334,0.0045
92.441,0.000,0,,,,,,GLOBAL,1.000,clear,0,20.7,127,10.663,0,0,-1.000,21.40,3.32,0.0301,0.0011
92.462,0.000,0,,,,,,GLOBAL,1.000,clear,0,20.7,127,10.683,0,0,-1.000,21.40,3.32,0.0249,0.0215
92.481,0.000,0,,,,,,GLOBAL,1.000,clear,0,20.7,127,10.703,0,0,-1.000,21.40,3.32,0.0445,0.0150
92.501,0.000,0,,,,,,GLOBAL,1.000,clear,0,20.7,127,10.723,0,0,-1.000,21.40,3.32,0.0403,0.0106
92.521,0.000,0,,,,,,GLOBAL,1.000,clear,0,20.7,127,10.743,0,0,-1.000,21.40,3.32,0.0345,0.0038
92.541,0.000,0,,,,,,GLOBAL,1.000,clear,0,20.7,127,10.763,0,0,-1.000,21.40,3.32,0.0304,0.0015
92.562,0.000,0,,,,,,GLOBAL,1.000,clear,0,20.7,127,10.783,0,0,-1.000,21.40,3.32,0.0251,0.0219
92.581,0.000,0,,,,,,GLOBAL,1.000,clear,0,20.7,127,10.803,0,0,-1.000,21.40,3.32,0.0447,0.0153
92.602,0.000,0,,,,,,GLOBAL,1.000,clear,0,20.7,127,10.823,0,0,-1.000,21.40,3.32,0.0408,0.0077
92.622,0.000,0,,,,,,GLOBAL,1.000,clear,0,20.7,127,10.843,0,0,-1.000,21.40,3.32,0.0351,0.0035
92.642,0.000,0,,,,,,GLOBAL,1.000,clear,0,20.7,127,10.863,0,0,-1.000,21.40,3.32,0.0310,0.0019
92.662,0.000,0,,,,,,GLOBAL,1.000,clear,0,20.7,127,10.883,0,0,-1.000,21.40,3.35,0.0256,0.0221
92.681,0.000,0,,,,,,GLOBAL,1.000,clear,0,20.7,127,10.903,0,0,-1.000,21.40,3.35,0.0451,0.0157
92.701,0.000,0,,,,,,GLOBAL,1.000,clear,0,20.7,127,10.923,0,0,-1.000,21.40,3.32,0.0410,0.0097
92.721,0.000,0,,,,,,GLOBAL,1.000,clear,0,20.7,127,10.943,0,0,-1.000,21.40,3.32,0.0351,0.0046
92.741,0.000,0,,,,,,GLOBAL,1.000,clear,0,20.7,127,10.963,0,0,-1.000,21.40,3.32,0.0311,0.0020
92.762,0.000,0,,,,,,GLOBAL,1.000,clear,0,20.7,127,10.983,0,0,-1.000,21.40,3.32,0.0514,0.0222
92.781,0.000,0,,,,,,GLOBAL,1.000,clear,0,20.7,127,11.003,0,0,-1.000,21.40,3.32,0.0454,0.0140
92.801,0.000,0,,,,,,GLOBAL,1.000,clear,0,20.7,127,11.023,0,0,-1.000,21.40,3.32,0.0411,0.0106
92.821,0.000,0,,,,,,GLOBAL,1.000,clear,0,20.7,127,11.043,0,0,-1.000,21.40,3.32,0.0355,0.0081
92.841,0.000,0,,,,,,GLOBAL,1.000,clear,0,20.7,127,11.063,0,0,-1.000,21.40,3.32,0.0313,0.0028
92.861,0.000,0,,,,,,GLOBAL,1.000,clear,0,20.7,127,11.083,0,0,-1.000,21.40,3.32,0.0258,0.0227
92.881,0.000,0,,,,,,GLOBAL,1.000,clear,0,20.7,127,11.103,0,0,-1.000,21.40,3.32,0.0458,0.0186
92.901,0.000,0,,,,,,GLOBAL,1.000,clear,0,20.7,127,11.123,0,0,-1.000,21.40,3.32,0.0416,0.0104
92.921,0.000,0,,,,,,GLOBAL,1.000,clear,0,20.7,127,11.143,0,0,-1.000,21.40,3.32,0.0358,0.0076
92.942,0.000,0,,,,,,GLOBAL,1.000,clear,0,20.7,127,11.163,0,0,-1.000,21.40,3.32,0.0319,0.0014
92.962,0.000,0,,,,,,GLOBAL,1.000,clear,0,20.7,127,11.183,0,0,-1.000,21.40,3.35,0.0260,0.0218
92.981,0.000,0,,,,,,GLOBAL,1.000,clear,0,20.7,127,11.203,0,0,-1.000,21.40,3.35,0.0453,0.0169
93.001,0.000,0,,,,,,GLOBAL,1.000,clear,0,20.7,127,11.223,0,0,-1.000,21.40,3.32,0.0407,0.0135
93.022,0.000,0,,,,,,GLOBAL,1.000,clear,0,20.7,127,11.243,0,0,-1.000,21.40,3.32,0.0347,0.0038
93.042,0.000,0,,,,,,GLOBAL,1.000,clear,0,20.7,127,11.263,0,0,-1.000,21.40,3.32,0.0259,0.0016
93.062,0.000,0,,,,,,GLOBAL,1.000,clear,0,20.7,127,11.283,0,0,-1.000,21.40,3.32,0.0266,0.0217
93.081,0.000,0,,,,,,GLOBAL,1.000,clear,0,20.7,127,11.303,0,0,-1.000,21.40,3.32,0.0463,0.0164
93.101,0.000,0,,,,,,GLOBAL,1.000,clear,0,20.7,127,11.323,0,0,-1.000,21.40,3.32,0.0422,0.0083
93.122,0.000,0,,,,,,GLOBAL,1.000,clear,0,20.7,127,11.343,0,0,-1.000,21.40,3.32,0.0369,0.0082
93.141,0.000,0,,,,,,GLOBAL,1.000,clear,0,20.7,127,11.363,0,0,-1.000,21.40,3.32,0.0323,0.0040
93.161,0.000,0,,,,,,GLOBAL,1.000,clear,0,20.7,127,11.383,0,0,-1.000,21.40,3.32,0.0266,0.0240
93.181,0.000,0,,,,,,GLOBAL,1.000,clear,0,20.7,127,11.403,0,0,-1.000,21.40,3.32,0.0468,0.0194
93.201,0.000,0,,,,,,GLOBAL,1.000,clear,0,20.7,127,11.423,0,0,-1.000,21.40,3.32,0.0427,0.0134
93.221,0.000,0,,,,,,GLOBAL,1.000,clear,0,20.7,127,11.443,0,0,-1.000,21.40,3.32,0.0369,0.0079
93.241,0.000,0,,,,,,GLOBAL,1.000,clear,0,20.7,127,11.463,0,0,-1.000,21.40,3.32,0.0328,0.0033
93.266,0.000,0,,,,,,GLOBAL,1.000,clear,0,20.7,127,11.487,0,0,-1.000,21.40,3.32,0.0313,0.0275
93.281,0.000,0,,,,,,GLOBAL,1.000,clear,0,20.7,127,11.503,0,0,-1.000,21.40,3.32,0.0471,0.0140
93.301,0.000,0,,,,,,GLOBAL,1.000,clear,0,20.7,127,11.523,0,0,-1.000,21.40,3.32,0.0430,0.0119
93.322,0.000,0,,,,,,GLOBAL,1.000,clear,0,20.7,127,11.543,0,0,-1.000,21.40,3.32,0.0378,0.0082
93.341,0.000,0,,,,,,GLOBAL,1.000,clear,0,20.7,127,11.563,0,0,-1.000,21.40,3.32,0.0302,0.0276
93.361,0.000,0,,,,,,GLOBAL,1.000,clear,0,20.7,127,11.583,0,0,-1.000,21.40,3.32,0.0273,0.0191
93.381,0.000,0,,,,,,GLOBAL,1.000,clear,0,20.7,127,11.603,0,0,-1.000,21.40,3.32,0.0473,0.0173
93.401,0.000,0,,,,,,GLOBAL,1.000,clear,0,20.7,127,11.623,0,0,-1.000,21.40,3.32,0.0432,0.0140
93.421,0.000,0,,,,,,GLOBAL,1.000,clear,0,20.7,127,11.643,0,0,-1.000,21.40,3.32,0.0373,0.0085
93.442,0.000,0,,,,,,GLOBAL,1.000,clear,0,20.7,127,11.663,0,0,-1.000,21.40,3.32,0.0316,0.0051
93.462,0.000,0,,,,,,GLOBAL,1.000,clear,0,20.7,127,11.684,0,0,-1.000,21.40,3.32,0.0282,0.0258
93.481,0.000,0,,,,,,GLOBAL,1.000,clear,0,20.7,127,11.703,0,0,-1.000,21.40,3.32,0.0474,0.0188
93.501,0.000,0,,,,,,GLOBAL,1.000,clear,0,20.7,127,11.723,0,0,-1.000,21.40,3.32,0.0433,0.0148
93.521,0.000,0,,,,,,GLOBAL,1.000,clear,0,20.7,127,11.743,0,0,-1.000,21.40,3.32,0.0376,0.0089
93.542,0.000,0,,,,,,GLOBAL,1.000,clear,0,20.7,127,11.763,0,0,-1.000,21.40,3.32,0.0324,0.0045
93.562,0.000,0,,,,,,GLOBAL,1.000,clear,0,20.7,127,11.783,0,0,-1.000,21.40,3.35,0.0281,0.0243
93.581,0.000,0,,,,,,GLOBAL,1.000,clear,0,20.7,127,11.803,0,0,-1.000,21.40,3.35,0.0479,0.0184
93.601,0.000,0,,,,,,GLOBAL,1.000,clear,0,20.7,127,11.823,0,0,-1.000,21.40,3.32,0.0422,0.0146
93.621,0.000,0,,,,,,GLOBAL,1.000,clear,0,20.7,127,11.843,0,0,-1.000,21.40,3.35,0.0379,0.0088
93.642,0.000,0,,,,,,GLOBAL,1.000,clear,0,20.7,127,11.863,0,0,-1.000,21.40,3.35,0.0323,0.0057
93.661,0.000,0,,,,,,GLOBAL,1.000,clear,0,20.7,127,11.883,0,0,-1.000,21.40,3.32,0.0280,0.0255
93.681,0.000,0,,,,,,GLOBAL,1.000,clear,0,20.7,127,11.903,0,0,-1.000,21.40,3.32,0.0480,0.0191
93.701,0.000,0,,,,,,GLOBAL,1.000,clear,0,20.7,127,11.923,0,0,-1.000,21.40,3.32,0.0412,0.0141
93.721,0.000,0,,,,,,GLOBAL,1.000,clear,0,20.7,127,11.943,0,0,-1.000,21.40,3.32,0.0357,0.0082
93.742,0.000,0,,,,,,GLOBAL,1.000,clear,0,20.7,127,11.963,0,0,-1.000,21.40,3.32,0.0304,0.0034
93.762,0.000,0,,,,,,GLOBAL,1.000,clear,0,20.7,127,11.983,0,0,-1.000,21.40,3.32,0.0251,0.0234
93.781,0.000,0,,,,,,GLOBAL,1.000,clear,0,20.7,127,12.003,0,0,-1.000,21.40,3.32,0.0450,0.0178
93.801,0.000,0,,,,,,GLOBAL,1.000,clear,0,20.7,127,12.023,0,0,-1.000,21.40,3.32,0.0409,0.0141
93.821,0.000,0,,,,,,GLOBAL,1.000,clear,0,20.7,127,12.043,0,0,-1.000,21.40,3.32,0.0352,0.0031
93.841,0.000,0,,,,,,GLOBAL,1.000,clear,0,20.7,127,12.063,0,0,-1.000,21.40,3.32,0.0326,0.0031
93.862,0.000,0,,,,,,GLOBAL,1.000,clear,0,20.7,127,12.083,0,0,-1.000,21.40,3.32,0.0293,0.0236
93.881,0.000,0,,,,,,GLOBAL,1.000,clear,0,20.7,127,12.103,0,0,-1.000,21.40,3.32,0.0489,0.0192
93.901,0.000,0,,,,,,GLOBAL,1.000,clear,0,20.7,127,12.123,0,0,-1.000,21.40,3.35,0.0430,0.0132
93.921,0.000,0,,,,,,GLOBAL,1.000,clear,0,20.7,127,12.143,0,0,-1.000,21.40,3.32,0.0387,0.0099
93.942,0.000,0,,,,,,GLOBAL,1.000,clear,0,20.7,127,12.163,0,0,-1.000,21.40,3.32,0.0334,0.0301
93.961,0.000,0,,,,,,GLOBAL,1.000,clear,0,20.7,127,12.183,0,0,-1.000,21.40,3.32,0.0290,0.0185
93.981,0.000,0,,,,,,GLOBAL,1.000,clear,0,20.7,127,12.203,0,0,-1.000,21.40,3.32,0.0490,0.0162
94.001,0.000,0,,,,,,GLOBAL,1.000,clear,0,20.7,127,12.223,0,0,-1.000,21.40,3.32,0.0420,0.0139
94.021,0.000,0,,,,,,GLOBAL,1.000,clear,0,20.7,127,12.243,0,0,-1.000,21.40,3.32,0.0392,0.0022
94.042,0.000,0,,,,,,GLOBAL,1.000,clear,0,20.7,127,12.263,0,0,-1.000,21.40,3.32,0.0313,0.0010
94.062,0.000,0,,,,,,GLOBAL,1.000,clear,0,20.7,127,12.283,0,0,-1.000,21.40,3.32,0.0296,0.0209
94.081,0.000,0,,,,,,GLOBAL,1.000,clear,0,20.7,127,12.303,0,0,-1.000,21.40,3.32,0.0494,0.0166
94.101,0.000,0,,,,,,GLOBAL,1.000,clear,0,20.7,127,12.323,0,0,-1.000,21.40,3.32,0.0436,0.0167
94.121,0.000,0,,,,,,GLOBAL,1.000,clear,0,20.7,127,12.343,0,0,-1.000,21.40,3.32,0.0379,0.0106
94.142,0.000,0,,,,,,GLOBAL,1.000,clear,0,20.7,127,12.363,0,0,-1.000,21.40,3.32,0.0345,0.0040
94.161,0.000,0,,,,,,GLOBAL,1.000,clear,0,20.7,127,12.383,0,0,-1.000,21.40,3.35,0.0292,0.0015
94.181,0.000,0,,,,,,GLOBAL,1.000,clear,0,20.7,127,12.403,0,0,-1.000,21.40,3.35,0.0490,0.0214
94.201,0.000,0,,,,,,GLOBAL,1.000,clear,0,20.7,127,12.423,0,0,-1.000,21.40,3.32,0.0440,0.0163
94.221,0.000,0,,,,,,GLOBAL,1.000,clear,0,20.7,127,12.443,0,0,-1.000,21.40,3.32,0.0399,0.0115
94.241,0.000,0,,,,,,GLOBAL,1.000,clear,0,20.7,127,12.463,0,0,-1.000,21.40,3.32,0.0342,0.0067
94.262,0.000,0,,,,,,GLOBAL,1.000,clear,0,20.7,127,12.483,0,0,-1.000,21.40,3.32,0.0307,0.0008
94.282,0.000,0,,,,,,GLOBAL,1.000,clear,0,20.7,127,12.504,0,0,-1.000,21.40,3.32,0.0252,0.0210
94.301,0.000,0,,,,,,GLOBAL,1.000,clear,0,20.7,127,12.523,0,0,-1.000,21.40,3.32,0.0443,0.0148
94.321,0.000,0,,,,,,GLOBAL,1.000,clear,0,20.7,127,12.543,0,0,-1.000,21.40,3.35,0.0402,0.0075
94.342,0.000,0,,,,,,GLOBAL,1.000,clear,0,20.7,127,12.563,0,0,-1.000,21.40,3.35,0.0348,0.0027
94.361,0.000,0,,,,,,GLOBAL,1.000,clear,0,20.7,127,12.583,0,0,-1.000,21.40,3.32,0.0302,0.0008
94.382,0.000,0,,,,,,GLOBAL,1.000,clear,0,20.7,127,12.603,0,0,-1.000,21.40,3.32,0.0245,0.0215
94.401,0.000,0,,,,,,GLOBAL,1.000,clear,0,20.7,127,12.623,0,0,-1.000,21.40,3.32,0.0438,0.0153
94.421,0.000,0,,,,,,GLOBAL,1.000,clear,0,20.7,127,12.643,0,0,-1.000,21.40,3.32,0.0407,0.0110
94.441,0.000,0,,,,,,GLOBAL,1.000,clear,0,20.7,127,12.663,0,0,-1.000,21.40,3.32,0.0351,0.0041
94.462,0.000,0,,,,,,GLOBAL,1.000,clear,0,20.7,127,12.683,0,0,-1.000,21.40,3.32,0.0311,0.0015
94.486,0.000,0,,,,,,GLOBAL,1.000,clear,0,20.7,127,12.707,0,0,-1.000,21.40,3.32,0.0294,0.0259
94.501,0.000,0,,,,,,GLOBAL,1.000,clear,0,20.7,127,12.723,0,0,-1.000,21.40,3.32,0.0448,0.0150
94.521,0.000,0,,,,,,GLOBAL,1.000,clear,0,20.7,127,12.743,0,0,-1.000,21.40,3.32,0.0405,0.0121
94.545,0.000,0,,,,,,GLOBAL,1.000,clear,0,20.7,127,12.767,0,0,-1.000,21.40,3.32,0.0393,0.0362
94.561,0.000,0,,,,,,GLOBAL,1.000,clear,0,20.7,127,12.783,0,0,-1.000,21.40,3.32,0.0299,0.0017
94.599,0.000,0,,,,,,GLOBAL,1.000,clear,0,20.7,127,12.821,0,0,-1.000,21.40,3.32,0.0681,0.0399
94.601,0.000,0,,,,,,GLOBAL,1.000,clear,0,20.7,127,12.823,0,0,-1.000,21.40,3.32,0.0455,0.0014
94.621,0.000,0,,,,,,GLOBAL,1.000,clear,0,20.7,127,12.843,0,0,-1.000,21.40,3.32,0.0414,0.0110
94.642,0.000,0,,,,,,GLOBAL,1.000,clear,0,20.7,127,12.863,0,0,-1.000,21.40,3.32,0.0359,0.0052
94.661,0.000,0,,,,,,GLOBAL,1.000,clear,0,20.7,127,12.883,0,0,-1.000,21.40,3.32,0.0281,0.0019
94.682,0.000,0,,,,,,GLOBAL,1.000,clear,0,20.7,127,12.903,0,0,-1.000,21.40,3.32,0.0484,0.0223
94.701,0.000,0,,,,,,GLOBAL,1.000,clear,0,20.7,127,12.923,0,0,-1.000,21.40,3.32,0.0454,0.0135
94.722,0.000,0,,,,,,GLOBAL,1.000,clear,0,20.7,127,12.944,0,0,-1.000,21.40,3.32,0.0393,0.0021
94.741,0.000,0,,,,,,GLOBAL,1.000,clear,0,20.7,127,12.963,0,0,-1.000,21.40,3.32,0.0359,0.0018
94.761,0.000,0,,,,,,GLOBAL,1.000,clear,0,20.7,127,12.983,0,0,-1.000,21.40,3.32,0.0317,0.0219
94.782,0.000,0,,,,,,GLOBAL,1.000,clear,0,20.7,127,13.004,0,0,-1.000,21.40,3.32,0.0527,0.0163
94.802,0.000,0,,,,,,GLOBAL,1.000,clear,0,20.7,127,13.024,0,0,-1.000,21.40,3.32,0.0468,0.0180
94.822,0.000,0,,,,,,GLOBAL,1.000,clear,0,20.7,127,13.043,0,0,-1.000,21.40,3.32,0.0420,0.0108
94.842,0.000,0,,,,,,GLOBAL,1.000,clear,0,20.7,127,13.063,0,0,-1.000,21.40,3.32,0.0362,0.0020
94.861,0.000,0,,,,,,GLOBAL,1.000,clear,0,20.7,127,13.083,0,0,-1.000,21.40,3.32,0.0301,0.0014
94.881,0.000,0,,,,,,GLOBAL,1.000,clear,0,20.7,127,13.103,0,0,-1.000,21.40,3.35,0.0260,0.0214
94.902,0.000,0,,,,,,GLOBAL,1.000,clear,0,20.7,127,13.123,0,0,-1.000,21.40,3.35,0.0466,0.0179
94.921,0.000,0,,,,,,GLOBAL,1.000,clear,0,20.7,127,13.143,0,0,-1.000,21.40,3.35,0.0419,0.0133
94.943,0.000,0,,,,,,GLOBAL,1.000,clear,0,20.7,127,13.164,0,0,-1.000,21.40,3.32,0.0375,0.0069
94.961,0.000,0,,,,,,GLOBAL,1.000,clear,0,20.7,127,13.183,0,0,-1.000,21.40,3.32,0.0322,0.0256
94.981,0.000,0,,,,,,GLOBAL,1.000,clear,0,20.7,127,13.203,0,0,-1.000,21.40,3.32,0.0233,0.0197
95.001,0.000,0,,,,,,GLOBAL,1.000,clear,0,20.7,127,13.223,0,0,-1.000,21.40,3.32,0.0434,0.0153
95.021,0.000,0,,,,,,GLOBAL,1.000,clear,0,20.7,127,13.243,0,0,-1.000,21.40,3.32,0.0424,0.0045
95.041,0.000,0,,,,,,GLOBAL,1.000,clear,0,20.7,127,13.263,0,0,-1.000,21.40,3.32,0.0369,0.0038
95.061,0.000,0,,,,,,GLOBAL,1.000,clear,0,20.7,127,13.283,0,0,-1.000,21.40,3.32,0.0327,0.0032
95.084,0.000,0,,,,,,GLOBAL,1.000,clear,0,20.7,127,13.305,0,0,-1.000,21.40,3.32,0.0292,0.0256
95.101,0.000,0,,,,,,GLOBAL,1.000,clear,0,20.7,127,13.323,0,0,-1.000,21.40,3.35,0.0469,0.0166
95.121,0.000,0,,,,,,GLOBAL,1.000,clear,0,20.7,127,13.343,0,0,-1.000,21.40,3.35,0.0427,0.0124
95.142,0.000,0,,,,,,GLOBAL,1.000,clear,0,20.7,127,13.363,0,0,-1.000,21.40,3.35,0.0391,0.0011
95.161,0.000,0,,,,,,GLOBAL,1.000,clear,0,20.7,127,13.383,0,0,-1.000,21.40,3.35,0.0329,0.0039
95.188,0.000,0,,,,,,GLOBAL,1.000,clear,0,20.7,127,13.409,0,0,-1.000,21.40,3.32,0.0593,0.0303
95.201,0.000,0,,,,,,GLOBAL,1.000,clear,0,20.7,127,13.423,0,0,-1.000,21.40,3.32,0.0488,0.0129
95.221,0.000,0,,,,,,GLOBAL,1.000,clear,0,20.7,127,13.443,0,0,-1.000,21.40,3.32,0.0431,0.0150
95.241,0.000,0,,,,,,GLOBAL,1.000,clear,0,20.7,127,13.463,0,0,-1.000,21.40,3.32,0.0389,0.0083
95.262,0.000,0,,,,,,GLOBAL,1.000,clear,0,20.7,127,13.483,0,0,-1.000,21.40,3.32,0.0340,0.0059
95.282,0.000,0,,,,,,GLOBAL,1.000,clear,0,20.7,127,13.503,0,0,-1.000,21.40,3.32,0.0279,0.0257
95.301,0.000,0,,,,,,GLOBAL,1.000,clear,0,20.7,127,13.523,0,0,-1.000,21.40,3.35,0.0474,0.0175
95.322,0.000,0,,,,,,GLOBAL,1.000,clear,0,20.7,127,13.543,0,0,-1.000,21.40,3.35,0.0437,0.0160
95.341,0.000,0,,,,,,GLOBAL,1.000,clear,0,20.7,127,13.563,0,0,-1.000,21.40,3.35,0.0383,0.0082
95.361,0.000,0,,,,,,GLOBAL,1.000,clear,0,20.7,127,13.583,0,0,-1.000,21.40,3.32,0.0337,0.0024
95.381,0.000,0,,,,,,GLOBAL,1.000,clear,0,20.7,127,13.603,0,0,-1.000,21.40,3.32,0.0295,0.0223
95.401,0.000,0,,,,,,GLOBAL,1.000,clear,0,20.7,127,13.623,0,0,-1.000,21.40,3.32,0.0495,0.0178
95.422,0.000,0,,,,,,GLOBAL,1.000,clear,0,20.7,127,13.643,0,0,-1.000,21.40,3.32,0.0444,0.0153
95.441,0.000,0,,,,,,GLOBAL,1.000,clear,0,20.7,127,13.663,0,0,-1.000,21.40,3.32,0.0397,0.0106
95.461,0.000,0,,,,,,GLOBAL,1.000,clear,0,20.7,127,13.683,0,0,-1.000,21.40,3.35,0.0340,0.0062
95.482,0.000,0,,,,,,GLOBAL,1.000,clear,0,20.7,127,13.703,0,0,-1.000,21.40,3.35,0.0283,0.0006
95.501,0.000,0,,,,,,GLOBAL,1.000,clear,0,20.7,127,13.723,0,0,-1.000,21.40,3.32,0.0479,0.0203
95.521,0.000,0,,,,,,GLOBAL,1.000,clear,0,20.7,127,13.743,0,0,-1.000,21.40,3.32,0.0425,0.0171
95.542,0.000,0,,,,,,GLOBAL,1.000,clear,0,20.7,127,13.764,0,0,-1.000,21.40,3.32,0.0390,0.0100
95.562,0.000,0,,,,,,GLOBAL,1.000,clear,0,20.7,127,13.783,0,0,-1.000,21.40,3.32,0.0346,0.0068
95.581,0.000,0,,,,,,GLOBAL,1.000,clear,0,20.7,127,13.803,0,0,-1.000,21.40,3.32,0.0295,0.0011
95.602,0.000,0,,,,,,GLOBAL,1.000,clear,0,20.7,127,13.824,0,0,-1.000,21.40,3.32,0.0253,0.0220
95.621,0.000,0,,,,,,GLOBAL,1.000,clear,0,20.7,127,13.843,0,0,-1.000,21.40,3.32,0.0445,0.0162
95.641,0.000,0,,,,,,GLOBAL,1.000,clear,0,20.7,127,13.863,0,0,-1.000,21.40,3.32,0.0403,0.0117
95.661,0.000,0,,,,,,GLOBAL,1.000,clear,0,20.7,127,13.883,0,0,-1.000,21.40,3.35,0.0345,0.0056
95.681,0.000,0,,,,,,GLOBAL,1.000,clear,0,20.7,127,13.903,0,0,-1.000,21.40,3.35,0.0299,0.0017
95.702,0.000,0,,,,,,GLOBAL,1.000,clear,0,20.7,127,13.924,0,0,-1.000,21.40,3.32,0.0250,0.0226
95.722,0.000,0,,,,,,GLOBAL,1.000,clear,0,20.7,127,13.943,0,0,-1.000,21.40,3.35,0.0443,0.0180
95.742,0.000,0,,,,,,GLOBAL,1.000,clear,0,20.7,127,13.963,0,0,-1.000,21.40,3.35,0.0411,0.0122
95.762,0.000,0,,,,,,GLOBAL,1.000,clear,0,20.7,127,13.983,0,0,-1.000,21.40,3.32,0.0350,0.0063
95.781,0.000,0,,,,,,GLOBAL,1.000,clear,0,20.7,127,14.003,0,0,-1.000,21.40,3.32,0.0306,0.0018
95.804,0.000,0,,,,,,GLOBAL,1.000,clear,0,20.7,127,14.025,0,0,-1.000,21.40,3.32,0.0530,0.0241
95.821,0.000,0,,,,,,GLOBAL,1.000,clear,0,20.7,127,14.043,0,0,-1.000,21.40,3.32,0.0450,0.0148
95.842,0.000,0,,,,,,GLOBAL,1.000,clear,0,20.7,127,14.063,0,0,-1.000,21.40,3.32,0.0411,0.0036
95.861,0.000,0,,,,,,GLOBAL,1.000,clear,0,20.7,127,14.083,0,0,-1.000,21.40,3.32,0.0352,0.0047
95.882,0.000,0,,,,,,GLOBAL,1.000,clear,0,20.7,127,14.103,0,0,-1.000,21.40,3.32,0.0313,0.0015
95.901,0.000,0,,,,,,GLOBAL,1.000,clear,0,20.7,127,14.123,0,0,-1.000,21.40,3.35,0.0210,0.0214
95.921,0.000,0,,,,,,GLOBAL,1.000,clear,0,20.7,127,14.143,0,0,-1.000,21.40,3.35,0.0409,0.0178
95.941,0.000,0,,,,,,GLOBAL,1.000,clear,0,20.7,127,14.163,0,0,-1.000,21.40,3.35,0.0411,0.0113
95.961,0.000,0,,,,,,GLOBAL,1.000,clear,0,20.7,127,14.183,0,0,-1.000,21.40,3.32,0.0356,0.0048
95.981,0.000,0,,,,,,GLOBAL,1.000,clear,0,20.7,127,14.203,0,0,-1.000,21.40,3.32,0.0314,0.0029
96.001,0.000,0,,,,,,GLOBAL,1.000,clear,0,20.7,127,14.223,0,0,-1.000,21.40,3.32,0.0256,0.0228
96.021,0.000,0,,,,,,GLOBAL,1.000,clear,0,20.7,127,14.243,0,0,-1.000,21.40,3.32,0.0457,0.0169
96.041,0.000,0,,,,,,GLOBAL,1.000,clear,0,20.7,127,14.263,0,0,-1.000,21.40,3.32,0.0401,0.0132
96.062,0.000,0,,,,,,GLOBAL,1.000,clear,0,20.7,127,14.283,0,0,-1.000,21.40,3.32,0.0363,0.0079
96.082,0.000,0,,,,,,GLOBAL,1.000,clear,0,20.7,127,14.303,0,0,-1.000,21.40,3.32,0.0307,0.0015
96.101,0.000,0,,,,,,GLOBAL,1.000,clear,0,20.7,127,14.323,0,0,-1.000,21.40,3.32,0.0275,0.0211
96.121,0.000,0,,,,,,GLOBAL,1.000,clear,0,20.7,127,14.343,0,0,-1.000,21.40,3.32,0.0474,0.0186
96.141,0.000,0,,,,,,GLOBAL,1.000,clear,0,20.7,127,14.363,0,0,-1.000,21.40,3.35,0.0417,0.0144
96.161,0.000,0,,,,,,GLOBAL,1.000,clear,0,20.7,127,14.383,0,0,-1.000,21.40,3.35,0.0380,0.0058
96.182,0.000,0,,,,,,GLOBAL,1.000,clear,0,20.7,127,14.404,0,0,-1.000,21.40,3.32,0.0311,0.0046
96.201,0.000,0,,,,,,GLOBAL,1.000,clear,0,20.7,127,14.423,0,0,-1.000,21.40,3.32,0.0269,0.0236
96.221,0.000,0,,,,,,GLOBAL,1.000,clear,0,20.7,127,14.443,0,0,-1.000,21.40,3.32,0.0470,0.0185
96.242,0.000,0,,,,,,GLOBAL,1.000,clear,0,20.7,127,14.463,0,0,-1.000,21.40,3.32,0.0421,0.0153
96.261,0.000,0,,,,,,GLOBAL,1.000,clear,0,20.7,127,14.483,0,0,-1.000,21.40,3.32,0.0381,0.0072
96.281,0.000,0,,,,,,GLOBAL,1.000,clear,0,20.7,127,14.503,0,0,-1.000,21.40,3.32,0.0325,0.0040
96.301,0.000,0,,,,,,GLOBAL,1.000,clear,0,20.7,127,14.523,0,0,-1.000,21.40,3.32,0.0273,0.0239
96.322,0.000,0,,,,,,GLOBAL,1.000,clear,0,20.7,127,14.544,0,0,-1.000,21.40,3.35,0.0481,0.0194
96.341,0.000,0,,,,,,GLOBAL,1.000,clear,0,20.7,127,14.563,0,0,-1.000,21.40,3.35,0.0426,0.0085
96.361,0.000,0,,,,,,GLOBAL,1.000,clear,0,20.7,127,14.583,0,0,-1.000,21.40,3.35,0.0352,0.0074
96.382,0.000,0,,,,,,GLOBAL,1.000,clear,0,20.7,127,14.604,0,0,-1.000,21.40,3.32,0.0333,0.0046
96.403,0.000,0,,,,,,GLOBAL,1.000,clear,0,20.7,127,14.624,0,0,-1.000,21.40,3.32,0.0540,0.0253
96.422,0.000,0,,,,,,GLOBAL,1.000,clear,0,20.7,127,14.643,0,0,-1.000,21.40,3.32,0.0473,0.0175
96.441,0.000,0,,,,,,GLOBAL,1.000,clear,0,20.7,127,14.663,0,0,-1.000,21.40,3.32,0.0428,0.0133
96.462,0.000,0,,,,,,GLOBAL,1.000,clear,0,20.7,127,14.683,0,0,-1.000,21.40,3.32,0.0368,0.0050
96.482,0.000,0,,,,,,GLOBAL,1.000,clear,0,20.7,127,14.704,0,0,-1.000,21.40,3.32,0.0319,0.0049
96.502,0.000,0,,,,,,GLOBAL,1.000,clear,0,20.7,127,14.723,0,0,-1.000,21.40,3.32,0.0290,0.0007
96.521,0.000,0,,,,,,GLOBAL,1.000,clear,0,20.7,127,14.743,0,0,-1.000,21.40,3.32,0.0488,0.0205
96.541,0.000,0,,,,,,GLOBAL,1.000,clear,0,20.7,127,14.763,0,0,-1.000,21.40,3.32,0.0431,0.0149
96.562,0.000,0,,,,,,GLOBAL,1.000,clear,0,20.7,127,14.783,0,0,-1.000,21.40,3.32,0.0362,0.0074
96.581,0.000,0,,,,,,GLOBAL,1.000,clear,0,20.7,127,14.803,0,0,-1.000,21.40,3.32,0.0333,0.0059
96.602,0.000,0,,,,,,GLOBAL,1.000,clear,0,20.7,127,14.823,0,0,-1.000,21.40,3.35,0.0275,0.0006
96.622,0.000,0,,,,,,GLOBAL,1.000,clear,0,20.7,127,14.844,0,0,-1.000,21.40,3.32,0.0485,0.0216
96.642,0.000,0,,,,,,GLOBAL,1.000,clear,0,20.7,127,14.863,0,0,-1.000,21.40,3.32,0.0454,0.0160
96.661,0.000,0,,,,,,GLOBAL,1.000,clear,0,20.7,127,14.883,0,0,-1.000,21.40,3.32,0.0376,0.0103
96.681,0.000,0,,,,,,GLOBAL,1.000,clear,0,20.7,127,14.903,0,0,-1.000,21.40,3.32,0.0354,0.0052
96.703,0.000,0,,,,,,GLOBAL,1.000,clear,0,20.7,127,14.924,0,0,-1.000,21.40,3.32,0.0311,0.0017
96.722,0.000,0,,,,,,GLOBAL,1.000,clear,0,20.7,127,14.943,0,0,-1.000,21.40,3.32,0.0499,0.0204
96.743,0.000,0,,,,,,GLOBAL,1.000,clear,0,20.7,127,14.964,0,0,-1.000,21.40,3.32,0.0469,0.0168
96.762,0.000,0,,,,,,GLOBAL,1.000,clear,0,20.7,127,14.983,0,0,-1.000,21.40,3.32,0.0377,0.0113
96.786,0.000,0,,,,,,GLOBAL,1.000,clear,0,20.7,127,15.007,0,0,-1.000,21.40,3.32,0.0403,0.0112
96.802,0.000,0,,,,,,GLOBAL,1.000,clear,0,20.7,127,15.023,0,0,-1.000,21.40,3.32,0.0287,0.0034
96.822,0.000,0,,,,,,GLOBAL,1.000,clear,0,20.7,127,15.044,0,0,-1.000,21.40,3.32,0.0491,0.0238
96.841,0.000,0,,,,,,GLOBAL,1.000,clear,0,20.7,127,15.063,0,0,-1.000,21.40,3.32,0.0456,0.0107
96.862,0.000,0,,,,,,GLOBAL,1.000,clear,0,20.7,127,15.083,0,0,-1.000,21.40,3.32,0.0402,0.0128
96.881,0.000,0,,,,,,GLOBAL,1.000,clear,0,20.7,127,15.103,0,0,-1.000,21.40,3.32,0.0361,0.0062
96.901,0.000,0,,,,,,GLOBAL,1.000,clear,0,20.7,127,15.123,0,0,-1.000,21.40,3.32,0.0279,0.0024
96.927,0.000,0,,,,,,GLOBAL,1.000,clear,0,20.7,127,15.148,0,0,-1.000,21.40,3.32,0.0534,0.0280
96.942,0.000,0,,,,,,GLOBAL,1.000,clear,0,20.7,127,15.163,0,0,-1.000,21.40,3.32,0.0466,0.0144
96.962,0.000,0,,,,,,GLOBAL,1.000,clear,0,20.7,127,15.183,0,0,-1.000,21.40,3.32,0.0404,0.0108
96.983,0.000,0,,,,,,GLOBAL,1.000,clear,0,20.7,127,15.205,0,0,-1.000,21.40,3.32,0.0366,0.0089
97.002,0.000,0,,,,,,GLOBAL,1.000,clear,0,20.7,127,15.223,0,0,-1.000,21.40,3.32,0.0308,0.0030
97.022,0.000,0,,,,,,GLOBAL,1.000,clear,0,20.7,127,15.243,0,0,-1.000,21.40,3.32,0.0271,0.0235
97.043,0.000,0,,,,,,GLOBAL,1.000,clear,0,20.7,127,15.264,0,0,-1.000,21.40,3.32,0.0479,0.0166
97.062,0.000,0,,,,,,GLOBAL,1.000,clear,0,20.7,127,15.283,0,0,-1.000,21.40,3.32,0.0413,0.0140
97.083,0.000,0,,,,,,GLOBAL,1.000,clear,0,20.7,127,15.305,0,0,-1.000,21.40,3.32,0.0385,0.0096
97.102,0.000,0,,,,,,GLOBAL,1.000,clear,0,20.7,127,15.323,0,0,-1.000,21.40,3.32,0.0312,0.0280
97.122,0.000,0,,,,,,GLOBAL,1.000,clear,0,20.7,127,15.343,0,0,-1.000,21.40,3.32,0.0512,0.0196
97.142,0.000,0,,,,,,GLOBAL,1.000,clear,0,20.7,127,15.363,0,0,-1.000,21.40,3.32,0.0467,0.0106
97.168,0.000,0,,,,,,GLOBAL,1.000,clear,0,20.7,127,15.389,0,0,-1.000,21.40,3.32,0.0476,0.0145
97.186,0.000,0,,,,,,GLOBAL,1.000,clear,0,20.7,127,15.408,0,0,-1.000,21.40,3.32,0.0418,0.0089
97.202,0.000,0,,,,,,GLOBAL,1.000,clear,0,20.7,127,15.423,0,0,-1.000,21.40,3.32,0.0313,0.0245
97.222,0.000,0,,,,,,GLOBAL,1.000,clear,0,20.7,127,15.443,0,0,-1.000,21.40,3.32,0.0277,0.0166
97.242,0.000,0,,,,,,GLOBAL,1.000,clear,0,20.7,127,15.463,0,0,-1.000,21.40,3.32,0.0478,0.0189
97.264,0.000,0,,,,,,GLOBAL,1.000,clear,0,20.7,127,15.485,0,0,-1.000,21.40,3.32,0.0452,0.0154
97.307,0.000,0,,,,,,GLOBAL,1.000,clear,0,20.7,127,15.529,0,0,-1.000,21.40,3.32,0.0888,0.0590
97.333,0.000,0,,,,,,GLOBAL,1.000,clear,0,20.7,127,15.555,0,0,-1.000,21.40,3.32,0.0651,0.0186
97.341,0.000,0,,,,,,GLOBAL,1.000,clear,0,20.7,127,15.563,0,0,-1.000,21.40,3.32,0.0474,0.0075
97.363,0.000,0,,,,,,GLOBAL,1.000,clear,0,20.7,127,15.584,0,0,-1.000,21.40,3.32,0.0444,0.0129
97.381,0.000,0,,,,,,GLOBAL,1.000,clear,0,20.7,127,15.603,0,0,-1.000,21.40,3.32,0.0371,0.0101
97.401,0.000,0,,,,,,GLOBAL,1.000,clear,0,20.7,127,15.623,0,0,-1.000,21.40,3.32,0.0334,0.0038
97.422,0.000,0,,,,,,GLOBAL,1.000,clear,0,20.7,127,15.643,0,0,-1.000,21.40,3.32,0.0280,0.0006
97.441,0.000,0,,,,,,GLOBAL,1.000,clear,0,20.7,127,15.663,0,0,-1.000,21.40,3.32,0.0473,0.0198
97.461,0.000,0,,,,,,GLOBAL,1.000,clear,0,20.7,127,15.683,0,0,-1.000,21.40,3.32,0.0434,0.0125
97.481,0.000,0,,,,,,GLOBAL,1.000,clear,0,20.7,127,15.703,0,0,-1.000,21.40,3.32,0.0380,0.0090
97.501,0.000,0,,,,,,GLOBAL,1.000,clear,0,20.7,127,15.723,0,0,-1.000,21.40,3.32,0.0337,0.0040
97.522,0.000,0,,,,,,GLOBAL,1.000,clear,0,20.7,127,15.743,0,0,-1.000,21.40,3.32,0.0275,0.0243
97.541,0.000,0,,,,,,GLOBAL,1.000,clear,0,20.7,127,15.763,0,0,-1.000,21.40,3.32,0.0472,0.0194
97.561,0.000,0,,,,,,GLOBAL,1.000,clear,0,20.7,127,15.783,0,0,-1.000,21.40,3.32,0.0430,0.0143
97.581,0.000,0,,,,,,GLOBAL,1.000,clear,0,20.7,127,15.803,0,0,-1.000,21.40,3.32,0.0373,0.0113
97.601,0.000,0,,,,,,GLOBAL,1.000,clear,0,20.7,127,15.823,0,0,-1.000,21.40,3.32,0.0341,0.0042
97.621,0.000,0,,,,,,GLOBAL,1.000,clear,0,20.7,127,15.843,0,0,-1.000,21.40,3.32,0.0274,0.0010
97.641,0.000,0,,,,,,GLOBAL,1.000,clear,0,20.7,127,15.863,0,0,-1.000,21.40,3.32,0.0474,0.0210
97.661,0.000,0,,,,,,GLOBAL,1.000,clear,0,20.7,127,15.883,0,0,-1.000,21.40,3.32,0.0443,0.0139
97.681,0.000,0,,,,,,GLOBAL,1.000,clear,0,20.7,127,15.903,0,0,-1.000,21.40,3.32,0.0372,0.0091
97.702,0.000,0,,,,,,GLOBAL,1.000,clear,0,20.7,127,15.923,0,0,-1.000,21.40,3.35,0.0348,0.0045
97.721,0.000,0,,,,,,GLOBAL,1.000,clear,0,20.7,127,15.943,0,0,-1.000,21.40,3.35,0.0259,0.0016
97.741,0.000,0,,,,,,GLOBAL,1.000,clear,0,20.7,127,15.963,0,0,-1.000,21.40,3.32,0.0460,0.0217
97.762,0.000,0,,,,,,GLOBAL,1.000,clear,0,20.7,127,15.983,0,0,-1.000,21.40,3.32,0.0449,0.0157
97.782,0.000,0,,,,,,GLOBAL,1.000,clear,0,20.7,127,16.003,0,0,-1.000,21.40,3.32,0.0376,0.0122
97.802,0.000,0,,,,,,GLOBAL,1.000,clear,0,20.7,127,16.023,0,0,-1.000,21.40,3.32,0.0337,0.0051
97.822,0.000,0,,,,,,GLOBAL,1.000,clear,0,20.7,127,16.043,0,0,-1.000,21.40,3.32,0.0280,0.0013
97.841,0.000,0,,,,,,GLOBAL,1.000,clear,0,20.7,127,16.063,0,0,-1.000,21.40,3.32,0.0475,0.0209
97.861,0.000,0,,,,,,GLOBAL,1.000,clear,0,20.7,127,16.083,0,0,-1.000,21.40,3.32,0.0452,0.0152
97.881,0.000,0,,,,,,GLOBAL,1.000,clear,0,20.7,127,16.103,0,0,-1.000,21.40,3.32,0.0378,0.0093
97.902,0.000,0,,,,,,GLOBAL,1.000,clear,0,20.7,127,16.124,0,0,-1.000,21.40,3.32,0.0362,0.0067
97.921,0.000,0,,,,,,GLOBAL,1.000,clear,0,20.7,127,16.143,0,0,-1.000,21.40,3.32,0.0280,0.0013
97.941,0.000,0,,,,,,GLOBAL,1.000,clear,0,20.7,127,16.163,0,0,-1.000,21.40,3.35,0.0479,0.0213
97.961,0.000,0,,,,,,GLOBAL,1.000,clear,0,20.7,127,16.183,0,0,-1.000,21.40,3.35,0.0456,0.0151
97.981,0.000,0,,,,,,GLOBAL,1.000,clear,0,20.7,127,16.203,0,0,-1.000,21.40,3.32,0.0379,0.0127
98.001,0.000,0,,,,,,GLOBAL,1.000,clear,0,20.7,127,16.223,0,0,-1.000,21.40,3.35,0.0343,0.0017
98.022,0.000,0,,,,,,GLOBAL,1.000,clear,0,20.7,127,16.243,0,0,-1.000,21.40,3.35,0.0295,0.0222
98.042,0.000,0,,,,,,GLOBAL,1.000,clear,0,20.7,127,16.264,0,0,-1.000,21.40,3.32,0.0501,0.0202
98.062,0.000,0,,,,,,GLOBAL,1.000,clear,0,20.7,127,16.283,0,0,-1.000,21.40,3.32,0.0458,0.0167
98.081,0.000,0,,,,,,GLOBAL,1.000,clear,0,20.7,127,16.303,0,0,-1.000,21.40,3.32,0.0401,0.0119
98.101,0.000,0,,,,,,GLOBAL,1.000,clear,0,20.7,127,16.323,0,0,-1.000,21.40,3.32,0.0357,0.0058
98.122,0.000,0,,,,,,GLOBAL,1.000,clear,0,20.7,127,16.343,0,0,-1.000,21.40,3.32,0.0306,0.0039
98.141,0.000,0,,,,,,GLOBAL,1.000,clear,0,20.7,127,16.363,0,0,-1.000,21.40,3.32,0.0503,0.0236
98.162,0.000,0,,,,,,GLOBAL,1.000,clear,0,20.7,127,16.383,0,0,-1.000,21.40,3.32,0.0450,0.0175
98.181,0.000,0,,,,,,GLOBAL,1.000,clear,0,20.7,127,16.403,0,0,-1.000,21.40,3.32,0.0404,0.0139
98.201,0.000,0,,,,,,GLOBAL,1.000,clear,0,20.7,127,16.423,0,0,-1.000,21.40,3.32,0.0364,0.0059
98.221,0.000,0,,,,,,GLOBAL,1.000,clear,0,20.7,127,16.443,0,0,-1.000,21.40,3.32,0.0303,0.0026
98.242,0.000,0,,,,,,GLOBAL,1.000,clear,0,20.7,127,16.464,0,0,-1.000,21.40,3.32,0.0263,0.0234
98.261,0.000,0,,,,,,GLOBAL,1.000,clear,0,20.7,127,16.483,0,0,-1.000,21.40,3.32,0.0456,0.0175
98.281,0.000,0,,,,,,GLOBAL,1.000,clear,0,20.7,127,16.503,0,0,-1.000,21.40,3.35,0.0352,0.0105
98.301,0.000,0,,,,,,GLOBAL,1.000,clear,0,20.7,127,16.523,0,0,-1.000,21.40,3.32,0.0366,0.0065
98.321,0.000,0,,,,,,GLOBAL,1.000,clear,0,20.7,127,16.543,0,0,-1.000,21.40,3.32,0.0301,0.0034
98.342,0.000,0,,,,,,GLOBAL,1.000,clear,0,20.7,127,16.564,0,0,-1.000,21.40,3.35,0.0276,0.0243
98.361,0.000,0,,,,,,GLOBAL,1.000,clear,0,20.7,127,16.583,0,0,-1.000,21.40,3.32,0.0467,0.0151
98.381,0.000,0,,,,,,GLOBAL,1.000,clear,0,20.7,127,16.603,0,0,-1.000,21.40,3.32,0.0409,0.0120
98.401,0.000,0,,,,,,GLOBAL,1.000,clear,0,20.7,127,16.623,0,0,-1.000,21.40,3.35,0.0368,0.0048
98.422,0.000,0,,,,,,GLOBAL,1.000,clear,0,20.7,127,16.643,0,0,-1.000,21.40,3.32,0.0312,0.0020
98.442,0.000,0,,,,,,GLOBAL,1.000,clear,0,20.7,127,16.663,0,0,-1.000,21.40,3.32,0.0272,0.0221
98.461,0.000,0,,,,,,GLOBAL,1.000,clear,0,20.7,127,16.683,0,0,-1.000,21.40,3.32,0.0470,0.0145
98.481,0.000,0,,,,,,GLOBAL,1.000,clear,0,20.7,127,16.703,0,0,-1.000,21.40,3.32,0.0413,0.0107
98.501,0.000,0,,,,,,GLOBAL,1.000,clear,0,20.7,127,16.723,0,0,-1.000,21.40,3.32,0.0356,0.0084
98.522,0.000,0,,,,,,GLOBAL,1.000,clear,0,20.7,127,16.743,0,0,-1.000,21.40,3.32,0.0318,0.0036
98.541,0.000,0,,,,,,GLOBAL,1.000,clear,0,20.7,127,16.763,0,0,-1.000,21.40,3.32,0.0271,0.0233
98.561,0.000,0,,,,,,GLOBAL,1.000,clear,0,20.7,127,16.783,0,0,-1.000,21.40,3.32,0.0471,0.0157
98.581,0.000,0,,,,,,GLOBAL,1.000,clear,0,20.7,127,16.803,0,0,-1.000,21.40,3.32,0.0415,0.0143
98.601,0.000,0,,,,,,GLOBAL,1.000,clear,0,20.7,127,16.823,0,0,-1.000,21.40,3.32,0.0371,0.0076
98.622,0.000,0,,,,,,GLOBAL,1.000,clear,0,20.7,127,16.843,0,0,-1.000,21.40,3.32,0.0321,0.0020
98.641,0.000,0,,,,,,GLOBAL,1.000,clear,0,20.7,127,16.863,0,0,-1.000,21.40,3.32,0.0271,0.0217
98.662,0.000,0,,,,,,GLOBAL,1.000,clear,0,20.7,127,16.883,0,0,-1.000,21.40,3.35,0.0477,0.0193
98.681,0.000,0,,,,,,GLOBAL,1.000,clear,0,20.7,127,16.903,0,0,-1.000,21.40,3.35,0.0419,0.0140
98.701,0.000,0,,,,,,GLOBAL,1.000,clear,0,20.7,127,16.923,0,0,-1.000,21.40,3.32,0.0372,0.0082
98.721,0.000,0,,,,,,GLOBAL,1.000,clear,0,20.7,127,16.943,0,0,-1.000,21.40,3.32,0.0315,0.0025
98.742,0.000,0,,,,,,GLOBAL,1.000,clear,0,20.7,127,16.963,0,0,-1.000,21.40,3.32,0.0275,0.0228
98.762,0.000,0,,,,,,GLOBAL,1.000,clear,0,20.7,127,16.983,0,0,-1.000,21.40,3.32,0.0475,0.0190
98.781,0.000,0,,,,,,GLOBAL,1.000,clear,0,20.7,127,17.003,0,0,-1.000,21.40,3.32,0.0423,0.0138
98.801,0.000,0,,,,,,GLOBAL,1.000,clear,0,20.7,127,17.023,0,0,-1.000,21.40,3.32,0.0366,0.0086
98.821,0.000,0,,,,,,GLOBAL,1.000,clear,0,20.7,127,17.043,0,0,-1.000,21.40,3.32,0.0320,0.0039
98.842,0.000,0,,,,,,GLOBAL,1.000,clear,0,20.7,127,17.063,0,0,-1.000,21.40,3.32,0.0279,0.0244
98.862,0.000,0,,,,,,GLOBAL,1.000,clear,0,20.7,127,17.083,0,0,-1.000,21.40,3.32,0.0477,0.0187
98.881,0.000,0,,,,,,GLOBAL,1.000,clear,0,20.7,127,17.103,0,0,-1.000,21.40,3.32,0.0412,0.0142
98.901,0.000,0,,,,,,GLOBAL,1.000,clear,0,20.7,127,17.123,0,0,-1.000,21.40,3.32,0.0372,0.0068
98.921,0.000,0,,,,,,GLOBAL,1.000,clear,0,20.7,127,17.143,0,0,-1.000,21.40,3.32,0.0326,0.0041
98.944,0.000,0,,,,,,GLOBAL,1.000,clear,0,20.7,127,17.166,0,0,-1.000,21.40,3.32,0.0301,0.0269
98.961,0.000,0,,,,,,GLOBAL,1.000,clear,0,20.7,127,17.183,0,0,-1.000,21.40,3.32,0.0473,0.0168
98.981,0.000,0,,,,,,GLOBAL,1.000,clear,0,20.7,127,17.203,0,0,-1.000,21.40,3.32,0.0429,0.0133
99.001,0.000,0,,,,,,GLOBAL,1.000,clear,0,20.7,127,17.223,0,0,-1.000,21.40,3.32,0.0371,0.0090
99.022,0.000,0,,,,,,GLOBAL,1.000,clear,0,20.7,127,17.243,0,0,-1.000,21.40,3.32,0.0336,0.0067
99.042,0.000,0,,,,,,GLOBAL,1.000,clear,0,20.7,127,17.263,0,0,-1.000,21.40,3.32,0.0261,0.0009
99.062,0.000,0,,,,,,GLOBAL,1.000,clear,0,20.7,127,17.283,0,0,-1.000,21.40,3.35,0.0458,0.0206
99.081,0.000,0,,,,,,GLOBAL,1.000,clear,0,20.7,127,17.303,0,0,-1.000,21.40,3.35,0.0432,0.0133
99.101,0.000,0,,,,,,GLOBAL,1.000,clear,0,20.7,127,17.323,0,0,-1.000,21.40,3.35,0.0357,0.0100
99.121,0.000,0,,,,,,GLOBAL,1.000,clear,0,20.7,127,17.343,0,0,-1.000,21.40,3.32,0.0307,0.0038
99.141,0.000,0,,,,,,GLOBAL,1.000,clear,0,20.7,127,17.363,0,0,-1.000,21.40,3.32,0.0276,0.0005
99.161,0.000,0,,,,,,GLOBAL,1.000,clear,0,20.7,127,17.383,0,0,-1.000,21.40,3.32,0.0476,0.0204
99.182,0.000,0,,,,,,GLOBAL,1.000,clear,0,20.7,127,17.403,0,0,-1.000,21.40,3.35,0.0440,0.0125
99.201,0.000,0,,,,,,GLOBAL,1.000,clear,0,20.7,127,17.423,0,0,-1.000,21.40,3.32,0.0373,0.0063
99.222,0.000,0,,,,,,GLOBAL,1.000,clear,0,20.7,127,17.443,0,0,-1.000,21.40,3.32,0.0316,0.0037
99.242,0.000,0,,,,,,GLOBAL,1.000,clear,0,20.7,127,17.463,0,0,-1.000,21.40,3.32,0.0274,0.0232
99.262,0.000,0,,,,,,GLOBAL,1.000,clear,0,20.7,127,17.483,0,0,-1.000,21.40,3.32,0.0480,0.0194
99.281,0.000,0,,,,,,GLOBAL,1.000,clear,0,20.7,127,17.503,0,0,-1.000,21.40,3.32,0.0439,0.0139
99.301,0.000,0,,,,,,GLOBAL,1.000,clear,0,20.7,127,17.523,0,0,-1.000,21.40,3.32,0.0373,0.0091
99.321,0.000,0,,,,,,GLOBAL,1.000,clear,0,20.7,127,17.543,0,0,-1.000,21.40,3.32,0.0339,0.0035
99.342,0.000,0,,,,,,GLOBAL,1.000,clear,0,20.7,127,17.563,0,0,-1.000,21.40,3.32,0.0275,0.0012
99.362,0.000,0,,,,,,GLOBAL,1.000,clear,0,20.7,127,17.583,0,0,-1.000,21.40,3.32,0.0477,0.0214
99.381,0.000,0,,,,,,GLOBAL,1.000,clear,0,20.7,127,17.603,0,0,-1.000,21.40,3.32,0.0441,0.0137
99.402,0.000,0,,,,,,GLOBAL,1.000,clear,0,20.7,127,17.623,0,0,-1.000,21.40,3.32,0.0374,0.0110
99.421,0.000,0,,,,,,GLOBAL,1.000,clear,0,20.7,127,17.643,0,0,-1.000,21.40,3.32,0.0340,0.0038
99.442,0.000,0,,,,,,GLOBAL,1.000,clear,0,20.7,127,17.663,0,0,-1.000,21.40,3.32,0.0272,0.0242
99.462,0.000,0,,,,,,GLOBAL,1.000,clear,0,20.7,127,17.683,0,0,-1.000,21.40,3.32,0.0473,0.0197
99.481,0.000,0,,,,,,GLOBAL,1.000,clear,0,20.7,127,17.703,0,0,-1.000,21.40,3.32,0.0442,0.0102
99.505,0.000,0,,,,,,GLOBAL,1.000,clear,0,20.7,127,17.727,0,0,-1.000,21.40,3.32,0.0409,0.0090
99.521,0.000,0,,,,,,GLOBAL,1.000,clear,0,20.7,127,17.743,0,0,-1.000,21.40,3.32,0.0328,0.0034
99.541,0.000,0,,,,,,GLOBAL,1.000,clear,0,20.7,127,17.763,0,0,-1.000,21.40,3.35,0.0271,0.0233
99.561,0.000,0,,,,,,GLOBAL,1.000,clear,0,20.7,127,17.783,0,0,-1.000,21.40,3.32,0.0471,0.0193
99.582,0.000,0,,,,,,GLOBAL,1.000,clear,0,20.7,127,17.803,0,0,-1.000,21.40,3.32,0.0450,0.0158
99.601,0.000,0,,,,,,GLOBAL,1.000,clear,0,20.7,127,17.823,0,0,-1.000,21.40,3.35,0.0373,0.0113
99.621,0.000,0,,,,,,GLOBAL,1.000,clear,0,20.7,127,17.843,0,0,-1.000,21.40,3.32,0.0346,0.0049
99.641,0.000,0,,,,,,GLOBAL,1.000,clear,0,20.7,127,17.863,0,0,-1.000,21.40,3.32,0.0273,0.0008
99.662,0.000,0,,,,,,GLOBAL,1.000,clear,0,20.7,127,17.883,0,0,-1.000,21.40,3.32,0.0476,0.0211
99.682,0.000,0,,,,,,GLOBAL,1.000,clear,0,20.7,127,17.903,0,0,-1.000,21.40,3.32,0.0452,0.0164
99.701,0.000,0,,,,,,GLOBAL,1.000,clear,0,20.7,127,17.923,0,0,-1.000,21.40,3.32,0.0374,0.0090
99.721,0.000,0,,,,,,GLOBAL,1.000,clear,0,20.7,127,17.943,0,0,-1.000,21.40,3.32,0.0349,0.0036
99.742,0.000,0,,,,,,GLOBAL,1.000,clear,0,20.7,127,17.963,0,0,-1.000,21.40,3.35,0.0293,0.0005
99.763,0.000,0,,,,,,GLOBAL,1.000,clear,0,20.7,127,17.984,0,0,-1.000,21.40,3.35,0.0506,0.0218
99.782,0.000,0,,,,,,GLOBAL,1.000,clear,0,20.7,127,18.003,0,0,-1.000,21.40,3.35,0.0457,0.0142
99.801,0.000,0,,,,,,GLOBAL,1.000,clear,0,20.7,127,18.023,0,0,-1.000,21.40,3.32,0.0356,0.0122
99.821,0.000,0,,,,,,GLOBAL,1.000,clear,0,20.7,127,18.043,0,0,-1.000,21.40,3.32,0.0353,0.0052
99.841,0.000,0,,,,,,GLOBAL,1.000,clear,0,20.7,127,18.063,0,0,-1.000,21.40,3.35,0.0279,0.0016
99.862,0.000,0,,,,,,GLOBAL,1.000,clear,0,20.7,127,18.083,0,0,-1.000,21.40,3.32,0.0486,0.0223
99.882,0.000,0,,,,,,GLOBAL,1.000,clear,0,20.7,127,18.103,0,0,-1.000,21.40,3.32,0.0458,0.0173
99.902,0.000,0,,,,,,GLOBAL,1.000,clear,0,20.7,127,18.123,0,0,-1.000,21.40,3.32,0.0404,0.0103
99.921,0.000,0,,,,,,GLOBAL,1.000,clear,0,20.7,127,18.143,0,0,-1.000,21.40,3.32,0.0357,0.0067
99.941,0.000,0,,,,,,GLOBAL,1.000,clear,0,20.7,127,18.163,0,0,-1.000,21.40,3.32,0.0271,0.0033
99.961,0.000,0,,,,,,GLOBAL,1.000,clear,0,20.7,127,18.183,0,0,-1.000,21.40,3.32,0.0470,0.0232
99.981,0.000,0,,,,,,GLOBAL,1.000,clear,0,20.7,127,18.203,0,0,-1.000,21.40,3.35,0.0457,0.0151
100.002,0.000,0,,,,,,GLOBAL,1.000,clear,0,20.7,127,18.223,0,0,-1.000,21.40,3.35,0.0383,0.0098
100.023,0.000,0,,,,,,GLOBAL,1.000,clear,0,20.7,127,18.244,0,0,-1.000,21.40,3.35,0.0365,0.0087
100.041,0.000,0,,,,,,GLOBAL,1.000,clear,0,20.7,127,18.263,0,0,-1.000,21.40,3.32,0.0303,0.0038
100.062,0.000,0,,,,,,GLOBAL,1.000,clear,0,20.7,127,18.283,0,0,-1.000,21.40,3.32,0.0268,0.0244
100.090,0.000,0,,,,,,GLOBAL,1.000,clear,0,20.7,127,18.311,0,0,-1.000,21.40,3.32,0.0547,0.0264
100.101,0.000,0,,,,,,GLOBAL,1.000,clear,0,20.7,127,18.323,0,0,-1.000,21.40,3.32,0.0406,0.0106
100.122,0.000,0,,,,,,GLOBAL,1.000,clear,0,20.7,127,18.344,0,0,-1.000,21.40,3.32,0.0372,0.0010
100.147,0.000,0,,,,,,GLOBAL,1.000,clear,0,20.7,127,18.368,0,0,-1.000,21.40,3.32,0.0617,0.0255
100.162,0.000,0,,,,,,GLOBAL,1.000,clear,0,20.7,127,18.384,0,0,-1.000,21.40,3.32,0.0514,0.0147
100.181,0.000,0,,,,,,GLOBAL,1.000,clear,0,20.7,127,18.403,0,0,-1.000,21.40,3.32,0.0461,0.0176
100.201,0.000,0,,,,,,GLOBAL,1.000,clear,0,20.7,127,18.423,0,0,-1.000,21.40,3.32,0.0366,0.0143
100.222,0.000,0,,,,,,GLOBAL,1.000,clear,0,20.7,127,18.443,0,0,-1.000,21.40,3.35,0.0369,0.0066
100.241,0.000,0,,,,,,GLOBAL,1.000,clear,0,20.7,127,18.463,0,0,-1.000,21.40,3.35,0.0272,0.0030
100.261,0.000,0,,,,,,GLOBAL,1.000,clear,0,20.7,127,18.483,0,0,-1.000,21.40,3.32,0.0471,0.0230
100.281,0.000,0,,,,,,GLOBAL,1.000,clear,0,20.7,127,18.503,0,0,-1.000,21.40,3.32,0.0470,0.0171
100.301,0.000,0,,,,,,GLOBAL,1.000,clear,0,20.7,127,18.523,0,0,-1.000,21.40,3.32,0.0412,0.0066
100.323,0.000,0,,,,,,GLOBAL,1.000,clear,0,20.7,127,18.544,0,0,-1.000,21.40,3.32,0.0385,0.0099
100.341,0.000,0,,,,,,GLOBAL,1.000,clear,0,20.7,127,18.563,0,0,-1.000,21.40,3.32,0.0313,0.0025
100.362,0.000,0,,,,,,GLOBAL,1.000,clear,0,20.7,127,18.583,0,0,-1.000,21.40,3.32,0.0259,0.0228
100.381,0.000,0,,,,,,GLOBAL,1.000,clear,0,20.7,127,18.603,0,0,-1.000,21.40,3.32,0.0457,0.0164
100.401,0.000,0,,,,,,GLOBAL,1.000,clear,0,20.7,127,18.623,0,0,-1.000,21.40,3.32,0.0415,0.0135
100.421,0.000,0,,,,,,GLOBAL,1.000,clear,0,20.7,127,18.643,0,0,-1.000,21.40,3.35,0.0373,0.0079
100.441,0.000,0,,,,,,GLOBAL,1.000,clear,0,20.7,127,18.663,0,0,-1.000,21.40,3.32,0.0314,0.0033
100.461,0.000,0,,,,,,GLOBAL,1.000,clear,0,20.7,127,18.683,0,0,-1.000,21.40,3.32,0.0256,0.0233
100.481,0.000,0,,,,,,GLOBAL,1.000,clear,0,20.7,127,18.703,0,0,-1.000,21.40,3.32,0.0457,0.0192
100.501,0.000,0,,,,,,GLOBAL,1.000,clear,0,20.7,127,18.723,0,0,-1.000,21.40,3.32,0.0401,0.0133
100.522,0.000,0,,,,,,GLOBAL,1.000,clear,0,20.7,127,18.743,0,0,-1.000,21.40,3.32,0.0361,0.0044
100.541,0.000,0,,,,,,GLOBAL,1.000,clear,0,20.7,127,18.763,0,0,-1.000,21.40,3.32,0.0295,0.0035
100.561,0.000,0,,,,,,GLOBAL,1.000,clear,0,20.7,127,18.783,0,0,-1.000,21.40,3.35,0.0261,0.0235
100.581,0.000,0,,,,,,GLOBAL,1.000,clear,0,20.7,127,18.803,0,0,-1.000,21.40,3.35,0.0462,0.0192
100.601,0.000,0,,,,,,GLOBAL,1.000,clear,0,20.7,127,18.823,0,0,-1.000,21.40,3.35,0.0418,0.0107
100.621,0.000,0,,,,,,GLOBAL,1.000,clear,0,20.7,127,18.843,0,0,-1.000,21.40,3.32,0.0354,0.0025
100.641,0.000,0,,,,,,GLOBAL,1.000,clear,0,20.7,127,18.863,0,0,-1.000,21.40,3.32,0.0322,0.0027
100.662,0.000,0,,,,,,GLOBAL,1.000,clear,0,20.7,127,18.883,0,0,-1.000,21.40,3.32,0.0271,0.0234
100.681,0.000,0,,,,,,GLOBAL,1.000,clear,0,20.7,127,18.903,0,0,-1.000,21.40,3.32,0.0466,0.0122
100.701,0.000,0,,,,,,GLOBAL,1.000,clear,0,20.7,127,18.923,0,0,-1.000,21.40,3.35,0.0410,0.0138
100.721,0.000,0,,,,,,GLOBAL,1.000,clear,0,20.7,127,18.943,0,0,-1.000,21.40,3.35,0.0366,0.0083
100.741,0.000,0,,,,,,GLOBAL,1.000,clear,0,20.7,127,18.963,0,0,-1.000,21.40,3.32,0.0315,0.0036
100.761,0.000,0,,,,,,GLOBAL,1.000,clear,0,20.7,127,18.983,0,0,-1.000,21.40,3.32,0.0269,0.0236
100.781,0.000,0,,,,,,GLOBAL,1.000,clear,0,20.7,127,19.003,0,0,-1.000,21.40,3.32,0.0470,0.0192
100.801,0.000,0,,,,,,GLOBAL,1.000,clear,0,20.7,127,19.023,0,0,-1.000,21.40,3.32,0.0428,0.0136
100.821,0.000,0,,,,,,GLOBAL,1.000,clear,0,20.7,127,19.043,0,0,-1.000,21.40,3.32,0.0368,0.0035
100.841,0.000,0,,,,,,GLOBAL,1.000,clear,0,20.7,127,19.063,0,0,-1.000,21.40,3.32,0.0313,0.0031
100.861,0.000,0,,,,,,GLOBAL,1.000,clear,0,20.7,127,19.083,0,0,-1.000,21.40,3.35,0.0271,0.0231
100.881,0.000,0,,,,,,GLOBAL,1.000,clear,0,20.7,127,19.103,0,0,-1.000,21.40,3.32,0.0472,0.0190
100.902,0.000,0,,,,,,GLOBAL,1.000,clear,0,20.7,127,19.123,0,0,-1.000,21.40,3.32,0.0422,0.0143
100.921,0.000,0,,,,,,GLOBAL,1.000,clear,0,20.7,127,19.143,0,0,-1.000,21.40,3.35,0.0373,0.0089
100.941,0.000,0,,,,,,GLOBAL,1.000,clear,0,20.7,127,19.163,0,0,-1.000,21.40,3.32,0.0313,0.0289
100.962,0.000,0,,,,,,GLOBAL,1.000,clear,0,20.7,127,19.183,0,0,-1.000,21.40,3.32,0.0278,0.0007
100.981,0.000,0,,,,,,GLOBAL,1.000,clear,0,20.7,127,19.203,0,0,-1.000,21.40,3.32,0.0473,0.0202
101.001,0.000,0,,,,,,GLOBAL,1.000,clear,0,20.7,127,19.223,0,0,-1.000,21.40,3.32,0.0435,0.0142
101.021,0.000,0,,,,,,GLOBAL,1.000,clear,0,20.7,127,19.243,0,0,-1.000,21.40,3.32,0.0355,0.0102
101.041,0.000,0,,,,,,GLOBAL,1.000,clear,0,20.7,127,19.263,0,0,-1.000,21.40,3.32,0.0320,0.0017
101.061,0.000,0,,,,,,GLOBAL,1.000,clear,0,20.7,127,19.283,0,0,-1.000,21.40,3.32,0.0253,0.0012
101.081,0.000,0,,,,,,GLOBAL,1.000,clear,0,20.7,127,19.303,0,0,-1.000,21.40,3.32,0.0454,0.0213
101.101,0.000,0,,,,,,GLOBAL,1.000,clear,0,20.7,127,19.323,0,0,-1.000,21.40,3.32,0.0424,0.0131
101.121,0.000,0,,,,,,GLOBAL,1.000,clear,0,20.7,127,19.343,0,0,-1.000,21.40,3.32,0.0343,0.0022
101.141,0.000,0,,,,,,GLOBAL,1.000,clear,0,20.7,127,19.363,0,0,-1.000,21.40,3.32,0.0302,0.0045
101.161,0.000,0,,,,,,GLOBAL,1.000,clear,0,20.7,127,19.383,0,0,-1.000,21.40,3.35,0.0273,0.0246
101.181,0.000,0,,,,,,GLOBAL,1.000,clear,0,20.7,127,19.403,0,0,-1.000,21.40,3.35,0.0473,0.0190
101.201,0.000,0,,,,,,GLOBAL,1.000,clear,0,20.7,127,19.423,0,0,-1.000,21.40,3.35,0.0411,0.0128
101.221,0.000,0,,,,,,GLOBAL,1.000,clear,0,20.7,127,19.443,0,0,-1.000,21.40,3.35,0.0353,0.0076
101.241,0.000,0,,,,,,GLOBAL,1.000,clear,0,20.7,127,19.463,0,0,-1.000,21.40,3.35,0.0325,0.0043
101.261,0.000,0,,,,,,GLOBAL,1.000,clear,0,20.7,127,19.483,0,0,-1.000,21.40,3.35,0.0256,0.0241
101.281,0.000,0,,,,,,GLOBAL,1.000,clear,0,20.7,127,19.503,0,0,-1.000,21.40,3.32,0.0457,0.0194
101.301,0.000,0,,,,,,GLOBAL,1.000,clear,0,20.7,127,19.523,0,0,-1.000,21.40,3.35,0.0424,0.0159
101.321,0.000,0,,,,,,GLOBAL,1.000,clear,0,20.7,127,19.543,0,0,-1.000,21.40,3.35,0.0388,0.0104
101.341,0.000,0,,,,,,GLOBAL,1.000,clear,0,20.7,127,19.563,0,0,-1.000,21.40,3.32,0.0310,0.0049
101.362,0.000,0,,,,,,GLOBAL,1.000,clear,0,20.7,127,19.583,0,0,-1.000,21.40,3.35,0.0274,0.0007
101.382,0.000,0,,,,,,GLOBAL,1.000,clear,0,20.7,127,19.603,0,0,-1.000,21.40,3.35,0.0477,0.0210
101.401,0.000,0,,,,,,GLOBAL,1.000,clear,0,20.7,127,19.623,0,0,-1.000,21.40,3.32,0.0433,0.0164
101.421,0.000,0,,,,,,GLOBAL,1.000,clear,0,20.7,127,19.643,0,0,-1.000,21.40,3.32,0.0375,0.0099
101.441,0.000,0,,,,,,GLOBAL,1.000,clear,0,20.7,127,19.663,0,0,-1.000,21.40,3.32,0.0309,0.0056
101.463,0.000,0,,,,,,GLOBAL,1.000,clear,0,20.7,127,19.684,0,0,-1.000,21.40,3.35,0.0287,0.0015
101.481,0.000,0,,,,,,GLOBAL,1.000,clear,0,20.7,127,19.703,0,0,-1.000,21.40,3.35,0.0475,0.0203
101.502,0.000,0,,,,,,GLOBAL,1.000,clear,0,20.7,127,19.723,0,0,-1.000,21.40,3.35,0.0439,0.0155
101.521,0.000,0,,,,,,GLOBAL,1.000,clear,0,20.7,127,19.743,0,0,-1.000,21.40,3.32,0.0339,0.0047
101.541,0.000,0,,,,,,GLOBAL,1.000,clear,0,20.7,127,19.763,0,0,-1.000,21.40,3.35,0.0336,0.0065
101.561,0.000,0,,,,,,GLOBAL,1.000,clear,0,20.7,127,19.783,0,0,-1.000,21.40,3.35,0.0276,0.0265
101.581,0.000,0,,,,,,GLOBAL,1.000,clear,0,20.7,127,19.803,0,0,-1.000,21.40,3.32,0.0478,0.0197
101.601,0.000,0,,,,,,GLOBAL,1.000,clear,0,20.7,127,19.823,0,0,-1.000,21.40,3.32,0.0423,0.0159
101.622,0.000,0,,,,,,GLOBAL,1.000,clear,0,20.7,127,19.843,0,0,-1.000,21.40,3.32,0.0370,0.0104
101.641,0.000,0,,,,,,GLOBAL,1.000,clear,0,20.7,127,19.863,0,0,-1.000,21.40,3.32,0.0311,0.0070
101.661,0.000,0,,,,,,GLOBAL,1.000,clear,0,20.7,127,19.883,0,0,-1.000,21.40,3.32,0.0298,0.0015
101.681,0.000,0,,,,,,GLOBAL,1.000,clear,0,20.7,127,19.903,0,0,-1.000,21.40,3.32,0.0499,0.0215
101.701,0.000,0,,,,,,GLOBAL,1.000,clear,0,20.7,127,19.923,0,0,-1.000,21.40,3.32,0.0443,0.0140
101.722,0.000,0,,,,,,GLOBAL,1.000,clear,0,20.7,127,19.944,0,0,-1.000,21.40,3.32,0.0404,0.0071
101.742,0.000,0,,,,,,GLOBAL,1.000,clear,0,20.7,127,19.963,0,0,-1.000,21.40,3.32,0.0346,0.0063
101.762,0.000,0,,,,,,GLOBAL,1.000,clear,0,20.7,127,19.983,0,0,-1.000,21.40,3.32,0.0303,0.0012
101.782,0.000,0,,,,,,GLOBAL,1.000,clear,0,20.7,127,20.003,0,0,-1.000,21.40,3.32,0.0504,0.0212
101.801,0.000,0,,,,,,GLOBAL,1.000,clear,0,20.7,127,20.023,0,0,-1.000,21.40,3.32,0.0444,0.0165
101.821,0.000,0,,,,,,GLOBAL,1.000,clear,0,20.7,127,20.043,0,0,-1.000,21.40,3.32,0.0402,0.0117
101.842,0.000,0,,,,,,GLOBAL,1.000,clear,0,20.7,127,20.063,0,0,-1.000,21.40,3.32,0.0348,0.0080
101.861,0.000,0,,,,,,GLOBAL,1.000,clear,0,20.7,127,20.083,0,0,-1.000,21.40,3.32,0.0303,0.0006
101.881,0.000,0,,,,,,GLOBAL,1.000,clear,0,20.7,127,20.103,0,0,-1.000,21.40,3.32,0.0502,0.0206
101.901,0.000,0,,,,,,GLOBAL,1.000,clear,0,20.7,127,20.123,0,0,-1.000,21.40,3.32,0.0433,0.0173
101.921,0.000,0,,,,,,GLOBAL,1.000,clear,0,20.7,127,20.143,0,0,-1.000,21.40,3.32,0.0401,0.0105
101.941,0.000,0,,,,,,GLOBAL,1.000,clear,0,20.7,127,20.163,0,0,-1.000,21.40,3.35,0.0349,0.0077
101.961,0.000,0,,,,,,GLOBAL,1.000,clear,0,20.7,127,20.183,0,0,-1.000,21.40,3.32,0.0303,0.0021
101.982,0.000,0,,,,,,GLOBAL,1.000,clear,0,20.7,127,20.203,0,0,-1.000,21.40,3.32,0.0252,0.0225
102.001,0.000,0,,,,,,GLOBAL,1.000,clear,0,20.7,127,20.223,0,0,-1.000,21.40,3.32,0.0449,0.0175
102.022,0.000,0,,,,,,GLOBAL,1.000,clear,0,20.7,127,20.243,0,0,-1.000,21.40,3.32,0.0411,0.0130
102.042,0.000,0,,,,,,GLOBAL,1.000,clear,0,20.7,127,20.263,0,0,-1.000,21.40,3.32,0.0339,0.0077
102.061,0.000,0,,,,,,GLOBAL,1.000,clear,0,20.7,127,20.283,0,0,-1.000,21.40,3.35,0.0299,0.0025
102.082,0.000,0,,,,,,GLOBAL,1.000,clear,0,20.7,127,20.303,0,0,-1.000,21.40,3.35,0.0242,0.0227
102.101,0.000,0,,,,,,GLOBAL,1.000,clear,0,20.7,127,20.323,0,0,-1.000,21.40,3.35,0.0440,0.0109
102.121,0.000,0,,,,,,GLOBAL,1.000,clear,0,20.7,127,20.343,0,0,-1.000,21.40,3.35,0.0410,0.0093
102.142,0.000,0,,,,,,GLOBAL,1.000,clear,0,20.7,127,20.363,0,0,-1.000,21.40,3.35,0.0360,0.0089
102.161,0.000,0,,,,,,GLOBAL,1.000,clear,0,20.7,127,20.383,0,0,-1.000,21.40,3.35,0.0311,0.0027
102.182,0.000,0,,,,,,GLOBAL,1.000,clear,0,20.7,127,20.403,0,0,-1.000,21.40,3.35,0.0514,0.0229
102.201,0.000,0,,,,,,GLOBAL,1.000,clear,0,20.7,127,20.423,0,0,-1.000,21.40,3.35,0.0456,0.0159
102.222,0.000,0,,,,,,GLOBAL,1.000,clear,0,20.7,127,20.443,0,0,-1.000,21.40,3.35,0.0406,0.0120
102.241,0.000,0,,,,,,GLOBAL,1.000,clear,0,20.7,127,20.463,0,0,-1.000,21.40,3.35,0.0359,0.0041
102.261,0.000,0,,,,,,GLOBAL,1.000,clear,0,20.7,127,20.483,0,0,-1.000,21.40,3.35,0.0305,0.0241
102.282,0.000,0,,,,,,GLOBAL,1.000,clear,0,20.7,127,20.503,0,0,-1.000,21.40,3.35,0.0264,0.0169
102.301,0.000,0,,,,,,GLOBAL,1.000,clear,0,20.7,127,20.523,0,0,-1.000,21.40,3.32,0.0457,0.0180
102.322,0.000,0,,,,,,GLOBAL,1.000,clear,0,20.7,127,20.544,0,0,-1.000,21.40,3.35,0.0428,0.0139
102.341,0.000,0,,,,,,GLOBAL,1.000,clear,0,20.7,127,20.563,0,0,-1.000,21.40,3.35,0.0361,0.0029
102.362,0.000,0,,,,,,GLOBAL,1.000,clear,0,20.7,127,20.583,0,0,-1.000,21.40,3.32,0.0307,0.0234
102.382,0.000,0,,,,,,GLOBAL,1.000,clear,0,20.7,127,20.603,0,0,-1.000,21.40,3.32,0.0266,0.0196
102.402,0.000,0,,,,,,GLOBAL,1.000,clear,0,20.7,127,20.623,0,0,-1.000,21.40,3.32,0.0463,0.0085
102.423,0.000,0,,,,,,GLOBAL,1.000,clear,0,20.7,127,20.644,0,0,-1.000,21.40,3.32,0.0433,0.0075
102.442,0.000,0,,,,,,GLOBAL,1.000,clear,0,20.7,127,20.663,0,0,-1.000,21.40,3.32,0.0346,0.0042
102.462,0.000,0,,,,,,GLOBAL,1.000,clear,0,20.7,127,20.684,0,0,-1.000,21.40,3.32,0.0333,0.0251
102.481,0.000,0,,,,,,GLOBAL,1.000,clear,0,20.7,127,20.703,0,0,-1.000,21.40,3.35,0.0265,0.0184
102.501,0.000,0,,,,,,GLOBAL,1.000,clear,0,20.7,127,20.723,0,0,-1.000,21.40,3.35,0.0466,0.0142
102.521,0.000,0,,,,,,GLOBAL,1.000,clear,0,20.7,127,20.743,0,0,-1.000,21.40,3.35,0.0422,0.0028
102.542,0.000,0,,,,,,GLOBAL,1.000,clear,0,20.7,127,20.763,0,0,-1.000,21.40,3.35,0.0354,0.0015
102.561,0.000,0,,,,,,GLOBAL,1.000,clear,0,20.7,127,20.783,0,0,-1.000,21.40,3.32,0.0325,0.0213
102.582,0.000,0,,,,,,GLOBAL,1.000,clear,0,20.7,127,20.803,0,0,-1.000,21.40,3.32,0.0271,0.0119
102.601,0.000,0,,,,,,GLOBAL,1.000,clear,0,20.7,127,20.823,0,0,-1.000,21.40,3.32,0.0468,0.0194
102.622,0.000,0,,,,,,GLOBAL,1.000,clear,0,20.7,127,20.843,0,0,-1.000,21.40,3.32,0.0432,0.0139
102.642,0.000,0,,,,,,GLOBAL,1.000,clear,0,20.7,127,20.863,0,0,-1.000,21.40,3.32,0.0376,0.0100
102.662,0.000,0,,,,,,GLOBAL,1.000,clear,0,20.7,127,20.883,0,0,-1.000,21.40,3.32,0.0336,0.0015
102.685,0.000,0,,,,,,GLOBAL,1.000,clear,0,20.7,127,20.907,0,0,-1.000,21.40,3.32,0.0311,0.0248
102.701,0.000,0,,,,,,GLOBAL,1.000,clear,0,20.7,127,20.923,0,0,-1.000,21.40,3.32,0.0472,0.0151
102.721,0.000,0,,,,,,GLOBAL,1.000,clear,0,20.7,127,20.943,0,0,-1.000,21.40,3.32,0.0428,0.0122
102.741,0.000,0,,,,,,GLOBAL,1.000,clear,0,20.7,127,20.963,0,0,-1.000,21.40,3.32,0.0373,0.0069
102.762,0.000,0,,,,,,GLOBAL,1.000,clear,0,20.7,127,20.983,0,0,-1.000,21.40,3.32,0.0334,0.0025
102.781,0.000,0,,,,,,GLOBAL,1.000,clear,0,20.7,127,21.003,0,0,-1.000,21.40,3.32,0.0268,0.0223
102.802,0.000,0,,,,,,GLOBAL,1.000,clear,0,20.7,127,21.023,0,0,-1.000,21.40,3.32,0.0475,0.0187
102.824,0.000,0,,,,,,GLOBAL,1.000,clear,0,20.7,127,21.045,0,0,-1.000,21.40,3.32,0.0457,0.0163
102.841,0.000,0,,,,,,GLOBAL,1.000,clear,0,20.7,127,21.063,0,0,-1.000,21.40,3.32,0.0365,0.0058
102.863,0.000,0,,,,,,GLOBAL,1.000,clear,0,20.7,127,21.085,0,0,-1.000,21.40,3.32,0.0302,0.0024
102.902,0.000,0,,,,,,GLOBAL,1.000,clear,0,20.7,127,21.123,0,0,-1.000,21.40,3.32,0.0688,0.0410
102.923,0.000,0,,,,,,GLOBAL,1.000,clear,0,20.7,127,21.145,0,0,-1.000,21.40,3.35,0.0383,0.0107
102.942,0.000,0,,,,,,GLOBAL,1.000,clear,0,20.7,127,21.164,0,0,-1.000,21.40,3.35,0.0381,0.0112
102.961,0.000,0,,,,,,GLOBAL,1.000,clear,0,20.7,127,21.183,0,0,-1.000,21.40,3.32,0.0335,0.0050
102.982,0.000,0,,,,,,GLOBAL,1.000,clear,0,20.7,127,21.203,0,0,-1.000,21.40,3.35,0.0285,0.0009
103.001,0.000,0,,,,,,GLOBAL,1.000,clear,0,20.7,127,21.223,0,0,-1.000,21.40,3.35,0.0481,0.0205
103.023,0.000,0,,,,,,GLOBAL,1.000,clear,0,20.7,127,21.245,0,0,-1.000,21.40,3.32,0.0461,0.0170
103.041,0.000,0,,,,,,GLOBAL,1.000,clear,0,20.7,127,21.263,0,0,-1.000,21.40,3.32,0.0384,0.0072
103.061,0.000,0,,,,,,GLOBAL,1.000,clear,0,20.7,127,21.283,0,0,-1.000,21.40,3.32,0.0319,0.0030
103.082,0.000,0,,,,,,GLOBAL,1.000,clear,0,20.7,127,21.303,0,0,-1.000,21.40,3.35,0.0275,0.0013
103.102,0.000,0,,,,,,GLOBAL,1.000,clear,0,20.7,127,21.324,0,0,-1.000,21.40,3.32,0.0481,0.0218
103.121,0.000,0,,,,,,GLOBAL,1.000,clear,0,20.7,127,21.343,0,0,-1.000,21.40,3.32,0.0443,0.0145
103.144,0.000,0,,,,,,GLOBAL,1.000,clear,0,20.7,127,21.366,0,0,-1.000,21.40,3.32,0.0431,0.0136
103.161,0.000,0,,,,,,GLOBAL,1.000,clear,0,20.7,127,21.383,0,0,-1.000,21.40,3.32,0.0344,0.0060
103.181,0.000,0,,,,,,GLOBAL,1.000,clear,0,20.7,127,21.403,0,0,-1.000,21.40,3.32,0.0300,0.0014
103.202,0.000,0,,,,,,GLOBAL,1.000,clear,0,20.7,127,21.424,0,0,-1.000,21.40,3.32,0.0251,0.0222
103.221,0.000,0,,,,,,GLOBAL,1.000,clear,0,20.7,127,21.443,0,0,-1.000,21.40,3.32,0.0445,0.0162
103.241,0.000,0,,,,,,GLOBAL,1.000,clear,0,20.7,127,21.463,0,0,-1.000,21.40,3.32,0.0402,0.0089
103.261,0.000,0,,,,,,GLOBAL,1.000,clear,0,20.7,127,21.483,0,0,-1.000,21.40,3.32,0.0343,0.0065
103.282,0.000,0,,,,,,GLOBAL,1.000,clear,0,20.7,127,21.503,0,0,-1.000,21.40,3.32,0.0545,0.0266
103.303,0.000,0,,,,,,GLOBAL,1.000,clear,0,20.7,127,21.524,0,0,-1.000,21.40,3.32,0.0249,0.0207
103.321,0.000,0,,,,,,GLOBAL,1.000,clear,0,20.7,127,21.543,0,0,-1.000,21.40,3.32,0.0434,0.0176
103.341,0.000,0,,,,,,GLOBAL,1.000,clear,0,20.7,127,21.563,0,0,-1.000,21.40,3.35,0.0408,0.0107
103.362,0.000,0,,,,,,GLOBAL,1.000,clear,0,20.7,127,21.583,0,0,-1.000,21.40,3.35,0.0352,0.0061
103.382,0.000,0,,,,,,GLOBAL,1.000,clear,0,20.7,127,21.603,0,0,-1.000,21.40,3.32,0.0556,0.0265
103.401,0.000,0,,,,,,GLOBAL,1.000,clear,0,20.7,127,21.623,0,0,-1.000,21.40,3.32,0.0509,0.0189
103.421,0.000,0,,,,,,GLOBAL,1.000,clear,0,20.7,127,21.643,0,0,-1.000,21.40,3.32,0.0449,0.0182
103.443,0.000,0,,,,,,GLOBAL,1.000,clear,0,20.7,127,21.664,0,0,-1.000,21.40,3.35,0.0420,0.0130
103.461,0.000,0,,,,,,GLOBAL,1.000,clear,0,20.7,127,21.683,0,0,-1.000,21.40,3.35,0.0350,0.0059
103.482,0.000,0,,,,,,GLOBAL,1.000,clear,0,20.7,127,21.704,0,0,-1.000,21.40,3.35,0.0320,0.0272
103.502,0.000,0,,,,,,GLOBAL,1.000,clear,0,20.7,127,21.723,0,0,-1.000,21.40,3.32,0.0512,0.0186
103.522,0.000,0,,,,,,GLOBAL,1.000,clear,0,20.7,127,21.743,0,0,-1.000,21.40,3.32,0.0452,0.0161
103.543,0.000,0,,,,,,GLOBAL,1.000,clear,0,20.7,127,21.764,0,0,-1.000,21.40,3.32,0.0414,0.0109
103.562,0.000,0,,,,,,GLOBAL,1.000,clear,0,20.7,127,21.783,0,0,-1.000,21.40,3.35,0.0359,0.0068
103.581,0.000,0,,,,,,GLOBAL,1.000,clear,0,20.7,127,21.803,0,0,-1.000,21.40,3.32,0.0312,0.0027
103.602,0.000,0,,,,,,GLOBAL,1.000,clear,0,20.7,127,21.823,0,0,-1.000,21.40,3.32,0.0262,0.0233
103.621,0.000,0,,,,,,GLOBAL,1.000,clear,0,20.7,127,21.843,0,0,-1.000,21.40,3.32,0.0455,0.0113
103.641,0.000,0,,,,,,GLOBAL,1.000,clear,0,20.7,127,21.863,0,0,-1.000,21.40,3.32,0.0414,0.0102
103.662,0.000,0,,,,,,GLOBAL,1.000,clear,0,20.7,127,21.883,0,0,-1.000,21.40,3.32,0.0377,0.0048
103.684,0.000,0,,,,,,GLOBAL,1.000,clear,0,20.7,127,21.906,0,0,-1.000,21.40,3.32,0.0341,0.0270
103.701,0.000,0,,,,,,GLOBAL,1.000,clear,0,20.7,127,21.923,0,0,-1.000,21.40,3.32,0.0271,0.0167
103.722,0.000,0,,,,,,GLOBAL,1.000,clear,0,20.7,127,21.944,0,0,-1.000,21.40,3.32,0.0479,0.0160
103.741,0.000,0,,,,,,GLOBAL,1.000,clear,0,20.7,127,21.963,0,0,-1.000,21.40,3.32,0.0411,0.0111
103.763,0.000,0,,,,,,GLOBAL,1.000,clear,0,20.7,127,21.984,0,0,-1.000,21.40,3.35,0.0377,0.0038
103.781,0.000,0,,,,,,GLOBAL,1.000,clear,0,20.7,127,22.003,0,0,-1.000,21.40,3.35,0.0282,0.0223
103.803,0.000,0,,,,,,GLOBAL,1.000,clear,0,20.7,127,22.024,0,0,-1.000,21.40,3.32,0.0283,0.0170
103.821,0.000,0,,,,,,GLOBAL,1.000,clear,0,20.7,127,22.043,0,0,-1.000,21.40,3.35,0.0468,0.0154
103.842,0.000,0,,,,,,GLOBAL,1.000,clear,0,20.7,127,22.064,0,0,-1.000,21.40,3.35,0.0428,0.0148
103.861,0.000,0,,,,,,GLOBAL,1.000,clear,0,20.7,127,22.083,0,0,-1.000,21.40,3.35,0.0368,0.0070
103.884,0.000,0,,,,,,GLOBAL,1.000,clear,0,20.7,127,22.105,0,0,-1.000,21.40,3.32,0.0344,0.0053
103.901,0.000,0,,,,,,GLOBAL,1.000,clear,0,20.7,127,22.123,0,0,-1.000,21.40,3.32,0.0268,0.0229
103.921,0.000,0,,,,,,GLOBAL,1.000,clear,0,20.7,127,22.143,0,0,-1.000,21.40,3.35,0.0470,0.0159
103.942,0.000,0,,,,,,GLOBAL,1.000,clear,0,20.7,127,22.163,0,0,-1.000,21.40,3.35,0.0430,0.0115
103.962,0.000,0,,,,,,GLOBAL,1.000,clear,0,20.7,127,22.183,0,0,-1.000,21.40,3.35,0.0357,0.0081
103.981,0.000,0,,,,,,GLOBAL,1.000,clear,0,20.7,127,22.203,0,0,-1.000,21.40,3.32,0.0309,0.0016
104.002,0.000,0,,,,,,GLOBAL,1.000,clear,0,20.7,127,22.224,0,0,-1.000,21.40,3.32,0.0277,0.0007
104.021,0.000,0,,,,,,GLOBAL,1.000,clear,0,20.7,127,22.243,0,0,-1.000,21.40,3.32,0.0469,0.0199
104.041,0.000,0,,,,,,GLOBAL,1.000,clear,0,20.7,127,22.263,0,0,-1.000,21.40,3.35,0.0426,0.0119
104.061,0.000,0,,,,,,GLOBAL,1.000,clear,0,20.7,127,22.283,0,0,-1.000,21.40,3.32,0.0387,0.0046
104.083,0.000,0,,,,,,GLOBAL,1.000,clear,0,20.7,127,22.305,0,0,-1.000,21.40,3.32,0.0333,0.0081
104.106,0.000,0,,,,,,GLOBAL,1.000,clear,0,20.7,127,22.327,0,0,-1.000,21.40,3.35,0.0557,0.0304
104.121,0.000,0,,,,,,GLOBAL,1.000,clear,0,20.7,127,22.343,0,0,-1.000,21.40,3.35,0.0489,0.0150
104.141,0.000,0,,,,,,GLOBAL,1.000,clear,0,20.7,127,22.363,0,0,-1.000,21.40,3.35,0.0432,0.0150
104.161,0.000,0,,,,,,GLOBAL,1.000,clear,0,20.7,127,22.383,0,0,-1.000,21.40,3.32,0.0391,0.0065
104.181,0.000,0,,,,,,GLOBAL,1.000,clear,0,20.7,127,22.403,0,0,-1.000,21.40,3.32,0.0334,0.0038
104.201,0.000,0,,,,,,GLOBAL,1.000,clear,0,20.7,127,22.423,0,0,-1.000,21.40,3.32,0.0293,0.0239
104.222,0.000,0,,,,,,GLOBAL,1.000,clear,0,20.7,127,22.443,0,0,-1.000,21.40,3.32,0.0499,0.0202
104.241,0.000,0,,,,,,GLOBAL,1.000,clear,0,20.7,127,22.463,0,0,-1.000,21.40,3.32,0.0450,0.0127
104.262,0.000,0,,,,,,GLOBAL,1.000,clear,0,20.7,127,22.484,0,0,-1.000,21.40,3.32,0.0403,0.0129
104.281,0.000,0,,,,,,GLOBAL,1.000,clear,0,20.7,127,22.503,0,0,-1.000,21.40,3.32,0.0353,0.0049
104.301,0.000,0,,,,,,GLOBAL,1.000,clear,0,20.7,127,22.523,0,0,-1.000,21.40,3.35,0.0294,0.0011
104.322,0.000,0,,,,,,GLOBAL,1.000,clear,0,20.7,127,22.543,0,0,-1.000,21.40,3.35,0.0495,0.0212
104.341,0.000,0,,,,,,GLOBAL,1.000,clear,0,20.7,127,22.563,0,0,-1.000,21.40,3.35,0.0422,0.0172
104.362,0.000,0,,,,,,GLOBAL,1.000,clear,0,20.7,127,22.583,0,0,-1.000,21.40,3.32,0.0386,0.0138
104.381,0.000,0,,,,,,GLOBAL,1.000,clear,0,20.7,127,22.603,0,0,-1.000,21.40,3.32,0.0356,0.0035
104.401,0.000,0,,,,,,GLOBAL,1.000,clear,0,20.7,127,22.623,0,0,-1.000,21.40,3.35,0.0298,0.0020
104.421,0.000,0,,,,,,GLOBAL,1.000,clear,0,20.7,127,22.643,0,0,-1.000,21.40,3.32,0.0500,0.0222
104.442,0.000,0,,,,,,GLOBAL,1.000,clear,0,20.7,127,22.663,0,0,-1.000,21.40,3.32,0.0462,0.0174
104.461,0.000,0,,,,,,GLOBAL,1.000,clear,0,20.7,127,22.683,0,0,-1.000,21.40,3.35,0.0401,0.0134
104.481,0.000,0,,,,,,GLOBAL,1.000,clear,0,20.7,127,22.703,0,0,-1.000,21.40,3.32,0.0361,0.0064
104.501,0.000,0,,,,,,GLOBAL,1.000,clear,0,20.7,127,22.723,0,0,-1.000,21.40,3.32,0.0301,0.0032
104.523,0.000,0,,,,,,GLOBAL,1.000,clear,0,20.7,127,22.744,0,0,-1.000,21.40,3.32,0.0278,0.0248
104.542,0.000,0,,,,,,GLOBAL,1.000,clear,0,20.7,127,22.763,0,0,-1.000,21.40,3.32,0.0464,0.0178
104.562,0.000,0,,,,,,GLOBAL,1.000,clear,0,20.7,127,22.784,0,0,-1.000,21.40,3.32,0.0414,0.0146
104.581,0.000,0,,,,,,GLOBAL,1.000,clear,0,20.7,127,22.803,0,0,-1.000,21.40,3.35,0.0365,0.0033
104.601,0.000,0,,,,,,GLOBAL,1.000,clear,0,20.7,127,22.823,0,0,-1.000,21.40,3.35,0.0296,0.0026
104.621,0.000,0,,,,,,GLOBAL,1.000,clear,0,20.7,127,22.843,0,0,-1.000,21.40,3.32,0.0497,0.0227
104.641,0.000,0,,,,,,GLOBAL,1.000,clear,0,20.7,127,22.863,0,0,-1.000,21.40,3.35,0.0467,0.0181
104.662,0.000,0,,,,,,GLOBAL,1.000,clear,0,20.7,127,22.883,0,0,-1.000,21.40,3.35,0.0410,0.0142
104.682,0.000,0,,,,,,GLOBAL,1.000,clear,0,20.7,127,22.903,0,0,-1.000,21.40,3.35,0.0370,0.0075
104.702,0.000,0,,,,,,GLOBAL,1.000,clear,0,20.7,127,22.923,0,0,-1.000,21.40,3.35,0.0302,0.0038
104.721,0.000,0,,,,,,GLOBAL,1.000,clear,0,20.7,127,22.943,0,0,-1.000,21.40,3.35,0.0501,0.0237
104.741,0.000,0,,,,,,GLOBAL,1.000,clear,0,20.7,127,22.963,0,0,-1.000,21.40,3.35,0.0470,0.0180
104.762,0.000,0,,,,,,GLOBAL,1.000,clear,0,20.7,127,22.983,0,0,-1.000,21.40,3.35,0.0381,0.0141
104.781,0.000,0,,,,,,GLOBAL,1.000,clear,0,20.7,127,23.003,0,0,-1.000,21.40,3.32,0.0371,0.0054
104.806,0.000,0,,,,,,GLOBAL,1.000,clear,0,20.7,127,23.027,0,0,-1.000,21.40,3.32,0.0615,0.0298
104.822,0.000,0,,,,,,GLOBAL,1.000,clear,0,20.7,127,23.043,0,0,-1.000,21.40,3.32,0.0260,0.0144
104.842,0.000,0,,,,,,GLOBAL,1.000,clear,0,20.7,127,23.064,0,0,-1.000,21.40,3.32,0.0469,0.0188
104.861,0.000,0,,,,,,GLOBAL,1.000,clear,0,20.7,127,23.083,0,0,-1.000,21.40,3.32,0.0415,0.0079
104.881,0.000,0,,,,,,GLOBAL,1.000,clear,0,20.7,127,23.103,0,0,-1.000,21.40,3.32,0.0370,0.0049
104.902,0.000,0,,,,,,GLOBAL,1.000,clear,0,20.7,127,23.123,0,0,-1.000,21.40,3.32,0.0324,0.0017
104.922,0.000,0,,,,,,GLOBAL,1.000,clear,0,20.7,127,23.143,0,0,-1.000,21.40,3.32,0.0281,0.0215
104.941,0.000,0,,,,,,GLOBAL,1.000,clear,0,20.7,127,23.163,0,0,-1.000,21.40,3.32,0.0478,0.0155
104.962,0.000,0,,,,,,GLOBAL,1.000,clear,0,20.7,127,23.183,0,0,-1.000,21.40,3.32,0.0427,0.0155
104.982,0.000,0,,,,,,GLOBAL,1.000,clear,0,20.7,127,23.203,0,0,-1.000,21.40,3.35,0.0382,0.0105
105.001,0.000,0,,,,,,GLOBAL,1.000,clear,0,20.7,127,23.223,0,0,-1.000,21.40,3.35,0.0338,0.0021
105.022,0.000,0,,,,,,GLOBAL,1.000,clear,0,20.7,127,23.243,0,0,-1.000,21.40,3.35,0.0275,0.0006
105.041,0.000,0,,,,,,GLOBAL,1.000,clear,0,20.7,127,23.263,0,0,-1.000,21.40,3.35,0.0470,0.0202
105.061,0.000,0,,,,,,GLOBAL,1.000,clear,0,20.7,127,23.283,0,0,-1.000,21.40,3.32,0.0438,0.0121
105.082,0.000,0,,,,,,GLOBAL,1.000,clear,0,20.7,127,23.303,0,0,-1.000,21.40,3.32,0.0386,0.0108
105.102,0.000,0,,,,,,GLOBAL,1.000,clear,0,20.7,127,23.323,0,0,-1.000,21.40,3.32,0.0345,0.0308
105.122,0.000,0,,,,,,GLOBAL,1.000,clear,0,20.7,127,23.343,0,0,-1.000,21.40,3.32,0.0288,0.0007
105.141,0.000,0,,,,,,GLOBAL,1.000,clear,0,20.7,127,23.363,0,0,-1.000,21.40,3.32,0.0483,0.0203
105.163,0.000,0,,,,,,GLOBAL,1.000,clear,0,20.7,127,23.384,0,0,-1.000,21.40,3.32,0.0459,0.0119
105.181,0.000,0,,,,,,GLOBAL,1.000,clear,0,20.7,127,23.403,0,0,-1.000,21.40,3.32,0.0366,0.0117
105.201,0.000,0,,,,,,GLOBAL,1.000,clear,0,20.7,127,23.423,0,0,-1.000,21.40,3.35,0.0344,0.0025
105.221,0.000,0,,,,,,GLOBAL,1.000,clear,0,20.7,127,23.443,0,0,-1.000,21.40,3.35,0.0272,0.0225
105.241,0.000,0,,,,,,GLOBAL,1.000,clear,0,20.7,127,23.463,0,0,-1.000,21.40,3.35,0.0473,0.0197
105.261,0.000,0,,,,,,GLOBAL,1.000,clear,0,20.7,127,23.483,0,0,-1.000,21.40,3.32,0.0443,0.0121
105.282,0.000,0,,,,,,GLOBAL,1.000,clear,0,20.7,127,23.503,0,0,-1.000,21.40,3.32,0.0391,0.0110
105.302,0.000,0,,,,,,GLOBAL,1.000,clear,0,20.7,127,23.523,0,0,-1.000,21.40,3.35,0.0349,0.0063
105.321,0.000,0,,,,,,GLOBAL,1.000,clear,0,20.7,127,23.543,0,0,-1.000,21.40,3.32,0.0289,0.0019
105.342,0.000,0,,,,,,GLOBAL,1.000,clear,0,20.7,127,23.563,0,0,-1.000,21.40,3.32,0.0489,0.0220
105.362,0.000,0,,,,,,GLOBAL,1.000,clear,0,20.7,127,23.583,0,0,-1.000,21.40,3.35,0.0449,0.0130
105.381,0.000,0,,,,,,GLOBAL,1.000,clear,0,20.7,127,23.603,0,0,-1.000,21.40,3.32,0.0390,0.0124
105.402,0.000,0,,,,,,GLOBAL,1.000,clear,0,20.7,127,23.623,0,0,-1.000,21.40,3.32,0.0352,0.0021
105.422,0.000,0,,,,,,GLOBAL,1.000,clear,0,20.7,127,23.643,0,0,-1.000,21.40,3.32,0.0294,0.0020
105.441,0.000,0,,,,,,GLOBAL,1.000,clear,0,20.7,127,23.663,0,0,-1.000,21.40,3.32,0.0492,0.0218
105.461,0.000,0,,,,,,GLOBAL,1.000,clear,0,20.7,127,23.683,0,0,-1.000,21.40,3.32,0.0451,0.0160
105.482,0.000,0,,,,,,GLOBAL,1.000,clear,0,20.7,127,23.703,0,0,-1.000,21.40,3.32,0.0377,0.0116
105.501,0.000,0,,,,,,GLOBAL,1.000,clear,0,20.7,127,23.723,0,0,-1.000,21.40,3.32,0.0352,0.0020
105.521,0.000,0,,,,,,GLOBAL,1.000,clear,0,20.7,127,23.743,0,0,-1.000,21.40,3.32,0.0281,0.0221
105.541,0.000,0,,,,,,GLOBAL,1.000,clear,0,20.7,127,23.763,0,0,-1.000,21.40,3.32,0.0481,0.0164
105.561,0.000,0,,,,,,GLOBAL,1.000,clear,0,20.7,127,23.783,0,0,-1.000,21.40,3.35,0.0455,0.0159
105.581,0.000,0,,,,,,GLOBAL,1.000,clear,0,20.7,127,23.803,0,0,-1.000,21.40,3.35,0.0381,0.0107
105.602,0.000,0,,,,,,GLOBAL,1.000,clear,0,20.7,127,23.823,0,0,-1.000,21.40,3.32,0.0359,0.0053
105.662,0.000,0,,,,,,GLOBAL,1.000,clear,0,20.7,127,23.883,0,0,-1.000,21.40,3.32,0.0961,0.0654
105.681,0.000,0,,,,,,GLOBAL,1.000,clear,0,20.7,127,23.903,0,0,-1.000,21.40,3.35,0.0400,0.0030
105.703,0.000,0,,,,,,GLOBAL,1.000,clear,0,20.7,127,23.924,0,0,-1.000,21.40,3.35,0.0370,0.0088
105.721,0.000,0,,,,,,GLOBAL,1.000,clear,0,20.7,127,23.943,0,0,-1.000,21.40,3.35,0.0302,0.0017
105.742,0.000,0,,,,,,GLOBAL,1.000,clear,0,20.7,127,23.964,0,0,-1.000,21.40,3.32,0.0269,0.0226
105.762,0.000,0,,,,,,GLOBAL,1.000,clear,0,20.7,127,23.983,0,0,-1.000,21.40,3.32,0.0464,0.0154
105.782,0.000,0,,,,,,GLOBAL,1.000,clear,0,20.7,127,24.003,0,0,-1.000,21.40,3.32,0.0407,0.0106
105.802,0.000,0,,,,,,GLOBAL,1.000,clear,0,20.7,127,24.023,0,0,-1.000,21.40,3.32,0.0362,0.0036
105.821,0.000,0,,,,,,GLOBAL,1.000,clear,0,20.7,127,24.043,0,0,-1.000,21.40,3.32,0.0307,0.0030
105.842,0.000,0,,,,,,GLOBAL,1.000,clear,0,20.7,127,24.063,0,0,-1.000,21.40,3.32,0.0271,0.0236
105.862,0.000,0,,,,,,GLOBAL,1.000,clear,0,20.7,127,24.084,0,0,-1.000,21.40,3.35,0.0474,0.0167
105.881,0.000,0,,,,,,GLOBAL,1.000,clear,0,20.7,127,24.103,0,0,-1.000,21.40,3.35,0.0407,0.0131
105.901,0.000,0,,,,,,GLOBAL,1.000,clear,0,20.7,127,24.123,0,0,-1.000,21.40,3.32,0.0366,0.0055
105.921,0.000,0,,,,,,GLOBAL,1.000,clear,0,20.7,127,24.143,0,0,-1.000,21.40,3.32,0.0309,0.0027
105.942,0.000,0,,,,,,GLOBAL,1.000,clear,0,20.7,127,24.163,0,0,-1.000,21.40,3.32,0.0270,0.0229
105.961,0.000,0,,,,,,GLOBAL,1.000,clear,0,20.7,127,24.183,0,0,-1.000,21.40,3.32,0.0468,0.0150
105.981,0.000,0,,,,,,GLOBAL,1.000,clear,0,20.7,127,24.203,0,0,-1.000,21.40,3.32,0.0411,0.0129
106.001,0.000,0,,,,,,GLOBAL,1.000,clear,0,20.7,127,24.223,0,0,-1.000,21.40,3.32,0.0370,0.0047
106.021,0.000,0,,,,,,GLOBAL,1.000,clear,0,20.7,127,24.243,0,0,-1.000,21.40,3.32,0.0306,0.0005
106.042,0.000,0,,,,,,GLOBAL,1.000,clear,0,20.7,127,24.263,0,0,-1.000,21.40,3.32,0.0275,0.0208
106.061,0.000,0,,,,,,GLOBAL,1.000,clear,0,20.7,127,24.283,0,0,-1.000,21.40,3.32,0.0472,0.0182
106.081,0.000,0,,,,,,GLOBAL,1.000,clear,0,20.7,127,24.303,0,0,-1.000,21.40,3.32,0.0409,0.0145
106.101,0.000,0,,,,,,GLOBAL,1.000,clear,0,20.7,127,24.323,0,0,-1.000,21.40,3.32,0.0373,0.0066
106.122,0.000,0,,,,,,GLOBAL,1.000,clear,0,20.7,127,24.344,0,0,-1.000,21.40,3.32,0.0323,0.0007
106.141,0.000,0,,,,,,GLOBAL,1.000,clear,0,20.7,127,24.363,0,0,-1.000,21.40,3.35,0.0273,0.0199
106.161,0.000,0,,,,,,GLOBAL,1.000,clear,0,20.7,127,24.383,0,0,-1.000,21.40,3.32,0.0473,0.0145
106.181,0.000,0,,,,,,GLOBAL,1.000,clear,0,20.7,127,24.403,0,0,-1.000,21.40,3.32,0.0416,0.0135
106.201,0.000,0,,,,,,GLOBAL,1.000,clear,0,20.7,127,24.423,0,0,-1.000,21.40,3.32,0.0371,0.0058
106.221,0.000,0,,,,,,GLOBAL,1.000,clear,0,20.7,127,24.443,0,0,-1.000,21.40,3.32,0.0318,0.0030
106.242,0.000,0,,,,,,GLOBAL,1.000,clear,0,20.7,127,24.463,0,0,-1.000,21.40,3.32,0.0272,0.0232
106.261,0.000,0,,,,,,GLOBAL,1.000,clear,0,20.7,127,24.483,0,0,-1.000,21.40,3.32,0.0470,0.0147
106.281,0.000,0,,,,,,GLOBAL,1.000,clear,0,20.7,127,24.503,0,0,-1.000,21.40,3.32,0.0417,0.0137
106.301,0.000,0,,,,,,GLOBAL,1.000,clear,0,20.7,127,24.523,0,0,-1.000,21.40,3.32,0.0378,0.0093
106.322,0.000,0,,,,,,GLOBAL,1.000,clear,0,20.7,127,24.544,0,0,-1.000,21.40,3.32,0.0327,0.0009
106.342,0.000,0,,,,,,GLOBAL,1.000,clear,0,20.7,127,24.563,0,0,-1.000,21.40,3.32,0.0275,0.0204
106.361,0.000,0,,,,,,GLOBAL,1.000,clear,0,20.7,127,24.583,0,0,-1.000,21.40,3.32,0.0472,0.0188
106.381,0.000,0,,,,,,GLOBAL,1.000,clear,0,20.7,127,24.603,0,0,-1.000,21.40,3.32,0.0421,0.0104
106.401,0.000,0,,,,,,GLOBAL,1.000,clear,0,20.7,127,24.623,0,0,-1.000,21.40,3.32,0.0370,0.0093
106.421,0.000,0,,,,,,GLOBAL,1.000,clear,0,20.7,127,24.643,0,0,-1.000,21.40,3.32,0.0320,0.0050
106.441,0.000,0,,,,,,GLOBAL,1.000,clear,0,20.7,127,24.663,0,0,-1.000,21.40,3.32,0.0282,0.0251
106.462,0.000,0,,,,,,GLOBAL,1.000,clear,0,20.7,127,24.683,0,0,-1.000,21.40,3.32,0.0485,0.0191
106.481,0.000,0,,,,,,GLOBAL,1.000,clear,0,20.7,127,24.703,0,0,-1.000,21.40,3.32,0.0424,0.0140
106.501,0.000,0,,,,,,GLOBAL,1.000,clear,0,20.7,127,24.723,0,0,-1.000,21.40,3.32,0.0360,0.0093
106.522,0.000,0,,,,,,GLOBAL,1.000,clear,0,20.7,127,24.743,0,0,-1.000,21.40,3.32,0.0313,0.0036
106.541,0.000,0,,,,,,GLOBAL,1.000,clear,0,20.7,127,24.763,0,0,-1.000,21.40,3.32,0.0271,0.0232
106.561,0.000,0,,,,,,GLOBAL,1.000,clear,0,20.7,127,24.783,0,0,-1.000,21.40,3.32,0.0471,0.0192
106.581,0.000,0,,,,,,GLOBAL,1.000,clear,0,20.7,127,24.803,0,0,-1.000,21.40,3.32,0.0412,0.0140
106.602,0.000,0,,,,,,GLOBAL,1.000,clear,0,20.7,127,24.823,0,0,-1.000,21.40,3.32,0.0375,0.0097
106.621,0.000,0,,,,,,GLOBAL,1.000,clear,0,20.7,127,24.843,0,0,-1.000,21.40,3.32,0.0327,0.0042
106.641,0.000,0,,,,,,GLOBAL,1.000,clear,0,20.7,127,24.863,0,0,-1.000,21.40,3.32,0.0270,0.0242
106.661,0.000,0,,,,,,GLOBAL,1.000,clear,0,20.7,127,24.883,0,0,-1.000,21.40,3.32,0.0470,0.0196
106.681,0.000,0,,,,,,GLOBAL,1.000,clear,0,20.7,127,24.903,0,0,-1.000,21.40,3.32,0.0413,0.0100
106.701,0.000,0,,,,,,GLOBAL,1.000,clear,0,20.7,127,24.923,0,0,-1.000,21.40,3.35,0.0375,0.0101
106.721,0.000,0,,,,,,GLOBAL,1.000,clear,0,20.7,127,24.943,0,0,-1.000,21.40,3.35,0.0331,0.0057
106.741,0.000,0,,,,,,GLOBAL,1.000,clear,0,20.7,127,24.963,0,0,-1.000,21.40,3.32,0.0272,0.0008
106.761,0.000,0,,,,,,GLOBAL,1.000,clear,0,20.7,127,24.983,0,0,-1.000,21.40,3.35,0.0472,0.0208
106.781,0.000,0,,,,,,GLOBAL,1.000,clear,0,20.7,127,25.003,0,0,-1.000,21.40,3.35,0.0421,0.0407
106.801,0.000,0,,,,,,GLOBAL,1.000,clear,0,20.7,127,25.023,0,0,-1.000,21.40,3.32,0.0370,0.0076
106.822,0.000,0,,,,,,GLOBAL,1.000,clear,0,20.7,127,25.043,0,0,-1.000,21.40,3.32,0.0339,0.0017
106.841,0.000,0,,,,,,GLOBAL,1.000,clear,0,20.7,127,25.063,0,0,-1.000,21.40,3.32,0.0277,0.0214
106.861,0.000,0,,,,,,GLOBAL,1.000,clear,0,20.7,127,25.083,0,0,-1.000,21.40,3.32,0.0478,0.0182
106.881,0.000,0,,,,,,GLOBAL,1.000,clear,0,20.7,127,25.103,0,0,-1.000,21.40,3.32,0.0435,0.0153
106.901,0.000,0,,,,,,GLOBAL,1.000,clear,0,20.7,127,25.123,0,0,-1.000,21.40,3.32,0.0395,0.0084
106.921,0.000,0,,,,,,GLOBAL,1.000,clear,0,20.7,127,25.143,0,0,-1.000,21.40,3.32,0.0339,0.0059
106.941,0.000,0,,,,,,GLOBAL,1.000,clear,0,20.7,127,25.163,0,0,-1.000,21.40,3.35,0.0297,0.0008
106.962,0.000,0,,,,,,GLOBAL,1.000,clear,0,20.7,127,25.183,0,0,-1.000,21.40,3.35,0.0501,0.0211
106.981,0.000,0,,,,,,GLOBAL,1.000,clear,0,20.7,127,25.203,0,0,-1.000,21.40,3.35,0.0440,0.0173
107.001,0.000,0,,,,,,GLOBAL,1.000,clear,0,20.7,127,25.223,0,0,-1.000,21.40,3.32,0.0400,0.0115
107.021,0.000,0,,,,,,GLOBAL,1.000,clear,0,20.7,127,25.243,0,0,-1.000,21.40,3.32,0.0344,0.0072
107.041,0.000,0,,,,,,GLOBAL,1.000,clear,0,20.7,127,25.263,0,0,-1.000,21.40,3.32,0.0301,0.0006
107.062,0.000,0,,,,,,GLOBAL,1.000,clear,0,20.7,127,25.283,0,0,-1.000,21.40,3.35,0.0505,0.0210
107.081,0.000,0,,,,,,GLOBAL,1.000,clear,0,20.7,127,25.303,0,0,-1.000,21.40,3.35,0.0426,0.0142
107.101,0.000,0,,,,,,GLOBAL,1.000,clear,0,20.7,127,25.323,0,0,-1.000,21.40,3.35,0.0403,0.0102
107.121,0.000,0,,,,,,GLOBAL,1.000,clear,0,20.7,127,25.343,0,0,-1.000,21.40,3.32,0.0345,0.0053
107.141,0.000,0,,,,,,GLOBAL,1.000,clear,0,20.7,127,25.363,0,0,-1.000,21.40,3.32,0.0306,0.0009
107.161,0.000,0,,,,,,GLOBAL,1.000,clear,0,20.7,127,25.383,0,0,-1.000,21.40,3.32,0.0505,0.0208
107.182,0.000,0,,,,,,GLOBAL,1.000,clear,0,20.7,127,25.403,0,0,-1.000,21.40,3.35,0.0449,0.0134
107.202,0.000,0,,,,,,GLOBAL,1.000,clear,0,20.7,127,25.423,0,0,-1.000,21.40,3.35,0.0393,0.0087
107.221,0.000,0,,,,,,GLOBAL,1.000,clear,0,20.7,127,25.443,0,0,-1.000,21.40,3.32,0.0350,0.0048
107.241,0.000,0,,,,,,GLOBAL,1.000,clear,0,20.7,127,25.463,0,0,-1.000,21.40,3.32,0.0274,0.0005
107.261,0.000,0,,,,,,GLOBAL,1.000,clear,0,20.7,127,25.483,0,0,-1.000,21.40,3.32,0.0474,0.0204
107.281,0.000,0,,,,,,GLOBAL,1.000,clear,0,20.7,127,25.503,0,0,-1.000,21.40,3.32,0.0447,0.0152
107.301,0.000,0,,,,,,GLOBAL,1.000,clear,0,20.7,127,25.523,0,0,-1.000,21.40,3.32,0.0375,0.0126
107.321,0.000,0,,,,,,GLOBAL,1.000,clear,0,20.7,127,25.543,0,0,-1.000,21.40,3.32,0.0353,0.0028
107.342,0.000,0,,,,,,GLOBAL,1.000,clear,0,20.7,127,25.563,0,0,-1.000,21.40,3.35,0.0288,0.0010
107.361,0.000,0,,,,,,GLOBAL,1.000,clear,0,20.7,127,25.583,0,0,-1.000,21.40,3.35,0.0486,0.0208
107.381,0.000,0,,,,,,GLOBAL,1.000,clear,0,20.7,127,25.603,0,0,-1.000,21.40,3.35,0.0453,0.0139
107.401,0.000,0,,,,,,GLOBAL,1.000,clear,0,20.7,127,25.623,0,0,-1.000,21.40,3.32,0.0396,0.0126
107.421,0.000,0,,,,,,GLOBAL,1.000,clear,0,20.7,127,25.643,0,0,-1.000,21.40,3.32,0.0354,0.0067
107.441,0.000,0,,,,,,GLOBAL,1.000,clear,0,20.7,127,25.663,0,0,-1.000,21.40,3.32,0.0285,0.0025
107.462,0.000,0,,,,,,GLOBAL,1.000,clear,0,20.7,127,25.684,0,0,-1.000,21.40,3.32,0.0493,0.0234
107.481,0.000,0,,,,,,GLOBAL,1.000,clear,0,20.7,127,25.703,0,0,-1.000,21.40,3.32,0.0457,0.0153
107.501,0.000,0,,,,,,GLOBAL,1.000,clear,0,20.7,127,25.723,0,0,-1.000,21.40,3.32,0.0400,0.0127
107.522,0.000,0,,,,,,GLOBAL,1.000,clear,0,20.7,127,25.743,0,0,-1.000,21.40,3.32,0.0359,0.0049
107.542,0.000,0,,,,,,GLOBAL,1.000,clear,0,20.7,127,25.763,0,0,-1.000,21.40,3.32,0.0304,0.0253
107.561,0.000,0,,,,,,GLOBAL,1.000,clear,0,20.7,127,25.783,0,0,-1.000,21.40,3.32,0.0498,0.0190
107.581,0.000,0,,,,,,GLOBAL,1.000,clear,0,20.7,127,25.803,0,0,-1.000,21.40,3.32,0.0460,0.0152
107.604,0.000,0,,,,,,GLOBAL,1.000,clear,0,20.7,127,25.826,0,0,-1.000,21.40,3.32,0.0433,0.0095
107.621,0.000,0,,,,,,GLOBAL,1.000,clear,0,20.7,127,25.843,0,0,-1.000,21.40,3.32,0.0349,0.0062
107.641,0.000,0,,,,,,GLOBAL,1.000,clear,0,20.7,127,25.863,0,0,-1.000,21.40,3.32,0.0303,0.0024
107.662,0.000,0,,,,,,GLOBAL,1.000,clear,0,20.7,127,25.884,0,0,-1.000,21.40,3.32,0.0271,0.0232
107.681,0.000,0,,,,,,GLOBAL,1.000,clear,0,20.7,127,25.903,0,0,-1.000,21.40,3.32,0.0464,0.0162
107.701,0.000,0,,,,,,GLOBAL,1.000,clear,0,20.7,127,25.923,0,0,-1.000,21.40,3.35,0.0406,0.0105
107.721,0.000,0,,,,,,GLOBAL,1.000,clear,0,20.7,127,25.943,0,0,-1.000,21.40,3.32,0.0364,0.0039
107.741,0.000,0,,,,,,GLOBAL,1.000,clear,0,20.7,127,25.963,0,0,-1.000,21.40,3.32,0.0306,0.0029
107.764,0.000,0,,,,,,GLOBAL,1.000,clear,0,20.7,127,25.986,0,0,-1.000,21.40,3.32,0.0296,0.0259
107.782,0.000,0,,,,,,GLOBAL,1.000,clear,0,20.7,127,26.003,0,0,-1.000,21.40,3.32,0.0467,0.0137
107.801,0.000,0,,,,,,GLOBAL,1.000,clear,0,20.7,127,26.023,0,0,-1.000,21.40,3.32,0.0407,0.0069
107.821,0.000,0,,,,,,GLOBAL,1.000,clear,0,20.7,127,26.043,0,0,-1.000,21.40,3.32,0.0366,0.0044
107.841,0.000,0,,,,,,GLOBAL,1.000,clear,0,20.7,127,26.063,0,0,-1.000,21.40,3.32,0.0309,0.0244
107.862,0.000,0,,,,,,GLOBAL,1.000,clear,0,20.7,127,26.083,0,0,-1.000,21.40,3.32,0.0272,0.0186
107.881,0.000,0,,,,,,GLOBAL,1.000,clear,0,20.7,127,26.103,0,0,-1.000,21.40,3.32,0.0469,0.0143
107.902,0.000,0,,,,,,GLOBAL,1.000,clear,0,20.7,127,26.123,0,0,-1.000,21.40,3.32,0.0415,0.0109
107.921,0.000,0,,,,,,GLOBAL,1.000,clear,0,20.7,127,26.143,0,0,-1.000,21.40,3.32,0.0372,0.0031
107.941,0.000,0,,,,,,GLOBAL,1.000,clear,0,20.7,127,26.163,0,0,-1.000,21.40,3.35,0.0247,0.0042
107.961,0.000,0,,,,,,GLOBAL,1.000,clear,0,20.7,127,26.183,0,0,-1.000,21.40,3.32,0.0447,0.0242
107.981,0.000,0,,,,,,GLOBAL,1.000,clear,0,20.7,127,26.203,0,0,-1.000,21.40,3.32,0.0470,0.0180
108.001,0.000,0,,,,,,GLOBAL,1.000,clear,0,20.7,127,26.223,0,0,-1.000,21.40,3.32,0.0414,0.0107
108.022,0.000,0,,,,,,GLOBAL,1.000,clear,0,20.7,127,26.243,0,0,-1.000,21.40,3.32,0.0376,0.0309
108.041,0.000,0,,,,,,GLOBAL,1.000,clear,0,20.7,127,26.263,0,0,-1.000,21.40,3.32,0.0314,0.0037
108.061,0.000,0,,,,,,GLOBAL,1.000,clear,0,20.7,127,26.283,0,0,-1.000,21.40,3.35,0.0274,0.0237
108.081,0.000,0,,,,,,GLOBAL,1.000,clear,0,20.7,127,26.303,0,0,-1.000,21.40,3.32,0.0475,0.0191
108.101,0.000,0,,,,,,GLOBAL,1.000,clear,0,20.7,127,26.323,0,0,-1.000,21.40,3.32,0.0418,0.0138
108.121,0.000,0,,,,,,GLOBAL,1.000,clear,0,20.7,127,26.343,0,0,-1.000,21.40,3.35,0.0348,0.0050
108.141,0.000,0,,,,,,GLOBAL,1.000,clear,0,20.7,127,26.363,0,0,-1.000,21.40,3.35,0.0289,0.0043
108.162,0.000,0,,,,,,GLOBAL,1.000,clear,0,20.7,127,26.384,0,0,-1.000,21.40,3.35,0.0287,0.0251
108.181,0.000,0,,,,,,GLOBAL,1.000,clear,0,20.7,127,26.403,0,0,-1.000,21.40,3.32,0.0479,0.0189
108.201,0.000,0,,,,,,GLOBAL,1.000,clear,0,20.7,127,26.423,0,0,-1.000,21.40,3.32,0.0420,0.0144
108.221,0.000,0,,,,,,GLOBAL,1.000,clear,0,20.7,127,26.443,0,0,-1.000,21.40,3.32,0.0373,0.0046
108.241,0.000,0,,,,,,GLOBAL,1.000,clear,0,20.7,127,26.463,0,0,-1.000,21.40,3.32,0.0272,0.0040
108.261,0.000,0,,,,,,GLOBAL,1.000,clear,0,20.7,127,26.483,0,0,-1.000,21.40,3.32,0.0272,0.0239
108.281,0.000,0,,,,,,GLOBAL,1.000,clear,0,20.7,127,26.503,0,0,-1.000,21.40,3.32,0.0473,0.0181
108.301,0.000,0,,,,,,GLOBAL,1.000,clear,0,20.7,127,26.523,0,0,-1.000,21.40,3.32,0.0423,0.0115
108.321,0.000,0,,,,,,GLOBAL,1.000,clear,0,20.7,127,26.543,0,0,-1.000,21.40,3.35,0.0383,0.0021
108.341,0.000,0,,,,,,GLOBAL,1.000,clear,0,20.7,127,26.563,0,0,-1.000,21.40,3.35,0.0326,0.0007
108.361,0.000,0,,,,,,GLOBAL,1.000,clear,0,20.7,127,26.583,0,0,-1.000,21.40,3.32,0.0271,0.0208
108.381,0.000,0,,,,,,GLOBAL,1.000,clear,0,20.7,127,26.603,0,0,-1.000,21.40,3.32,0.0469,0.0190
108.402,0.000,0,,,,,,GLOBAL,1.000,clear,0,20.7,127,26.624,0,0,-1.000,21.40,3.32,0.0435,0.0155
108.421,0.000,0,,,,,,GLOBAL,1.000,clear,0,20.7,127,26.643,0,0,-1.000,21.40,3.32,0.0353,0.0097
108.442,0.000,0,,,,,,GLOBAL,1.000,clear,0,20.7,127,26.663,0,0,-1.000,21.40,3.32,0.0330,0.0064
108.490,0.000,0,,,,,,GLOBAL,1.000,clear,0,20.7,127,26.711,0,0,-1.000,21.40,3.32,0.0810,0.0544
108.502,0.000,0,,,,,,GLOBAL,1.000,clear,0,20.7,127,26.723,0,0,-1.000,21.40,3.32,0.0409,0.0015
108.522,0.000,0,,,,,,GLOBAL,1.000,clear,0,20.7,127,26.743,0,0,-1.000,21.40,3.32,0.0608,0.0213
108.541,0.000,0,,,,,,GLOBAL,1.000,clear,0,20.7,127,26.763,0,0,-1.000,21.40,3.32,0.0314,0.0190
108.561,0.000,0,,,,,,GLOBAL,1.000,clear,0,20.7,127,26.783,0,0,-1.000,21.40,3.32,0.0272,0.0172
108.581,0.000,0,,,,,,GLOBAL,1.000,clear,0,20.7,127,26.803,0,0,-1.000,21.40,3.32,0.0472,0.0154
108.601,0.000,0,,,,,,GLOBAL,1.000,clear,0,20.7,127,26.823,0,0,-1.000,21.40,3.32,0.0432,0.0164
108.621,0.000,0,,,,,,GLOBAL,1.000,clear,0,20.7,127,26.843,0,0,-1.000,21.40,3.32,0.0358,0.0088
108.642,0.000,0,,,,,,GLOBAL,1.000,clear,0,20.7,127,26.863,0,0,-1.000,21.40,3.32,0.0322,0.0029
108.661,0.000,0,,,,,,GLOBAL,1.000,clear,0,20.7,127,26.883,0,0,-1.000,21.40,3.35,0.0275,0.0223
108.681,0.000,0,,,,,,GLOBAL,1.000,clear,0,20.7,127,26.903,0,0,-1.000,21.40,3.35,0.0475,0.0192
108.701,0.000,0,,,,,,GLOBAL,1.000,clear,0,20.7,127,26.923,0,0,-1.000,21.40,3.32,0.0436,0.0166
108.721,0.000,0,,,,,,GLOBAL,1.000,clear,0,20.7,127,26.943,0,0,-1.000,21.40,3.35,0.0379,0.0107
108.741,0.000,0,,,,,,GLOBAL,1.000,clear,0,20.7,127,26.963,0,0,-1.000,21.40,3.35,0.0338,0.0039
108.761,0.000,0,,,,,,GLOBAL,1.000,clear,0,20.7,127,26.983,0,0,-1.000,21.40,3.35,0.0279,0.0008
108.781,0.000,0,,,,,,GLOBAL,1.000,clear,0,20.7,127,27.003,0,0,-1.000,21.40,3.32,0.0478,0.0206
108.801,0.000,0,,,,,,GLOBAL,1.000,clear,0,20.7,127,27.023,0,0,-1.000,21.40,3.32,0.0440,0.0150
108.821,0.000,0,,,,,,GLOBAL,1.000,clear,0,20.7,127,27.043,0,0,-1.000,21.40,3.32,0.0398,0.0062
108.842,0.000,0,,,,,,GLOBAL,1.000,clear,0,20.7,127,27.063,0,0,-1.000,21.40,3.32,0.0346,0.0035
108.862,0.000,0,,,,,,GLOBAL,1.000,clear,0,20.7,127,27.083,0,0,-1.000,21.40,3.35,0.0286,0.0008
108.881,0.000,0,,,,,,GLOBAL,1.000,clear,0,20.7,127,27.103,0,0,-1.000,21.40,3.35,0.0484,0.0206
108.901,0.000,0,,,,,,GLOBAL,1.000,clear,0,20.7,127,27.123,0,0,-1.000,21.40,3.35,0.0442,0.0134
108.921,0.000,0,,,,,,GLOBAL,1.000,clear,0,20.7,127,27.143,0,0,-1.000,21.40,3.35,0.0387,0.0104
108.942,0.000,0,,,,,,GLOBAL,1.000,clear,0,20.7,127,27.164,0,0,-1.000,21.40,3.35,0.0353,0.0039
108.961,0.000,0,,,,,,GLOBAL,1.000,clear,0,20.7,127,27.183,0,0,-1.000,21.40,3.35,0.0273,0.0013
108.981,0.000,0,,,,,,GLOBAL,1.000,clear,0,20.7,127,27.203,0,0,-1.000,21.40,3.35,0.0474,0.0213
109.001,0.000,0,,,,,,GLOBAL,1.000,clear,0,20.7,127,27.223,0,0,-1.000,21.40,3.35,0.0446,0.0136
109.022,0.000,0,,,,,,GLOBAL,1.000,clear,0,20.7,127,27.243,0,0,-1.000,21.40,3.35,0.0395,0.0055
109.042,0.000,0,,,,,,GLOBAL,1.000,clear,0,20.7,127,27.263,0,0,-1.000,21.40,3.35,0.0339,0.0016
109.061,0.000,0,,,,,,GLOBAL,1.000,clear,0,20.7,127,27.283,0,0,-1.000,21.40,3.35,0.0290,0.0213
109.081,0.000,0,,,,,,GLOBAL,1.000,clear,0,20.7,127,27.303,0,0,-1.000,21.40,3.35,0.0492,0.0194
109.101,0.000,0,,,,,,GLOBAL,1.000,clear,0,20.7,127,27.323,0,0,-1.000,21.40,3.32,0.0449,0.0117
109.121,0.000,0,,,,,,GLOBAL,1.000,clear,0,20.7,127,27.343,0,0,-1.000,21.40,3.32,0.0374,0.0108
109.141,0.000,0,,,,,,GLOBAL,1.000,clear,0,20.7,127,27.363,0,0,-1.000,21.40,3.35,0.0350,0.0042
109.161,0.000,0,,,,,,GLOBAL,1.000,clear,0,20.7,127,27.383,0,0,-1.000,21.40,3.32,0.0277,0.0022
109.181,0.000,0,,,,,,GLOBAL,1.000,clear,0,20.7,127,27.403,0,0,-1.000,21.40,3.32,0.0477,0.0222
109.201,0.000,0,,,,,,GLOBAL,1.000,clear,0,20.7,127,27.423,0,0,-1.000,21.40,3.32,0.0454,0.0130
109.221,0.000,0,,,,,,GLOBAL,1.000,clear,0,20.7,127,27.443,0,0,-1.000,21.40,3.35,0.0379,0.0124
109.241,0.000,0,,,,,,GLOBAL,1.000,clear,0,20.7,127,27.463,0,0,-1.000,21.40,3.35,0.0339,0.0021
109.261,0.000,0,,,,,,GLOBAL,1.000,clear,0,20.7,127,27.483,0,0,-1.000,21.40,3.35,0.0296,0.0026
109.281,0.000,0,,,,,,GLOBAL,1.000,clear,0,20.7,127,27.503,0,0,-1.000,21.40,3.35,0.0496,0.0226
109.301,0.000,0,,,,,,GLOBAL,1.000,clear,0,20.7,127,27.523,0,0,-1.000,21.40,3.35,0.0422,0.0151
109.321,0.000,0,,,,,,GLOBAL,1.000,clear,0,20.7,127,27.543,0,0,-1.000,21.40,3.32,0.0383,0.0127
109.341,0.000,0,,,,,,GLOBAL,1.000,clear,0,20.7,127,27.563,0,0,-1.000,21.40,3.32,0.0356,0.0021
109.362,0.000,0,,,,,,GLOBAL,1.000,clear,0,20.7,127,27.583,0,0,-1.000,21.40,3.32,0.0301,0.0225
109.382,0.000,0,,,,,,GLOBAL,1.000,clear,0,20.7,127,27.603,0,0,-1.000,21.40,3.32,0.0499,0.0194
109.401,0.000,0,,,,,,GLOBAL,1.000,clear,0,20.7,127,27.623,0,0,-1.000,21.40,3.35,0.0459,0.0171
109.421,0.000,0,,,,,,GLOBAL,1.000,clear,0,20.7,127,27.643,0,0,-1.000,21.40,3.35,0.0400,0.0129
109.442,0.000,0,,,,,,GLOBAL,1.000,clear,0,20.7,127,27.663,0,0,-1.000,21.40,3.32,0.0360,0.0074
109.462,0.000,0,,,,,,GLOBAL,1.000,clear,0,20.7,127,27.683,0,0,-1.000,21.40,3.35,0.0304,0.0274
109.482,0.000,0,,,,,,GLOBAL,1.000,clear,0,20.7,127,27.704,0,0,-1.000,21.40,3.35,0.0269,0.0204
109.501,0.000,0,,,,,,GLOBAL,1.000,clear,0,20.7,127,27.723,0,0,-1.000,21.40,3.35,0.0459,0.0166
109.522,0.000,0,,,,,,GLOBAL,1.000,clear,0,20.7,127,27.743,0,0,-1.000,21.40,3.32,0.0378,0.0137
109.542,0.000,0,,,,,,GLOBAL,1.000,clear,0,20.7,127,27.763,0,0,-1.000,21.40,3.32,0.0368,0.0058
109.562,0.000,0,,,,,,GLOBAL,1.000,clear,0,20.7,127,27.783,0,0,-1.000,21.40,3.32,0.0308,0.0040
109.583,0.000,0,,,,,,GLOBAL,1.000,clear,0,20.7,127,27.804,0,0,-1.000,21.40,3.32,0.0276,0.0249
109.602,0.000,0,,,,,,GLOBAL,1.000,clear,0,20.7,127,27.823,0,0,-1.000,21.40,3.32,0.0466,0.0179
109.621,0.000,0,,,,,,GLOBAL,1.000,clear,0,20.7,127,27.843,0,0,-1.000,21.40,3.32,0.0407,0.0112
109.641,0.000,0,,,,,,GLOBAL,1.000,clear,0,20.7,127,27.863,0,0,-1.000,21.40,3.32,0.0352,0.0083
109.661,0.000,0,,,,,,GLOBAL,1.000,clear,0,20.7,127,27.883,0,0,-1.000,21.40,3.32,0.0307,0.0040
109.681,0.000,0,,,,,,GLOBAL,1.000,clear,0,20.7,127,27.903,0,0,-1.000,21.40,3.32,0.0509,0.0241
109.702,0.000,0,,,,,,GLOBAL,1.000,clear,0,20.7,127,27.923,0,0,-1.000,21.40,3.35,0.0468,0.0185
109.721,0.000,0,,,,,,GLOBAL,1.000,clear,0,20.7,127,27.943,0,0,-1.000,21.40,3.35,0.0377,0.0141
109.741,0.000,0,,,,,,GLOBAL,1.000,clear,0,20.7,127,27.963,0,0,-1.000,21.40,3.32,0.0366,0.0083
109.761,0.000,0,,,,,,GLOBAL,1.000,clear,0,20.7,127,27.983,0,0,-1.000,21.40,3.35,0.0311,0.0023
109.782,0.000,0,,,,,,GLOBAL,1.000,clear,0,20.7,127,28.003,0,0,-1.000,21.40,3.35,0.0273,0.0227
109.801,0.000,0,,,,,,GLOBAL,1.000,clear,0,20.7,127,28.023,0,0,-1.000,21.40,3.32,0.0470,0.0187
109.821,0.000,0,,,,,,GLOBAL,1.000,clear,0,20.7,127,28.043,0,0,-1.000,21.40,3.32,0.0412,0.0143
109.841,0.000,0,,,,,,GLOBAL,1.000,clear,0,20.7,127,28.063,0,0,-1.000,21.40,3.32,0.0372,0.0043
109.862,0.000,0,,,,,,GLOBAL,1.000,clear,0,20.7,127,28.083,0,0,-1.000,21.40,3.32,0.0316,0.0049
109.882,0.000,0,,,,,,GLOBAL,1.000,clear,0,20.7,127,28.103,0,0,-1.000,21.40,3.32,0.0278,0.0250
109.901,0.000,0,,,,,,GLOBAL,1.000,clear,0,20.7,127,28.123,0,0,-1.000,21.40,3.32,0.0474,0.0187
109.921,0.000,0,,,,,,GLOBAL,1.000,clear,0,20.7,127,28.143,0,0,-1.000,21.40,3.35,0.0416,0.0091
109.941,0.000,0,,,,,,GLOBAL,1.000,clear,0,20.7,127,28.163,0,0,-1.000,21.40,3.35,0.0374,0.0064
109.961,0.000,0,,,,,,GLOBAL,1.000,clear,0,20.7,127,28.183,0,0,-1.000,21.40,3.35,0.0302,0.0043
109.981,0.000,0,,,,,,GLOBAL,1.000,clear,0,20.7,127,28.203,0,0,-1.000,21.40,3.35,0.0274,0.0244
110.001,0.000,0,,,,,,GLOBAL,1.000,clear,0,20.7,127,28.223,0,0,-1.000,21.40,3.35,0.0475,0.0192
110.021,0.000,0,,,,,,GLOBAL,1.000,clear,0,20.7,127,28.243,0,0,-1.000,21.40,3.32,0.0425,0.0095
110.042,0.000,0,,,,,,GLOBAL,1.000,clear,0,20.7,127,28.263,0,0,-1.000,21.40,3.32,0.0369,0.0300
110.061,0.000,0,,,,,,GLOBAL,1.000,clear,0,20.7,127,28.283,0,0,-1.000,21.40,3.32,0.0335,0.0175
110.088,0.000,0,,,,,,GLOBAL,1.000,clear,0,20.7,127,28.309,0,0,-1.000,21.40,3.32,0.0346,0.0237
110.101,0.000,0,,,,,,GLOBAL,1.000,clear,0,20.7,127,28.323,0,0,-1.000,21.40,3.32,0.0480,0.0131
110.125,0.000,0,,,,,,GLOBAL,1.000,clear,0,20.7,127,28.347,0,0,-1.000,21.40,3.32,0.0476,0.0164
110.142,0.000,0,,,,,,GLOBAL,1.000,clear,0,20.7,127,28.363,0,0,-1.000,21.40,3.32,0.0362,0.0102
110.161,0.000,0,,,,,,GLOBAL,1.000,clear,0,20.7,127,28.383,0,0,-1.000,21.40,3.32,0.0337,0.0040
110.182,0.000,0,,,,,,GLOBAL,1.000,clear,0,20.7,127,28.403,0,0,-1.000,21.40,3.32,0.0276,0.0246
110.201,0.000,0,,,,,,GLOBAL,1.000,clear,0,20.7,127,28.423,0,0,-1.000,21.40,3.32,0.0468,0.0188
110.222,0.000,0,,,,,,GLOBAL,1.000,clear,0,20.7,127,28.443,0,0,-1.000,21.40,3.32,0.0428,0.0112
110.241,0.000,0,,,,,,GLOBAL,1.000,clear,0,20.7,127,28.463,0,0,-1.000,21.40,3.35,0.0370,0.0014
110.262,0.000,0,,,,,,GLOBAL,1.000,clear,0,20.7,127,28.483,0,0,-1.000,21.40,3.35,0.0345,0.0018
110.281,0.000,0,,,,,,GLOBAL,1.000,clear,0,20.7,127,28.503,0,0,-1.000,21.40,3.32,0.0270,0.0215
110.302,0.000,0,,,,,,GLOBAL,1.000,clear,0,20.7,127,28.523,0,0,-1.000,21.40,3.32,0.0472,0.0122
110.321,0.000,0,,,,,,GLOBAL,1.000,clear,0,20.7,127,28.543,0,0,-1.000,21.40,3.32,0.0443,0.0100
110.342,0.000,0,,,,,,GLOBAL,1.000,clear,0,20.7,127,28.563,0,0,-1.000,21.40,3.32,0.0373,0.0122
110.361,0.000,0,,,,,,GLOBAL,1.000,clear,0,20.7,127,28.583,0,0,-1.000,21.40,3.35,0.0345,0.0031
110.381,0.000,0,,,,,,GLOBAL,1.000,clear,0,20.7,127,28.603,0,0,-1.000,21.40,3.35,0.0265,0.0013
110.402,0.000,0,,,,,,GLOBAL,1.000,clear,0,20.7,127,28.623,0,0,-1.000,21.40,3.35,0.0468,0.0216
110.421,0.000,0,,,,,,GLOBAL,1.000,clear,0,20.7,127,28.643,0,0,-1.000,21.40,3.32,0.0446,0.0022
110.441,0.000,0,,,,,,GLOBAL,1.000,clear,0,20.7,127,28.663,0,0,-1.000,21.40,3.32,0.0376,0.0120
110.461,0.000,0,,,,,,GLOBAL,1.000,clear,0,20.7,127,28.683,0,0,-1.000,21.40,3.32,0.0352,0.0028
110.481,0.000,0,,,,,,GLOBAL,1.000,clear,0,20.7,127,28.703,0,0,-1.000,21.40,3.32,0.0291,0.0004
110.501,0.000,0,,,,,,GLOBAL,1.000,clear,0,20.7,127,28.723,0,0,-1.000,21.40,3.35,0.0493,0.0206
110.522,0.000,0,,,,,,GLOBAL,1.000,clear,0,20.7,127,28.743,0,0,-1.000,21.40,3.35,0.0421,0.0143
110.542,0.000,0,,,,,,GLOBAL,1.000,clear,0,20.7,127,28.763,0,0,-1.000,21.40,3.32,0.0397,0.0109
110.562,0.000,0,,,,,,GLOBAL,1.000,clear,0,20.7,127,28.784,0,0,-1.000,21.40,3.32,0.0365,0.0047
110.582,0.000,0,,,,,,GLOBAL,1.000,clear,0,20.7,127,28.803,0,0,-1.000,21.40,3.32,0.0280,0.0029
110.601,0.000,0,,,,,,GLOBAL,1.000,clear,0,20.7,127,28.823,0,0,-1.000,21.40,3.32,0.0479,0.0227
110.621,0.000,0,,,,,,GLOBAL,1.000,clear,0,20.7,127,28.843,0,0,-1.000,21.40,3.32,0.0454,0.0171
110.641,0.000,0,,,,,,GLOBAL,1.000,clear,0,20.7,127,28.863,0,0,-1.000,21.40,3.32,0.0380,0.0110
110.666,0.000,0,,,,,,GLOBAL,1.000,clear,0,20.7,127,28.888,0,0,-1.000,21.40,3.32,0.0406,0.0360
110.682,0.000,0,,,,,,GLOBAL,1.000,clear,0,20.7,127,28.903,0,0,-1.000,21.40,3.35,0.0303,0.0020
110.702,0.000,0,,,,,,GLOBAL,1.000,clear,0,20.7,127,28.924,0,0,-1.000,21.40,3.32,0.0508,0.0226
110.721,0.000,0,,,,,,GLOBAL,1.000,clear,0,20.7,127,28.943,0,0,-1.000,21.40,3.32,0.0457,0.0155
110.741,0.000,0,,,,,,GLOBAL,1.000,clear,0,20.7,127,28.963,0,0,-1.000,21.40,3.32,0.0403,0.0129
110.762,0.000,0,,,,,,GLOBAL,1.000,clear,0,20.7,127,28.983,0,0,-1.000,21.40,3.32,0.0365,0.0065
110.781,0.000,0,,,,,,GLOBAL,1.000,clear,0,20.7,127,29.003,0,0,-1.000,21.40,3.32,0.0303,0.0024
110.802,0.000,0,,,,,,GLOBAL,1.000,clear,0,20.7,127,29.024,0,0,-1.000,21.40,3.32,0.0261,0.0232
110.821,0.000,0,,,,,,GLOBAL,1.000,clear,0,20.7,127,29.043,0,0,-1.000,21.40,3.32,0.0453,0.0158
110.841,0.000,0,,,,,,GLOBAL,1.000,clear,0,20.7,127,29.063,0,0,-1.000,21.40,3.35,0.0405,0.0135
110.862,0.000,0,,,,,,GLOBAL,1.000,clear,0,20.7,127,29.084,0,0,-1.000,21.40,3.35,0.0358,0.0066
110.881,0.000,0,,,,,,GLOBAL,1.000,clear,0,20.7,127,29.103,0,0,-1.000,21.40,3.32,0.0273,0.0038
110.902,0.000,0,,,,,,GLOBAL,1.000,clear,0,20.7,127,29.123,0,0,-1.000,21.40,3.32,0.0271,0.0242
110.921,0.000,0,,,,,,GLOBAL,1.000,clear,0,20.7,127,29.143,0,0,-1.000,21.40,3.32,0.0468,0.0149
110.942,0.000,0,,,,,,GLOBAL,1.000,clear,0,20.7,127,29.163,0,0,-1.000,21.40,3.32,0.0414,0.0146
110.964,0.000,0,,,,,,GLOBAL,1.000,clear,0,20.7,127,29.186,0,0,-1.000,21.40,3.32,0.0397,0.0095
110.981,0.000,0,,,,,,GLOBAL,1.000,clear,0,20.7,127,29.203,0,0,-1.000,21.40,3.32,0.0303,0.0041
111.002,0.000,0,,,,,,GLOBAL,1.000,clear,0,20.7,127,29.223,0,0,-1.000,21.40,3.32,0.0273,0.0244
111.021,0.000,0,,,,,,GLOBAL,1.000,clear,0,20.7,127,29.243,0,0,-1.000,21.40,3.32,0.0470,0.0158
111.041,0.000,0,,,,,,GLOBAL,1.000,clear,0,20.7,127,29.263,0,0,-1.000,21.40,3.35,0.0411,0.0130
111.063,0.000,0,,,,,,GLOBAL,1.000,clear,0,20.7,127,29.284,0,0,-1.000,21.40,3.35,0.0382,0.0107
111.082,0.000,0,,,,,,GLOBAL,1.000,clear,0,20.7,127,29.303,0,0,-1.000,21.40,3.32,0.0271,0.0027
111.102,0.000,0,,,,,,GLOBAL,1.000,clear,0,20.7,127,29.323,0,0,-1.000,21.40,3.32,0.0275,0.0225
111.121,0.000,0,,,,,,GLOBAL,1.000,clear,0,20.7,127,29.343,0,0,-1.000,21.40,3.32,0.0473,0.0165
111.141,0.000,0,,,,,,GLOBAL,1.000,clear,0,20.7,127,29.363,0,0,-1.000,21.40,3.32,0.0422,0.0124
111.161,0.000,0,,,,,,GLOBAL,1.000,clear,0,20.7,127,29.383,0,0,-1.000,21.40,3.32,0.0375,0.0085
111.181,0.000,0,,,,,,GLOBAL,1.000,clear,0,20.7,127,29.403,0,0,-1.000,21.40,3.32,0.0333,0.0033
111.202,0.000,0,,,,,,GLOBAL,1.000,clear,0,20.7,127,29.423,0,0,-1.000,21.40,3.32,0.0278,0.0011
111.221,0.000,0,,,,,,GLOBAL,1.000,clear,0,20.7,127,29.443,0,0,-1.000,21.40,3.32,0.0475,0.0208
111.246,0.000,0,,,,,,GLOBAL,1.000,clear,0,20.7,127,29.468,0,0,-1.000,21.40,3.32,0.0482,0.0192
111.261,0.000,0,,,,,,GLOBAL,1.000,clear,0,20.7,127,29.483,0,0,-1.000,21.40,3.32,0.0378,0.0110
111.282,0.000,0,,,,,,GLOBAL,1.000,clear,0,20.7,127,29.503,0,0,-1.000,21.40,3.32,0.0339,0.0047
111.302,0.000,0,,,,,,GLOBAL,1.000,clear,0,20.7,127,29.523,0,0,-1.000,21.40,3.32,0.0283,0.0250
111.360,0.000,0,,,,,,GLOBAL,1.000,clear,0,20.7,127,29.582,0,0,-1.000,21.40,3.32,0.0869,0.0543
111.366,0.000,0,,,,,,GLOBAL,1.000,clear,0,20.7,127,29.587,0,0,-1.000,21.40,3.32,0.0680,0.0045
111.381,0.000,0,,,,,,GLOBAL,1.000,clear,0,20.7,127,29.603,0,0,-1.000,21.40,3.32,0.0341,0.0052
111.401,0.000,0,,,,,,GLOBAL,1.000,clear,0,20.7,127,29.623,0,0,-1.000,21.40,3.32,0.0282,0.0252
111.421,0.000,0,,,,,,GLOBAL,1.000,clear,0,20.7,127,29.643,0,0,-1.000,21.40,3.32,0.0482,0.0177
111.441,0.000,0,,,,,,GLOBAL,1.000,clear,0,20.7,127,29.663,0,0,-1.000,21.40,3.32,0.0424,0.0136
111.463,0.000,0,,,,,,GLOBAL,1.000,clear,0,20.7,127,29.684,0,0,-1.000,21.40,3.32,0.0392,0.0121
111.482,0.000,0,,,,,,GLOBAL,1.000,clear,0,20.7,127,29.703,0,0,-1.000,21.40,3.32,0.0346,0.0016
111.501,0.000,0,,,,,,GLOBAL,1.000,clear,0,20.7,127,29.723,0,0,-1.000,21.40,3.32,0.0273,0.0214
111.521,0.000,0,,,,,,GLOBAL,1.000,clear,0,20.7,127,29.743,0,0,-1.000,21.40,3.32,0.0472,0.0185
111.541,0.000,0,,,,,,GLOBAL,1.000,clear,0,20.7,127,29.763,0,0,-1.000,21.40,3.32,0.0444,0.0094
111.562,0.000,0,,,,,,GLOBAL,1.000,clear,0,20.7,127,29.783,0,0,-1.000,21.40,3.32,0.0375,0.0096
111.582,0.000,0,,,,,,GLOBAL,1.000,clear,0,20.7,127,29.804,0,0,-1.000,21.40,3.32,0.0353,0.0032
111.601,0.000,0,,,,,,GLOBAL,1.000,clear,0,20.7,127,29.823,0,0,-1.000,21.40,3.32,0.0303,0.0008
111.622,0.000,0,,,,,,GLOBAL,1.000,clear,0,20.7,127,29.844,0,0,-1.000,21.40,3.32,0.0257,0.0218
111.642,0.000,0,,,,,,GLOBAL,1.000,clear,0,20.7,127,29.863,0,0,-1.000,21.40,3.32,0.0452,0.0155
111.661,0.000,0,,,,,,GLOBAL,1.000,clear,0,20.7,127,29.883,0,0,-1.000,21.40,3.32,0.0404,0.0106
111.681,0.000,0,,,,,,GLOBAL,1.000,clear,0,20.7,127,29.903,0,0,-1.000,21.40,3.32,0.0349,0.0040
111.701,0.000,0,,,,,,GLOBAL,1.000,clear,0,20.7,127,29.923,0,0,-1.000,21.40,3.32,0.0307,0.0014
111.721,0.000,0,,,,,,GLOBAL,1.000,clear,0,20.7,127,29.943,0,0,-1.000,21.40,3.32,0.0509,0.0216
111.741,0.000,0,,,,,,GLOBAL,1.000,clear,0,20.7,127,29.963,0,0,-1.000,21.40,3.32,0.0449,0.0167
111.764,0.000,0,,,,,,GLOBAL,1.000,clear,0,20.7,127,29.986,0,0,-1.000,21.40,3.32,0.0427,0.0126
111.781,0.000,0,,,,,,GLOBAL,1.000,clear,0,20.7,127,30.003,0,0,-1.000,21.40,3.32,0.0352,0.0078
111.801,0.000,0,,,,,,GLOBAL,1.000,clear,0,20.7,127,30.023,0,0,-1.000,21.40,3.32,0.0312,0.0010
111.822,0.000,0,,,,,,GLOBAL,1.000,clear,0,20.7,127,30.044,0,0,-1.000,21.40,3.32,0.0261,0.0217
111.841,0.000,0,,,,,,GLOBAL,1.000,clear,0,20.7,127,30.063,0,0,-1.000,21.40,3.32,0.0453,0.0172
111.861,0.000,0,,,,,,GLOBAL,1.000,clear,0,20.7,127,30.083,0,0,-1.000,21.40,3.32,0.0413,0.0130
111.881,0.000,0,,,,,,GLOBAL,1.000,clear,0,20.7,127,30.103,0,0,-1.000,21.40,3.32,0.0354,0.0027
111.901,0.000,0,,,,,,GLOBAL,1.000,clear,0,20.7,127,30.123,0,0,-1.000,21.40,3.32,0.0287,0.0027
111.921,0.000,0,,,,,,GLOBAL,1.000,clear,0,20.7,127,30.143,0,0,-1.000,21.40,3.32,0.0257,0.0227
111.941,0.000,0,,,,,,GLOBAL,1.000,clear,0,20.7,127,30.163,0,0,-1.000,21.40,3.32,0.0458,0.0176
111.962,0.000,0,,,,,,GLOBAL,1.000,clear,0,20.7,127,30.183,0,0,-1.000,21.40,3.32,0.0415,0.0137
111.981,0.000,0,,,,,,GLOBAL,1.000,clear,0,20.7,127,30.203,0,0,-1.000,21.40,3.32,0.0358,0.0091
112.002,0.000,0,,,,,,GLOBAL,1.000,clear,0,20.7,127,30.223,0,0,-1.000,21.40,3.32,0.0303,0.0017
112.022,0.000,0,,,,,,GLOBAL,1.000,clear,0,20.7,127,30.244,0,0,-1.000,21.40,3.32,0.0270,0.0224
112.041,0.000,0,,,,,,GLOBAL,1.000,clear,0,20.7,127,30.263,0,0,-1.000,21.40,3.32,0.0462,0.0166
112.061,0.000,0,,,,,,GLOBAL,1.000,clear,0,20.7,127,30.283,0,0,-1.000,21.40,3.32,0.0412,0.0111
112.084,0.000,0,,,,,,GLOBAL,1.000,clear,0,20.7,127,30.305,0,0,-1.000,21.40,3.32,0.0388,0.0089
112.101,0.000,0,,,,,,GLOBAL,1.000,clear,0,20.7,127,30.323,0,0,-1.000,21.40,3.32,0.0321,0.0041
112.121,0.000,0,,,,,,GLOBAL,1.000,clear,0,20.7,127,30.343,0,0,-1.000,21.40,3.32,0.0265,0.0242
112.141,0.000,0,,,,,,GLOBAL,1.000,clear,0,20.7,127,30.363,0,0,-1.000,21.40,3.32,0.0465,0.0192
112.166,0.000,0,,,,,,GLOBAL,1.000,clear,0,20.7,127,30.388,0,0,-1.000,21.40,3.32,0.0472,0.0187
112.181,0.000,0,,,,,,GLOBAL,1.000,clear,0,20.7,127,30.403,0,0,-1.000,21.40,3.32,0.0367,0.0082
112.201,0.000,0,,,,,,GLOBAL,1.000,clear,0,20.7,127,30.423,0,0,-1.000,21.40,3.32,0.0323,0.0018
112.221,0.000,0,,,,,,GLOBAL,1.000,clear,0,20.7,127,30.443,0,0,-1.000,21.40,3.35,0.0524,0.0219
112.241,0.000,0,,,,,,GLOBAL,1.000,clear,0,20.7,127,30.463,0,0,-1.000,21.40,3.35,0.0469,0.0155
112.261,0.000,0,,,,,,GLOBAL,1.000,clear,0,20.7,127,30.483,0,0,-1.000,21.40,3.32,0.0426,0.0137
112.281,0.000,0,,,,,,GLOBAL,1.000,clear,0,20.7,127,30.503,0,0,-1.000,21.40,3.32,0.0371,0.0034
112.302,0.000,0,,,,,,GLOBAL,1.000,clear,0,20.7,127,30.523,0,0,-1.000,21.40,3.32,0.0333,0.0011
112.321,0.000,0,,,,,,GLOBAL,1.000,clear,0,20.7,127,30.543,0,0,-1.000,21.40,3.32,0.0271,0.0208
112.341,0.000,0,,,,,,GLOBAL,1.000,clear,0,20.7,127,30.563,0,0,-1.000,21.40,3.32,0.0471,0.0174
112.361,0.000,0,,,,,,GLOBAL,1.000,clear,0,20.7,127,30.583,0,0,-1.000,21.40,3.32,0.0430,0.0129
112.381,0.000,0,,,,,,GLOBAL,1.000,clear,0,20.7,127,30.603,0,0,-1.000,21.40,3.32,0.0373,0.0100
112.401,0.000,0,,,,,,GLOBAL,1.000,clear,0,20.7,127,30.623,0,0,-1.000,21.40,3.32,0.0332,0.0026
112.421,0.000,0,,,,,,GLOBAL,1.000,clear,0,20.7,127,30.643,0,0,-1.000,21.40,3.32,0.0275,0.0228
112.442,0.000,0,,,,,,GLOBAL,1.000,clear,0,20.7,127,30.663,0,0,-1.000,21.40,3.32,0.0478,0.0167
112.461,0.000,0,,,,,,GLOBAL,1.000,clear,0,20.7,127,30.683,0,0,-1.000,21.40,3.32,0.0424,0.0133
112.481,0.000,0,,,,,,GLOBAL,1.000,clear,0,20.7,127,30.703,0,0,-1.000,21.40,3.32,0.0378,0.0101
112.501,0.000,0,,,,,,GLOBAL,1.000,clear,0,20.7,127,30.723,0,0,-1.000,21.40,3.32,0.0335,0.0039
112.522,0.000,0,,,,,,GLOBAL,1.000,clear,0,20.7,127,30.743,0,0,-1.000,21.40,3.32,0.0241,0.0012
112.541,0.000,0,,,,,,GLOBAL,1.000,clear,0,20.7,127,30.763,0,0,-1.000,21.40,3.32,0.0438,0.0208
112.564,0.000,0,,,,,,GLOBAL,1.000,clear,0,20.7,127,30.785,0,0,-1.000,21.40,3.32,0.0446,0.0145
112.582,0.000,0,,,,,,GLOBAL,1.000,clear,0,20.7,127,30.803,0,0,-1.000,21.40,3.32,0.0386,0.0029
112.602,0.000,0,,,,,,GLOBAL,1.000,clear,0,20.7,127,30.823,0,0,-1.000,21.40,3.32,0.0327,0.0046
112.621,0.000,0,,,,,,GLOBAL,1.000,clear,0,20.7,127,30.843,0,0,-1.000,21.40,3.32,0.0280,0.0006
112.641,0.000,0,,,,,,GLOBAL,1.000,clear,0,20.7,127,30.863,0,0,-1.000,21.40,3.32,0.0480,0.0206
112.661,0.000,0,,,,,,GLOBAL,1.000,clear,0,20.7,127,30.883,0,0,-1.000,21.40,3.32,0.0438,0.0137
112.681,0.000,0,,,,,,GLOBAL,1.000,clear,0,20.7,127,30.903,0,0,-1.000,21.40,3.32,0.0385,0.0091
112.701,0.000,0,,,,,,GLOBAL,1.000,clear,0,20.7,127,30.923,0,0,-1.000,21.40,3.32,0.0312,0.0035
112.721,0.000,0,,,,,,GLOBAL,1.000,clear,0,20.7,127,30.943,0,0,-1.000,21.40,3.32,0.0272,0.0235
112.741,0.000,0,,,,,,GLOBAL,1.000,clear,0,20.7,127,30.963,0,0,-1.000,21.40,3.32,0.0471,0.0188
112.762,0.000,0,,,,,,GLOBAL,1.000,clear,0,20.7,127,30.983,0,0,-1.000,21.40,3.32,0.0448,0.0139
112.782,0.000,0,,,,,,GLOBAL,1.000,clear,0,20.7,127,31.003,0,0,-1.000,21.40,3.32,0.0377,0.0097
112.801,0.000,0,,,,,,GLOBAL,1.000,clear,0,20.7,127,31.023,0,0,-1.000,21.40,3.32,0.0344,0.0078
112.821,0.000,0,,,,,,GLOBAL,1.000,clear,0,20.7,127,31.043,0,0,-1.000,21.40,3.32,0.0304,0.0019
112.842,0.000,0,,,,,,GLOBAL,1.000,clear,0,20.7,127,31.063,0,0,-1.000,21.40,3.32,0.0507,0.0221
112.861,0.000,0,,,,,,GLOBAL,1.000,clear,0,20.7,127,31.083,0,0,-1.000,21.40,3.32,0.0448,0.0138
112.881,0.000,0,,,,,,GLOBAL,1.000,clear,0,20.7,127,31.103,0,0,-1.000,21.40,3.32,0.0397,0.0101
112.901,0.000,0,,,,,,GLOBAL,1.000,clear,0,20.7,127,31.123,0,0,-1.000,21.40,3.32,0.0348,0.0075
112.922,0.000,0,,,,,,GLOBAL,1.000,clear,0,20.7,127,31.143,0,0,-1.000,21.40,3.32,0.0303,0.0012
112.942,0.000,0,,,,,,GLOBAL,1.000,clear,0,20.7,127,31.163,0,0,-1.000,21.40,3.32,0.0252,0.0210
112.962,0.000,0,,,,,,GLOBAL,1.000,clear,0,20.7,127,31.183,0,0,-1.000,21.40,3.32,0.0452,0.0185
112.981,0.000,0,,,,,,GLOBAL,1.000,clear,0,20.7,127,31.203,0,0,-1.000,21.40,3.32,0.0410,0.0105
113.001,0.000,0,,,,,,GLOBAL,1.000,clear,0,20.7,127,31.223,0,0,-1.000,21.40,3.32,0.0350,0.0058
113.021,0.000,0,,,,,,GLOBAL,1.000,clear,0,20.7,127,31.243,0,0,-1.000,21.40,3.32,0.0308,0.0022
113.042,0.000,0,,,,,,GLOBAL,1.000,clear,0,20.7,127,31.263,0,0,-1.000,21.40,3.32,0.0254,0.0225
113.061,0.000,0,,,,,,GLOBAL,1.000,clear,0,20.7,127,31.283,0,0,-1.000,21.40,3.32,0.0452,0.0182
113.083,0.000,0,,,,,,GLOBAL,1.000,clear,0,20.7,127,31.304,0,0,-1.000,21.40,3.32,0.0429,0.0141
113.101,0.000,0,,,,,,GLOBAL,1.000,clear,0,20.7,127,31.323,0,0,-1.000,21.40,3.32,0.0356,0.0076
113.121,0.000,0,,,,,,GLOBAL,1.000,clear,0,20.7,127,31.343,0,0,-1.000,21.40,3.32,0.0313,0.0024
113.142,0.000,0,,,,,,GLOBAL,1.000,clear,0,20.7,127,31.363,0,0,-1.000,21.40,3.32,0.0260,0.0228
113.162,0.000,0,,,,,,GLOBAL,1.000,clear,0,20.7,127,31.383,0,0,-1.000,21.40,3.32,0.0459,0.0119
113.181,0.000,0,,,,,,GLOBAL,1.000,clear,0,20.7,127,31.403,0,0,-1.000,21.40,3.32,0.0416,0.0107
113.201,0.000,0,,,,,,GLOBAL,1.000,clear,0,20.7,127,31.423,0,0,-1.000,21.40,3.32,0.0360,0.0076
113.221,0.000,0,,,,,,GLOBAL,1.000,clear,0,20.7,127,31.443,0,0,-1.000,21.40,3.32,0.0314,0.0017
113.242,0.000,0,,,,,,GLOBAL,1.000,clear,0,20.7,127,31.464,0,0,-1.000,21.40,3.32,0.0270,0.0229
113.261,0.000,0,,,,,,GLOBAL,1.000,clear,0,20.7,127,31.483,0,0,-1.000,21.40,3.32,0.0457,0.0168
113.282,0.000,0,,,,,,GLOBAL,1.000,clear,0,20.7,127,31.503,0,0,-1.000,21.40,3.32,0.0404,0.0131
113.301,0.000,0,,,,,,GLOBAL,1.000,clear,0,20.7,127,31.523,0,0,-1.000,21.40,3.32,0.0357,0.0059
113.321,0.000,0,,,,,,GLOBAL,1.000,clear,0,20.7,127,31.543,0,0,-1.000,21.40,3.32,0.0298,0.0027
113.341,0.000,0,,,,,,GLOBAL,1.000,clear,0,20.7,127,31.563,0,0,-1.000,21.40,3.32,0.0263,0.0228
113.362,0.000,0,,,,,,GLOBAL,1.000,clear,0,20.7,127,31.583,0,0,-1.000,21.40,3.32,0.0465,0.0180
113.381,0.000,0,,,,,,GLOBAL,1.000,clear,0,20.7,127,31.603,0,0,-1.000,21.40,3.32,0.0407,0.0136
113.401,0.000,0,,,,,,GLOBAL,1.000,clear,0,20.7,127,31.623,0,0,-1.000,21.40,3.32,0.0364,0.0072
113.421,0.000,0,,,,,,GLOBAL,1.000,clear,0,20.7,127,31.643,0,0,-1.000,21.40,3.32,0.0308,0.0039
113.441,0.000,0,,,,,,GLOBAL,1.000,clear,0,20.7,127,31.663,0,0,-1.000,21.40,3.32,0.0268,0.0240
113.461,0.000,0,,,,,,GLOBAL,1.000,clear,0,20.7,127,31.683,0,0,-1.000,21.40,3.35,0.0467,0.0182
113.481,0.000,0,,,,,,GLOBAL,1.000,clear,0,20.7,127,31.703,0,0,-1.000,21.40,3.32,0.0411,0.0141
113.501,0.000,0,,,,,,GLOBAL,1.000,clear,0,20.7,127,31.723,0,0,-1.000,21.40,3.32,0.0370,0.0082
113.522,0.000,0,,,,,,GLOBAL,1.000,clear,0,20.7,127,31.743,0,0,-1.000,21.40,3.32,0.0316,0.0013
113.542,0.000,0,,,,,,GLOBAL,1.000,clear,0,20.7,127,31.764,0,0,-1.000,21.40,3.32,0.0521,0.0219
113.561,0.000,0,,,,,,GLOBAL,1.000,clear,0,20.7,127,31.783,0,0,-1.000,21.40,3.32,0.0460,0.0157
113.581,0.000,0,,,,,,GLOBAL,1.000,clear,0,20.7,127,31.803,0,0,-1.000,21.40,3.32,0.0415,0.0143
113.603,0.000,0,,,,,,GLOBAL,1.000,clear,0,20.7,127,31.824,0,0,-1.000,21.40,3.32,0.0385,0.0034
113.621,0.000,0,,,,,,GLOBAL,1.000,clear,0,20.7,127,31.843,0,0,-1.000,21.40,3.32,0.0302,0.0026
113.641,0.000,0,,,,,,GLOBAL,1.000,clear,0,20.7,127,31.863,0,0,-1.000,21.40,3.32,0.0273,0.0228
113.661,0.000,0,,,,,,GLOBAL,1.000,clear,0,20.7,127,31.883,0,0,-1.000,21.40,3.32,0.0472,0.0166
113.681,0.000,0,,,,,,GLOBAL,1.000,clear,0,20.7,127,31.903,0,0,-1.000,21.40,3.32,0.0417,0.0148
113.701,0.000,0,,,,,,GLOBAL,1.000,clear,0,20.7,127,31.923,0,0,-1.000,21.40,3.32,0.0374,0.0074
113.722,0.000,0,,,,,,GLOBAL,1.000,clear,0,20.7,127,31.943,0,0,-1.000,21.40,3.32,0.0319,0.0043
113.741,0.000,0,,,,,,GLOBAL,1.000,clear,0,20.7,127,31.963,0,0,-1.000,21.40,3.32,0.0272,0.0240
113.761,0.000,0,,,,,,GLOBAL,1.000,clear,0,20.7,127,31.983,0,0,-1.000,21.40,3.32,0.0473,0.0192
113.781,0.000,0,,,,,,GLOBAL,1.000,clear,0,20.7,127,32.003,0,0,-1.000,21.40,3.32,0.0420,0.0143
113.801,0.000,0,,,,,,GLOBAL,1.000,clear,0,20.7,127,32.023,0,0,-1.000,21.40,3.32,0.0367,0.0095
113.821,0.000,0,,,,,,GLOBAL,1.000,clear,0,20.7,127,32.043,0,0,-1.000,21.40,3.32,0.0321,0.0045
113.841,0.000,0,,,,,,GLOBAL,1.000,clear,0,20.7,127,32.063,0,0,-1.000,21.40,3.32,0.0273,0.0245
113.862,0.000,0,,,,,,GLOBAL,1.000,clear,0,20.7,127,32.083,0,0,-1.000,21.40,3.32,0.0474,0.0174
113.881,0.000,0,,,,,,GLOBAL,1.000,clear,0,20.7,127,32.103,0,0,-1.000,21.40,3.32,0.0420,0.0146
113.901,0.000,0,,,,,,GLOBAL,1.000,clear,0,20.7,127,32.123,0,0,-1.000,21.40,3.32,0.0371,0.0082
113.922,0.000,0,,,,,,GLOBAL,1.000,clear,0,20.7,127,32.143,0,0,-1.000,21.40,3.32,0.0325,0.0049
113.941,0.000,0,,,,,,GLOBAL,1.000,clear,0,20.7,127,32.163,0,0,-1.000,21.40,3.32,0.0271,0.0246
113.962,0.000,0,,,,,,GLOBAL,1.000,clear,0,20.7,127,32.183,0,0,-1.000,21.40,3.32,0.0473,0.0199
113.981,0.000,0,,,,,,GLOBAL,1.000,clear,0,20.7,127,32.203,0,0,-1.000,21.40,3.32,0.0424,0.0147
114.001,0.000,0,,,,,,GLOBAL,1.000,clear,0,20.7,127,32.223,0,0,-1.000,21.40,3.32,0.0374,0.0083
114.022,0.000,0,,,,,,GLOBAL,1.000,clear,0,20.7,127,32.243,0,0,-1.000,21.40,3.32,0.0331,0.0015
114.041,0.000,0,,,,,,GLOBAL,1.000,clear,0,20.7,127,32.263,0,0,-1.000,21.40,3.32,0.0273,0.0210
114.068,0.000,0,,,,,,GLOBAL,1.000,clear,0,20.7,127,32.289,0,0,-1.000,21.40,3.32,0.0536,0.0212
114.100,0.000,0,,,,,,GLOBAL,1.000,clear,0,20.7,127,32.321,0,0,-1.000,21.40,3.32,0.0602,0.0282
114.102,0.000,0,,,,,,GLOBAL,1.000,clear,0,20.7,127,32.324,0,0,-1.000,21.40,3.32,0.0382,0.0016
114.121,0.000,0,,,,,,GLOBAL,1.000,clear,0,20.7,127,32.343,0,0,-1.000,21.40,3.35,0.0307,0.0013
114.141,0.000,0,,,,,,GLOBAL,1.000,clear,0,20.7,127,32.363,0,0,-1.000,21.40,3.35,0.0272,0.0211
114.161,0.000,0,,,,,,GLOBAL,1.000,clear,0,20.7,127,32.383,0,0,-1.000,21.40,3.35,0.0472,0.0161
114.181,0.000,0,,,,,,GLOBAL,1.000,clear,0,20.7,127,32.403,0,0,-1.000,21.40,3.32,0.0430,0.0150
114.201,0.000,0,,,,,,GLOBAL,1.000,clear,0,20.7,127,32.423,0,0,-1.000,21.40,3.32,0.0371,0.0080
114.221,0.000,0,,,,,,GLOBAL,1.000,clear,0,20.7,127,32.443,0,0,-1.000,21.40,3.32,0.0329,0.0062
114.242,0.000,0,,,,,,GLOBAL,1.000,clear,0,20.7,127,32.463,0,0,-1.000,21.40,3.32,0.0294,0.0006
114.262,0.000,0,,,,,,GLOBAL,1.000,clear,0,20.7,127,32.483,0,0,-1.000,21.40,3.35,0.0490,0.0203
114.281,0.000,0,,,,,,GLOBAL,1.000,clear,0,20.7,127,32.503,0,0,-1.000,21.40,3.35,0.0431,0.0138
114.302,0.000,0,,,,,,GLOBAL,1.000,clear,0,20.7,127,32.524,0,0,-1.000,21.40,3.32,0.0392,0.0078
114.322,0.000,0,,,,,,GLOBAL,1.000,clear,0,20.7,127,32.543,0,0,-1.000,21.40,3.32,0.0338,0.0026
114.341,0.000,0,,,,,,GLOBAL,1.000,clear,0,20.7,127,32.563,0,0,-1.000,21.40,3.32,0.0275,0.0220
114.361,0.000,0,,,,,,GLOBAL,1.000,clear,0,20.7,127,32.583,0,0,-1.000,21.40,3.32,0.0477,0.0179
114.381,0.000,0,,,,,,GLOBAL,1.000,clear,0,20.7,127,32.603,0,0,-1.000,21.40,3.32,0.0433,0.0137
114.401,0.000,0,,,,,,GLOBAL,1.000,clear,0,20.7,127,32.623,0,0,-1.000,21.40,3.32,0.0375,0.0090
114.421,0.000,0,,,,,,GLOBAL,1.000,clear,0,20.7,127,32.643,0,0,-1.000,21.40,3.35,0.0336,0.0063
114.441,0.000,0,,,,,,GLOBAL,1.000,clear,0,20.7,127,32.663,0,0,-1.000,21.40,3.32,0.0278,0.0264
114.461,0.000,0,,,,,,GLOBAL,1.000,clear,0,20.7,127,32.683,0,0,-1.000,21.40,3.32,0.0477,0.0191
114.481,0.000,0,,,,,,GLOBAL,1.000,clear,0,20.7,127,32.703,0,0,-1.000,21.40,3.32,0.0431,0.0168
114.502,0.000,0,,,,,,GLOBAL,1.000,clear,0,20.7,127,32.723,0,0,-1.000,21.40,3.35,0.0387,0.0112
114.521,0.000,0,,,,,,GLOBAL,1.000,clear,0,20.7,127,32.743,0,0,-1.000,21.40,3.35,0.0339,0.0050
114.542,0.000,0,,,,,,GLOBAL,1.000,clear,0,20.7,127,32.763,0,0,-1.000,21.40,3.32,0.0285,0.0010
114.561,0.000,0,,,,,,GLOBAL,1.000,clear,0,20.7,127,32.783,0,0,-1.000,21.40,3.32,0.0481,0.0206
114.581,0.000,0,,,,,,GLOBAL,1.000,clear,0,20.7,127,32.803,0,0,-1.000,21.40,3.32,0.0441,0.0172
114.601,0.000,0,,,,,,GLOBAL,1.000,clear,0,20.7,127,32.823,0,0,-1.000,21.40,3.35,0.0377,0.0085
114.621,0.000,0,,,,,,GLOBAL,1.000,clear,0,20.7,127,32.843,0,0,-1.000,21.40,3.32,0.0330,0.0071
114.641,0.000,0,,,,,,GLOBAL,1.000,clear,0,20.7,127,32.863,0,0,-1.000,21.40,3.32,0.0280,0.0010
114.662,0.000,0,,,,,,GLOBAL,1.000,clear,0,20.7,127,32.883,0,0,-1.000,21.40,3.32,0.0484,0.0213
114.681,0.000,0,,,,,,GLOBAL,1.000,clear,0,20.7,127,32.903,0,0,-1.000,21.40,3.32,0.0428,0.0151
114.701,0.000,0,,,,,,GLOBAL,1.000,clear,0,20.7,127,32.923,0,0,-1.000,21.40,3.32,0.0403,0.0107
114.721,0.000,0,,,,,,GLOBAL,1.000,clear,0,20.7,127,32.943,0,0,-1.000,21.40,3.32,0.0320,0.0073
114.742,0.000,0,,,,,,GLOBAL,1.000,clear,0,20.7,127,32.964,0,0,-1.000,21.40,3.32,0.0263,0.0020
114.762,0.000,0,,,,,,GLOBAL,1.000,clear,0,20.7,127,32.983,0,0,-1.000,21.40,3.32,0.0457,0.0214
114.781,0.000,0,,,,,,GLOBAL,1.000,clear,0,20.7,127,33.003,0,0,-1.000,21.40,3.32,0.0443,0.0128
114.801,0.000,0,,,,,,GLOBAL,1.000,clear,0,20.7,127,33.023,0,0,-1.000,21.40,3.32,0.0404,0.0118
114.821,0.000,0,,,,,,GLOBAL,1.000,clear,0,20.7,127,33.043,0,0,-1.000,21.40,3.32,0.0347,0.0060
114.841,0.000,0,,,,,,GLOBAL,1.000,clear,0,20.7,127,33.063,0,0,-1.000,21.40,3.32,0.0303,0.0016
114.862,0.000,0,,,,,,GLOBAL,1.000,clear,0,20.7,127,33.083,0,0,-1.000,21.40,3.35,0.0506,0.0219
114.881,0.000,0,,,,,,GLOBAL,1.000,clear,0,20.7,127,33.103,0,0,-1.000,21.40,3.35,0.0450,0.0175
114.901,0.000,0,,,,,,GLOBAL,1.000,clear,0,20.7,127,33.123,0,0,-1.000,21.40,3.32,0.0408,0.0125
114.921,0.000,0,,,,,,GLOBAL,1.000,clear,0,20.7,127,33.143,0,0,-1.000,21.40,3.32,0.0350,0.0065
114.942,0.000,0,,,,,,GLOBAL,1.000,clear,0,20.7,127,33.163,0,0,-1.000,21.40,3.32,0.0307,0.0009
114.962,0.000,0,,,,,,GLOBAL,1.000,clear,0,20.7,127,33.183,0,0,-1.000,21.40,3.32,0.0510,0.0212
114.981,0.000,0,,,,,,GLOBAL,1.000,clear,0,20.7,127,33.203,0,0,-1.000,21.40,3.32,0.0443,0.0155
115.001,0.000,0,,,,,,GLOBAL,1.000,clear,0,20.7,127,33.223,0,0,-1.000,21.40,3.32,0.0412,0.0124
115.021,0.000,0,,,,,,GLOBAL,1.000,clear,0,20.7,127,33.243,0,0,-1.000,21.40,3.32,0.0354,0.0046
115.042,0.000,0,,,,,,GLOBAL,1.000,clear,0,20.7,127,33.263,0,0,-1.000,21.40,3.32,0.0311,0.0251
115.062,0.000,0,,,,,,GLOBAL,1.000,clear,0,20.7,127,33.284,0,0,-1.000,21.40,3.32,0.0239,0.0184
115.081,0.000,0,,,,,,GLOBAL,1.000,clear,0,20.7,127,33.303,0,0,-1.000,21.40,3.32,0.0431,0.0154
115.101,0.000,0,,,,,,GLOBAL,1.000,clear,0,20.7,127,33.323,0,0,-1.000,21.40,3.32,0.0410,0.0112
115.121,0.000,0,,,,,,GLOBAL,1.000,clear,0,20.7,127,33.343,0,0,-1.000,21.40,3.32,0.0357,0.0049
115.141,0.000,0,,,,,,GLOBAL,1.000,clear,0,20.7,127,33.363,0,0,-1.000,21.40,3.32,0.0271,0.0247
115.162,0.000,0,,,,,,GLOBAL,1.000,clear,0,20.7,127,33.383,0,0,-1.000,21.40,3.32,0.0265,0.0204
115.181,0.000,0,,,,,,GLOBAL,1.000,clear,0,20.7,127,33.403,0,0,-1.000,21.40,3.32,0.0458,0.0160
115.201,0.000,0,,,,,,GLOBAL,1.000,clear,0,20.7,127,33.423,0,0,-1.000,21.40,3.32,0.0418,0.0060
115.221,0.000,0,,,,,,GLOBAL,1.000,clear,0,20.7,127,33.443,0,0,-1.000,21.40,3.32,0.0360,0.0014
115.242,0.000,0,,,,,,GLOBAL,1.000,clear,0,20.7,127,33.463,0,0,-1.000,21.40,3.32,0.0322,0.0016
115.262,0.000,0,,,,,,GLOBAL,1.000,clear,0,20.7,127,33.483,0,0,-1.000,21.40,3.32,0.0265,0.0218
115.281,0.000,0,,,,,,GLOBAL,1.000,clear,0,20.7,127,33.503,0,0,-1.000,21.40,3.32,0.0460,0.0191
115.301,0.000,0,,,,,,GLOBAL,1.000,clear,0,20.7,127,33.523,0,0,-1.000,21.40,3.32,0.0418,0.0137
115.321,0.000,0,,,,,,GLOBAL,1.000,clear,0,20.7,127,33.543,0,0,-1.000,21.40,3.32,0.0347,0.0040
115.342,0.000,0,,,,,,GLOBAL,1.000,clear,0,20.7,127,33.563,0,0,-1.000,21.40,3.32,0.0322,0.0006
115.362,0.000,0,,,,,,GLOBAL,1.000,clear,0,20.7,127,33.584,0,0,-1.000,21.40,3.32,0.0527,0.0212
115.381,0.000,0,,,,,,GLOBAL,1.000,clear,0,20.7,127,33.603,0,0,-1.000,21.40,3.32,0.0464,0.0110
115.401,0.000,0,,,,,,GLOBAL,1.000,clear,0,20.7,127,33.623,0,0,-1.000,21.40,3.32,0.0403,0.0012
115.422,0.000,0,,,,,,GLOBAL,1.000,clear,0,20.7,127,33.644,0,0,-1.000,21.40,3.32,0.0350,0.0079
115.441,0.000,0,,,,,,GLOBAL,1.000,clear,0,20.7,127,33.663,0,0,-1.000,21.40,3.35,0.0307,0.0041
115.461,0.000,0,,,,,,GLOBAL,1.000,clear,0,20.7,127,33.683,0,0,-1.000,21.40,3.35,0.0507,0.0241
115.481,0.000,0,,,,,,GLOBAL,1.000,clear,0,20.7,127,33.703,0,0,-1.000,21.40,3.32,0.0466,0.0179
115.501,0.000,0,,,,,,GLOBAL,1.000,clear,0,20.7,127,33.723,0,0,-1.000,21.40,3.32,0.0409,0.0380
115.522,0.000,0,,,,,,GLOBAL,1.000,clear,0,20.7,127,33.743,0,0,-1.000,21.40,3.32,0.0373,0.0179
115.541,0.000,0,,,,,,GLOBAL,1.000,clear,0,20.7,127,33.763,0,0,-1.000,21.40,3.32,0.0305,0.0191
115.562,0.000,0,,,,,,GLOBAL,1.000,clear,0,20.7,127,33.783,0,0,-1.000,21.40,3.32,0.0271,0.0192
115.581,0.000,0,,,,,,GLOBAL,1.000,clear,0,20.7,127,33.803,0,0,-1.000,21.40,3.32,0.0469,0.0188
115.601,0.000,0,,,,,,GLOBAL,1.000,clear,0,20.7,127,33.823,0,0,-1.000,21.40,3.32,0.0413,0.0135
115.621,0.000,0,,,,,,GLOBAL,1.000,clear,0,20.7,127,33.843,0,0,-1.000,21.40,3.32,0.0368,0.0077
115.641,0.000,0,,,,,,GLOBAL,1.000,clear,0,20.7,127,33.863,0,0,-1.000,21.40,3.32,0.0315,0.0022
115.662,0.000,0,,,,,,GLOBAL,1.000,clear,0,20.7,127,33.883,0,0,-1.000,21.40,3.32,0.0277,0.0225
115.681,0.000,0,,,,,,GLOBAL,1.000,clear,0,20.7,127,33.903,0,0,-1.000,21.40,3.32,0.0474,0.0156
115.701,0.000,0,,,,,,GLOBAL,1.000,clear,0,20.7,127,33.923,0,0,-1.000,21.40,3.32,0.0415,0.0060
115.721,0.000,0,,,,,,GLOBAL,1.000,clear,0,20.7,127,33.943,0,0,-1.000,21.40,3.32,0.0373,0.0028
115.742,0.000,0,,,,,,GLOBAL,1.000,clear,0,20.7,127,33.963,0,0,-1.000,21.40,3.32,0.0317,0.0037
115.762,0.000,0,,,,,,GLOBAL,1.000,clear,0,20.7,127,33.983,0,0,-1.000,21.40,3.32,0.0279,0.0240
115.781,0.000,0,,,,,,GLOBAL,1.000,clear,0,20.7,127,34.003,0,0,-1.000,21.40,3.32,0.0472,0.0122
115.801,0.000,0,,,,,,GLOBAL,1.000,clear,0,20.7,127,34.023,0,0,-1.000,21.40,3.32,0.0418,0.0138
115.822,0.000,0,,,,,,GLOBAL,1.000,clear,0,20.7,127,34.043,0,0,-1.000,21.40,3.32,0.0374,0.0056
115.842,0.000,0,,,,,,GLOBAL,1.000,clear,0,20.7,127,34.063,0,0,-1.000,21.40,3.32,0.0322,0.0013
115.861,0.000,0,,,,,,GLOBAL,1.000,clear,0,20.7,127,34.083,0,0,-1.000,21.40,3.32,0.0270,0.0210
115.881,0.000,0,,,,,,GLOBAL,1.000,clear,0,20.7,127,34.103,0,0,-1.000,21.40,3.32,0.0470,0.0172
115.901,0.000,0,,,,,,GLOBAL,1.000,clear,0,20.7,127,34.123,0,0,-1.000,21.40,3.32,0.0422,0.0146
115.924,0.000,0,,,,,,GLOBAL,1.000,clear,0,20.7,127,34.146,0,0,-1.000,21.40,3.32,0.0403,0.0121
115.941,0.000,0,,,,,,GLOBAL,1.000,clear,0,20.7,127,34.163,0,0,-1.000,21.40,3.32,0.0321,0.0010
115.961,0.000,0,,,,,,GLOBAL,1.000,clear,0,20.7,127,34.183,0,0,-1.000,21.40,3.32,0.0270,0.0210
115.982,0.000,0,,,,,,GLOBAL,1.000,clear,0,20.7,127,34.203,0,0,-1.000,21.40,3.32,0.0473,0.0181
116.001,0.000,0,,,,,,GLOBAL,1.000,clear,0,20.7,127,34.223,0,0,-1.000,21.40,3.32,0.0408,0.0100
116.022,0.000,0,,,,,,GLOBAL,1.000,clear,0,20.7,127,34.244,0,0,-1.000,21.40,3.32,0.0360,0.0034
116.041,0.000,0,,,,,,GLOBAL,1.000,clear,0,20.7,127,34.263,0,0,-1.000,21.40,3.32,0.0327,0.0224
116.061,0.000,0,,,,,,GLOBAL,1.000,clear,0,20.7,127,34.283,0,0,-1.000,21.40,3.32,0.0271,0.0192
116.081,0.000,0,,,,,,GLOBAL,1.000,clear,0,20.7,127,34.303,0,0,-1.000,21.40,3.32,0.0472,0.0178
116.101,0.000,0,,,,,,GLOBAL,1.000,clear,0,20.7,127,34.323,0,0,-1.000,21.40,3.32,0.0429,0.0078
116.121,0.000,0,,,,,,GLOBAL,1.000,clear,0,20.7,127,34.343,0,0,-1.000,21.40,3.32,0.0357,0.0083
116.141,0.000,0,,,,,,GLOBAL,1.000,clear,0,20.7,127,34.363,0,0,-1.000,21.40,3.32,0.0309,0.0048
116.162,0.000,0,,,,,,GLOBAL,1.000,clear,0,20.7,127,34.384,0,0,-1.000,21.40,3.32,0.0283,0.0255
116.181,0.000,0,,,,,,GLOBAL,1.000,clear,0,20.7,127,34.403,0,0,-1.000,21.40,3.32,0.0475,0.0189
116.201,0.000,0,,,,,,GLOBAL,1.000,clear,0,20.7,127,34.423,0,0,-1.000,21.40,3.32,0.0414,0.0150
116.221,0.000,0,,,,,,GLOBAL,1.000,clear,0,20.7,127,34.443,0,0,-1.000,21.40,3.32,0.0374,0.0068
116.242,0.000,0,,,,,,GLOBAL,1.000,clear,0,20.7,127,34.463,0,0,-1.000,21.40,3.32,0.0333,0.0012
116.262,0.000,0,,,,,,GLOBAL,1.000,clear,0,20.7,127,34.483,0,0,-1.000,21.40,3.32,0.0276,0.0212
116.281,0.000,0,,,,,,GLOBAL,1.000,clear,0,20.7,127,34.503,0,0,-1.000,21.40,3.32,0.0475,0.0176
116.301,0.000,0,,,,,,GLOBAL,1.000,clear,0,20.7,127,34.523,0,0,-1.000,21.40,3.32,0.0433,0.0141
116.322,0.000,0,,,,,,GLOBAL,1.000,clear,0,20.7,127,34.543,0,0,-1.000,21.40,3.32,0.0358,0.0109
116.342,0.000,0,,,,,,GLOBAL,1.000,clear,0,20.7,127,34.563,0,0,-1.000,21.40,3.32,0.0339,0.0047
116.361,0.000,0,,,,,,GLOBAL,1.000,clear,0,20.7,127,34.583,0,0,-1.000,21.40,3.32,0.0271,0.0009
116.381,0.000,0,,,,,,GLOBAL,1.000,clear,0,20.7,127,34.603,0,0,-1.000,21.40,3.32,0.0472,0.0210
116.401,0.000,0,,,,,,GLOBAL,1.000,clear,0,20.7,127,34.623,0,0,-1.000,21.40,3.32,0.0436,0.0139
116.422,0.000,0,,,,,,GLOBAL,1.000,clear,0,20.7,127,34.643,0,0,-1.000,21.40,3.32,0.0352,0.0103
116.442,0.000,0,,,,,,GLOBAL,1.000,clear,0,20.7,127,34.663,0,0,-1.000,21.40,3.32,0.0326,0.0042
116.462,0.000,0,,,,,,GLOBAL,1.000,clear,0,20.7,127,34.683,0,0,-1.000,21.40,3.32,0.0265,0.0243
116.481,0.000,0,,,,,,GLOBAL,1.000,clear,0,20.7,127,34.703,0,0,-1.000,21.40,3.32,0.0460,0.0158
116.501,0.000,0,,,,,,GLOBAL,1.000,clear,0,20.7,127,34.723,0,0,-1.000,21.40,3.32,0.0439,0.0149
116.521,0.000,0,,,,,,GLOBAL,1.000,clear,0,20.7,127,34.743,0,0,-1.000,21.40,3.32,0.0370,0.0101
116.541,0.000,0,,,,,,GLOBAL,1.000,clear,0,20.7,127,34.763,0,0,-1.000,21.40,3.32,0.0342,0.0041
116.562,0.000,0,,,,,,GLOBAL,1.000,clear,0,20.7,127,34.783,0,0,-1.000,21.40,3.32,0.0278,0.0008
116.581,0.000,0,,,,,,GLOBAL,1.000,clear,0,20.7,127,34.803,0,0,-1.000,21.40,3.32,0.0471,0.0202
116.601,0.000,0,,,,,,GLOBAL,1.000,clear,0,20.7,127,34.823,0,0,-1.000,21.40,3.32,0.0441,0.0139
116.621,0.000,0,,,,,,GLOBAL,1.000,clear,0,20.7,127,34.843,0,0,-1.000,21.40,3.32,0.0352,0.0090
116.641,0.000,0,,,,,,GLOBAL,1.000,clear,0,20.7,127,34.863,0,0,-1.000,21.40,3.32,0.0328,0.0046
116.662,0.000,0,,,,,,GLOBAL,1.000,clear,0,20.7,127,34.883,0,0,-1.000,21.40,3.32,0.0260,0.0007
116.681,0.000,0,,,,,,GLOBAL,1.000,clear,0,20.7,127,34.903,0,0,-1.000,21.40,3.32,0.0457,0.0204
116.701,0.000,0,,,,,,GLOBAL,1.000,clear,0,20.7,127,34.923,0,0,-1.000,21.40,3.32,0.0430,0.0133
116.721,0.000,0,,,,,,GLOBAL,1.000,clear,0,20.7,127,34.943,0,0,-1.000,21.40,3.32,0.0373,0.0107
116.741,0.000,0,,,,,,GLOBAL,1.000,clear,0,20.7,127,34.963,0,0,-1.000,21.40,3.32,0.0348,0.0004
116.762,0.000,0,,,,,,GLOBAL,1.000,clear,0,20.7,127,34.983,0,0,-1.000,21.40,3.32,0.0276,0.0207
116.782,0.000,0,,,,,,GLOBAL,1.000,clear,0,20.7,127,35.003,0,0,-1.000,21.40,3.32,0.0477,0.0186
116.801,0.000,0,,,,,,GLOBAL,1.000,clear,0,20.7,127,35.023,0,0,-1.000,21.40,3.32,0.0451,0.0101
116.864,0.000,0,,,,,,GLOBAL,1.000,clear,0,20.7,127,35.085,0,0,-1.000,21.40,3.32,0.1073,0.0724
116.882,0.000,0,,,,,,GLOBAL,1.000,clear,0,20.7,127,35.103,0,0,-1.000,21.40,3.32,0.0480,0.0136
116.901,0.000,0,,,,,,GLOBAL,1.000,clear,0,20.7,127,35.123,0,0,-1.000,21.40,3.32,0.0411,0.0148
116.921,0.000,0,,,,,,GLOBAL,1.000,clear,0,20.7,127,35.143,0,0,-1.000,21.40,3.32,0.0385,0.0126
116.941,0.000,0,,,,,,GLOBAL,1.000,clear,0,20.7,127,35.163,0,0,-1.000,21.40,3.32,0.0355,0.0045
116.961,0.000,0,,,,,,GLOBAL,1.000,clear,0,20.7,127,35.183,0,0,-1.000,21.40,3.32,0.0280,0.0024
116.981,0.000,0,,,,,,GLOBAL,1.000,clear,0,20.7,127,35.203,0,0,-1.000,21.40,3.32,0.0481,0.0224
117.001,0.000,0,,,,,,GLOBAL,1.000,clear,0,20.7,127,35.223,0,0,-1.000,21.40,3.32,0.0455,0.0140
117.021,0.000,0,,,,,,GLOBAL,1.000,clear,0,20.7,127,35.243,0,0,-1.000,21.40,3.32,0.0392,0.0112
117.042,0.000,0,,,,,,GLOBAL,1.000,clear,0,20.7,127,35.264,0,0,-1.000,21.40,3.32,0.0366,0.0030
117.061,0.000,0,,,,,,GLOBAL,1.000,clear,0,20.7,127,35.283,0,0,-1.000,21.40,3.32,0.0299,0.0020
117.082,0.000,0,,,,,,GLOBAL,1.000,clear,0,20.7,127,35.303,0,0,-1.000,21.40,3.32,0.0505,0.0226
117.101,0.000,0,,,,,,GLOBAL,1.000,clear,0,20.7,127,35.323,0,0,-1.000,21.40,3.32,0.0458,0.0148
117.121,0.000,0,,,,,,GLOBAL,1.000,clear,0,20.7,127,35.343,0,0,-1.000,21.40,3.32,0.0400,0.0110
117.141,0.000,0,,,,,,GLOBAL,1.000,clear,0,20.7,127,35.363,0,0,-1.000,21.40,3.32,0.0358,0.0035
117.162,0.000,0,,,,,,GLOBAL,1.000,clear,0,20.7,127,35.383,0,0,-1.000,21.40,3.32,0.0300,0.0029
117.182,0.000,0,,,,,,GLOBAL,1.000,clear,0,20.7,127,35.404,0,0,-1.000,21.40,3.32,0.0269,0.0236
117.201,0.000,0,,,,,,GLOBAL,1.000,clear,0,20.7,127,35.423,0,0,-1.000,21.40,3.32,0.0461,0.0144
117.221,0.000,0,,,,,,GLOBAL,1.000,clear,0,20.7,127,35.443,0,0,-1.000,21.40,3.32,0.0405,0.0133
117.241,0.000,0,,,,,,GLOBAL,1.000,clear,0,20.7,127,35.463,0,0,-1.000,21.40,3.32,0.0362,0.0072
117.262,0.000,0,,,,,,GLOBAL,1.000,clear,0,20.7,127,35.483,0,0,-1.000,21.40,3.32,0.0305,0.0042
117.282,0.000,0,,,,,,GLOBAL,1.000,clear,0,20.7,127,35.503,0,0,-1.000,21.40,3.32,0.0265,0.0237
117.301,0.000,0,,,,,,GLOBAL,1.000,clear,0,20.7,127,35.523,0,0,-1.000,21.40,3.32,0.0462,0.0177
117.321,0.000,0,,,,,,GLOBAL,1.000,clear,0,20.7,127,35.543,0,0,-1.000,21.40,3.32,0.0406,0.0135
117.341,0.000,0,,,,,,GLOBAL,1.000,clear,0,20.7,127,35.563,0,0,-1.000,21.40,3.32,0.0365,0.0064
117.365,0.000,0,,,,,,GLOBAL,1.000,clear,0,20.7,127,35.586,0,0,-1.000,21.40,3.32,0.0324,0.0038
117.381,0.000,0,,,,,,GLOBAL,1.000,clear,0,20.7,127,35.603,0,0,-1.000,21.40,3.32,0.0268,0.0207
117.401,0.000,0,,,,,,GLOBAL,1.000,clear,0,20.7,127,35.623,0,0,-1.000,21.40,3.32,0.0468,0.0175
117.421,0.000,0,,,,,,GLOBAL,1.000,clear,0,20.7,127,35.643,0,0,-1.000,21.40,3.32,0.0411,0.0136
117.441,0.000,0,,,,,,GLOBAL,1.000,clear,0,20.7,127,35.663,0,0,-1.000,21.40,3.32,0.0368,0.0069
117.461,0.000,0,,,,,,GLOBAL,1.000,clear,0,20.7,127,35.683,0,0,-1.000,21.40,3.32,0.0298,0.0043
117.482,0.000,0,,,,,,GLOBAL,1.000,clear,0,20.7,127,35.703,0,0,-1.000,21.40,3.32,0.0274,0.0249
117.501,0.000,0,,,,,,GLOBAL,1.000,clear,0,20.7,127,35.723,0,0,-1.000,21.40,3.32,0.0470,0.0151
117.521,0.000,0,,,,,,GLOBAL,1.000,clear,0,20.7,127,35.743,0,0,-1.000,21.40,3.32,0.0413,0.0137
117.541,0.000,0,,,,,,GLOBAL,1.000,clear,0,20.7,127,35.763,0,0,-1.000,21.40,3.32,0.0371,0.0047
117.561,0.000,0,,,,,,GLOBAL,1.000,clear,0,20.7,127,35.783,0,0,-1.000,21.40,3.32,0.0302,0.0036
117.582,0.000,0,,,,,,GLOBAL,1.000,clear,0,20.7,127,35.803,0,0,-1.000,21.40,3.32,0.0276,0.0241
117.601,0.000,0,,,,,,GLOBAL,1.000,clear,0,20.7,127,35.823,0,0,-1.000,21.40,3.32,0.0474,0.0154
117.621,0.000,0,,,,,,GLOBAL,1.000,clear,0,20.7,127,35.843,0,0,-1.000,21.40,3.32,0.0415,0.0130
117.641,0.000,0,,,,,,GLOBAL,1.000,clear,0,20.7,127,35.863,0,0,-1.000,21.40,3.32,0.0372,0.0055
117.661,0.000,0,,,,,,GLOBAL,1.000,clear,0,20.7,127,35.883,0,0,-1.000,21.40,3.32,0.0316,0.0036
117.682,0.000,0,,,,,,GLOBAL,1.000,clear,0,20.7,127,35.904,0,0,-1.000,21.40,3.32,0.0284,0.0246
117.702,0.000,0,,,,,,GLOBAL,1.000,clear,0,20.7,127,35.923,0,0,-1.000,21.40,3.32,0.0477,0.0142
117.722,0.000,0,,,,,,GLOBAL,1.000,clear,0,20.7,127,35.944,0,0,-1.000,21.40,3.32,0.0428,0.0133
117.741,0.000,0,,,,,,GLOBAL,1.000,clear,0,20.7,127,35.963,0,0,-1.000,21.40,3.32,0.0363,0.0049
117.762,0.000,0,,,,,,GLOBAL,1.000,clear,0,20.7,127,35.983,0,0,-1.000,21.40,3.32,0.0321,0.0045
117.782,0.000,0,,,,,,GLOBAL,1.000,clear,0,20.7,127,36.003,0,0,-1.000,21.40,3.32,0.0276,0.0248
117.801,0.000,0,,,,,,GLOBAL,1.000,clear,0,20.7,127,36.023,0,0,-1.000,21.40,3.32,0.0472,0.0175
117.821,0.000,0,,,,,,GLOBAL,1.000,clear,0,20.7,127,36.043,0,0,-1.000,21.40,3.32,0.0422,0.0149
117.841,0.000,0,,,,,,GLOBAL,1.000,clear,0,20.7,127,36.063,0,0,-1.000,21.40,3.32,0.0373,0.0075
117.862,0.000,0,,,,,,GLOBAL,1.000,clear,0,20.7,127,36.083,0,0,-1.000,21.40,3.32,0.0315,0.0051
117.881,0.000,0,,,,,,GLOBAL,1.000,clear,0,20.7,127,36.103,0,0,-1.000,21.40,3.32,0.0275,0.0245
117.901,0.000,0,,,,,,GLOBAL,1.000,clear,0,20.7,127,36.123,0,0,-1.000,21.40,3.32,0.0474,0.0161
117.922,0.000,0,,,,,,GLOBAL,1.000,clear,0,20.7,127,36.143,0,0,-1.000,21.40,3.32,0.0431,0.0081
117.941,0.000,0,,,,,,GLOBAL,1.000,clear,0,20.7,127,36.163,0,0,-1.000,21.40,3.32,0.0346,0.0071
117.961,0.000,0,,,,,,GLOBAL,1.000,clear,0,20.7,127,36.183,0,0,-1.000,21.40,3.35,0.0327,0.0038
117.982,0.000,0,,,,,,GLOBAL,1.000,clear,0,20.7,127,36.203,0,0,-1.000,21.40,3.32,0.0273,0.0239
118.001,0.000,0,,,,,,GLOBAL,1.000,clear,0,20.7,127,36.223,0,0,-1.000,21.40,3.32,0.0473,0.0157
118.021,0.000,0,,,,,,GLOBAL,1.000,clear,0,20.7,127,36.243,0,0,-1.000,21.40,3.32,0.0420,0.0123
118.042,0.000,0,,,,,,GLOBAL,1.000,clear,0,20.7,127,36.263,0,0,-1.000,21.40,3.32,0.0375,0.0088
118.062,0.000,0,,,,,,GLOBAL,1.000,clear,0,20.7,127,36.283,0,0,-1.000,21.40,3.32,0.0307,0.0044
118.081,0.000,0,,,,,,GLOBAL,1.000,clear,0,20.7,127,36.303,0,0,-1.000,21.40,3.32,0.0272,0.0240
118.102,0.000,0,,,,,,GLOBAL,1.000,clear,0,20.7,127,36.323,0,0,-1.000,21.40,3.32,0.0474,0.0199
118.121,0.000,0,,,,,,GLOBAL,1.000,clear,0,20.7,127,36.343,0,0,-1.000,21.40,3.32,0.0432,0.0158
118.145,0.000,0,,,,,,GLOBAL,1.000,clear,0,20.7,127,36.366,0,0,-1.000,21.40,3.32,0.0422,0.0135
118.161,0.000,0,,,,,,GLOBAL,1.000,clear,0,20.7,127,36.383,0,0,-1.000,21.40,3.32,0.0332,0.0036
118.182,0.000,0,,,,,,GLOBAL,1.000,clear,0,20.7,127,36.403,0,0,-1.000,21.40,3.32,0.0295,0.0006
118.201,0.000,0,,,,,,GLOBAL,1.000,clear,0,20.7,127,36.423,0,0,-1.000,21.40,3.32,0.0493,0.0204
118.221,0.000,0,,,,,,GLOBAL,1.000,clear,0,20.7,127,36.443,0,0,-1.000,21.40,3.32,0.0436,0.0162
118.241,0.000,0,,,,,,GLOBAL,1.000,clear,0,20.7,127,36.463,0,0,-1.000,21.40,3.32,0.0394,0.0129
118.262,0.000,0,,,,,,GLOBAL,1.000,clear,0,20.7,127,36.484,0,0,-1.000,21.40,3.32,0.0363,0.0058
118.283,0.000,0,,,,,,GLOBAL,1.000,clear,0,20.7,127,36.504,0,0,-1.000,21.40,3.32,0.0289,0.0021
118.301,0.000,0,,,,,,GLOBAL,1.000,clear,0,20.7,127,36.523,0,0,-1.000,21.40,3.32,0.0476,0.0208
118.321,0.000,0,,,,,,GLOBAL,1.000,clear,0,20.7,127,36.543,0,0,-1.000,21.40,3.32,0.0451,0.0153
118.341,0.000,0,,,,,,GLOBAL,1.000,clear,0,20.7,127,36.563,0,0,-1.000,21.40,3.32,0.0361,0.0113
118.363,0.000,0,,,,,,GLOBAL,1.000,clear,0,20.7,127,36.584,0,0,-1.000,21.40,3.32,0.0370,0.0068
118.381,0.000,0,,,,,,GLOBAL,1.000,clear,0,20.7,127,36.603,0,0,-1.000,21.40,3.32,0.0297,0.0029
118.402,0.000,0,,,,,,GLOBAL,1.000,clear,0,20.7,127,36.623,0,0,-1.000,21.40,3.32,0.0501,0.0233
118.421,0.000,0,,,,,,GLOBAL,1.000,clear,0,20.7,127,36.643,0,0,-1.000,21.40,3.32,0.0456,0.0158
118.442,0.000,0,,,,,,GLOBAL,1.000,clear,0,20.7,127,36.663,0,0,-1.000,21.40,3.32,0.0399,0.0118
118.462,0.000,0,,,,,,GLOBAL,1.000,clear,0,20.7,127,36.684,0,0,-1.000,21.40,3.32,0.0366,0.0080
118.481,0.000,0,,,,,,GLOBAL,1.000,clear,0,20.7,127,36.703,0,0,-1.000,21.40,3.32,0.0300,0.0272
118.502,0.000,0,,,,,,GLOBAL,1.000,clear,0,20.7,127,36.724,0,0,-1.000,21.40,3.32,0.0507,0.0190
118.522,0.000,0,,,,,,GLOBAL,1.000,clear,0,20.7,127,36.743,0,0,-1.000,21.40,3.32,0.0424,0.0164
118.541,0.000,0,,,,,,GLOBAL,1.000,clear,0,20.7,127,36.763,0,0,-1.000,21.40,3.32,0.0403,0.0130
118.562,0.000,0,,,,,,GLOBAL,1.000,clear,0,20.7,127,36.784,0,0,-1.000,21.40,3.32,0.0370,0.0009
118.581,0.000,0,,,,,,GLOBAL,1.000,clear,0,20.7,127,36.803,0,0,-1.000,21.40,3.32,0.0293,0.0197
118.602,0.000,0,,,,,,GLOBAL,1.000,clear,0,20.7,127,36.824,0,0,-1.000,21.40,3.32,0.0253,0.0156
118.621,0.000,0,,,,,,GLOBAL,1.000,clear,0,20.7,127,36.843,0,0,-1.000,21.40,3.32,0.0446,0.0091
118.642,0.000,0,,,,,,GLOBAL,1.000,clear,0,20.7,127,36.863,0,0,-1.000,21.40,3.32,0.0405,0.0293
118.662,0.000,0,,,,,,GLOBAL,1.000,clear,0,20.7,127,36.884,0,0,-1.000,21.40,3.32,0.0372,0.0060
118.682,0.000,0,,,,,,GLOBAL,1.000,clear,0,20.7,127,36.904,0,0,-1.000,21.40,3.32,0.0316,0.0021
118.702,0.000,0,,,,,,GLOBAL,1.000,clear,0,20.7,127,36.924,0,0,-1.000,21.40,3.32,0.0517,0.0222
118.721,0.000,0,,,,,,GLOBAL,1.000,clear,0,20.7,127,36.943,0,0,-1.000,21.40,3.32,0.0468,0.0162
118.741,0.000,0,,,,,,GLOBAL,1.000,clear,0,20.7,127,36.963,0,0,-1.000,21.40,3.32,0.0410,0.0111
118.764,0.000,0,,,,,,GLOBAL,1.000,clear,0,20.7,127,36.985,0,0,-1.000,21.40,3.32,0.0397,0.0089
118.782,0.000,0,,,,,,GLOBAL,1.000,clear,0,20.7,127,37.003,0,0,-1.000,21.40,3.32,0.0315,0.0046
118.804,0.000,0,,,,,,GLOBAL,1.000,clear,0,20.7,127,37.026,0,0,-1.000,21.40,3.32,0.0300,0.0274
118.822,0.000,0,,,,,,GLOBAL,1.000,clear,0,20.7,127,37.043,0,0,-1.000,21.40,3.32,0.0472,0.0168
118.841,0.000,0,,,,,,GLOBAL,1.000,clear,0,20.7,127,37.063,0,0,-1.000,21.40,3.32,0.0413,0.0132
118.862,0.000,0,,,,,,GLOBAL,1.000,clear,0,20.7,127,37.084,0,0,-1.000,21.40,3.32,0.0380,0.0028
118.881,0.000,0,,,,,,GLOBAL,1.000,clear,0,20.7,127,37.103,0,0,-1.000,21.40,3.32,0.0314,0.0030
118.901,0.000,0,,,,,,GLOBAL,1.000,clear,0,20.7,127,37.123,0,0,-1.000,21.40,3.32,0.0273,0.0232
118.921,0.000,0,,,,,,GLOBAL,1.000,clear,0,20.7,127,37.143,0,0,-1.000,21.40,3.32,0.0471,0.0137
118.942,0.000,0,,,,,,GLOBAL,1.000,clear,0,20.7,127,37.163,0,0,-1.000,21.40,3.32,0.0420,0.0136
118.961,0.000,0,,,,,,GLOBAL,1.000,clear,0,20.7,127,37.183,0,0,-1.000,21.40,3.32,0.0375,0.0332
118.981,0.000,0,,,,,,GLOBAL,1.000,clear,0,20.7,127,37.203,0,0,-1.000,21.40,3.32,0.0300,0.0094
119.001,0.000,0,,,,,,GLOBAL,1.000,clear,0,20.7,127,37.223,0,0,-1.000,21.40,3.32,0.0275,0.0075
119.022,0.000,0,,,,,,GLOBAL,1.000,clear,0,20.7,127,37.243,0,0,-1.000,21.40,3.32,0.0477,0.0142
119.041,0.000,0,,,,,,GLOBAL,1.000,clear,0,20.7,127,37.263,0,0,-1.000,21.40,3.32,0.0417,0.0074
119.062,0.000,0,,,,,,GLOBAL,1.000,clear,0,20.7,127,37.283,0,0,-1.000,21.40,3.32,0.0381,0.0018
119.082,0.000,0,,,,,,GLOBAL,1.000,clear,0,20.7,127,37.303,0,0,-1.000,21.40,3.32,0.0322,0.0015
119.101,0.000,0,,,,,,GLOBAL,1.000,clear,0,20.7,127,37.323,0,0,-1.000,21.40,3.32,0.0266,0.0212
119.121,0.000,0,,,,,,GLOBAL,1.000,clear,0,20.7,127,37.343,0,0,-1.000,21.40,3.32,0.0467,0.0190
119.142,0.000,0,,,,,,GLOBAL,1.000,clear,0,20.7,127,37.363,0,0,-1.000,21.40,3.32,0.0428,0.0151
119.161,0.000,0,,,,,,GLOBAL,1.000,clear,0,20.7,127,37.383,0,0,-1.000,21.40,3.32,0.0384,0.0039
119.181,0.000,0,,,,,,GLOBAL,1.000,clear,0,20.7,127,37.403,0,0,-1.000,21.40,3.32,0.0339,0.0026
119.201,0.000,0,,,,,,GLOBAL,1.000,clear,0,20.7,127,37.423,0,0,-1.000,21.40,3.32,0.0273,0.0228
119.221,0.000,0,,,,,,GLOBAL,1.000,clear,0,20.7,127,37.443,0,0,-1.000,21.40,3.32,0.0474,0.0162
119.241,0.000,0,,,,,,GLOBAL,1.000,clear,0,20.7,127,37.463,0,0,-1.000,21.40,3.32,0.0431,0.0140
119.262,0.000,0,,,,,,GLOBAL,1.000,clear,0,20.7,127,37.483,0,0,-1.000,21.40,3.32,0.0313,0.0119
119.281,0.000,0,,,,,,GLOBAL,1.000,clear,0,20.7,127,37.503,0,0,-1.000,21.40,3.32,0.0300,0.0007
119.301,0.000,0,,,,,,GLOBAL,1.000,clear,0,20.7,127,37.523,0,0,-1.000,21.40,3.32,0.0278,0.0005
119.321,0.000,0,,,,,,GLOBAL,1.000,clear,0,20.7,127,37.543,0,0,-1.000,21.40,3.32,0.0477,0.0204
119.342,0.000,0,,,,,,GLOBAL,1.000,clear,0,20.7,127,37.563,0,0,-1.000,21.40,3.32,0.0447,0.0156
119.362,0.000,0,,,,,,GLOBAL,1.000,clear,0,20.7,127,37.583,0,0,-1.000,21.40,3.32,0.0373,0.0038
119.382,0.000,0,,,,,,GLOBAL,1.000,clear,0,20.7,127,37.603,0,0,-1.000,21.40,3.32,0.0344,0.0064
119.401,0.000,0,,,,,,GLOBAL,1.000,clear,0,20.7,127,37.623,0,0,-1.000,21.40,3.32,0.0289,0.0010
119.421,0.000,0,,,,,,GLOBAL,1.000,clear,0,20.7,127,37.643,0,0,-1.000,21.40,3.32,0.0487,0.0209
119.441,0.000,0,,,,,,GLOBAL,1.000,clear,0,20.7,127,37.663,0,0,-1.000,21.40,3.32,0.0449,0.0165
119.462,0.000,0,,,,,,GLOBAL,1.000,clear,0,20.7,127,37.683,0,0,-1.000,21.40,3.32,0.0394,0.0127
119.481,0.000,0,,,,,,GLOBAL,1.000,clear,0,20.7,127,37.703,0,0,-1.000,21.40,3.32,0.0351,0.0045
119.501,0.000,0,,,,,,GLOBAL,1.000,clear,0,20.7,127,37.723,0,0,-1.000,21.40,3.32,0.0294,0.0020
119.522,0.000,0,,,,,,GLOBAL,1.000,clear,0,20.7,127,37.743,0,0,-1.000,21.40,3.32,0.0496,0.0222
119.541,0.000,0,,,,,,GLOBAL,1.000,clear,0,20.7,127,37.763,0,0,-1.000,21.40,3.32,0.0454,0.0135
119.561,0.000,0,,,,,,GLOBAL,1.000,clear,0,20.7,127,37.783,0,0,-1.000,21.40,3.32,0.0352,0.0122
119.581,0.000,0,,,,,,GLOBAL,1.000,clear,0,20.7,127,37.803,0,0,-1.000,21.40,3.32,0.0353,0.0052
119.602,0.000,0,,,,,,GLOBAL,1.000,clear,0,20.7,127,37.823,0,0,-1.000,21.40,3.32,0.0285,0.0028
119.621,0.000,0,,,,,,GLOBAL,1.000,clear,0,20.7,127,37.843,0,0,-1.000,21.40,3.32,0.0483,0.0225
119.655,0.000,0,,,,,,GLOBAL,1.000,clear,0,20.7,127,37.876,0,0,-1.000,21.40,3.32,0.0591,0.0287
119.675,0.000,0,,,,,,GLOBAL,1.000,clear,0,20.7,127,37.896,0,0,-1.000,21.40,3.32,0.0534,0.0188
119.681,0.000,0,,,,,,GLOBAL,1.000,clear,0,20.7,127,37.903,0,0,-1.000,21.40,3.32,0.0342,0.0039
119.701,0.000,0,,,,,,GLOBAL,1.000,clear,0,20.7,127,37.923,0,0,-1.000,21.40,3.32,0.0301,0.0012
119.722,0.000,0,,,,,,GLOBAL,1.000,clear,0,20.7,127,37.943,0,0,-1.000,21.40,3.32,0.0261,0.0215
119.741,0.000,0,,,,,,GLOBAL,1.000,clear,0,20.7,127,37.963,0,0,-1.000,21.40,3.32,0.0460,0.0189
119.762,0.000,0,,,,,,GLOBAL,1.000,clear,0,20.7,127,37.983,0,0,-1.000,21.40,3.32,0.0419,0.0113
119.781,0.000,0,,,,,,GLOBAL,1.000,clear,0,20.7,127,38.003,0,0,-1.000,21.40,3.32,0.0361,0.0052
119.801,0.000,0,,,,,,GLOBAL,1.000,clear,0,20.7,127,38.023,0,0,-1.000,21.40,3.32,0.0293,0.0036
119.821,0.000,0,,,,,,GLOBAL,1.000,clear,0,20.7,127,38.043,0,0,-1.000,21.40,3.32,0.0262,0.0235
119.841,0.000,0,,,,,,GLOBAL,1.000,clear,0,20.7,127,38.063,0,0,-1.000,21.40,3.32,0.0462,0.0193
119.861,0.000,0,,,,,,GLOBAL,1.000,clear,0,20.7,127,38.083,0,0,-1.000,21.40,3.32,0.0424,0.0137
119.882,0.000,0,,,,,,GLOBAL,1.000,clear,0,20.7,127,38.103,0,0,-1.000,21.40,3.32,0.0366,0.0059
119.901,0.000,0,,,,,,GLOBAL,1.000,clear,0,20.7,127,38.123,0,0,-1.000,21.40,3.32,0.0319,0.0257
119.921,0.000,0,,,,,,GLOBAL,1.000,clear,0,20.7,127,38.143,0,0,-1.000,21.40,3.32,0.0266,0.0190
119.941,0.000,0,,,,,,GLOBAL,1.000,clear,0,20.7,127,38.163,0,0,-1.000,21.40,3.32,0.0464,0.0189
119.962,0.000,0,,,,,,GLOBAL,1.000,clear,0,20.7,127,38.183,0,0,-1.000,21.40,3.32,0.0427,0.0145
119.982,0.000,0,,,,,,GLOBAL,1.000,clear,0,20.7,127,38.203,0,0,-1.000,21.40,3.32,0.0370,0.0041
120.001,0.000,0,,,,,,GLOBAL,1.000,clear,0,20.7,127,38.223,0,0,-1.000,21.40,3.32,0.0306,0.0026
120.021,0.000,0,,,,,,GLOBAL,1.000,clear,0,20.7,127,38.243,0,0,-1.000,21.40,3.35,0.0269,0.0228
120.041,0.000,0,,,,,,GLOBAL,1.000,clear,0,20.7,127,38.263,0,0,-1.000,21.40,3.35,0.0468,0.0186
120.061,0.000,0,,,,,,GLOBAL,1.000,clear,0,20.7,127,38.283,0,0,-1.000,21.40,3.32,0.0407,0.0092
120.082,0.000,0,,,,,,GLOBAL,1.000,clear,0,20.7,127,38.304,0,0,-1.000,21.40,3.32,0.0364,0.0097
120.101,0.000,0,,,,,,GLOBAL,1.000,clear,0,20.7,127,38.323,0,0,-1.000,21.40,3.32,0.0329,0.0017
120.121,0.000,0,,,,,,GLOBAL,1.000,clear,0,20.7,127,38.343,0,0,-1.000,21.40,3.32,0.0271,0.0217
120.141,0.000,0,,,,,,GLOBAL,1.000,clear,0,20.7,127,38.363,0,0,-1.000,21.40,3.32,0.0471,0.0163
120.161,0.000,0,,,,,,GLOBAL,1.000,clear,0,20.7,127,38.383,0,0,-1.000,21.40,3.32,0.0422,0.0115
120.182,0.000,0,,,,,,GLOBAL,1.000,clear,0,20.7,127,38.403,0,0,-1.000,21.40,3.32,0.0374,0.0058
120.201,0.000,0,,,,,,GLOBAL,1.000,clear,0,20.7,127,38.423,0,0,-1.000,21.40,3.32,0.0331,0.0012
120.221,0.000,0,,,,,,GLOBAL,1.000,clear,0,20.7,127,38.443,0,0,-1.000,21.40,3.32,0.0274,0.0214
120.241,0.000,0,,,,,,GLOBAL,1.000,clear,0,20.7,127,38.463,0,0,-1.000,21.40,3.32,0.0471,0.0189
120.262,0.000,0,,,,,,GLOBAL,1.000,clear,0,20.7,127,38.483,0,0,-1.000,21.40,3.32,0.0436,0.0153
120.281,0.000,0,,,,,,GLOBAL,1.000,clear,0,20.7,127,38.503,0,0,-1.000,21.40,3.32,0.0374,0.0110
120.301,0.000,0,,,,,,GLOBAL,1.000,clear,0,20.7,127,38.523,0,0,-1.000,21.40,3.32,0.0334,0.0037
120.322,0.000,0,,,,,,GLOBAL,1.000,clear,0,20.7,127,38.543,0,0,-1.000,21.40,3.32,0.0274,0.0240
120.341,0.000,0,,,,,,GLOBAL,1.000,clear,0,20.7,127,38.563,0,0,-1.000,21.40,3.32,0.0470,0.0192
120.361,0.000,0,,,,,,GLOBAL,1.000,clear,0,20.7,127,38.583,0,0,-1.000,21.40,3.32,0.0436,0.0148
120.381,0.000,0,,,,,,GLOBAL,1.000,clear,0,20.7,127,38.603,0,0,-1.000,21.40,3.32,0.0372,0.0091
120.401,0.000,0,,,,,,GLOBAL,1.000,clear,0,20.7,127,38.623,0,0,-1.000,21.40,3.32,0.0336,0.0017
120.422,0.000,0,,,,,,GLOBAL,1.000,clear,0,20.7,127,38.643,0,0,-1.000,21.40,3.35,0.0277,0.0006
120.441,0.000,0,,,,,,GLOBAL,1.000,clear,0,20.7,127,38.663,0,0,-1.000,21.40,3.32,0.0470,0.0200
120.462,0.000,0,,,,,,GLOBAL,1.000,clear,0,20.7,127,38.683,0,0,-1.000,21.40,3.32,0.0439,0.0149
120.481,0.000,0,,,,,,GLOBAL,1.000,clear,0,20.7,127,38.703,0,0,-1.000,21.40,3.35,0.0371,0.0113
120.501,0.000,0,,,,,,GLOBAL,1.000,clear,0,20.7,127,38.723,0,0,-1.000,21.40,3.32,0.0340,0.0041
120.522,0.000,0,,,,,,GLOBAL,1.000,clear,0,20.7,127,38.743,0,0,-1.000,21.40,3.32,0.0279,0.0006
120.541,0.000,0,,,,,,GLOBAL,1.000,clear,0,20.7,127,38.763,0,0,-1.000,21.40,3.32,0.0473,0.0200
120.562,0.000,0,,,,,,GLOBAL,1.000,clear,0,20.7,127,38.783,0,0,-1.000,21.40,3.35,0.0432,0.0149
120.581,0.000,0,,,,,,GLOBAL,1.000,clear,0,20.7,127,38.803,0,0,-1.000,21.40,3.35,0.0375,0.0093
120.601,0.000,0,,,,,,GLOBAL,1.000,clear,0,20.7,127,38.823,0,0,-1.000,21.40,3.32,0.0342,0.0019
120.622,0.000,0,,,,,,GLOBAL,1.000,clear,0,20.7,127,38.843,0,0,-1.000,21.40,3.32,0.0270,0.0011
120.641,0.000,0,,,,,,GLOBAL,1.000,clear,0,20.7,127,38.863,0,0,-1.000,21.40,3.32,0.0467,0.0208
120.661,0.000,0,,,,,,GLOBAL,1.000,clear,0,20.7,127,38.883,0,0,-1.000,21.40,3.32,0.0436,0.0138
120.682,0.000,0,,,,,,GLOBAL,1.000,clear,0,20.7,127,38.903,0,0,-1.000,21.40,3.32,0.0391,0.0120
120.701,0.000,0,,,,,,GLOBAL,1.000,clear,0,20.7,127,38.923,0,0,-1.000,21.40,3.32,0.0346,0.0072
120.721,0.000,0,,,,,,GLOBAL,1.000,clear,0,20.7,127,38.943,0,0,-1.000,21.40,3.32,0.0302,0.0021
120.741,0.000,0,,,,,,GLOBAL,1.000,clear,0,20.7,127,38.963,0,0,-1.000,21.40,3.32,0.0503,0.0222
120.761,0.000,0,,,,,,GLOBAL,1.000,clear,0,20.7,127,38.983,0,0,-1.000,21.40,3.32,0.0439,0.0175
120.782,0.000,0,,,,,,GLOBAL,1.000,clear,0,20.7,127,39.004,0,0,-1.000,21.40,3.32,0.0384,0.0010
120.801,0.000,0,,,,,,GLOBAL,1.000,clear,0,20.7,127,39.023,0,0,-1.000,21.40,3.32,0.0348,0.0061
120.821,0.000,0,,,,,,GLOBAL,1.000,clear,0,20.7,127,39.043,0,0,-1.000,21.40,3.32,0.0306,0.0020
120.842,0.000,0,,,,,,GLOBAL,1.000,clear,0,20.7,127,39.063,0,0,-1.000,21.40,3.32,0.0513,0.0226
120.862,0.000,0,,,,,,GLOBAL,1.000,clear,0,20.7,127,39.083,0,0,-1.000,21.40,3.32,0.0457,0.0184
120.881,0.000,0,,,,,,GLOBAL,1.000,clear,0,20.7,127,39.103,0,0,-1.000,21.40,3.32,0.0407,0.0099
120.902,0.000,0,,,,,,GLOBAL,1.000,clear,0,20.7,127,39.124,0,0,-1.000,21.40,3.32,0.0360,0.0088
120.921,0.000,0,,,,,,GLOBAL,1.000,clear,0,20.7,127,39.143,0,0,-1.000,21.40,3.32,0.0310,0.0024
120.942,0.000,0,,,,,,GLOBAL,1.000,clear,0,20.7,127,39.164,0,0,-1.000,21.40,3.32,0.0263,0.0235
120.961,0.000,0,,,,,,GLOBAL,1.000,clear,0,20.7,127,39.183,0,0,-1.000,21.40,3.32,0.0454,0.0164
120.981,0.000,0,,,,,,GLOBAL,1.000,clear,0,20.7,127,39.203,0,0,-1.000,21.40,3.32,0.0412,0.0093
121.002,0.000,0,,,,,,GLOBAL,1.000,clear,0,20.7,127,39.223,0,0,-1.000,21.40,3.32,0.0355,0.0062
121.021,0.000,0,,,,,,GLOBAL,1.000,clear,0,20.7,127,39.243,0,0,-1.000,21.40,3.32,0.0312,0.0021
121.042,0.000,0,,,,,,GLOBAL,1.000,clear,0,20.7,127,39.263,0,0,-1.000,21.40,3.32,0.0258,0.0226
121.061,0.000,0,,,,,,GLOBAL,1.000,clear,0,20.7,127,39.283,0,0,-1.000,21.40,3.32,0.0455,0.0136
121.081,0.000,0,,,,,,GLOBAL,1.000,clear,0,20.7,127,39.303,0,0,-1.000,21.40,3.32,0.0411,0.0117
121.102,0.000,0,,,,,,GLOBAL,1.000,clear,0,20.7,127,39.323,0,0,-1.000,21.40,3.32,0.0347,0.0076
121.121,0.000,0,,,,,,GLOBAL,1.000,clear,0,20.7,127,39.343,0,0,-1.000,21.40,3.32,0.0300,0.0015
121.141,0.000,0,,,,,,GLOBAL,1.000,clear,0,20.7,127,39.363,0,0,-1.000,21.40,3.32,0.0500,0.0215
121.161,0.000,0,,,,,,GLOBAL,1.000,clear,0,20.7,127,39.383,0,0,-1.000,21.40,3.32,0.0459,0.0183
121.185,0.000,0,,,,,,GLOBAL,1.000,clear,0,20.7,127,39.406,0,0,-1.000,21.40,3.32,0.0449,0.0164
121.202,0.000,0,,,,,,GLOBAL,1.000,clear,0,20.7,127,39.424,0,0,-1.000,21.40,3.32,0.0369,0.0102
121.221,0.000,0,,,,,,GLOBAL,1.000,clear,0,20.7,127,39.443,0,0,-1.000,21.40,3.32,0.0315,0.0025
121.242,0.000,0,,,,,,GLOBAL,1.000,clear,0,20.7,127,39.463,0,0,-1.000,21.40,3.32,0.0262,0.0228
121.261,0.000,0,,,,,,GLOBAL,1.000,clear,0,20.7,127,39.483,0,0,-1.000,21.40,3.32,0.0461,0.0192
121.281,0.000,0,,,,,,GLOBAL,1.000,clear,0,20.7,127,39.503,0,0,-1.000,21.40,3.32,0.0418,0.0136
121.301,0.000,0,,,,,,GLOBAL,1.000,clear,0,20.7,127,39.523,0,0,-1.000,21.40,3.32,0.0362,0.0047
121.322,0.000,0,,,,,,GLOBAL,1.000,clear,0,20.7,127,39.543,0,0,-1.000,21.40,3.32,0.0324,0.0041
121.341,0.000,0,,,,,,GLOBAL,1.000,clear,0,20.7,127,39.563,0,0,-1.000,21.40,3.32,0.0265,0.0239
121.362,0.000,0,,,,,,GLOBAL,1.000,clear,0,20.7,127,39.583,0,0,-1.000,21.40,3.32,0.0466,0.0192
121.381,0.000,0,,,,,,GLOBAL,1.000,clear,0,20.7,127,39.603,0,0,-1.000,21.40,3.32,0.0422,0.0135
121.402,0.000,0,,,,,,GLOBAL,1.000,clear,0,20.7,127,39.623,0,0,-1.000,21.40,3.32,0.0355,0.0094
121.421,0.000,0,,,,,,GLOBAL,1.000,clear,0,20.7,127,39.643,0,0,-1.000,21.40,3.32,0.0322,0.0031
121.441,0.000,0,,,,,,GLOBAL,1.000,clear,0,20.7,127,39.663,0,0,-1.000,21.40,3.32,0.0265,0.0231
121.461,0.000,0,,,,,,GLOBAL,1.000,clear,0,20.7,127,39.683,0,0,-1.000,21.40,3.32,0.0465,0.0192
121.481,0.000,0,,,,,,GLOBAL,1.000,clear,0,20.7,127,39.703,0,0,-1.000,21.40,3.32,0.0421,0.0141
121.501,0.000,0,,,,,,GLOBAL,1.000,clear,0,20.7,127,39.723,0,0,-1.000,21.40,3.35,0.0368,0.0053
121.521,0.000,0,,,,,,GLOBAL,1.000,clear,0,20.7,127,39.743,0,0,-1.000,21.40,3.35,0.0307,0.0022
121.541,0.000,0,,,,,,GLOBAL,1.000,clear,0,20.7,127,39.763,0,0,-1.000,21.40,3.32,0.0268,0.0221
121.561,0.000,0,,,,,,GLOBAL,1.000,clear,0,20.7,127,39.783,0,0,-1.000,21.40,3.35,0.0469,0.0133
121.581,0.000,0,,,,,,GLOBAL,1.000,clear,0,20.7,127,39.803,0,0,-1.000,21.40,3.32,0.0427,0.0134
121.601,0.000,0,,,,,,GLOBAL,1.000,clear,0,20.7,127,39.823,0,0,-1.000,21.40,3.32,0.0371,0.0061
121.622,0.000,0,,,,,,GLOBAL,1.000,clear,0,20.7,127,39.843,0,0,-1.000,21.40,3.32,0.0335,0.0049
121.642,0.000,0,,,,,,GLOBAL,1.000,clear,0,20.7,127,39.863,0,0,-1.000,21.40,3.32,0.0275,0.0247
121.661,0.000,0,,,,,,GLOBAL,1.000,clear,0,20.7,127,39.883,0,0,-1.000,21.40,3.32,0.0473,0.0194
121.682,0.000,0,,,,,,GLOBAL,1.000,clear,0,20.7,127,39.903,0,0,-1.000,21.40,3.32,0.0422,0.0136
121.701,0.000,0,,,,,,GLOBAL,1.000,clear,0,20.7,127,39.923,0,0,-1.000,21.40,3.32,0.0375,0.0063
121.722,0.000,0,,,,,,GLOBAL,1.000,clear,0,20.7,127,39.943,0,0,-1.000,21.40,3.32,0.0314,0.0015
121.742,0.000,0,,,,,,GLOBAL,1.000,clear,0,20.7,127,39.963,0,0,-1.000,21.40,3.35,0.0275,0.0214
121.761,0.000,0,,,,,,GLOBAL,1.000,clear,0,20.7,127,39.983,0,0,-1.000,21.40,3.32,0.0472,0.0169
121.782,0.000,0,,,,,,GLOBAL,1.000,clear,0,20.7,127,40.004,0,0,-1.000,21.40,3.32,0.0444,0.0134
121.801,0.000,0,,,,,,GLOBAL,1.000,clear,0,20.7,127,40.023,0,0,-1.000,21.40,3.32,0.0369,0.0103
121.821,0.000,0,,,,,,GLOBAL,1.000,clear,0,20.7,127,40.043,0,0,-1.000,21.40,3.32,0.0335,0.0049
121.842,0.000,0,,,,,,GLOBAL,1.000,clear,0,20.7,127,40.063,0,0,-1.000,21.40,3.32,0.0277,0.0006
121.861,0.000,0,,,,,,GLOBAL,1.000,clear,0,20.7,127,40.083,0,0,-1.000,21.40,3.32,0.0473,0.0202
121.882,0.000,0,,,,,,GLOBAL,1.000,clear,0,20.7,127,40.104,0,0,-1.000,21.40,3.32,0.0432,0.0156
121.901,0.000,0,,,,,,GLOBAL,1.000,clear,0,20.7,127,40.123,0,0,-1.000,21.40,3.32,0.0374,0.0085
121.921,0.000,0,,,,,,GLOBAL,1.000,clear,0,20.7,127,40.143,0,0,-1.000,21.40,3.32,0.0306,0.0037
121.941,0.000,0,,,,,,GLOBAL,1.000,clear,0,20.7,127,40.163,0,0,-1.000,21.40,3.32,0.0274,0.0238
121.961,0.000,0,,,,,,GLOBAL,1.000,clear,0,20.7,127,40.183,0,0,-1.000,21.40,3.32,0.0473,0.0186
121.982,0.000,0,,,,,,GLOBAL,1.000,clear,0,20.7,127,40.203,0,0,-1.000,21.40,3.32,0.0425,0.0149
122.003,0.000,0,,,,,,GLOBAL,1.000,clear,0,20.7,127,40.225,0,0,-1.000,21.40,3.32,0.0397,0.0114
122.022,0.000,0,,,,,,GLOBAL,1.000,clear,0,20.7,127,40.243,0,0,-1.000,21.40,3.32,0.0330,0.0049
122.042,0.000,0,,,,,,GLOBAL,1.000,clear,0,20.7,127,40.264,0,0,-1.000,21.40,3.32,0.0280,0.0009
122.062,0.000,0,,,,,,GLOBAL,1.000,clear,0,20.7,127,40.283,0,0,-1.000,21.40,3.32,0.0475,0.0204
122.085,0.000,0,,,,,,GLOBAL,1.000,clear,0,20.7,127,40.307,0,0,-1.000,21.40,3.32,0.0466,0.0188
122.101,0.000,0,,,,,,GLOBAL,1.000,clear,0,20.7,127,40.323,0,0,-1.000,21.40,3.32,0.0372,0.0040
122.121,0.000,0,,,,,,GLOBAL,1.000,clear,0,20.7,127,40.343,0,0,-1.000,21.40,3.32,0.0305,0.0061
122.141,0.000,0,,,,,,GLOBAL,1.000,clear,0,20.7,127,40.363,0,0,-1.000,21.40,3.32,0.0288,0.0261
122.161,0.000,0,,,,,,GLOBAL,1.000,clear,0,20.7,127,40.383,0,0,-1.000,21.40,3.35,0.0488,0.0189
122.181,0.000,0,,,,,,GLOBAL,1.000,clear,0,20.7,127,40.403,0,0,-1.000,21.40,3.32,0.0420,0.0160
122.201,0.000,0,,,,,,GLOBAL,1.000,clear,0,20.7,127,40.423,0,0,-1.000,21.40,3.32,0.0374,0.0095
122.222,0.000,0,,,,,,GLOBAL,1.000,clear,0,20.7,127,40.443,0,0,-1.000,21.40,3.35,0.0317,0.0057
122.241,0.000,0,,,,,,GLOBAL,1.000,clear,0,20.7,127,40.463,0,0,-1.000,21.40,3.32,0.0275,0.0252
122.262,0.000,0,,,,,,GLOBAL,1.000,clear,0,20.7,127,40.483,0,0,-1.000,21.40,3.32,0.0478,0.0193
122.281,0.000,0,,,,,,GLOBAL,1.000,clear,0,20.7,127,40.503,0,0,-1.000,21.40,3.32,0.0433,0.0147
122.301,0.000,0,,,,,,GLOBAL,1.000,clear,0,20.7,127,40.523,0,0,-1.000,21.40,3.32,0.0376,0.0086
122.321,0.000,0,,,,,,GLOBAL,1.000,clear,0,20.7,127,40.543,0,0,-1.000,21.40,3.32,0.0330,0.0064
122.341,0.000,0,,,,,,GLOBAL,1.000,clear,0,20.7,127,40.563,0,0,-1.000,21.40,3.32,0.0293,0.0264
122.361,0.000,0,,,,,,GLOBAL,1.000,clear,0,20.7,127,40.583,0,0,-1.000,21.40,3.32,0.0493,0.0188
122.381,0.000,0,,,,,,GLOBAL,1.000,clear,0,20.7,127,40.603,0,0,-1.000,21.40,3.32,0.0435,0.0164
122.401,0.000,0,,,,,,GLOBAL,1.000,clear,0,20.7,127,40.623,0,0,-1.000,21.40,3.32,0.0376,0.0090
122.421,0.000,0,,,,,,GLOBAL,1.000,clear,0,20.7,127,40.643,0,0,-1.000,21.40,3.32,0.0328,0.0055
122.442,0.000,0,,,,,,GLOBAL,1.000,clear,0,20.7,127,40.663,0,0,-1.000,21.40,3.32,0.0276,0.0258
122.463,0.000,0,,,,,,GLOBAL,1.000,clear,0,20.7,127,40.684,0,0,-1.000,21.40,3.32,0.0487,0.0206
122.481,0.000,0,,,,,,GLOBAL,1.000,clear,0,20.7,127,40.703,0,0,-1.000,21.40,3.32,0.0428,0.0166
122.531,0.000,0,,,,,,GLOBAL,1.000,clear,0,20.7,127,40.752,0,0,-1.000,21.40,3.32,0.0690,0.0393
122.541,0.000,0,,,,,,GLOBAL,1.000,clear,0,20.7,127,40.763,0,0,-1.000,21.40,3.32,0.0281,0.0012
122.564,0.000,0,,,,,,GLOBAL,1.000,clear,0,20.7,127,40.785,0,0,-1.000,21.40,3.35,0.0505,0.0237
122.581,0.000,0,,,,,,GLOBAL,1.000,clear,0,20.7,127,40.803,0,0,-1.000,21.40,3.32,0.0442,0.0141
122.601,0.000,0,,,,,,GLOBAL,1.000,clear,0,20.7,127,40.823,0,0,-1.000,21.40,3.32,0.0401,0.0109
122.621,0.000,0,,,,,,GLOBAL,1.000,clear,0,20.7,127,40.843,0,0,-1.000,21.40,3.32,0.0345,0.0073
122.641,0.000,0,,,,,,GLOBAL,1.000,clear,0,20.7,127,40.863,0,0,-1.000,21.40,3.32,0.0303,0.0014
122.662,0.000,0,,,,,,GLOBAL,1.000,clear,0,20.7,127,40.883,0,0,-1.000,21.40,3.32,0.0510,0.0221
122.681,0.000,0,,,,,,GLOBAL,1.000,clear,0,20.7,127,40.903,0,0,-1.000,21.40,3.32,0.0445,0.0159
122.701,0.000,0,,,,,,GLOBAL,1.000,clear,0,20.7,127,40.923,0,0,-1.000,21.40,3.32,0.0405,0.0120
122.721,0.000,0,,,,,,GLOBAL,1.000,clear,0,20.7,127,40.943,0,0,-1.000,21.40,3.32,0.0347,0.0073
122.742,0.000,0,,,,,,GLOBAL,1.000,clear,0,20.7,127,40.963,0,0,-1.000,21.40,3.32,0.0309,0.0019
122.762,0.000,0,,,,,,GLOBAL,1.000,clear,0,20.7,127,40.984,0,0,-1.000,21.40,3.32,0.0258,0.0227
122.781,0.000,0,,,,,,GLOBAL,1.000,clear,0,20.7,127,41.003,0,0,-1.000,21.40,3.32,0.0450,0.0174
122.801,0.000,0,,,,,,GLOBAL,1.000,clear,0,20.7,127,41.023,0,0,-1.000,21.40,3.32,0.0408,0.0117
122.821,0.000,0,,,,,,GLOBAL,1.000,clear,0,20.7,127,41.043,0,0,-1.000,21.40,3.32,0.0350,0.0072
122.841,0.000,0,,,,,,GLOBAL,1.000,clear,0,20.7,127,41.063,0,0,-1.000,21.40,3.35,0.0305,0.0272
122.862,0.000,0,,,,,,GLOBAL,1.000,clear,0,20.7,127,41.083,0,0,-1.000,21.40,3.35,0.0507,0.0189
122.881,0.000,0,,,,,,GLOBAL,1.000,clear,0,20.7,127,41.103,0,0,-1.000,21.40,3.35,0.0444,0.0175
122.901,0.000,0,,,,,,GLOBAL,1.000,clear,0,20.7,127,41.123,0,0,-1.000,21.40,3.32,0.0410,0.0126
122.921,0.000,0,,,,,,GLOBAL,1.000,clear,0,20.7,127,41.143,0,0,-1.000,21.40,3.32,0.0353,0.0085
122.942,0.000,0,,,,,,GLOBAL,1.000,clear,0,20.7,127,41.163,0,0,-1.000,21.40,3.32,0.0314,0.0006
122.961,0.000,0,,,,,,GLOBAL,1.000,clear,0,20.7,127,41.183,0,0,-1.000,21.40,3.32,0.0253,0.0203
122.981,0.000,0,,,,,,GLOBAL,1.000,clear,0,20.7,127,41.203,0,0,-1.000,21.40,3.32,0.0453,0.0154
123.002,0.000,0,,,,,,GLOBAL,1.000,clear,0,20.7,127,41.223,0,0,-1.000,21.40,3.32,0.0417,0.0123
123.022,0.000,0,,,,,,GLOBAL,1.000,clear,0,20.7,127,41.243,0,0,-1.000,21.40,3.32,0.0359,0.0060
123.042,0.000,0,,,,,,GLOBAL,1.000,clear,0,20.7,127,41.263,0,0,-1.000,21.40,3.32,0.0322,0.0030
123.061,0.000,0,,,,,,GLOBAL,1.000,clear,0,20.7,127,41.283,0,0,-1.000,21.40,3.35,0.0514,0.0221
123.081,0.000,0,,,,,,GLOBAL,1.000,clear,0,20.7,127,41.303,0,0,-1.000,21.40,3.32,0.0459,0.0163
123.101,0.000,0,,,,,,GLOBAL,1.000,clear,0,20.7,127,41.323,0,0,-1.000,21.40,3.32,0.0417,0.0121
123.121,0.000,0,,,,,,GLOBAL,1.000,clear,0,20.7,127,41.343,0,0,-1.000,21.40,3.32,0.0359,0.0056
123.142,0.000,0,,,,,,GLOBAL,1.000,clear,0,20.7,127,41.363,0,0,-1.000,21.40,3.35,0.0322,0.0019
123.162,0.000,0,,,,,,GLOBAL,1.000,clear,0,20.7,127,41.383,0,0,-1.000,21.40,3.35,0.0263,0.0217
123.181,0.000,0,,,,,,GLOBAL,1.000,clear,0,20.7,127,41.403,0,0,-1.000,21.40,3.32,0.0461,0.0144
123.201,0.000,0,,,,,,GLOBAL,1.000,clear,0,20.7,127,41.423,0,0,-1.000,21.40,3.32,0.0420,0.0120
123.222,0.000,0,,,,,,GLOBAL,1.000,clear,0,20.7,127,41.443,0,0,-1.000,21.40,3.32,0.0366,0.0019
123.241,0.000,0,,,,,,GLOBAL,1.000,clear,0,20.7,127,41.463,0,0,-1.000,21.40,3.32,0.0320,0.0019
123.262,0.000,0,,,,,,GLOBAL,1.000,clear,0,20.7,127,41.483,0,0,-1.000,21.40,3.32,0.0253,0.0223
123.281,0.000,0,,,,,,GLOBAL,1.000,clear,0,20.7,127,41.503,0,0,-1.000,21.40,3.32,0.0449,0.0185
123.301,0.000,0,,,,,,GLOBAL,1.000,clear,0,20.7,127,41.523,0,0,-1.000,21.40,3.32,0.0419,0.0135
123.322,0.000,0,,,,,,GLOBAL,1.000,clear,0,20.7,127,41.543,0,0,-1.000,21.40,3.35,0.0365,0.0082
123.342,0.000,0,,,,,,GLOBAL,1.000,clear,0,20.7,127,41.563,0,0,-1.000,21.40,3.35,0.0325,0.0013
123.361,0.000,0,,,,,,GLOBAL,1.000,clear,0,20.7,127,41.583,0,0,-1.000,21.40,3.32,0.0267,0.0212
123.381,0.000,0,,,,,,GLOBAL,1.000,clear,0,20.7,127,41.603,0,0,-1.000,21.40,3.32,0.0465,0.0194
123.401,0.000,0,,,,,,GLOBAL,1.000,clear,0,20.7,127,41.623,0,0,-1.000,21.40,3.32,0.0422,0.0143
123.421,0.000,0,,,,,,GLOBAL,1.000,clear,0,20.7,127,41.643,0,0,-1.000,21.40,3.32,0.0368,0.0078
123.442,0.000,0,,,,,,GLOBAL,1.000,clear,0,20.7,127,41.663,0,0,-1.000,21.40,3.32,0.0331,0.0026
123.461,0.000,0,,,,,,GLOBAL,1.000,clear,0,20.7,127,41.683,0,0,-1.000,21.40,3.32,0.0269,0.0221
123.481,0.000,0,,,,,,GLOBAL,1.000,clear,0,20.7,127,41.703,0,0,-1.000,21.40,3.32,0.0470,0.0196
123.501,0.000,0,,,,,,GLOBAL,1.000,clear,0,20.7,127,41.723,0,0,-1.000,21.40,3.32,0.0429,0.0143
123.522,0.000,0,,,,,,GLOBAL,1.000,clear,0,20.7,127,41.743,0,0,-1.000,21.40,3.32,0.0375,0.0082
123.541,0.000,0,,,,,,GLOBAL,1.000,clear,0,20.7,127,41.763,0,0,-1.000,21.40,3.32,0.0331,0.0046
123.561,0.000,0,,,,,,GLOBAL,1.000,clear,0,20.7,127,41.783,0,0,-1.000,21.40,3.32,0.0274,0.0248
123.581,0.000,0,,,,,,GLOBAL,1.000,clear,0,20.7,127,41.803,0,0,-1.000,21.40,3.32,0.0473,0.0183
123.601,0.000,0,,,,,,GLOBAL,1.000,clear,0,20.7,127,41.823,0,0,-1.000,21.40,3.32,0.0402,0.0145
123.621,0.000,0,,,,,,GLOBAL,1.000,clear,0,20.7,127,41.843,0,0,-1.000,21.40,3.32,0.0348,0.0080
123.641,0.000,0,,,,,,GLOBAL,1.000,clear,0,20.7,127,41.863,0,0,-1.000,21.40,3.32,0.0306,0.0031
123.662,0.000,0,,,,,,GLOBAL,1.000,clear,0,20.7,127,41.883,0,0,-1.000,21.40,3.32,0.0258,0.0232
123.681,0.000,0,,,,,,GLOBAL,1.000,clear,0,20.7,127,41.903,0,0,-1.000,21.40,3.32,0.0456,0.0195
123.701,0.000,0,,,,,,GLOBAL,1.000,clear,0,20.7,127,41.923,0,0,-1.000,21.40,3.32,0.0380,0.0147
123.721,0.000,0,,,,,,GLOBAL,1.000,clear,0,20.7,127,41.943,0,0,-1.000,21.40,3.32,0.0356,0.0036
123.742,0.000,0,,,,,,GLOBAL,1.000,clear,0,20.7,127,41.963,0,0,-1.000,21.40,3.32,0.0311,0.0030
123.762,0.000,0,,,,,,GLOBAL,1.000,clear,0,20.7,127,41.983,0,0,-1.000,21.40,3.32,0.0262,0.0229
123.782,0.000,0,,,,,,GLOBAL,1.000,clear,0,20.7,127,42.003,0,0,-1.000,21.40,3.32,0.0466,0.0172
123.801,0.000,0,,,,,,GLOBAL,1.000,clear,0,20.7,127,42.023,0,0,-1.000,21.40,3.32,0.0424,0.0091
123.821,0.000,0,,,,,,GLOBAL,1.000,clear,0,20.7,127,42.043,0,0,-1.000,21.40,3.32,0.0371,0.0095
123.841,0.000,0,,,,,,GLOBAL,1.000,clear,0,20.7,127,42.063,0,0,-1.000,21.40,3.32,0.0328,0.0035
123.862,0.000,0,,,,,,GLOBAL,1.000,clear,0,20.7,127,42.083,0,0,-1.000,21.40,3.32,0.0275,0.0237
123.881,0.000,0,,,,,,GLOBAL,1.000,clear,0,20.7,127,42.103,0,0,-1.000,21.40,3.32,0.0473,0.0137
123.901,0.000,0,,,,,,GLOBAL,1.000,clear,0,20.7,127,42.123,0,0,-1.000,21.40,3.32,0.0429,0.0136
123.922,0.000,0,,,,,,GLOBAL,1.000,clear,0,20.7,127,42.143,0,0,-1.000,21.40,3.32,0.0376,0.0058
123.941,0.000,0,,,,,,GLOBAL,1.000,clear,0,20.7,127,42.163,0,0,-1.000,21.40,3.32,0.0332,0.0041
123.961,0.000,0,,,,,,GLOBAL,1.000,clear,0,20.7,127,42.183,0,0,-1.000,21.40,3.32,0.0275,0.0241
123.982,0.000,0,,,,,,GLOBAL,1.000,clear,0,20.7,127,42.203,0,0,-1.000,21.40,3.32,0.0476,0.0196
124.002,0.000,0,,,,,,GLOBAL,1.000,clear,0,20.7,127,42.223,0,0,-1.000,21.40,3.32,0.0435,0.0108
124.024,0.000,0,,,,,,GLOBAL,1.000,clear,0,20.7,127,42.245,0,0,-1.000,21.40,3.35,0.0397,0.0114
124.045,0.000,0,,,,,,GLOBAL,1.000,clear,0,20.7,127,42.266,0,0,-1.000,21.40,3.35,0.0315,0.0096
124.065,0.000,0,,,,,,GLOBAL,1.000,clear,0,20.7,127,42.287,0,0,-1.000,21.40,3.32,0.0520,0.0300
124.096,0.000,0,,,,,,GLOBAL,1.000,clear,0,20.7,127,42.318,0,0,-1.000,21.40,3.32,0.0621,0.0302
124.105,0.000,0,,,,,,GLOBAL,1.000,clear,0,20.7,127,42.326,0,0,-1.000,21.40,3.32,0.0459,0.0065
124.121,0.000,0,,,,,,GLOBAL,1.000,clear,0,20.7,127,42.343,0,0,-1.000,21.40,3.32,0.0393,0.0096
124.147,0.000,0,,,,,,GLOBAL,1.000,clear,0,20.7,127,42.368,0,0,-1.000,21.40,3.35,0.0395,0.0117
124.162,0.000,0,,,,,,GLOBAL,1.000,clear,0,20.7,127,42.383,0,0,-1.000,21.40,3.35,0.0285,0.0266
124.181,0.000,0,,,,,,GLOBAL,1.000,clear,0,20.7,127,42.403,0,0,-1.000,21.40,3.35,0.0479,0.0190
124.202,0.000,0,,,,,,GLOBAL,1.000,clear,0,20.7,127,42.423,0,0,-1.000,21.40,3.32,0.0431,0.0070
124.221,0.000,0,,,,,,GLOBAL,1.000,clear,0,20.7,127,42.443,0,0,-1.000,21.40,3.32,0.0381,0.0106
124.241,0.000,0,,,,,,GLOBAL,1.000,clear,0,20.7,127,42.463,0,0,-1.000,21.40,3.32,0.0341,0.0068
124.261,0.000,0,,,,,,GLOBAL,1.000,clear,0,20.7,127,42.483,0,0,-1.000,21.40,3.32,0.0301,0.0009
124.282,0.000,0,,,,,,GLOBAL,1.000,clear,0,20.7,127,42.503,0,0,-1.000,21.40,3.32,0.0503,0.0211
124.301,0.000,0,,,,,,GLOBAL,1.000,clear,0,20.7,127,42.523,0,0,-1.000,21.40,3.32,0.0442,0.0170
124.322,0.000,0,,,,,,GLOBAL,1.000,clear,0,20.7,127,42.544,0,0,-1.000,21.40,3.32,0.0392,0.0127
124.342,0.000,0,,,,,,GLOBAL,1.000,clear,0,20.7,127,42.563,0,0,-1.000,21.40,3.32,0.0348,0.0073
124.362,0.000,0,,,,,,GLOBAL,1.000,clear,0,20.7,127,42.583,0,0,-1.000,21.40,3.32,0.0261,0.0010
124.382,0.000,0,,,,,,GLOBAL,1.000,clear,0,20.7,127,42.603,0,0,-1.000,21.40,3.32,0.0464,0.0213
124.401,0.000,0,,,,,,GLOBAL,1.000,clear,0,20.7,127,42.623,0,0,-1.000,21.40,3.32,0.0444,0.0159
124.421,0.000,0,,,,,,GLOBAL,1.000,clear,0,20.7,127,42.643,0,0,-1.000,21.40,3.32,0.0403,0.0118
124.441,0.000,0,,,,,,GLOBAL,1.000,clear,0,20.7,127,42.663,0,0,-1.000,21.40,3.32,0.0346,0.0067
124.461,0.000,0,,,,,,GLOBAL,1.000,clear,0,20.7,127,42.683,0,0,-1.000,21.40,3.32,0.0278,0.0013
124.482,0.000,0,,,,,,GLOBAL,1.000,clear,0,20.7,127,42.703,0,0,-1.000,21.40,3.32,0.0230,0.0219
124.501,0.000,0,,,,,,GLOBAL,1.000,clear,0,20.7,127,42.723,0,0,-1.000,21.40,3.32,0.0425,0.0178
124.522,0.000,0,,,,,,GLOBAL,1.000,clear,0,20.7,127,42.743,0,0,-1.000,21.40,3.32,0.0410,0.0128
124.541,0.000,0,,,,,,GLOBAL,1.000,clear,0,20.7,127,42.763,0,0,-1.000,21.40,3.32,0.0350,0.0065
124.562,0.000,0,,,,,,GLOBAL,1.000,clear,0,20.7,127,42.784,0,0,-1.000,21.40,3.32,0.0308,0.0019
124.582,0.000,0,,,,,,GLOBAL,1.000,clear,0,20.7,127,42.803,0,0,-1.000,21.40,3.32,0.0245,0.0216
124.601,0.000,0,,,,,,GLOBAL,1.000,clear,0,20.7,127,42.823,0,0,-1.000,21.40,3.32,0.0439,0.0182
124.621,0.000,0,,,,,,GLOBAL,1.000,clear,0,20.7,127,42.843,0,0,-1.000,21.40,3.32,0.0410,0.0124
124.642,0.000,0,,,,,,GLOBAL,1.000,clear,0,20.7,127,42.863,0,0,-1.000,21.40,3.32,0.0352,0.0069
124.662,0.000,0,,,,,,GLOBAL,1.000,clear,0,20.7,127,42.884,0,0,-1.000,21.40,3.32,0.0312,0.0015
124.682,0.000,0,,,,,,GLOBAL,1.000,clear,0,20.7,127,42.903,0,0,-1.000,21.40,3.32,0.0257,0.0211
124.701,0.000,0,,,,,,GLOBAL,1.000,clear,0,20.7,127,42.923,0,0,-1.000,21.40,3.32,0.0454,0.0167
124.721,0.000,0,,,,,,GLOBAL,1.000,clear,0,20.7,127,42.943,0,0,-1.000,21.40,3.32,0.0412,0.0101
124.741,0.000,0,,,,,,GLOBAL,1.000,clear,0,20.7,127,42.963,0,0,-1.000,21.40,3.32,0.0354,0.0044
124.761,0.000,0,,,,,,GLOBAL,1.000,clear,0,20.7,127,42.983,0,0,-1.000,21.40,3.32,0.0312,0.0026
124.782,0.000,0,,,,,,GLOBAL,1.000,clear,0,20.7,127,43.003,0,0,-1.000,21.40,3.32,0.0260,0.0230
124.801,0.000,0,,,,,,GLOBAL,1.000,clear,0,20.7,127,43.023,0,0,-1.000,21.40,3.32,0.0456,0.0179
124.825,0.000,0,,,,,,GLOBAL,1.000,clear,0,20.7,127,43.046,0,0,-1.000,21.40,3.32,0.0445,0.0139
124.841,0.000,0,,,,,,GLOBAL,1.000,clear,0,20.7,127,43.063,0,0,-1.000,21.40,3.32,0.0360,0.0042
124.862,0.000,0,,,,,,GLOBAL,1.000,clear,0,20.7,127,43.083,0,0,-1.000,21.40,3.32,0.0305,0.0004
124.882,0.000,0,,,,,,GLOBAL,1.000,clear,0,20.7,127,43.104,0,0,-1.000,21.40,3.32,0.0270,0.0210
124.901,0.000,0,,,,,,GLOBAL,1.000,clear,0,20.7,127,43.123,0,0,-1.000,21.40,3.32,0.0460,0.0132
124.921,0.000,0,,,,,,GLOBAL,1.000,clear,0,20.7,127,43.143,0,0,-1.000,21.40,3.32,0.0403,0.0103
124.941,0.000,0,,,,,,GLOBAL,1.000,clear,0,20.7,127,43.163,0,0,-1.000,21.40,3.32,0.0358,0.0069
124.961,0.000,0,,,,,,GLOBAL,1.000,clear,0,20.7,127,43.183,0,0,-1.000,21.40,3.32,0.0299,0.0027
124.982,0.000,0,,,,,,GLOBAL,1.000,clear,0,20.7,127,43.204,0,0,-1.000,21.40,3.32,0.0258,0.0237
125.002,0.000,0,,,,,,GLOBAL,1.000,clear,0,20.7,127,43.223,0,0,-1.000,21.40,3.35,0.0452,0.0151
125.021,0.000,0,,,,,,GLOBAL,1.000,clear,0,20.7,127,43.243,0,0,-1.000,21.40,3.35,0.0407,0.0094
125.042,0.000,0,,,,,,GLOBAL,1.000,clear,0,20.7,127,43.263,0,0,-1.000,21.40,3.32,0.0368,0.0067
125.061,0.000,0,,,,,,GLOBAL,1.000,clear,0,20.7,127,43.283,0,0,-1.000,21.40,3.32,0.0307,0.0037
125.082,0.000,0,,,,,,GLOBAL,1.000,clear,0,20.7,127,43.303,0,0,-1.000,21.40,3.32,0.0259,0.0245
125.101,0.000,0,,,,,,GLOBAL,1.000,clear,0,20.7,127,43.323,0,0,-1.000,21.40,3.32,0.0452,0.0156
125.121,0.000,0,,,,,,GLOBAL,1.000,clear,0,20.7,127,43.343,0,0,-1.000,21.40,3.32,0.0380,0.0116
125.142,0.000,0,,,,,,GLOBAL,1.000,clear,0,20.7,127,43.363,0,0,-1.000,21.40,3.32,0.0361,0.0050
125.162,0.000,0,,,,,,GLOBAL,1.000,clear,0,20.7,127,43.383,0,0,-1.000,21.40,3.32,0.0310,0.0024
125.182,0.000,0,,,,,,GLOBAL,1.000,clear,0,20.7,127,43.403,0,0,-1.000,21.40,3.32,0.0269,0.0224
125.201,0.000,0,,,,,,GLOBAL,1.000,clear,0,20.7,127,43.423,0,0,-1.000,21.40,3.32,0.0469,0.0159
125.221,0.000,0,,,,,,GLOBAL,1.000,clear,0,20.7,127,43.443,0,0,-1.000,21.40,3.32,0.0412,0.0096
125.242,0.000,0,,,,,,GLOBAL,1.000,clear,0,20.7,127,43.463,0,0,-1.000,21.40,3.32,0.0362,0.0053
125.262,0.000,0,,,,,,GLOBAL,1.000,clear,0,20.7,127,43.483,0,0,-1.000,21.40,3.32,0.0317,0.0006
125.282,0.000,0,,,,,,GLOBAL,1.000,clear,0,20.7,127,43.503,0,0,-1.000,21.40,3.32,0.0516,0.0205
125.338,0.000,0,,,,,,GLOBAL,1.000,clear,0,20.7,127,43.559,0,0,-1.000,21.40,3.32,0.1076,0.0765
125.342,0.000,0,,,,,,GLOBAL,1.000,clear,0,20.7,127,43.563,0,0,-1.000,21.40,3.32,0.0620,0.0015
125.362,0.000,0,,,,,,GLOBAL,1.000,clear,0,20.7,127,43.583,0,0,-1.000,21.40,3.32,0.0282,0.0035
125.381,0.000,0,,,,,,GLOBAL,1.000,clear,0,20.7,127,43.603,0,0,-1.000,21.40,3.32,0.0271,0.0229
125.401,0.000,0,,,,,,GLOBAL,1.000,clear,0,20.7,127,43.623,0,0,-1.000,21.40,3.32,0.0471,0.0139
125.421,0.000,0,,,,,,GLOBAL,1.000,clear,0,20.7,127,43.643,0,0,-1.000,21.40,3.32,0.0418,0.0148
125.442,0.000,0,,,,,,GLOBAL,1.000,clear,0,20.7,127,43.663,0,0,-1.000,21.40,3.32,0.0381,0.0087
125.462,0.000,0,,,,,,GLOBAL,1.000,clear,0,20.7,127,43.683,0,0,-1.000,21.40,3.32,0.0322,0.0046
125.484,0.000,0,,,,,,GLOBAL,1.000,clear,0,20.7,127,43.706,0,0,-1.000,21.40,3.32,0.0301,0.0025
125.501,0.000,0,,,,,,GLOBAL,1.000,clear,0,20.7,127,43.723,0,0,-1.000,21.40,3.32,0.0472,0.0197
125.521,0.000,0,,,,,,GLOBAL,1.000,clear,0,20.7,127,43.743,0,0,-1.000,21.40,3.32,0.0437,0.0143
125.541,0.000,0,,,,,,GLOBAL,1.000,clear,0,20.7,127,43.763,0,0,-1.000,21.40,3.32,0.0378,0.0083
125.561,0.000,0,,,,,,GLOBAL,1.000,clear,0,20.7,127,43.783,0,0,-1.000,21.40,3.32,0.0338,0.0052
125.582,0.000,0,,,,,,GLOBAL,1.000,clear,0,20.7,127,43.803,0,0,-1.000,21.40,3.32,0.0283,0.0013
125.601,0.000,0,,,,,,GLOBAL,1.000,clear,0,20.7,127,43.823,0,0,-1.000,21.40,3.32,0.0478,0.0209
125.621,0.000,0,,,,,,GLOBAL,1.000,clear,0,20.7,127,43.843,0,0,-1.000,21.40,3.32,0.0440,0.0152
125.641,0.000,0,,,,,,GLOBAL,1.000,clear,0,20.7,127,43.863,0,0,-1.000,21.40,3.32,0.0383,0.0099
125.661,0.000,0,,,,,,GLOBAL,1.000,clear,0,20.7,127,43.883,0,0,-1.000,21.40,3.32,0.0317,0.0053
125.682,0.000,0,,,,,,GLOBAL,1.000,clear,0,20.7,127,43.903,0,0,-1.000,21.40,3.32,0.0272,0.0255
125.701,0.000,0,,,,,,GLOBAL,1.000,clear,0,20.7,127,43.923,0,0,-1.000,21.40,3.32,0.0470,0.0194
125.721,0.000,0,,,,,,GLOBAL,1.000,clear,0,20.7,127,43.943,0,0,-1.000,21.40,3.32,0.0426,0.0150
125.741,0.000,0,,,,,,GLOBAL,1.000,clear,0,20.7,127,43.963,0,0,-1.000,21.40,3.32,0.0387,0.0056
125.762,0.000,0,,,,,,GLOBAL,1.000,clear,0,20.7,127,43.983,0,0,-1.000,21.40,3.32,0.0348,0.0024
125.781,0.000,0,,,,,,GLOBAL,1.000,clear,0,20.7,127,44.003,0,0,-1.000,21.40,3.32,0.0286,0.0006
125.802,0.000,0,,,,,,GLOBAL,1.000,clear,0,20.7,127,44.023,0,0,-1.000,21.40,3.32,0.0490,0.0210
125.821,0.000,0,,,,,,GLOBAL,1.000,clear,0,20.7,127,44.043,0,0,-1.000,21.40,3.32,0.0440,0.0156
125.842,0.000,0,,,,,,GLOBAL,1.000,clear,0,20.7,127,44.063,0,0,-1.000,21.40,3.32,0.0396,0.0116
125.861,0.000,0,,,,,,GLOBAL,1.000,clear,0,20.7,127,44.083,0,0,-1.000,21.40,3.32,0.0348,0.0033
125.881,0.000,0,,,,,,GLOBAL,1.000,clear,0,20.7,127,44.103,0,0,-1.000,21.40,3.35,0.0290,0.0014
125.901,0.000,0,,,,,,GLOBAL,1.000,clear,0,20.7,127,44.123,0,0,-1.000,21.40,3.32,0.0492,0.0216
125.922,0.000,0,,,,,,GLOBAL,1.000,clear,0,20.7,127,44.143,0,0,-1.000,21.40,3.32,0.0450,0.0136
125.941,0.000,0,,,,,,GLOBAL,1.000,clear,0,20.7,127,44.163,0,0,-1.000,21.40,3.32,0.0375,0.0111
125.962,0.000,0,,,,,,GLOBAL,1.000,clear,0,20.7,127,44.183,0,0,-1.000,21.40,3.32,0.0323,0.0006
125.983,0.000,0,,,,,,GLOBAL,1.000,clear,0,20.7,127,44.205,0,0,-1.000,21.40,3.32,0.0291,0.0223
126.001,0.000,0,,,,,,GLOBAL,1.000,clear,0,20.7,127,44.223,0,0,-1.000,21.40,3.32,0.0472,0.0177
126.026,0.000,0,,,,,,GLOBAL,1.000,clear,0,20.7,127,44.247,0,0,-1.000,21.40,3.32,0.0498,0.0140
126.041,0.000,0,,,,,,GLOBAL,1.000,clear,0,20.7,127,44.263,0,0,-1.000,21.40,3.32,0.0332,0.0103
126.062,0.000,0,,,,,,GLOBAL,1.000,clear,0,20.7,127,44.284,0,0,-1.000,21.40,3.32,0.0358,0.0063
126.082,0.000,0,,,,,,GLOBAL,1.000,clear,0,20.7,127,44.303,0,0,-1.000,21.40,3.32,0.0297,0.0025
126.102,0.000,0,,,,,,GLOBAL,1.000,clear,0,20.7,127,44.323,0,0,-1.000,21.40,3.32,0.0501,0.0229
126.122,0.000,0,,,,,,GLOBAL,1.000,clear,0,20.7,127,44.343,0,0,-1.000,21.40,3.32,0.0457,0.0146
126.141,0.000,0,,,,,,GLOBAL,1.000,clear,0,20.7,127,44.363,0,0,-1.000,21.40,3.32,0.0396,0.0095
126.161,0.000,0,,,,,,GLOBAL,1.000,clear,0,20.7,127,44.383,0,0,-1.000,21.40,3.32,0.0354,0.0050
126.182,0.000,0,,,,,,GLOBAL,1.000,clear,0,20.7,127,44.403,0,0,-1.000,21.40,3.32,0.0303,0.0028
126.205,0.000,0,,,,,,GLOBAL,1.000,clear,0,20.7,127,44.426,0,0,-1.000,21.40,3.32,0.0535,0.0260
126.223,0.000,0,,,,,,GLOBAL,1.000,clear,0,20.7,127,44.445,0,0,-1.000,21.40,3.32,0.0479,0.0111
126.241,0.000,0,,,,,,GLOBAL,1.000,clear,0,20.7,127,44.463,0,0,-1.000,21.40,3.32,0.0401,0.0046
126.262,0.000,0,,,,,,GLOBAL,1.000,clear,0,20.7,127,44.483,0,0,-1.000,21.40,3.32,0.0362,0.0250
126.281,0.000,0,,,,,,GLOBAL,1.000,clear,0,20.7,127,44.503,0,0,-1.000,21.40,3.32,0.0300,0.0008
126.303,0.000,0,,,,,,GLOBAL,1.000,clear,0,20.7,127,44.524,0,0,-1.000,21.40,3.32,0.0516,0.0224
126.321,0.000,0,,,,,,GLOBAL,1.000,clear,0,20.7,127,44.543,0,0,-1.000,21.40,3.32,0.0461,0.0164
126.341,0.000,0,,,,,,GLOBAL,1.000,clear,0,20.7,127,44.563,0,0,-1.000,21.40,3.32,0.0402,0.0103
126.363,0.000,0,,,,,,GLOBAL,1.000,clear,0,20.7,127,44.584,0,0,-1.000,21.40,3.32,0.0379,0.0074
126.382,0.000,0,,,,,,GLOBAL,1.000,clear,0,20.7,127,44.603,0,0,-1.000,21.40,3.32,0.0313,0.0028
126.402,0.000,0,,,,,,GLOBAL,1.000,clear,0,20.7,127,44.623,0,0,-1.000,21.40,3.32,0.0254,0.0223
126.421,0.000,0,,,,,,GLOBAL,1.000,clear,0,20.7,127,44.643,0,0,-1.000,21.40,3.32,0.0453,0.0183
126.441,0.000,0,,,,,,GLOBAL,1.000,clear,0,20.7,127,44.663,0,0,-1.000,21.40,3.32,0.0425,0.0068
126.462,0.000,0,,,,,,GLOBAL,1.000,clear,0,20.7,127,44.683,0,0,-1.000,21.40,3.32,0.0357,0.0064
126.481,0.000,0,,,,,,GLOBAL,1.000,clear,0,20.7,127,44.703,0,0,-1.000,21.40,3.32,0.0324,0.0005
126.502,0.000,0,,,,,,GLOBAL,1.000,clear,0,20.7,127,44.723,0,0,-1.000,21.40,3.32,0.0270,0.0210
126.524,0.000,0,,,,,,GLOBAL,1.000,clear,0,20.7,127,44.746,0,0,-1.000,21.40,3.32,0.0496,0.0202
126.542,0.000,0,,,,,,GLOBAL,1.000,clear,0,20.7,127,44.763,0,0,-1.000,21.40,3.32,0.0430,0.0070
126.562,0.000,0,,,,,,GLOBAL,1.000,clear,0,20.7,127,44.783,0,0,-1.000,21.40,3.32,0.0373,0.0066
126.581,0.000,0,,,,,,GLOBAL,1.000,clear,0,20.7,127,44.803,0,0,-1.000,21.40,3.32,0.0329,0.0026
126.602,0.000,0,,,,,,GLOBAL,1.000,clear,0,20.7,127,44.823,0,0,-1.000,21.40,3.32,0.0273,0.0228
126.621,0.000,0,,,,,,GLOBAL,1.000,clear,0,20.7,127,44.843,0,0,-1.000,21.40,3.32,0.0470,0.0166
126.641,0.000,0,,,,,,GLOBAL,1.000,clear,0,20.7,127,44.863,0,0,-1.000,21.40,3.32,0.0430,0.0101
126.661,0.000,0,,,,,,GLOBAL,1.000,clear,0,20.7,127,44.883,0,0,-1.000,21.40,3.32,0.0372,0.0087
126.681,0.000,0,,,,,,GLOBAL,1.000,clear,0,20.7,127,44.903,0,0,-1.000,21.40,3.32,0.0332,0.0018
126.702,0.000,0,,,,,,GLOBAL,1.000,clear,0,20.7,127,44.923,0,0,-1.000,21.40,3.32,0.0280,0.0223
126.721,0.000,0,,,,,,GLOBAL,1.000,clear,0,20.7,127,44.943,0,0,-1.000,21.40,3.32,0.0473,0.0057
126.742,0.000,0,,,,,,GLOBAL,1.000,clear,0,20.7,127,44.964,0,0,-1.000,21.40,3.35,0.0440,0.0147
126.761,0.000,0,,,,,,GLOBAL,1.000,clear,0,20.7,127,44.983,0,0,-1.000,21.40,3.35,0.0375,0.0077
126.781,0.000,0,,,,,,GLOBAL,1.000,clear,0,20.7,127,45.003,0,0,-1.000,21.40,3.32,0.0329,0.0020
126.802,0.000,0,,,,,,GLOBAL,1.000,clear,0,20.7,127,45.023,0,0,-1.000,21.40,3.32,0.0537,0.0227
126.822,0.000,0,,,,,,GLOBAL,1.000,clear,0,20.7,127,45.043,0,0,-1.000,21.40,3.32,0.0475,0.0172
126.844,0.000,0,,,,,,GLOBAL,1.000,clear,0,20.7,127,45.065,0,0,-1.000,21.40,3.32,0.0455,0.0135
126.862,0.000,0,,,,,,GLOBAL,1.000,clear,0,20.7,127,45.083,0,0,-1.000,21.40,3.32,0.0374,0.0106
126.882,0.000,0,,,,,,GLOBAL,1.000,clear,0,20.7,127,45.103,0,0,-1.000,21.40,3.32,0.0337,0.0048
126.901,0.000,0,,,,,,GLOBAL,1.000,clear,0,20.7,127,45.123,0,0,-1.000,21.40,3.32,0.0269,0.0005
126.921,0.000,0,,,,,,GLOBAL,1.000,clear,0,20.7,127,45.143,0,0,-1.000,21.40,3.32,0.0469,0.0206
126.941,0.000,0,,,,,,GLOBAL,1.000,clear,0,20.7,127,45.163,0,0,-1.000,21.40,3.32,0.0437,0.0148
126.961,0.000,0,,,,,,GLOBAL,1.000,clear,0,20.7,127,45.183,0,0,-1.000,21.40,3.32,0.0380,0.0060
126.982,0.000,0,,,,,,GLOBAL,1.000,clear,0,20.7,127,45.203,0,0,-1.000,21.40,3.32,0.0343,0.0020
127.006,0.000,0,,,,,,GLOBAL,1.000,clear,0,20.7,127,45.228,0,0,-1.000,21.40,3.32,0.0321,0.0061
127.021,0.000,0,,,,,,GLOBAL,1.000,clear,0,20.7,127,45.243,0,0,-1.000,21.40,3.32,0.0472,0.0213
127.042,0.000,0,,,,,,GLOBAL,1.000,clear,0,20.7,127,45.264,0,0,-1.000,21.40,3.32,0.0452,0.0153
127.061,0.000,0,,,,,,GLOBAL,1.000,clear,0,20.7,127,45.283,0,0,-1.000,21.40,3.32,0.0370,0.0092
127.081,0.000,0,,,,,,GLOBAL,1.000,clear,0,20.7,127,45.303,0,0,-1.000,21.40,3.32,0.0343,0.0067
127.102,0.000,0,,,,,,GLOBAL,1.000,clear,0,20.7,127,45.324,0,0,-1.000,21.40,3.32,0.0311,0.0009
127.121,0.000,0,,,,,,GLOBAL,1.000,clear,0,20.7,127,45.343,0,0,-1.000,21.40,3.32,0.0502,0.0200
127.141,0.000,0,,,,,,GLOBAL,1.000,clear,0,20.7,127,45.363,0,0,-1.000,21.40,3.32,0.0446,0.0167
127.162,0.000,0,,,,,,GLOBAL,1.000,clear,0,20.7,127,45.383,0,0,-1.000,21.40,3.32,0.0408,0.0096
127.182,0.000,0,,,,,,GLOBAL,1.000,clear,0,20.7,127,45.403,0,0,-1.000,21.40,3.32,0.0348,0.0063
127.201,0.000,0,,,,,,GLOBAL,1.000,clear,0,20.7,127,45.423,0,0,-1.000,21.40,3.32,0.0306,0.0262
127.221,0.000,0,,,,,,GLOBAL,1.000,clear,0,20.7,127,45.443,0,0,-1.000,21.40,3.32,0.0505,0.0173
127.241,0.000,0,,,,,,GLOBAL,1.000,clear,0,20.7,127,45.463,0,0,-1.000,21.40,3.32,0.0449,0.0164
127.261,0.000,0,,,,,,GLOBAL,1.000,clear,0,20.7,127,45.483,0,0,-1.000,21.40,3.32,0.0408,0.0122
127.282,0.000,0,,,,,,GLOBAL,1.000,clear,0,20.7,127,45.503,0,0,-1.000,21.40,3.32,0.0356,0.0073
127.302,0.000,0,,,,,,GLOBAL,1.000,clear,0,20.7,127,45.523,0,0,-1.000,21.40,3.32,0.0305,0.0023
127.322,0.000,0,,,,,,GLOBAL,1.000,clear,0,20.7,127,45.544,0,0,-1.000,21.40,3.32,0.0510,0.0228
127.341,0.000,0,,,,,,GLOBAL,1.000,clear,0,20.7,127,45.563,0,0,-1.000,21.40,3.32,0.0450,0.0150
127.362,0.000,0,,,,,,GLOBAL,1.000,clear,0,20.7,127,45.583,0,0,-1.000,21.40,3.32,0.0413,0.0037
127.383,0.000,0,,,,,,GLOBAL,1.000,clear,0,20.7,127,45.604,0,0,-1.000,21.40,3.32,0.0367,0.0049
127.401,0.000,0,,,,,,GLOBAL,1.000,clear,0,20.7,127,45.623,0,0,-1.000,21.40,3.32,0.0310,0.0015
127.421,0.000,0,,,,,,GLOBAL,1.000,clear,0,20.7,127,45.643,0,0,-1.000,21.40,3.32,0.0256,0.0215
127.441,0.000,0,,,,,,GLOBAL,1.000,clear,0,20.7,127,45.663,0,0,-1.000,21.40,3.32,0.0455,0.0162
127.461,0.000,0,,,,,,GLOBAL,1.000,clear,0,20.7,127,45.683,0,0,-1.000,21.40,3.32,0.0413,0.0095
127.481,0.000,0,,,,,,GLOBAL,1.000,clear,0,20.7,127,45.703,0,0,-1.000,21.40,3.32,0.0357,0.0056
127.501,0.000,0,,,,,,GLOBAL,1.000,clear,0,20.7,127,45.723,0,0,-1.000,21.40,3.32,0.0315,0.0257
127.522,0.000,0,,,,,,GLOBAL,1.000,clear,0,20.7,127,45.744,0,0,-1.000,21.40,3.32,0.0265,0.0199
127.541,0.000,0,,,,,,GLOBAL,1.000,clear,0,20.7,127,45.763,0,0,-1.000,21.40,3.32,0.0456,0.0183
127.562,0.000,0,,,,,,GLOBAL,1.000,clear,0,20.7,127,45.783,0,0,-1.000,21.40,3.32,0.0420,0.0107
127.581,0.000,0,,,,,,GLOBAL,1.000,clear,0,20.7,127,45.803,0,0,-1.000,21.40,3.32,0.0355,0.0041
127.601,0.000,0,,,,,,GLOBAL,1.000,clear,0,20.7,127,45.823,0,0,-1.000,21.40,3.32,0.0313,0.0020
127.621,0.000,0,,,,,,GLOBAL,1.000,clear,0,20.7,127,45.843,0,0,-1.000,21.40,3.32,0.0515,0.0222
127.641,0.000,0,,,,,,GLOBAL,1.000,clear,0,20.7,127,45.863,0,0,-1.000,21.40,3.32,0.0459,0.0156
127.662,0.000,0,,,,,,GLOBAL,1.000,clear,0,20.7,127,45.883,0,0,-1.000,21.40,3.32,0.0416,0.0132
127.681,0.000,0,,,,,,GLOBAL,1.000,clear,0,20.7,127,45.903,0,0,-1.000,21.40,3.32,0.0359,0.0093
127.702,0.000,0,,,,,,GLOBAL,1.000,clear,0,20.7,127,45.923,0,0,-1.000,21.40,3.32,0.0322,0.0040
127.721,0.000,0,,,,,,GLOBAL,1.000,clear,0,20.7,127,45.943,0,0,-1.000,21.40,3.32,0.0279,0.0237
127.742,0.000,0,,,,,,GLOBAL,1.000,clear,0,20.7,127,45.964,0,0,-1.000,21.40,3.32,0.0486,0.0203
127.761,0.000,0,,,,,,GLOBAL,1.000,clear,0,20.7,127,45.983,0,0,-1.000,21.40,3.32,0.0419,0.0134
127.785,0.000,0,,,,,,GLOBAL,1.000,clear,0,20.7,127,46.007,0,0,-1.000,21.40,3.32,0.0418,0.0132
127.801,0.000,0,,,,,,GLOBAL,1.000,clear,0,20.7,127,46.023,0,0,-1.000,21.40,3.32,0.0323,0.0029
127.821,0.000,0,,,,,,GLOBAL,1.000,clear,0,20.7,127,46.043,0,0,-1.000,21.40,3.32,0.0284,0.0231
127.841,0.000,0,,,,,,GLOBAL,1.000,clear,0,20.7,127,46.063,0,0,-1.000,21.40,3.32,0.0484,0.0192
127.862,0.000,0,,,,,,GLOBAL,1.000,clear,0,20.7,127,46.083,0,0,-1.000,21.40,3.32,0.0425,0.0138
127.881,0.000,0,,,,,,GLOBAL,1.000,clear,0,20.7,127,46.103,0,0,-1.000,21.40,3.32,0.0384,0.0079
127.901,0.000,0,,,,,,GLOBAL,1.000,clear,0,20.7,127,46.123,0,0,-1.000,21.40,3.32,0.0326,0.0034
127.921,0.000,0,,,,,,GLOBAL,1.000,clear,0,20.7,127,46.143,0,0,-1.000,21.40,3.32,0.0287,0.0236
127.942,0.000,0,,,,,,GLOBAL,1.000,clear,0,20.7,127,46.163,0,0,-1.000,21.40,3.32,0.0492,0.0163
127.961,0.000,0,,,,,,GLOBAL,1.000,clear,0,20.7,127,46.183,0,0,-1.000,21.40,3.32,0.0422,0.0136
127.981,0.000,0,,,,,,GLOBAL,1.000,clear,0,20.7,127,46.203,0,0,-1.000,21.40,3.32,0.0386,0.0081
128.001,0.000,0,,,,,,GLOBAL,1.000,clear,0,20.7,127,46.223,0,0,-1.000,21.40,3.32,0.0307,0.0061
128.022,0.000,0,,,,,,GLOBAL,1.000,clear,0,20.7,127,46.243,0,0,-1.000,21.40,3.32,0.0294,0.0006
128.041,0.000,0,,,,,,GLOBAL,1.000,clear,0,20.7,127,46.263,0,0,-1.000,21.40,3.32,0.0487,0.0199
128.062,0.000,0,,,,,,GLOBAL,1.000,clear,0,20.7,127,46.283,0,0,-1.000,21.40,3.32,0.0435,0.0165
128.081,0.000,0,,,,,,GLOBAL,1.000,clear,0,20.7,127,46.303,0,0,-1.000,21.40,3.32,0.0388,0.0098
128.101,0.000,0,,,,,,GLOBAL,1.000,clear,0,20.7,127,46.323,0,0,-1.000,21.40,3.32,0.0311,0.0060
128.121,0.000,0,,,,,,GLOBAL,1.000,clear,0,20.7,127,46.343,0,0,-1.000,21.40,3.32,0.0274,0.0260
128.144,0.000,0,,,,,,GLOBAL,1.000,clear,0,20.7,127,46.365,0,0,-1.000,21.40,3.32,0.0500,0.0223
128.161,0.000,0,,,,,,GLOBAL,1.000,clear,0,20.7,127,46.383,0,0,-1.000,21.40,3.32,0.0429,0.0142
128.186,0.000,0,,,,,,GLOBAL,1.000,clear,0,20.7,127,46.408,0,0,-1.000,21.40,3.32,0.0426,0.0086
128.206,0.000,0,,,,,,GLOBAL,1.000,clear,0,20.7,127,46.427,0,0,-1.000,21.40,3.32,0.0379,0.0072
128.221,0.000,0,,,,,,GLOBAL,1.000,clear,0,20.7,127,46.443,0,0,-1.000,21.40,3.32,0.0279,0.0229
128.241,0.000,0,,,,,,GLOBAL,1.000,clear,0,20.7,127,46.463,0,0,-1.000,21.40,3.32,0.0478,0.0177
128.261,0.000,0,,,,,,GLOBAL,1.000,clear,0,20.7,127,46.483,0,0,-1.000,21.40,3.32,0.0437,0.0161
128.281,0.000,0,,,,,,GLOBAL,1.000,clear,0,20.7,127,46.503,0,0,-1.000,21.40,3.32,0.0399,0.0108
128.301,0.000,0,,,,,,GLOBAL,1.000,clear,0,20.7,127,46.523,0,0,-1.000,21.40,3.32,0.0341,0.0067
128.322,0.000,0,,,,,,GLOBAL,1.000,clear,0,20.7,127,46.543,0,0,-1.000,21.40,3.32,0.0284,0.0013
128.341,0.000,0,,,,,,GLOBAL,1.000,clear,0,20.7,127,46.563,0,0,-1.000,21.40,3.32,0.0482,0.0209
128.362,0.000,0,,,,,,GLOBAL,1.000,clear,0,20.7,127,46.583,0,0,-1.000,21.40,3.32,0.0443,0.0151
128.383,0.000,0,,,,,,GLOBAL,1.000,clear,0,20.7,127,46.604,0,0,-1.000,21.40,3.32,0.0397,0.0135
128.401,0.000,0,,,,,,GLOBAL,1.000,clear,0,20.7,127,46.623,0,0,-1.000,21.40,3.32,0.0330,0.0063
128.421,0.000,0,,,,,,GLOBAL,1.000,clear,0,20.7,127,46.643,0,0,-1.000,21.40,3.32,0.0299,0.0262
128.442,0.000,0,,,,,,GLOBAL,1.000,clear,0,20.7,127,46.663,0,0,-1.000,21.40,3.32,0.0506,0.0176
128.461,0.000,0,,,,,,GLOBAL,1.000,clear,0,20.7,127,46.683,0,0,-1.000,21.40,3.32,0.0442,0.0148
128.481,0.000,0,,,,,,GLOBAL,1.000,clear,0,20.7,127,46.703,0,0,-1.000,21.40,3.32,0.0404,0.0097
128.501,0.000,0,,,,,,GLOBAL,1.000,clear,0,20.7,127,46.723,0,0,-1.000,21.40,3.32,0.0347,0.0032
128.521,0.000,0,,,,,,GLOBAL,1.000,clear,0,20.7,127,46.743,0,0,-1.000,21.40,3.32,0.0304,0.0015
128.542,0.000,0,,,,,,GLOBAL,1.000,clear,0,20.7,127,46.763,0,0,-1.000,21.40,3.32,0.0511,0.0221
128.562,0.000,0,,,,,,GLOBAL,1.000,clear,0,20.7,127,46.783,0,0,-1.000,21.40,3.32,0.0451,0.0135
128.581,0.000,0,,,,,,GLOBAL,1.000,clear,0,20.7,127,46.803,0,0,-1.000,21.40,3.32,0.0396,0.0112
128.601,0.000,0,,,,,,GLOBAL,1.000,clear,0,20.7,127,46.823,0,0,-1.000,21.40,3.32,0.0337,0.0023
128.622,0.000,0,,,,,,GLOBAL,1.000,clear,0,20.7,127,46.843,0,0,-1.000,21.40,3.32,0.0308,0.0007
128.642,0.000,0,,,,,,GLOBAL,1.000,clear,0,20.7,127,46.863,0,0,-1.000,21.40,3.32,0.0260,0.0212
128.661,0.000,0,,,,,,GLOBAL,1.000,clear,0,20.7,127,46.883,0,0,-1.000,21.40,3.32,0.0453,0.0151
128.681,0.000,0,,,,,,GLOBAL,1.000,clear,0,20.7,127,46.903,0,0,-1.000,21.40,3.32,0.0407,0.0101
128.701,0.000,0,,,,,,GLOBAL,1.000,clear,0,20.7,127,46.923,0,0,-1.000,21.40,3.32,0.0353,0.0061
128.721,0.000,0,,,,,,GLOBAL,1.000,clear,0,20.7,127,46.943,0,0,-1.000,21.40,3.32,0.0305,0.0013
128.742,0.000,0,,,,,,GLOBAL,1.000,clear,0,20.7,127,46.963,0,0,-1.000,21.40,3.32,0.0248,0.0216
128.762,0.000,0,,,,,,GLOBAL,1.000,clear,0,20.7,127,46.983,0,0,-1.000,21.40,3.32,0.0448,0.0191
128.782,0.000,0,,,,,,GLOBAL,1.000,clear,0,20.7,127,47.003,0,0,-1.000,21.40,3.32,0.0417,0.0131
128.801,0.000,0,,,,,,GLOBAL,1.000,clear,0,20.7,127,47.023,0,0,-1.000,21.40,3.32,0.0357,0.0076
128.821,0.000,0,,,,,,GLOBAL,1.000,clear,0,20.7,127,47.043,0,0,-1.000,21.40,3.32,0.0303,0.0032
128.842,0.000,0,,,,,,GLOBAL,1.000,clear,0,20.7,127,47.063,0,0,-1.000,21.40,3.32,0.0262,0.0236
128.862,0.000,0,,,,,,GLOBAL,1.000,clear,0,20.7,127,47.083,0,0,-1.000,21.40,3.32,0.0461,0.0162
128.881,0.000,0,,,,,,GLOBAL,1.000,clear,0,20.7,127,47.103,0,0,-1.000,21.40,3.32,0.0414,0.0119
128.901,0.000,0,,,,,,GLOBAL,1.000,clear,0,20.7,127,47.123,0,0,-1.000,21.40,3.32,0.0361,0.0068
128.921,0.000,0,,,,,,GLOBAL,1.000,clear,0,20.7,127,47.143,0,0,-1.000,21.40,3.32,0.0300,0.0032
128.941,0.000,0,,,,,,GLOBAL,1.000,clear,0,20.7,127,47.163,0,0,-1.000,21.40,3.32,0.0263,0.0233
128.961,0.000,0,,,,,,GLOBAL,1.000,clear,0,20.7,127,47.183,0,0,-1.000,21.40,3.32,0.0462,0.0184
128.981,0.000,0,,,,,,GLOBAL,1.000,clear,0,20.7,127,47.203,0,0,-1.000,21.40,3.32,0.0402,0.0137
129.001,0.000,0,,,,,,GLOBAL,1.000,clear,0,20.7,127,47.223,0,0,-1.000,21.40,3.32,0.0363,0.0070
129.021,0.000,0,,,,,,GLOBAL,1.000,clear,0,20.7,127,47.243,0,0,-1.000,21.40,3.32,0.0325,0.0024
129.042,0.000,0,,,,,,GLOBAL,1.000,clear,0,20.7,127,47.263,0,0,-1.000,21.40,3.32,0.0270,0.0226
129.061,0.000,0,,,,,,GLOBAL,1.000,clear,0,20.7,127,47.283,0,0,-1.000,21.40,3.32,0.0467,0.0187
129.082,0.000,0,,,,,,GLOBAL,1.000,clear,0,20.7,127,47.303,0,0,-1.000,21.40,3.32,0.0427,0.0144
129.101,0.000,0,,,,,,GLOBAL,1.000,clear,0,20.7,127,47.323,0,0,-1.000,21.40,3.32,0.0368,0.0095
129.121,0.000,0,,,,,,GLOBAL,1.000,clear,0,20.7,127,47.343,0,0,-1.000,21.40,3.32,0.0323,0.0022
129.142,0.000,0,,,,,,GLOBAL,1.000,clear,0,20.7,127,47.363,0,0,-1.000,21.40,3.32,0.0276,0.0230
129.161,0.000,0,,,,,,GLOBAL,1.000,clear,0,20.7,127,47.383,0,0,-1.000,21.40,3.32,0.0468,0.0154
129.181,0.000,0,,,,,,GLOBAL,1.000,clear,0,20.7,127,47.403,0,0,-1.000,21.40,3.32,0.0411,0.0097
129.201,0.000,0,,,,,,GLOBAL,1.000,clear,0,20.7,127,47.423,0,0,-1.000,21.40,3.32,0.0371,0.0067
129.222,0.000,0,,,,,,GLOBAL,1.000,clear,0,20.7,127,47.443,0,0,-1.000,21.40,3.32,0.0304,0.0049
129.242,0.000,0,,,,,,GLOBAL,1.000,clear,0,20.7,127,47.463,0,0,-1.000,21.40,3.32,0.0277,0.0252
129.262,0.000,0,,,,,,GLOBAL,1.000,clear,0,20.7,127,47.483,0,0,-1.000,21.40,3.32,0.0475,0.0186
129.281,0.000,0,,,,,,GLOBAL,1.000,clear,0,20.7,127,47.503,0,0,-1.000,21.40,3.32,0.0415,0.0147
129.301,0.000,0,,,,,,GLOBAL,1.000,clear,0,20.7,127,47.523,0,0,-1.000,21.40,3.32,0.0371,0.0092
129.322,0.000,0,,,,,,GLOBAL,1.000,clear,0,20.7,127,47.543,0,0,-1.000,21.40,3.32,0.0320,0.0053
129.342,0.000,0,,,,,,GLOBAL,1.000,clear,0,20.7,127,47.563,0,0,-1.000,21.40,3.32,0.0279,0.0253
129.361,0.000,0,,,,,,GLOBAL,1.000,clear,0,20.7,127,47.583,0,0,-1.000,21.40,3.32,0.0476,0.0193
129.381,0.000,0,,,,,,GLOBAL,1.000,clear,0,20.7,127,47.603,0,0,-1.000,21.40,3.32,0.0419,0.0148
129.401,0.000,0,,,,,,GLOBAL,1.000,clear,0,20.7,127,47.623,0,0,-1.000,21.40,3.32,0.0377,0.0067
129.421,0.000,0,,,,,,GLOBAL,1.000,clear,0,20.7,127,47.643,0,0,-1.000,21.40,3.32,0.0303,0.0041
129.441,0.000,0,,,,,,GLOBAL,1.000,clear,0,20.7,127,47.663,0,0,-1.000,21.40,3.32,0.0270,0.0241
129.461,0.000,0,,,,,,GLOBAL,1.000,clear,0,20.7,127,47.683,0,0,-1.000,21.40,3.32,0.0469,0.0190
129.481,0.000,0,,,,,,GLOBAL,1.000,clear,0,20.7,127,47.703,0,0,-1.000,21.40,3.32,0.0421,0.0144
129.502,0.000,0,,,,,,GLOBAL,1.000,clear,0,20.7,127,47.724,0,0,-1.000,21.40,3.32,0.0391,0.0030
129.521,0.000,0,,,,,,GLOBAL,1.000,clear,0,20.7,127,47.743,0,0,-1.000,21.40,3.32,0.0320,0.0047
129.541,0.000,0,,,,,,GLOBAL,1.000,clear,0,20.7,127,47.763,0,0,-1.000,21.40,3.32,0.0272,0.0249
129.561,0.000,0,,,,,,GLOBAL,1.000,clear,0,20.7,127,47.783,0,0,-1.000,21.40,3.32,0.0471,0.0195
129.581,0.000,0,,,,,,GLOBAL,1.000,clear,0,20.7,127,47.803,0,0,-1.000,21.40,3.32,0.0425,0.0148
129.601,0.000,0,,,,,,GLOBAL,1.000,clear,0,20.7,127,47.823,0,0,-1.000,21.40,3.32,0.0374,0.0076
129.622,0.000,0,,,,,,GLOBAL,1.000,clear,0,20.7,127,47.843,0,0,-1.000,21.40,3.32,0.0329,0.0041
129.641,0.000,0,,,,,,GLOBAL,1.000,clear,0,20.7,127,47.863,0,0,-1.000,21.40,3.32,0.0270,0.0235
129.661,0.000,0,,,,,,GLOBAL,1.000,clear,0,20.7,127,47.883,0,0,-1.000,21.40,3.32,0.0470,0.0192
129.681,0.000,0,,,,,,GLOBAL,1.000,clear,0,20.7,127,47.903,0,0,-1.000,21.40,3.32,0.0419,0.0149
129.701,0.000,0,,,,,,GLOBAL,1.000,clear,0,20.7,127,47.923,0,0,-1.000,21.40,3.32,0.0386,0.0100
129.721,0.000,0,,,,,,GLOBAL,1.000,clear,0,20.7,127,47.943,0,0,-1.000,21.40,3.32,0.0303,0.0047
129.741,0.000,0,,,,,,GLOBAL,1.000,clear,0,20.7,127,47.963,0,0,-1.000,21.40,3.32,0.0272,0.0248
129.762,0.000,0,,,,,,GLOBAL,1.000,clear,0,20.7,127,47.983,0,0,-1.000,21.40,3.32,0.0475,0.0197
129.781,0.000,0,,,,,,GLOBAL,1.000,clear,0,20.7,127,48.003,0,0,-1.000,21.40,3.32,0.0425,0.0136
129.801,0.000,0,,,,,,GLOBAL,1.000,clear,0,20.7,127,48.023,0,0,-1.000,21.40,3.32,0.0364,0.0101
129.821,0.000,0,,,,,,GLOBAL,1.000,clear,0,20.7,127,48.043,0,0,-1.000,21.40,3.32,0.0311,0.0060
129.841,0.000,0,,,,,,GLOBAL,1.000,clear,0,20.7,127,48.063,0,0,-1.000,21.40,3.32,0.0273,0.0005
129.862,0.000,0,,,,,,GLOBAL,1.000,clear,0,20.7,127,48.083,0,0,-1.000,21.40,3.32,0.0475,0.0206
129.881,0.000,0,,,,,,GLOBAL,1.000,clear,0,20.7,127,48.103,0,0,-1.000,21.40,3.32,0.0432,0.0152
129.901,0.000,0,,,,,,GLOBAL,1.000,clear,0,20.7,127,48.123,0,0,-1.000,21.40,3.32,0.0373,0.0102
129.922,0.000,0,,,,,,GLOBAL,1.000,clear,0,20.7,127,48.143,0,0,-1.000,21.40,3.32,0.0336,0.0048
129.942,0.000,0,,,,,,GLOBAL,1.000,clear,0,20.7,127,48.163,0,0,-1.000,21.40,3.32,0.0279,0.0006
129.962,0.000,0,,,,,,GLOBAL,1.000,clear,0,20.7,127,48.183,0,0,-1.000,21.40,3.32,0.0480,0.0207
129.981,0.000,0,,,,,,GLOBAL,1.000,clear,0,20.7,127,48.203,0,0,-1.000,21.40,3.32,0.0431,0.0166
130.001,0.000,0,,,,,,GLOBAL,1.000,clear,0,20.7,127,48.223,0,0,-1.000,21.40,3.32,0.0393,0.0101
130.022,0.000,0,,,,,,GLOBAL,1.000,clear,0,20.7,127,48.243,0,0,-1.000,21.40,3.32,0.0339,0.0063
130.042,0.000,0,,,,,,GLOBAL,1.000,clear,0,20.7,127,48.263,0,0,-1.000,21.40,3.32,0.0297,0.0010
130.061,0.000,0,,,,,,GLOBAL,1.000,clear,0,20.7,127,48.283,0,0,-1.000,21.40,3.32,0.0497,0.0209
130.081,0.000,0,,,,,,GLOBAL,1.000,clear,0,20.7,127,48.303,0,0,-1.000,21.40,3.32,0.0436,0.0139
130.101,0.000,0,,,,,,GLOBAL,1.000,clear,0,20.7,127,48.323,0,0,-1.000,21.40,3.32,0.0382,0.0086
130.122,0.000,0,,,,,,GLOBAL,1.000,clear,0,20.7,127,48.343,0,0,-1.000,21.40,3.32,0.0346,0.0038
130.141,0.000,0,,,,,,GLOBAL,1.000,clear,0,20.7,127,48.363,0,0,-1.000,21.40,3.32,0.0278,0.0231
130.162,0.000,0,,,,,,GLOBAL,1.000,clear,0,20.7,127,48.383,0,0,-1.000,21.40,3.32,0.0480,0.0194
130.181,0.000,0,,,,,,GLOBAL,1.000,clear,0,20.7,127,48.403,0,0,-1.000,21.40,3.32,0.0428,0.0152
130.201,0.000,0,,,,,,GLOBAL,1.000,clear,0,20.7,127,48.423,0,0,-1.000,21.40,3.32,0.0381,0.0107
130.221,0.000,0,,,,,,GLOBAL,1.000,clear,0,20.7,127,48.443,0,0,-1.000,21.40,3.32,0.0342,0.0062
130.242,0.000,0,,,,,,GLOBAL,1.000,clear,0,20.7,127,48.463,0,0,-1.000,21.40,3.32,0.0284,0.0006
130.261,0.000,0,,,,,,GLOBAL,1.000,clear,0,20.7,127,48.483,0,0,-1.000,21.40,3.32,0.0481,0.0204
130.281,0.000,0,,,,,,GLOBAL,1.000,clear,0,20.7,127,48.503,0,0,-1.000,21.40,3.32,0.0441,0.0167
130.302,0.000,0,,,,,,GLOBAL,1.000,clear,0,20.7,127,48.523,0,0,-1.000,21.40,3.32,0.0381,0.0112
130.321,0.000,0,,,,,,GLOBAL,1.000,clear,0,20.7,127,48.543,0,0,-1.000,21.40,3.35,0.0344,0.0067
130.342,0.000,0,,,,,,GLOBAL,1.000,clear,0,20.7,127,48.563,0,0,-1.000,21.40,3.32,0.0303,0.0009
130.362,0.000,0,,,,,,GLOBAL,1.000,clear,0,20.7,127,48.583,0,0,-1.000,21.40,3.32,0.0503,0.0209
130.381,0.000,0,,,,,,GLOBAL,1.000,clear,0,20.7,127,48.603,0,0,-1.000,21.40,3.32,0.0445,0.0167
130.401,0.000,0,,,,,,GLOBAL,1.000,clear,0,20.7,127,48.623,0,0,-1.000,21.40,3.32,0.0405,0.0061
130.421,0.000,0,,,,,,GLOBAL,1.000,clear,0,20.7,127,48.643,0,0,-1.000,21.40,3.32,0.0312,0.0075
130.441,0.000,0,,,,,,GLOBAL,1.000,clear,0,20.7,127,48.663,0,0,-1.000,21.40,3.32,0.0304,0.0009
130.461,0.000,0,,,,,,GLOBAL,1.000,clear,0,20.7,127,48.683,0,0,-1.000,21.40,3.32,0.0502,0.0207
130.481,0.000,0,,,,,,GLOBAL,1.000,clear,0,20.7,127,48.703,0,0,-1.000,21.40,3.32,0.0447,0.0146
130.501,0.000,0,,,,,,GLOBAL,1.000,clear,0,20.7,127,48.723,0,0,-1.000,21.40,3.32,0.0406,0.0106
130.521,0.000,0,,,,,,GLOBAL,1.000,clear,0,20.7,127,48.743,0,0,-1.000,21.40,3.32,0.0347,0.0039
130.541,0.000,0,,,,,,GLOBAL,1.000,clear,0,20.7,127,48.763,0,0,-1.000,21.40,3.32,0.0280,0.0021
130.563,0.000,0,,,,,,GLOBAL,1.000,clear,0,20.7,127,48.784,0,0,-1.000,21.40,3.32,0.0262,0.0234
130.581,0.000,0,,,,,,GLOBAL,1.000,clear,0,20.7,127,48.803,0,0,-1.000,21.40,3.32,0.0449,0.0146
130.601,0.000,0,,,,,,GLOBAL,1.000,clear,0,20.7,127,48.823,0,0,-1.000,21.40,3.32,0.0409,0.0113
130.621,0.000,0,,,,,,GLOBAL,1.000,clear,0,20.7,127,48.843,0,0,-1.000,21.40,3.32,0.0342,0.0047
130.642,0.000,0,,,,,,GLOBAL,1.000,clear,0,20.7,127,48.863,0,0,-1.000,21.40,3.32,0.0287,0.0017
130.661,0.000,0,,,,,,GLOBAL,1.000,clear,0,20.7,127,48.883,0,0,-1.000,21.40,3.32,0.0481,0.0211
130.681,0.000,0,,,,,,GLOBAL,1.000,clear,0,20.7,127,48.903,0,0,-1.000,21.40,3.32,0.0455,0.0166
130.701,0.000,0,,,,,,GLOBAL,1.000,clear,0,20.7,127,48.923,0,0,-1.000,21.40,3.32,0.0411,0.0059
130.721,0.000,0,,,,,,GLOBAL,1.000,clear,0,20.7,127,48.943,0,0,-1.000,21.40,3.32,0.0344,0.0014
130.741,0.000,0,,,,,,GLOBAL,1.000,clear,0,20.7,127,48.963,0,0,-1.000,21.40,3.32,0.0542,0.0214
130.769,0.000,0,,,,,,GLOBAL,1.000,clear,0,20.7,127,48.990,0,0,-1.000,21.40,3.32,0.0586,0.0227
130.789,0.000,0,,,,,,GLOBAL,1.000,clear,0,20.7,127,49.011,0,0,-1.000,21.40,3.32,0.0534,0.0077
130.801,0.000,0,,,,,,GLOBAL,1.000,clear,0,20.7,127,49.023,0,0,-1.000,21.40,3.32,0.0380,0.0094
130.826,0.000,0,,,,,,GLOBAL,1.000,clear,0,20.7,127,49.047,0,0,-1.000,21.40,3.32,0.0400,0.0132
130.842,0.000,0,,,,,,GLOBAL,1.000,clear,0,20.7,127,49.063,0,0,-1.000,21.40,3.32,0.0277,0.0011
130.861,0.000,0,,,,,,GLOBAL,1.000,clear,0,20.7,127,49.083,0,0,-1.000,21.40,3.32,0.0236,0.0210
130.881,0.000,0,,,,,,GLOBAL,1.000,clear,0,20.7,127,49.103,0,0,-1.000,21.40,3.32,0.0436,0.0191
130.901,0.000,0,,,,,,GLOBAL,1.000,clear,0,20.7,127,49.123,0,0,-1.000,21.40,3.32,0.0402,0.0130
130.968,0.000,0,,,,,,GLOBAL,1.000,clear,0,20.7,127,49.189,0,0,-1.000,21.40,3.32,0.1063,0.0790
130.981,0.000,0,,,,,,GLOBAL,1.000,clear,0,20.7,127,49.203,0,0,-1.000,21.40,3.32,0.0446,0.0097
131.001,0.000,0,,,,,,GLOBAL,1.000,clear,0,20.7,127,49.223,0,0,-1.000,21.40,3.32,0.0415,0.0132
131.021,0.000,0,,,,,,GLOBAL,1.000,clear,0,20.7,127,49.243,0,0,-1.000,21.40,3.32,0.0362,0.0060
131.041,0.000,0,,,,,,GLOBAL,1.000,clear,0,20.7,127,49.263,0,0,-1.000,21.40,3.32,0.0270,0.0033
131.062,0.000,0,,,,,,GLOBAL,1.000,clear,0,20.7,127,49.283,0,0,-1.000,21.40,3.32,0.0476,0.0239
131.081,0.000,0,,,,,,GLOBAL,1.000,clear,0,20.7,127,49.303,0,0,-1.000,21.40,3.32,0.0446,0.0180
131.101,0.000,0,,,,,,GLOBAL,1.000,clear,0,20.7,127,49.323,0,0,-1.000,21.40,3.32,0.0378,0.0123
131.121,0.000,0,,,,,,GLOBAL,1.000,clear,0,20.7,127,49.343,0,0,-1.000,21.40,3.32,0.0358,0.0068
131.141,0.000,0,,,,,,GLOBAL,1.000,clear,0,20.7,127,49.363,0,0,-1.000,21.40,3.32,0.0311,0.0039
131.162,0.000,0,,,,,,GLOBAL,1.000,clear,0,20.7,127,49.384,0,0,-1.000,21.40,3.32,0.0278,0.0248
131.181,0.000,0,,,,,,GLOBAL,1.000,clear,0,20.7,127,49.403,0,0,-1.000,21.40,3.32,0.0468,0.0181
131.202,0.000,0,,,,,,GLOBAL,1.000,clear,0,20.7,127,49.423,0,0,-1.000,21.40,3.32,0.0379,0.0147
131.221,0.000,0,,,,,,GLOBAL,1.000,clear,0,20.7,127,49.443,0,0,-1.000,21.40,3.32,0.0354,0.0071
131.241,0.000,0,,,,,,GLOBAL,1.000,clear,0,20.7,127,49.463,0,0,-1.000,21.40,3.32,0.0300,0.0034
131.261,0.000,0,,,,,,GLOBAL,1.000,clear,0,20.7,127,49.483,0,0,-1.000,21.40,3.32,0.0257,0.0234
131.281,0.000,0,,,,,,GLOBAL,1.000,clear,0,20.7,127,49.503,0,0,-1.000,21.40,3.32,0.0456,0.0158
131.301,0.000,0,,,,,,GLOBAL,1.000,clear,0,20.7,127,49.523,0,0,-1.000,21.40,3.32,0.0415,0.0070
131.321,0.000,0,,,,,,GLOBAL,1.000,clear,0,20.7,127,49.543,0,0,-1.000,21.40,3.32,0.0373,0.0054
131.341,0.000,0,,,,,,GLOBAL,1.000,clear,0,20.7,127,49.563,0,0,-1.000,21.40,3.32,0.0302,0.0040
131.361,0.000,0,,,,,,GLOBAL,1.000,clear,0,20.7,127,49.583,0,0,-1.000,21.40,3.32,0.0275,0.0242
131.381,0.000,0,,,,,,GLOBAL,1.000,clear,0,20.7,127,49.603,0,0,-1.000,21.40,3.32,0.0474,0.0176
131.401,0.000,0,,,,,,GLOBAL,1.000,clear,0,20.7,127,49.623,0,0,-1.000,21.40,3.32,0.0414,0.0143
131.421,0.000,0,,,,,,GLOBAL,1.000,clear,0,20.7,127,49.643,0,0,-1.000,21.40,3.32,0.0336,0.0051
131.441,0.000,0,,,,,,GLOBAL,1.000,clear,0,20.7,127,49.663,0,0,-1.000,21.40,3.32,0.0317,0.0045
131.461,0.000,0,,,,,,GLOBAL,1.000,clear,0,20.7,127,49.683,0,0,-1.000,21.40,3.32,0.0516,0.0244
131.481,0.000,0,,,,,,GLOBAL,1.000,clear,0,20.7,127,49.703,0,0,-1.000,21.40,3.32,0.0471,0.0110
131.502,0.000,0,,,,,,GLOBAL,1.000,clear,0,20.7,127,49.723,0,0,-1.000,21.40,3.32,0.0423,0.0148
131.521,0.000,0,,,,,,GLOBAL,1.000,clear,0,20.7,127,49.743,0,0,-1.000,21.40,3.32,0.0372,0.0063
131.541,0.000,0,,,,,,GLOBAL,1.000,clear,0,20.7,127,49.763,0,0,-1.000,21.40,3.32,0.0321,0.0041
131.562,0.000,0,,,,,,GLOBAL,1.000,clear,0,20.7,127,49.783,0,0,-1.000,21.40,3.32,0.0277,0.0008
131.581,0.000,0,,,,,,GLOBAL,1.000,clear,0,20.7,127,49.803,0,0,-1.000,21.40,3.32,0.0472,0.0203
131.601,0.000,0,,,,,,GLOBAL,1.000,clear,0,20.7,127,49.823,0,0,-1.000,21.40,3.32,0.0423,0.0143
131.621,0.000,0,,,,,,GLOBAL,1.000,clear,0,20.7,127,49.843,0,0,-1.000,21.40,3.32,0.0372,0.0043
131.641,0.000,0,,,,,,GLOBAL,1.000,clear,0,20.7,127,49.863,0,0,-1.000,21.40,3.32,0.0323,0.0027
131.661,0.000,0,,,,,,GLOBAL,1.000,clear,0,20.7,127,49.883,0,0,-1.000,21.40,3.32,0.0271,0.0228
131.681,0.000,0,,,,,,GLOBAL,1.000,clear,0,20.7,127,49.903,0,0,-1.000,21.40,3.32,0.0468,0.0158
131.701,0.000,0,,,,,,GLOBAL,1.000,clear,0,20.7,127,49.923,0,0,-1.000,21.40,3.32,0.0425,0.0062
131.722,0.000,0,,,,,,GLOBAL,1.000,clear,0,20.7,127,49.944,0,0,-1.000,21.40,3.32,0.0634,0.0271
131.741,0.000,0,,,,,,GLOBAL,1.000,clear,0,20.7,127,49.963,0,0,-1.000,21.40,3.32,0.0300,0.0048
131.761,0.000,0,,,,,,GLOBAL,1.000,clear,0,20.7,127,49.983,0,0,-1.000,21.40,3.32,0.0271,0.0248
131.782,0.000,0,,,,,,GLOBAL,1.000,clear,0,20.7,127,50.003,0,0,-1.000,21.40,3.32,0.0476,0.0202
131.801,0.000,0,,,,,,GLOBAL,1.000,clear,0,20.7,127,50.023,0,0,-1.000,21.40,3.32,0.0430,0.0125
131.821,0.000,0,,,,,,GLOBAL,1.000,clear,0,20.7,127,50.043,0,0,-1.000,21.40,3.32,0.0371,0.0101
131.841,0.000,0,,,,,,GLOBAL,1.000,clear,0,20.7,127,50.063,0,0,-1.000,21.40,3.32,0.0330,0.0009
131.861,0.000,0,,,,,,GLOBAL,1.000,clear,0,20.7,127,50.083,0,0,-1.000,21.40,3.32,0.0273,0.0210
131.881,0.000,0,,,,,,GLOBAL,1.000,clear,0,20.7,127,50.103,0,0,-1.000,21.40,3.32,0.0474,0.0168
131.901,0.000,0,,,,,,GLOBAL,1.000,clear,0,20.7,127,50.123,0,0,-1.000,21.40,3.32,0.0432,0.0106
131.921,0.000,0,,,,,,GLOBAL,1.000,clear,0,20.7,127,50.143,0,0,-1.000,21.40,3.32,0.0374,0.0100
131.941,0.000,0,,,,,,GLOBAL,1.000,clear,0,20.7,127,50.163,0,0,-1.000,21.40,3.32,0.0333,0.0036
131.962,0.000,0,,,,,,GLOBAL,1.000,clear,0,20.7,127,50.183,0,0,-1.000,21.40,3.32,0.0278,0.0242
131.981,0.000,0,,,,,,GLOBAL,1.000,clear,0,20.7,127,50.203,0,0,-1.000,21.40,3.32,0.0473,0.0153
132.001,0.000,0,,,,,,GLOBAL,1.000,clear,0,20.7,127,50.223,0,0,-1.000,21.40,3.32,0.0410,0.0103
132.022,0.000,0,,,,,,GLOBAL,1.000,clear,0,20.7,127,50.243,0,0,-1.000,21.40,3.32,0.0365,0.0049
132.041,0.000,0,,,,,,GLOBAL,1.000,clear,0,20.7,127,50.263,0,0,-1.000,21.40,3.32,0.0336,0.0031
132.061,0.000,0,,,,,,GLOBAL,1.000,clear,0,20.7,127,50.283,0,0,-1.000,21.40,3.32,0.0278,0.0231
132.081,0.000,0,,,,,,GLOBAL,1.000,clear,0,20.7,127,50.303,0,0,-1.000,21.40,3.32,0.0479,0.0189
132.101,0.000,0,,,,,,GLOBAL,1.000,clear,0,20.7,127,50.323,0,0,-1.000,21.40,3.32,0.0429,0.0128
132.121,0.000,0,,,,,,GLOBAL,1.000,clear,0,20.7,127,50.343,0,0,-1.000,21.40,3.32,0.0372,0.0106
132.142,0.000,0,,,,,,GLOBAL,1.000,clear,0,20.7,127,50.363,0,0,-1.000,21.40,3.32,0.0346,0.0018
132.162,0.000,0,,,,,,GLOBAL,1.000,clear,0,20.7,127,50.383,0,0,-1.000,21.40,3.32,0.0285,0.0012
132.181,0.000,0,,,,,,GLOBAL,1.000,clear,0,20.7,127,50.403,0,0,-1.000,21.40,3.32,0.0481,0.0208
132.201,0.000,0,,,,,,GLOBAL,1.000,clear,0,20.7,127,50.423,0,0,-1.000,21.40,3.32,0.0440,0.0130
132.221,0.000,0,,,,,,GLOBAL,1.000,clear,0,20.7,127,50.443,0,0,-1.000,21.40,3.32,0.0385,0.0107
132.241,0.000,0,,,,,,GLOBAL,1.000,clear,0,20.7,127,50.463,0,0,-1.000,21.40,3.32,0.0346,0.0308
132.261,0.000,0,,,,,,GLOBAL,1.000,clear,0,20.7,127,50.483,0,0,-1.000,21.40,3.32,0.0285,0.0016
132.281,0.000,0,,,,,,GLOBAL,1.000,clear,0,20.7,127,50.503,0,0,-1.000,21.40,3.32,0.0486,0.0217
132.301,0.000,0,,,,,,GLOBAL,1.000,clear,0,20.7,127,50.523,0,0,-1.000,21.40,3.32,0.0439,0.0160
132.322,0.000,0,,,,,,GLOBAL,1.000,clear,0,20.7,127,50.543,0,0,-1.000,21.40,3.32,0.0389,0.0072
132.341,0.000,0,,,,,,GLOBAL,1.000,clear,0,20.7,127,50.563,0,0,-1.000,21.40,3.32,0.0345,0.0057
132.361,0.000,0,,,,,,GLOBAL,1.000,clear,0,20.7,127,50.583,0,0,-1.000,21.40,3.32,0.0288,0.0257
132.381,0.000,0,,,,,,GLOBAL,1.000,clear,0,20.7,127,50.603,0,0,-1.000,21.40,3.32,0.0488,0.0193
132.401,0.000,0,,,,,,GLOBAL,1.000,clear,0,20.7,127,50.623,0,0,-1.000,21.40,3.32,0.0421,0.0093
132.421,0.000,0,,,,,,GLOBAL,1.000,clear,0,20.7,127,50.643,0,0,-1.000,21.40,3.32,0.0388,0.0125
132.442,0.000,0,,,,,,GLOBAL,1.000,clear,0,20.7,127,50.663,0,0,-1.000,21.40,3.32,0.0352,0.0007
132.461,0.000,0,,,,,,GLOBAL,1.000,clear,0,20.7,127,50.683,0,0,-1.000,21.40,3.32,0.0293,0.0205
132.481,0.000,0,,,,,,GLOBAL,1.000,clear,0,20.7,127,50.703,0,0,-1.000,21.40,3.32,0.0493,0.0177
132.501,0.000,0,,,,,,GLOBAL,1.000,clear,0,20.7,127,50.723,0,0,-1.000,21.40,3.32,0.0452,0.0135
132.521,0.000,0,,,,,,GLOBAL,1.000,clear,0,20.7,127,50.743,0,0,-1.000,21.40,3.32,0.0394,0.0084
132.542,0.000,0,,,,,,GLOBAL,1.000,clear,0,20.7,127,50.763,0,0,-1.000,21.40,3.32,0.0356,0.0015
132.561,0.000,0,,,,,,GLOBAL,1.000,clear,0,20.7,127,50.783,0,0,-1.000,21.40,3.32,0.0278,0.0018
132.581,0.000,0,,,,,,GLOBAL,1.000,clear,0,20.7,127,50.803,0,0,-1.000,21.40,3.32,0.0477,0.0217
132.601,0.000,0,,,,,,GLOBAL,1.000,clear,0,20.7,127,50.823,0,0,-1.000,21.40,3.32,0.0437,0.0171
132.621,0.000,0,,,,,,GLOBAL,1.000,clear,0,20.7,127,50.843,0,0,-1.000,21.40,3.32,0.0395,0.0048
132.641,0.000,0,,,,,,GLOBAL,1.000,clear,0,20.7,127,50.863,0,0,-1.000,21.40,3.32,0.0355,0.0050
132.661,0.000,0,,,,,,GLOBAL,1.000,clear,0,20.7,127,50.883,0,0,-1.000,21.40,3.32,0.0280,0.0028
132.681,0.000,0,,,,,,GLOBAL,1.000,clear,0,20.7,127,50.903,0,0,-1.000,21.40,3.32,0.0481,0.0229
132.701,0.000,0,,,,,,GLOBAL,1.000,clear,0,20.7,127,50.923,0,0,-1.000,21.40,3.32,0.0457,0.0169
132.721,0.000,0,,,,,,GLOBAL,1.000,clear,0,20.7,127,50.943,0,0,-1.000,21.40,3.32,0.0401,0.0129
132.742,0.000,0,,,,,,GLOBAL,1.000,clear,0,20.7,127,50.964,0,0,-1.000,21.40,3.32,0.0365,0.0083
132.761,0.000,0,,,,,,GLOBAL,1.000,clear,0,20.7,127,50.983,0,0,-1.000,21.40,3.32,0.0300,0.0012
132.782,0.000,0,,,,,,GLOBAL,1.000,clear,0,20.7,127,51.003,0,0,-1.000,21.40,3.32,0.0504,0.0215
132.801,0.000,0,,,,,,GLOBAL,1.000,clear,0,20.7,127,51.023,0,0,-1.000,21.40,3.32,0.0443,0.0154
132.823,0.000,0,,,,,,GLOBAL,1.000,clear,0,20.7,127,51.045,0,0,-1.000,21.40,3.32,0.0421,0.0120
132.842,0.000,0,,,,,,GLOBAL,1.000,clear,0,20.7,127,51.063,0,0,-1.000,21.40,3.32,0.0348,0.0024
132.862,0.000,0,,,,,,GLOBAL,1.000,clear,0,20.7,127,51.083,0,0,-1.000,21.40,3.32,0.0310,0.0038
132.882,0.000,0,,,,,,GLOBAL,1.000,clear,0,20.7,127,51.104,0,0,-1.000,21.40,3.32,0.0272,0.0242
132.901,0.000,0,,,,,,GLOBAL,1.000,clear,0,20.7,127,51.123,0,0,-1.000,21.40,3.32,0.0464,0.0146
132.923,0.000,0,,,,,,GLOBAL,1.000,clear,0,20.7,127,51.144,0,0,-1.000,21.40,3.32,0.0422,0.0129
132.941,0.000,0,,,,,,GLOBAL,1.000,clear,0,20.7,127,51.163,0,0,-1.000,21.40,3.32,0.0349,0.0068
132.961,0.000,0,,,,,,GLOBAL,1.000,clear,0,20.7,127,51.183,0,0,-1.000,21.40,3.32,0.0304,0.0268
132.982,0.000,0,,,,,,GLOBAL,1.000,clear,0,20.7,127,51.203,0,0,-1.000,21.40,3.32,0.0257,0.0194
133.001,0.000,0,,,,,,GLOBAL,1.000,clear,0,20.7,127,51.223,0,0,-1.000,21.40,3.32,0.0452,0.0171
133.022,0.000,0,,,,,,GLOBAL,1.000,clear,0,20.7,127,51.243,0,0,-1.000,21.40,3.32,0.0414,0.0113
133.041,0.000,0,,,,,,GLOBAL,1.000,clear,0,20.7,127,51.263,0,0,-1.000,21.40,3.32,0.0345,0.0058
133.061,0.000,0,,,,,,GLOBAL,1.000,clear,0,20.7,127,51.283,0,0,-1.000,21.40,3.32,0.0273,0.0258
133.081,0.000,0,,,,,,GLOBAL,1.000,clear,0,20.7,127,51.303,0,0,-1.000,21.40,3.32,0.0252,0.0169
133.101,0.000,0,,,,,,GLOBAL,1.000,clear,0,20.7,127,51.323,0,0,-1.000,21.40,3.32,0.0451,0.0160
133.122,0.000,0,,,,,,GLOBAL,1.000,clear,0,20.7,127,51.343,0,0,-1.000,21.40,3.32,0.0414,0.0129
133.141,0.000,0,,,,,,GLOBAL,1.000,clear,0,20.7,127,51.363,0,0,-1.000,21.40,3.32,0.0355,0.0075
133.162,0.000,0,,,,,,GLOBAL,1.000,clear,0,20.7,127,51.383,0,0,-1.000,21.40,3.32,0.0307,0.0021
133.182,0.000,0,,,,,,GLOBAL,1.000,clear,0,20.7,127,51.403,0,0,-1.000,21.40,3.32,0.0247,0.0225
133.201,0.000,0,,,,,,GLOBAL,1.000,clear,0,20.7,127,51.423,0,0,-1.000,21.40,3.32,0.0440,0.0151
133.222,0.000,0,,,,,,GLOBAL,1.000,clear,0,20.7,127,51.443,0,0,-1.000,21.40,3.32,0.0421,0.0136
133.241,0.000,0,,,,,,GLOBAL,1.000,clear,0,20.7,127,51.463,0,0,-1.000,21.40,3.32,0.0357,0.0026
133.262,0.000,0,,,,,,GLOBAL,1.000,clear,0,20.7,127,51.483,0,0,-1.000,21.40,3.32,0.0319,0.0022
133.282,0.000,0,,,,,,GLOBAL,1.000,clear,0,20.7,127,51.504,0,0,-1.000,21.40,3.32,0.0525,0.0228
133.302,0.000,0,,,,,,GLOBAL,1.000,clear,0,20.7,127,51.523,0,0,-1.000,21.40,3.32,0.0461,0.0159
133.321,0.000,0,,,,,,GLOBAL,1.000,clear,0,20.7,127,51.543,0,0,-1.000,21.40,3.32,0.0417,0.0129
133.341,0.000,0,,,,,,GLOBAL,1.000,clear,0,20.7,127,51.563,0,0,-1.000,21.40,3.32,0.0361,0.0045
133.361,0.000,0,,,,,,GLOBAL,1.000,clear,0,20.7,127,51.583,0,0,-1.000,21.40,3.32,0.0301,0.0021
133.381,0.000,0,,,,,,GLOBAL,1.000,clear,0,20.7,127,51.603,0,0,-1.000,21.40,3.32,0.0262,0.0221
133.401,0.000,0,,,,,,GLOBAL,1.000,clear,0,20.7,127,51.623,0,0,-1.000,21.40,3.32,0.0460,0.0192
133.421,0.000,0,,,,,,GLOBAL,1.000,clear,0,20.7,127,51.643,0,0,-1.000,21.40,3.32,0.0407,0.0131
133.441,0.000,0,,,,,,GLOBAL,1.000,clear,0,20.7,127,51.663,0,0,-1.000,21.40,3.32,0.0364,0.0078
133.462,0.000,0,,,,,,GLOBAL,1.000,clear,0,20.7,127,51.683,0,0,-1.000,21.40,3.32,0.0326,0.0035
133.481,0.000,0,,,,,,GLOBAL,1.000,clear,0,20.7,127,51.703,0,0,-1.000,21.40,3.32,0.0266,0.0232
133.501,0.000,0,,,,,,GLOBAL,1.000,clear,0,20.7,127,51.723,0,0,-1.000,21.40,3.32,0.0467,0.0133
133.524,0.000,0,,,,,,GLOBAL,1.000,clear,0,20.7,127,51.746,0,0,-1.000,21.40,3.32,0.0456,0.0157
133.542,0.000,0,,,,,,GLOBAL,1.000,clear,0,20.7,127,51.763,0,0,-1.000,21.40,3.32,0.0371,0.0018
133.561,0.000,0,,,,,,GLOBAL,1.000,clear,0,20.7,127,51.783,0,0,-1.000,21.40,3.32,0.0277,0.0005
133.586,0.000,0,,,,,,GLOBAL,1.000,clear,0,20.7,127,51.807,0,0,-1.000,21.40,3.32,0.0307,0.0251
133.601,0.000,0,,,,,,GLOBAL,1.000,clear,0,20.7,127,51.823,0,0,-1.000,21.40,3.32,0.0459,0.0128
133.622,0.000,0,,,,,,GLOBAL,1.000,clear,0,20.7,127,51.843,0,0,-1.000,21.40,3.32,0.0431,0.0116
133.641,0.000,0,,,,,,GLOBAL,1.000,clear,0,20.7,127,51.863,0,0,-1.000,21.40,3.32,0.0369,0.0007
133.662,0.000,0,,,,,,GLOBAL,1.000,clear,0,20.7,127,51.883,0,0,-1.000,21.40,3.32,0.0332,0.0016
133.681,0.000,0,,,,,,GLOBAL,1.000,clear,0,20.7,127,51.903,0,0,-1.000,21.40,3.32,0.0270,0.0212
133.701,0.000,0,,,,,,GLOBAL,1.000,clear,0,20.7,127,51.923,0,0,-1.000,21.40,3.32,0.0472,0.0193
133.721,0.000,0,,,,,,GLOBAL,1.000,clear,0,20.7,127,51.943,0,0,-1.000,21.40,3.32,0.0431,0.0149
133.742,0.000,0,,,,,,GLOBAL,1.000,clear,0,20.7,127,51.963,0,0,-1.000,21.40,3.32,0.0362,0.0028
133.761,0.000,0,,,,,,GLOBAL,1.000,clear,0,20.7,127,51.983,0,0,-1.000,21.40,3.32,0.0333,0.0223
133.781,0.000,0,,,,,,GLOBAL,1.000,clear,0,20.7,127,52.003,0,0,-1.000,21.40,3.32,0.0259,0.0146
133.802,0.000,0,,,,,,GLOBAL,1.000,clear,0,20.7,127,52.023,0,0,-1.000,21.40,3.32,0.0462,0.0199
133.821,0.000,0,,,,,,GLOBAL,1.000,clear,0,20.7,127,52.043,0,0,-1.000,21.40,3.32,0.0429,0.0087
133.841,0.000,0,,,,,,GLOBAL,1.000,clear,0,20.7,127,52.063,0,0,-1.000,21.40,3.32,0.0372,0.0048
133.861,0.000,0,,,,,,GLOBAL,1.000,clear,0,20.7,127,52.083,0,0,-1.000,21.40,3.32,0.0335,0.0010
133.881,0.000,0,,,,,,GLOBAL,1.000,clear,0,20.7,127,52.103,0,0,-1.000,21.40,3.32,0.0273,0.0210
133.901,0.000,0,,,,,,GLOBAL,1.000,clear,0,20.7,127,52.123,0,0,-1.000,21.40,3.32,0.0473,0.0168
133.921,0.000,0,,,,,,GLOBAL,1.000,clear,0,20.7,127,52.143,0,0,-1.000,21.40,3.32,0.0435,0.0144
133.941,0.000,0,,,,,,GLOBAL,1.000,clear,0,20.7,127,52.163,0,0,-1.000,21.40,3.32,0.0378,0.0081
133.962,0.000,0,,,,,,GLOBAL,1.000,clear,0,20.7,127,52.183,0,0,-1.000,21.40,3.32,0.0316,0.0283
133.981,0.000,0,,,,,,GLOBAL,1.000,clear,0,20.7,127,52.203,0,0,-1.000,21.40,3.32,0.0269,0.0187
134.001,0.000,0,,,,,,GLOBAL,1.000,clear,0,20.7,127,52.223,0,0,-1.000,21.40,3.32,0.0469,0.0166
134.021,0.000,0,,,,,,GLOBAL,1.000,clear,0,20.7,127,52.243,0,0,-1.000,21.40,3.32,0.0441,0.0127
134.041,0.000,0,,,,,,GLOBAL,1.000,clear,0,20.7,127,52.263,0,0,-1.000,21.40,3.32,0.0384,0.0105
134.061,0.000,0,,,,,,GLOBAL,1.000,clear,0,20.7,127,52.283,0,0,-1.000,21.40,3.32,0.0342,0.0021
134.081,0.000,0,,,,,,GLOBAL,1.000,clear,0,20.7,127,52.303,0,0,-1.000,21.40,3.32,0.0273,0.0222
134.101,0.000,0,,,,,,GLOBAL,1.000,clear,0,20.7,127,52.323,0,0,-1.000,21.40,3.32,0.0474,0.0150
134.122,0.000,0,,,,,,GLOBAL,1.000,clear,0,20.7,127,52.343,0,0,-1.000,21.40,3.32,0.0445,0.0065
134.142,0.000,0,,,,,,GLOBAL,1.000,clear,0,20.7,127,52.363,0,0,-1.000,21.40,3.32,0.0392,0.0268
134.161,0.000,0,,,,,,GLOBAL,1.000,clear,0,20.7,127,52.383,0,0,-1.000,21.40,3.35,0.0344,0.0051
134.182,0.000,0,,,,,,GLOBAL,1.000,clear,0,20.7,127,52.403,0,0,-1.000,21.40,3.32,0.0292,0.0010
134.203,0.000,0,,,,,,GLOBAL,1.000,clear,0,20.7,127,52.424,0,0,-1.000,21.40,3.32,0.0500,0.0218
134.221,0.000,0,,,,,,GLOBAL,1.000,clear,0,20.7,127,52.443,0,0,-1.000,21.40,3.32,0.0446,0.0164
134.242,0.000,0,,,,,,GLOBAL,1.000,clear,0,20.7,127,52.463,0,0,-1.000,21.40,3.32,0.0377,0.0073
134.261,0.000,0,,,,,,GLOBAL,1.000,clear,0,20.7,127,52.483,0,0,-1.000,21.40,3.32,0.0346,0.0060
134.281,0.000,0,,,,,,GLOBAL,1.000,clear,0,20.7,127,52.503,0,0,-1.000,21.40,3.32,0.0291,0.0261
134.301,0.000,0,,,,,,GLOBAL,1.000,clear,0,20.7,127,52.523,0,0,-1.000,21.40,3.32,0.0250,0.0157
134.321,0.000,0,,,,,,GLOBAL,1.000,clear,0,20.7,127,52.543,0,0,-1.000,21.40,3.32,0.0449,0.0151
134.342,0.000,0,,,,,,GLOBAL,1.000,clear,0,20.7,127,52.563,0,0,-1.000,21.40,3.32,0.0410,0.0120
134.362,0.000,0,,,,,,GLOBAL,1.000,clear,0,20.7,127,52.584,0,0,-1.000,21.40,3.32,0.0361,0.0089
134.381,0.000,0,,,,,,GLOBAL,1.000,clear,0,20.7,127,52.603,0,0,-1.000,21.40,3.32,0.0305,0.0278
134.402,0.000,0,,,,,,GLOBAL,1.000,clear,0,20.7,127,52.623,0,0,-1.000,21.40,3.32,0.0257,0.0182
134.422,0.000,0,,,,,,GLOBAL,1.000,clear,0,20.7,127,52.643,0,0,-1.000,21.40,3.32,0.0453,0.0179
134.441,0.000,0,,,,,,GLOBAL,1.000,clear,0,20.7,127,52.663,0,0,-1.000,21.40,3.32,0.0412,0.0129
134.461,0.000,0,,,,,,GLOBAL,1.000,clear,0,20.7,127,52.683,0,0,-1.000,21.40,3.32,0.0353,0.0041
134.481,0.000,0,,,,,,GLOBAL,1.000,clear,0,20.7,127,52.703,0,0,-1.000,21.40,3.35,0.0310,0.0240
134.502,0.000,0,,,,,,GLOBAL,1.000,clear,0,20.7,127,52.723,0,0,-1.000,21.40,3.35,0.0244,0.0201
134.522,0.000,0,,,,,,GLOBAL,1.000,clear,0,20.7,127,52.743,0,0,-1.000,21.40,3.32,0.0447,0.0179
134.545,0.000,0,,,,,,GLOBAL,1.000,clear,0,20.7,127,52.766,0,0,-1.000,21.40,3.32,0.0447,0.0159
134.562,0.000,0,,,,,,GLOBAL,1.000,clear,0,20.7,127,52.783,0,0,-1.000,21.40,3.32,0.0360,0.0063
134.581,0.000,0,,,,,,GLOBAL,1.000,clear,0,20.7,127,52.803,0,0,-1.000,21.40,3.32,0.0315,0.0026
134.601,0.000,0,,,,,,GLOBAL,1.000,clear,0,20.7,127,52.823,0,0,-1.000,21.40,3.32,0.0258,0.0225
134.621,0.000,0,,,,,,GLOBAL,1.000,clear,0,20.7,127,52.843,0,0,-1.000,21.40,3.32,0.0459,0.0144
134.642,0.000,0,,,,,,GLOBAL,1.000,clear,0,20.7,127,52.863,0,0,-1.000,21.40,3.32,0.0425,0.0135
134.661,0.000,0,,,,,,GLOBAL,1.000,clear,0,20.7,127,52.883,0,0,-1.000,21.40,3.32,0.0362,0.0056
134.681,0.000,0,,,,,,GLOBAL,1.000,clear,0,20.7,127,52.903,0,0,-1.000,21.40,3.32,0.0310,0.0022
134.702,0.000,0,,,,,,GLOBAL,1.000,clear,0,20.7,127,52.923,0,0,-1.000,21.40,3.32,0.0264,0.0226
134.721,0.000,0,,,,,,GLOBAL,1.000,clear,0,20.7,127,52.943,0,0,-1.000,21.40,3.35,0.0461,0.0166
134.742,0.000,0,,,,,,GLOBAL,1.000,clear,0,20.7,127,52.963,0,0,-1.000,21.40,3.35,0.0423,0.0134
134.764,0.000,0,,,,,,GLOBAL,1.000,clear,0,20.7,127,52.985,0,0,-1.000,21.40,3.35,0.0390,0.0113
134.782,0.000,0,,,,,,GLOBAL,1.000,clear,0,20.7,127,53.003,0,0,-1.000,21.40,3.35,0.0327,0.0029
134.802,0.000,0,,,,,,GLOBAL,1.000,clear,0,20.7,127,53.023,0,0,-1.000,21.40,3.32,0.0266,0.0224
134.821,0.000,0,,,,,,GLOBAL,1.000,clear,0,20.7,127,53.043,0,0,-1.000,21.40,3.32,0.0465,0.0186
134.841,0.000,0,,,,,,GLOBAL,1.000,clear,0,20.7,127,53.063,0,0,-1.000,21.40,3.32,0.0415,0.0114
134.861,0.000,0,,,,,,GLOBAL,1.000,clear,0,20.7,127,53.083,0,0,-1.000,21.40,3.32,0.0357,0.0077
134.881,0.000,0,,,,,,GLOBAL,1.000,clear,0,20.7,127,53.103,0,0,-1.000,21.40,3.32,0.0310,0.0013
134.901,0.000,0,,,,,,GLOBAL,1.000,clear,0,20.7,127,53.123,0,0,-1.000,21.40,3.32,0.0268,0.0213
134.921,0.000,0,,,,,,GLOBAL,1.000,clear,0,20.7,127,53.143,0,0,-1.000,21.40,3.32,0.0469,0.0173
134.941,0.000,0,,,,,,GLOBAL,1.000,clear,0,20.7,127,53.163,0,0,-1.000,21.40,3.35,0.0424,0.0136
134.962,0.000,0,,,,,,GLOBAL,1.000,clear,0,20.7,127,53.183,0,0,-1.000,21.40,3.35,0.0372,0.0084
134.981,0.000,0,,,,,,GLOBAL,1.000,clear,0,20.7,127,53.203,0,0,-1.000,21.40,3.35,0.0280,0.0023
135.002,0.000,0,,,,,,GLOBAL,1.000,clear,0,20.7,127,53.224,0,0,-1.000,21.40,3.32,0.0267,0.0233
135.022,0.000,0,,,,,,GLOBAL,1.000,clear,0,20.7,127,53.243,0,0,-1.000,21.40,3.32,0.0460,0.0189
135.041,0.000,0,,,,,,GLOBAL,1.000,clear,0,20.7,127,53.263,0,0,-1.000,21.40,3.32,0.0429,0.0115
135.061,0.000,0,,,,,,GLOBAL,1.000,clear,0,20.7,127,53.283,0,0,-1.000,21.40,3.32,0.0351,0.0099
135.081,0.000,0,,,,,,GLOBAL,1.000,clear,0,20.7,127,53.303,0,0,-1.000,21.40,3.32,0.0331,0.0061
135.101,0.000,0,,,,,,GLOBAL,1.000,clear,0,20.7,127,53.323,0,0,-1.000,21.40,3.32,0.0291,0.0261
135.122,0.000,0,,,,,,GLOBAL,1.000,clear,0,20.7,127,53.343,0,0,-1.000,21.40,3.32,0.0495,0.0200
135.141,0.000,0,,,,,,GLOBAL,1.000,clear,0,20.7,127,53.363,0,0,-1.000,21.40,3.32,0.0434,0.0160
135.161,0.000,0,,,,,,GLOBAL,1.000,clear,0,20.7,127,53.383,0,0,-1.000,21.40,3.32,0.0391,0.0097
135.181,0.000,0,,,,,,GLOBAL,1.000,clear,0,20.7,127,53.403,0,0,-1.000,21.40,3.32,0.0335,0.0064
135.202,0.000,0,,,,,,GLOBAL,1.000,clear,0,20.7,127,53.423,0,0,-1.000,21.40,3.35,0.0296,0.0010
135.221,0.000,0,,,,,,GLOBAL,1.000,clear,0,20.7,127,53.443,0,0,-1.000,21.40,3.35,0.0494,0.0208
135.241,0.000,0,,,,,,GLOBAL,1.000,clear,0,20.7,127,53.463,0,0,-1.000,21.40,3.32,0.0421,0.0161
135.261,0.000,0,,,,,,GLOBAL,1.000,clear,0,20.7,127,53.483,0,0,-1.000,21.40,3.32,0.0395,0.0087
135.282,0.000,0,,,,,,GLOBAL,1.000,clear,0,20.7,127,53.503,0,0,-1.000,21.40,3.32,0.0331,0.0076
135.301,0.000,0,,,,,,GLOBAL,1.000,clear,0,20.7,127,53.523,0,0,-1.000,21.40,3.32,0.0298,0.0013
135.322,0.000,0,,,,,,GLOBAL,1.000,clear,0,20.7,127,53.543,0,0,-1.000,21.40,3.32,0.0501,0.0216
135.341,0.000,0,,,,,,GLOBAL,1.000,clear,0,20.7,127,53.563,0,0,-1.000,21.40,3.32,0.0441,0.0164
135.361,0.000,0,,,,,,GLOBAL,1.000,clear,0,20.7,127,53.583,0,0,-1.000,21.40,3.32,0.0399,0.0115
135.382,0.000,0,,,,,,GLOBAL,1.000,clear,0,20.7,127,53.603,0,0,-1.000,21.40,3.32,0.0346,0.0072
135.402,0.000,0,,,,,,GLOBAL,1.000,clear,0,20.7,127,53.623,0,0,-1.000,21.40,3.32,0.0241,0.0015
135.421,0.000,0,,,,,,GLOBAL,1.000,clear,0,20.7,127,53.643,0,0,-1.000,21.40,3.35,0.0439,0.0213
135.441,0.000,0,,,,,,GLOBAL,1.000,clear,0,20.7,127,53.663,0,0,-1.000,21.40,3.32,0.0443,0.0157
135.464,0.000,0,,,,,,GLOBAL,1.000,clear,0,20.7,127,53.685,0,0,-1.000,21.40,3.32,0.0426,0.0119
135.481,0.000,0,,,,,,GLOBAL,1.000,clear,0,20.7,127,53.703,0,0,-1.000,21.40,3.32,0.0345,0.0076
135.502,0.000,0,,,,,,GLOBAL,1.000,clear,0,20.7,127,53.723,0,0,-1.000,21.40,3.32,0.0307,0.0280
135.521,0.000,0,,,,,,GLOBAL,1.000,clear,0,20.7,127,53.743,0,0,-1.000,21.40,3.32,0.0503,0.0161
135.541,0.000,0,,,,,,GLOBAL,1.000,clear,0,20.7,127,53.763,0,0,-1.000,21.40,3.32,0.0445,0.0151
135.561,0.000,0,,,,,,GLOBAL,1.000,clear,0,20.7,127,53.783,0,0,-1.000,21.40,3.35,0.0403,0.0106
135.581,0.000,0,,,,,,GLOBAL,1.000,clear,0,20.7,127,53.803,0,0,-1.000,21.40,3.35,0.0347,0.0054
135.602,0.000,0,,,,,,GLOBAL,1.000,clear,0,20.7,127,53.823,0,0,-1.000,21.40,3.32,0.0309,0.0019
135.622,0.000,0,,,,,,GLOBAL,1.000,clear,0,20.7,127,53.843,0,0,-1.000,21.40,3.32,0.0253,0.0221
135.641,0.000,0,,,,,,GLOBAL,1.000,clear,0,20.7,127,53.863,0,0,-1.000,21.40,3.32,0.0450,0.0177
135.661,0.000,0,,,,,,GLOBAL,1.000,clear,0,20.7,127,53.883,0,0,-1.000,21.40,3.32,0.0409,0.0097
135.681,0.000,0,,,,,,GLOBAL,1.000,clear,0,20.7,127,53.903,0,0,-1.000,21.40,3.32,0.0352,0.0078
135.701,0.000,0,,,,,,GLOBAL,1.000,clear,0,20.7,127,53.923,0,0,-1.000,21.40,3.32,0.0310,0.0023
135.722,0.000,0,,,,,,GLOBAL,1.000,clear,0,20.7,127,53.943,0,0,-1.000,21.40,3.32,0.0259,0.0228
135.741,0.000,0,,,,,,GLOBAL,1.000,clear,0,20.7,127,53.963,0,0,-1.000,21.40,3.32,0.0454,0.0148
135.762,0.000,0,,,,,,GLOBAL,1.000,clear,0,20.7,127,53.983,0,0,-1.000,21.40,3.32,0.0414,0.0074
135.781,0.000,0,,,,,,GLOBAL,1.000,clear,0,20.7,127,54.003,0,0,-1.000,21.40,3.32,0.0348,0.0051
135.801,0.000,0,,,,,,GLOBAL,1.000,clear,0,20.7,127,54.023,0,0,-1.000,21.40,3.32,0.0303,0.0012
135.821,0.000,0,,,,,,GLOBAL,1.000,clear,0,20.7,127,54.043,0,0,-1.000,21.40,3.32,0.0245,0.0213
135.841,0.000,0,,,,,,GLOBAL,1.000,clear,0,20.7,127,54.063,0,0,-1.000,21.40,3.32,0.0445,0.0160
135.861,0.000,0,,,,,,GLOBAL,1.000,clear,0,20.7,127,54.083,0,0,-1.000,21.40,3.32,0.0415,0.0109
135.881,0.000,0,,,,,,GLOBAL,1.000,clear,0,20.7,127,54.103,0,0,-1.000,21.40,3.32,0.0358,0.0084
135.901,0.000,0,,,,,,GLOBAL,1.000,clear,0,20.7,127,54.123,0,0,-1.000,21.40,3.32,0.0316,0.0046
135.921,0.000,0,,,,,,GLOBAL,1.000,clear,0,20.7,127,54.143,0,0,-1.000,21.40,3.32,0.0275,0.0246
135.941,0.000,0,,,,,,GLOBAL,1.000,clear,0,20.7,127,54.163,0,0,-1.000,21.40,3.32,0.0474,0.0190
135.961,0.000,0,,,,,,GLOBAL,1.000,clear,0,20.7,127,54.183,0,0,-1.000,21.40,3.32,0.0419,0.0145
135.981,0.000,0,,,,,,GLOBAL,1.000,clear,0,20.7,127,54.203,0,0,-1.000,21.40,3.32,0.0374,0.0066
136.001,0.000,0,,,,,,GLOBAL,1.000,clear,0,20.7,127,54.223,0,0,-1.000,21.40,3.32,0.0319,0.0022
136.021,0.000,0,,,,,,GLOBAL,1.000,clear,0,20.7,127,54.243,0,0,-1.000,21.40,3.35,0.0275,0.0222
136.042,0.000,0,,,,,,GLOBAL,1.000,clear,0,20.7,127,54.263,0,0,-1.000,21.40,3.32,0.0478,0.0175
136.061,0.000,0,,,,,,GLOBAL,1.000,clear,0,20.7,127,54.283,0,0,-1.000,21.40,3.32,0.0422,0.0137
136.081,0.000,0,,,,,,GLOBAL,1.000,clear,0,20.7,127,54.303,0,0,-1.000,21.40,3.32,0.0373,0.0061
136.101,0.000,0,,,,,,GLOBAL,1.000,clear,0,20.7,127,54.323,0,0,-1.000,21.40,3.32,0.0305,0.0039
136.121,0.000,0,,,,,,GLOBAL,1.000,clear,0,20.7,127,54.343,0,0,-1.000,21.40,3.32,0.0275,0.0238
136.142,0.000,0,,,,,,GLOBAL,1.000,clear,0,20.7,127,54.363,0,0,-1.000,21.40,3.32,0.0480,0.0200
136.161,0.000,0,,,,,,GLOBAL,1.000,clear,0,20.7,127,54.383,0,0,-1.000,21.40,3.32,0.0424,0.0150
136.181,0.000,0,,,,,,GLOBAL,1.000,clear,0,20.7,127,54.403,0,0,-1.000,21.40,3.32,0.0378,0.0076
136.201,0.000,0,,,,,,GLOBAL,1.000,clear,0,20.7,127,54.423,0,0,-1.000,21.40,3.32,0.0304,0.0046
136.221,0.000,0,,,,,,GLOBAL,1.000,clear,0,20.7,127,54.443,0,0,-1.000,21.40,3.32,0.0273,0.0247
136.241,0.000,0,,,,,,GLOBAL,1.000,clear,0,20.7,127,54.463,0,0,-1.000,21.40,3.32,0.0474,0.0190
136.261,0.000,0,,,,,,GLOBAL,1.000,clear,0,20.7,127,54.483,0,0,-1.000,21.40,3.32,0.0410,0.0147
136.281,0.000,0,,,,,,GLOBAL,1.000,clear,0,20.7,127,54.503,0,0,-1.000,21.40,3.35,0.0360,0.0066
136.301,0.000,0,,,,,,GLOBAL,1.000,clear,0,20.7,127,54.523,0,0,-1.000,21.40,3.35,0.0312,0.0040
136.341,0.000,0,,,,,,GLOBAL,1.000,clear,0,20.7,127,54.562,0,0,-1.000,21.40,3.35,0.0710,0.0438
136.361,0.000,0,,,,,,GLOBAL,1.000,clear,0,20.7,127,54.583,0,0,-1.000,21.40,3.35,0.0427,0.0162
136.381,0.000,0,,,,,,GLOBAL,1.000,clear,0,20.7,127,54.603,0,0,-1.000,21.40,3.32,0.0374,0.0080
136.402,0.000,0,,,,,,GLOBAL,1.000,clear,0,20.7,127,54.623,0,0,-1.000,21.40,3.32,0.0335,0.0050
136.421,0.000,0,,,,,,GLOBAL,1.000,clear,0,20.7,127,54.643,0,0,-1.000,21.40,3.32,0.0237,0.0247
136.441,0.000,0,,,,,,GLOBAL,1.000,clear,0,20.7,127,54.663,0,0,-1.000,21.40,3.32,0.0437,0.0196
136.461,0.000,0,,,,,,GLOBAL,1.000,clear,0,20.7,127,54.683,0,0,-1.000,21.40,3.32,0.0433,0.0138
136.481,0.000,0,,,,,,GLOBAL,1.000,clear,0,20.7,127,54.703,0,0,-1.000,21.40,3.32,0.0377,0.0093
136.501,0.000,0,,,,,,GLOBAL,1.000,clear,0,20.7,127,54.723,0,0,-1.000,21.40,3.32,0.0339,0.0044
136.522,0.000,0,,,,,,GLOBAL,1.000,clear,0,20.7,127,54.743,0,0,-1.000,21.40,3.32,0.0285,0.0006
136.541,0.000,0,,,,,,GLOBAL,1.000,clear,0,20.7,127,54.763,0,0,-1.000,21.40,3.32,0.0479,0.0200
136.562,0.000,0,,,,,,GLOBAL,1.000,clear,0,20.7,127,54.783,0,0,-1.000,21.40,3.32,0.0445,0.0106
136.583,0.000,0,,,,,,GLOBAL,1.000,clear,0,20.7,127,54.804,0,0,-1.000,21.40,3.32,0.0409,0.0112
136.601,0.000,0,,,,,,GLOBAL,1.000,clear,0,20.7,127,54.823,0,0,-1.000,21.40,3.32,0.0339,0.0039
136.621,0.000,0,,,,,,GLOBAL,1.000,clear,0,20.7,127,54.843,0,0,-1.000,21.40,3.32,0.0298,0.0005
136.643,0.000,0,,,,,,GLOBAL,1.000,clear,0,20.7,127,54.864,0,0,-1.000,21.40,3.32,0.0512,0.0219
136.661,0.000,0,,,,,,GLOBAL,1.000,clear,0,20.7,127,54.883,0,0,-1.000,21.40,3.32,0.0442,0.0144
136.681,0.000,0,,,,,,GLOBAL,1.000,clear,0,20.7,127,54.903,0,0,-1.000,21.40,3.32,0.0400,0.0057
136.701,0.000,0,,,,,,GLOBAL,1.000,clear,0,20.7,127,54.923,0,0,-1.000,21.40,3.35,0.0343,0.0069
136.726,0.000,0,,,,,,GLOBAL,1.000,clear,0,20.7,127,54.947,0,0,-1.000,21.40,3.35,0.0587,0.0313
136.741,0.000,0,,,,,,GLOBAL,1.000,clear,0,20.7,127,54.963,0,0,-1.000,21.40,3.32,0.0500,0.0149
136.761,0.000,0,,,,,,GLOBAL,1.000,clear,0,20.7,127,54.983,0,0,-1.000,21.40,3.32,0.0444,0.0162
136.782,0.000,0,,,,,,GLOBAL,1.000,clear,0,20.7,127,55.003,0,0,-1.000,21.40,3.32,0.0400,0.0097
136.802,0.000,0,,,,,,GLOBAL,1.000,clear,0,20.7,127,55.023,0,0,-1.000,21.40,3.32,0.0346,0.0074
136.821,0.000,0,,,,,,GLOBAL,1.000,clear,0,20.7,127,55.043,0,0,-1.000,21.40,3.32,0.0297,0.0021
136.843,0.000,0,,,,,,GLOBAL,1.000,clear,0,20.7,127,55.065,0,0,-1.000,21.40,3.32,0.0268,0.0241
136.861,0.000,0,,,,,,GLOBAL,1.000,clear,0,20.7,127,55.083,0,0,-1.000,21.40,3.32,0.0450,0.0169
136.881,0.000,0,,,,,,GLOBAL,1.000,clear,0,20.7,127,55.103,0,0,-1.000,21.40,3.32,0.0408,0.0074
136.905,0.000,0,,,,,,GLOBAL,1.000,clear,0,20.7,127,55.127,0,0,-1.000,21.40,3.32,0.0392,0.0092
136.922,0.000,0,,,,,,GLOBAL,1.000,clear,0,20.7,127,55.143,0,0,-1.000,21.40,3.32,0.0302,0.0254
136.942,0.000,0,,,,,,GLOBAL,1.000,clear,0,20.7,127,55.163,0,0,-1.000,21.40,3.32,0.0259,0.0165
136.961,0.000,0,,,,,,GLOBAL,1.000,clear,0,20.7,127,55.183,0,0,-1.000,21.40,3.32,0.0451,0.0153
136.981,0.000,0,,,,,,GLOBAL,1.000,clear,0,20.7,127,55.203,0,0,-1.000,21.40,3.32,0.0411,0.0070
137.001,0.000,0,,,,,,GLOBAL,1.000,clear,0,20.7,127,55.223,0,0,-1.000,21.40,3.32,0.0353,0.0063
137.021,0.000,0,,,,,,GLOBAL,1.000,clear,0,20.7,127,55.243,0,0,-1.000,21.40,3.32,0.0305,0.0024
137.042,0.000,0,,,,,,GLOBAL,1.000,clear,0,20.7,127,55.263,0,0,-1.000,21.40,3.32,0.0259,0.0226
137.061,0.000,0,,,,,,GLOBAL,1.000,clear,0,20.7,127,55.283,0,0,-1.000,21.40,3.32,0.0454,0.0153
137.082,0.000,0,,,,,,GLOBAL,1.000,clear,0,20.7,127,55.303,0,0,-1.000,21.40,3.32,0.0416,0.0103
137.102,0.000,0,,,,,,GLOBAL,1.000,clear,0,20.7,127,55.323,0,0,-1.000,21.40,3.32,0.0361,0.0066
137.121,0.000,0,,,,,,GLOBAL,1.000,clear,0,20.7,127,55.343,0,0,-1.000,21.40,3.32,0.0314,0.0261
137.141,0.000,0,,,,,,GLOBAL,1.000,clear,0,20.7,127,55.363,0,0,-1.000,21.40,3.32,0.0514,0.0193
137.161,0.000,0,,,,,,GLOBAL,1.000,clear,0,20.7,127,55.383,0,0,-1.000,21.40,3.32,0.0456,0.0126
137.181,0.000,0,,,,,,GLOBAL,1.000,clear,0,20.7,127,55.403,0,0,-1.000,21.40,3.32,0.0416,0.0130
137.201,0.000,0,,,,,,GLOBAL,1.000,clear,0,20.7,127,55.423,0,0,-1.000,21.40,3.32,0.0359,0.0022
137.221,0.000,0,,,,,,GLOBAL,1.000,clear,0,20.7,127,55.443,0,0,-1.000,21.40,3.32,0.0303,0.0011
137.242,0.000,0,,,,,,GLOBAL,1.000,clear,0,20.7,127,55.463,0,0,-1.000,21.40,3.32,0.0262,0.0212
137.261,0.000,0,,,,,,GLOBAL,1.000,clear,0,20.7,127,55.483,0,0,-1.000,21.40,3.32,0.0459,0.0156
137.284,0.000,0,,,,,,GLOBAL,1.000,clear,0,20.7,127,55.506,0,0,-1.000,21.40,3.32,0.0438,0.0150
137.301,0.000,0,,,,,,GLOBAL,1.000,clear,0,20.7,127,55.523,0,0,-1.000,21.40,3.32,0.0362,0.0053
137.321,0.000,0,,,,,,GLOBAL,1.000,clear,0,20.7,127,55.543,0,0,-1.000,21.40,3.32,0.0301,0.0010
137.342,0.000,0,,,,,,GLOBAL,1.000,clear,0,20.7,127,55.563,0,0,-1.000,21.40,3.32,0.0270,0.0217
137.361,0.000,0,,,,,,GLOBAL,1.000,clear,0,20.7,127,55.583,0,0,-1.000,21.40,3.32,0.0465,0.0183
137.381,0.000,0,,,,,,GLOBAL,1.000,clear,0,20.7,127,55.603,0,0,-1.000,21.40,3.32,0.0423,0.0104
137.401,0.000,0,,,,,,GLOBAL,1.000,clear,0,20.7,127,55.623,0,0,-1.000,21.40,3.32,0.0365,0.0077
137.421,0.000,0,,,,,,GLOBAL,1.000,clear,0,20.7,127,55.643,0,0,-1.000,21.40,3.32,0.0323,0.0025
137.442,0.000,0,,,,,,GLOBAL,1.000,clear,0,20.7,127,55.663,0,0,-1.000,21.40,3.32,0.0270,0.0228
137.461,0.000,0,,,,,,GLOBAL,1.000,clear,0,20.7,127,55.683,0,0,-1.000,21.40,3.32,0.0469,0.0166
137.481,0.000,0,,,,,,GLOBAL,1.000,clear,0,20.7,127,55.703,0,0,-1.000,21.40,3.32,0.0427,0.0143
137.501,0.000,0,,,,,,GLOBAL,1.000,clear,0,20.7,127,55.723,0,0,-1.000,21.40,3.32,0.0370,0.0080
137.521,0.000,0,,,,,,GLOBAL,1.000,clear,0,20.7,127,55.743,0,0,-1.000,21.40,3.32,0.0326,0.0030
137.542,0.000,0,,,,,,GLOBAL,1.000,clear,0,20.7,127,55.763,0,0,-1.000,21.40,3.32,0.0533,0.0236
137.561,0.000,0,,,,,,GLOBAL,1.000,clear,0,20.7,127,55.783,0,0,-1.000,21.40,3.32,0.0468,0.0185
137.581,0.000,0,,,,,,GLOBAL,1.000,clear,0,20.7,127,55.803,0,0,-1.000,21.40,3.32,0.0428,0.0146
137.601,0.000,0,,,,,,GLOBAL,1.000,clear,0,20.7,127,55.823,0,0,-1.000,21.40,3.32,0.0358,0.0080
137.621,0.000,0,,,,,,GLOBAL,1.000,clear,0,20.7,127,55.843,0,0,-1.000,21.40,3.32,0.0308,0.0026
137.641,0.000,0,,,,,,GLOBAL,1.000,clear,0,20.7,127,55.863,0,0,-1.000,21.40,3.32,0.0272,0.0226
137.661,0.000,0,,,,,,GLOBAL,1.000,clear,0,20.7,127,55.883,0,0,-1.000,21.40,3.32,0.0471,0.0180
137.681,0.000,0,,,,,,GLOBAL,1.000,clear,0,20.7,127,55.903,0,0,-1.000,21.40,3.32,0.0432,0.0098
137.701,0.000,0,,,,,,GLOBAL,1.000,clear,0,20.7,127,55.923,0,0,-1.000,21.40,3.32,0.0373,0.0066
137.721,0.000,0,,,,,,GLOBAL,1.000,clear,0,20.7,127,55.943,0,0,-1.000,21.40,3.32,0.0331,0.0035
137.741,0.000,0,,,,,,GLOBAL,1.000,clear,0,20.7,127,55.963,0,0,-1.000,21.40,3.32,0.0274,0.0237
137.762,0.000,0,,,,,,GLOBAL,1.000,clear,0,20.7,127,55.983,0,0,-1.000,21.40,3.32,0.0475,0.0169
137.782,0.000,0,,,,,,GLOBAL,1.000,clear,0,20.7,127,56.003,0,0,-1.000,21.40,3.32,0.0433,0.0103
137.801,0.000,0,,,,,,GLOBAL,1.000,clear,0,20.7,127,56.023,0,0,-1.000,21.40,3.32,0.0375,0.0042
137.821,0.000,0,,,,,,GLOBAL,1.000,clear,0,20.7,127,56.043,0,0,-1.000,21.40,3.32,0.0335,0.0040
137.841,0.000,0,,,,,,GLOBAL,1.000,clear,0,20.7,127,56.063,0,0,-1.000,21.40,3.32,0.0278,0.0241
137.861,0.000,0,,,,,,GLOBAL,1.000,clear,0,20.7,127,56.083,0,0,-1.000,21.40,3.32,0.0478,0.0158
137.881,0.000,0,,,,,,GLOBAL,1.000,clear,0,20.7,127,56.103,0,0,-1.000,21.40,3.32,0.0435,0.0134
137.901,0.000,0,,,,,,GLOBAL,1.000,clear,0,20.7,127,56.123,0,0,-1.000,21.40,3.32,0.0380,0.0102
137.921,0.000,0,,,,,,GLOBAL,1.000,clear,0,20.7,127,56.143,0,0,-1.000,21.40,3.32,0.0338,0.0034
137.941,0.000,0,,,,,,GLOBAL,1.000,clear,0,20.7,127,56.163,0,0,-1.000,21.40,3.32,0.0281,0.0234
137.961,0.000,0,,,,,,GLOBAL,1.000,clear,0,20.7,127,56.183,0,0,-1.000,21.40,3.32,0.0479,0.0174
137.981,0.000,0,,,,,,GLOBAL,1.000,clear,0,20.7,127,56.203,0,0,-1.000,21.40,3.32,0.0439,0.0134
138.002,0.000,0,,,,,,GLOBAL,1.000,clear,0,20.7,127,56.223,0,0,-1.000,21.40,3.35,0.0386,0.0066
138.021,0.000,0,,,,,,GLOBAL,1.000,clear,0,20.7,127,56.243,0,0,-1.000,21.40,3.32,0.0340,0.0262
138.041,0.000,0,,,,,,GLOBAL,1.000,clear,0,20.7,127,56.263,0,0,-1.000,21.40,3.32,0.0282,0.0189
138.062,0.000,0,,,,,,GLOBAL,1.000,clear,0,20.7,127,56.283,0,0,-1.000,21.40,3.32,0.0484,0.0192
138.081,0.000,0,,,,,,GLOBAL,1.000,clear,0,20.7,127,56.303,0,0,-1.000,21.40,3.32,0.0444,0.0102
138.101,0.000,0,,,,,,GLOBAL,1.000,clear,0,20.7,127,56.323,0,0,-1.000,21.40,3.32,0.0373,0.0074
138.121,0.000,0,,,,,,GLOBAL,1.000,clear,0,20.7,127,56.343,0,0,-1.000,21.40,3.32,0.0344,0.0024
138.142,0.000,0,,,,,,GLOBAL,1.000,clear,0,20.7,127,56.363,0,0,-1.000,21.40,3.32,0.0276,0.0226
138.161,0.000,0,,,,,,GLOBAL,1.000,clear,0,20.7,127,56.383,0,0,-1.000,21.40,3.32,0.0472,0.0165
138.181,0.000,0,,,,,,GLOBAL,1.000,clear,0,20.7,127,56.403,0,0,-1.000,21.40,3.32,0.0446,0.0159
138.201,0.000,0,,,,,,GLOBAL,1.000,clear,0,20.7,127,56.423,0,0,-1.000,21.40,3.32,0.0367,0.0081
138.221,0.000,0,,,,,,GLOBAL,1.000,clear,0,20.7,127,56.443,0,0,-1.000,21.40,3.32,0.0330,0.0063
138.241,0.000,0,,,,,,GLOBAL,1.000,clear,0,20.7,127,56.463,0,0,-1.000,21.40,3.32,0.0273,0.0264
138.262,0.000,0,,,,,,GLOBAL,1.000,clear,0,20.7,127,56.483,0,0,-1.000,21.40,3.32,0.0477,0.0199
138.281,0.000,0,,,,,,GLOBAL,1.000,clear,0,20.7,127,56.503,0,0,-1.000,21.40,3.32,0.0426,0.0154
138.302,0.000,0,,,,,,GLOBAL,1.000,clear,0,20.7,127,56.523,0,0,-1.000,21.40,3.32,0.0379,0.0086
138.321,0.000,0,,,,,,GLOBAL,1.000,clear,0,20.7,127,56.543,0,0,-1.000,21.40,3.32,0.0336,0.0041
138.342,0.000,0,,,,,,GLOBAL,1.000,clear,0,20.7,127,56.563,0,0,-1.000,21.40,3.32,0.0280,0.0008
138.361,0.000,0,,,,,,GLOBAL,1.000,clear,0,20.7,127,56.583,0,0,-1.000,21.40,3.32,0.0472,0.0199
138.381,0.000,0,,,,,,GLOBAL,1.000,clear,0,20.7,127,56.603,0,0,-1.000,21.40,3.32,0.0435,0.0139
138.401,0.000,0,,,,,,GLOBAL,1.000,clear,0,20.7,127,56.623,0,0,-1.000,21.40,3.32,0.0379,0.0101
138.421,0.000,0,,,,,,GLOBAL,1.000,clear,0,20.7,127,56.643,0,0,-1.000,21.40,3.32,0.0337,0.0064
138.441,0.000,0,,,,,,GLOBAL,1.000,clear,0,20.7,127,56.663,0,0,-1.000,21.40,3.32,0.0294,0.0263
138.462,0.000,0,,,,,,GLOBAL,1.000,clear,0,20.7,127,56.683,0,0,-1.000,21.40,3.32,0.0498,0.0186
138.481,0.000,0,,,,,,GLOBAL,1.000,clear,0,20.7,127,56.703,0,0,-1.000,21.40,3.32,0.0438,0.0156
138.502,0.000,0,,,,,,GLOBAL,1.000,clear,0,20.7,127,56.723,0,0,-1.000,21.40,3.32,0.0365,0.0082
138.521,0.000,0,,,,,,GLOBAL,1.000,clear,0,20.7,127,56.743,0,0,-1.000,21.40,3.32,0.0326,0.0051
138.542,0.000,0,,,,,,GLOBAL,1.000,clear,0,20.7,127,56.763,0,0,-1.000,21.40,3.32,0.0285,0.0257
138.561,0.000,0,,,,,,GLOBAL,1.000,clear,0,20.7,127,56.783,0,0,-1.000,21.40,3.32,0.0479,0.0182
138.581,0.000,0,,,,,,GLOBAL,1.000,clear,0,20.7,127,56.803,0,0,-1.000,21.40,3.32,0.0435,0.0171
138.603,0.000,0,,,,,,GLOBAL,1.000,clear,0,20.7,127,56.824,0,0,-1.000,21.40,3.32,0.0416,0.0129
138.621,0.000,0,,,,,,GLOBAL,1.000,clear,0,20.7,127,56.843,0,0,-1.000,21.40,3.32,0.0344,0.0069
138.642,0.000,0,,,,,,GLOBAL,1.000,clear,0,20.7,127,56.864,0,0,-1.000,21.40,3.32,0.0312,0.0012
138.662,0.000,0,,,,,,GLOBAL,1.000,clear,0,20.7,127,56.883,0,0,-1.000,21.40,3.32,0.0506,0.0207
138.681,0.000,0,,,,,,GLOBAL,1.000,clear,0,20.7,127,56.903,0,0,-1.000,21.40,3.32,0.0447,0.0170
138.702,0.000,0,,,,,,GLOBAL,1.000,clear,0,20.7,127,56.923,0,0,-1.000,21.40,3.32,0.0408,0.0120
138.721,0.000,0,,,,,,GLOBAL,1.000,clear,0,20.7,127,56.943,0,0,-1.000,21.40,3.32,0.0348,0.0064
138.741,0.000,0,,,,,,GLOBAL,1.000,clear,0,20.7,127,56.963,0,0,-1.000,21.40,3.32,0.0308,0.0019
138.762,0.000,0,,,,,,GLOBAL,1.000,clear,0,20.7,127,56.984,0,0,-1.000,21.40,3.32,0.0258,0.0227
138.781,0.000,0,,,,,,GLOBAL,1.000,clear,0,20.7,127,57.003,0,0,-1.000,21.40,3.32,0.0449,0.0168
138.802,0.000,0,,,,,,GLOBAL,1.000,clear,0,20.7,127,57.023,0,0,-1.000,21.40,3.32,0.0416,0.0127
138.822,0.000,0,,,,,,GLOBAL,1.000,clear,0,20.7,127,57.043,0,0,-1.000,21.40,3.32,0.0354,0.0063
138.842,0.000,0,,,,,,GLOBAL,1.000,clear,0,20.7,127,57.063,0,0,-1.000,21.40,3.32,0.0284,0.0020
138.862,0.000,0,,,,,,GLOBAL,1.000,clear,0,20.7,127,57.083,0,0,-1.000,21.40,3.32,0.0481,0.0217
138.882,0.000,0,,,,,,GLOBAL,1.000,clear,0,20.7,127,57.103,0,0,-1.000,21.40,3.32,0.0456,0.0159
138.901,0.000,0,,,,,,GLOBAL,1.000,clear,0,20.7,127,57.123,0,0,-1.000,21.40,3.32,0.0381,0.0100
138.921,0.000,0,,,,,,GLOBAL,1.000,clear,0,20.7,127,57.143,0,0,-1.000,21.40,3.32,0.0354,0.0021
138.942,0.000,0,,,,,,GLOBAL,1.000,clear,0,20.7,127,57.163,0,0,-1.000,21.40,3.32,0.0288,0.0027
138.961,0.000,0,,,,,,GLOBAL,1.000,clear,0,20.7,127,57.183,0,0,-1.000,21.40,3.32,0.0483,0.0222
138.981,0.000,0,,,,,,GLOBAL,1.000,clear,0,20.7,127,57.203,0,0,-1.000,21.40,3.32,0.0457,0.0168
139.001,0.000,0,,,,,,GLOBAL,1.000,clear,0,20.7,127,57.223,0,0,-1.000,21.40,3.32,0.0382,0.0125
139.022,0.000,0,,,,,,GLOBAL,1.000,clear,0,20.7,127,57.243,0,0,-1.000,21.40,3.32,0.0361,0.0018
139.041,0.000,0,,,,,,GLOBAL,1.000,clear,0,20.7,127,57.263,0,0,-1.000,21.40,3.32,0.0301,0.0214
139.061,0.000,0,,,,,,GLOBAL,1.000,clear,0,20.7,127,57.283,0,0,-1.000,21.40,3.32,0.0500,0.0136
139.108,0.000,0,,,,,,GLOBAL,1.000,clear,0,20.7,127,57.330,0,0,-1.000,21.40,3.32,0.0732,0.0426
139.126,0.000,0,,,,,,GLOBAL,1.000,clear,0,20.7,127,57.348,0,0,-1.000,21.40,3.32,0.0652,0.0156
139.144,0.000,0,,,,,,GLOBAL,1.000,clear,0,20.7,127,57.365,0,0,-1.000,21.40,3.32,0.0587,0.0171
139.161,0.000,0,,,,,,GLOBAL,1.000,clear,0,20.7,127,57.383,0,0,-1.000,21.40,3.32,0.0505,0.0169
139.181,0.000,0,,,,,,GLOBAL,1.000,clear,0,20.7,127,57.403,0,0,-1.000,21.40,3.32,0.0462,0.0156
139.201,0.000,0,,,,,,GLOBAL,1.000,clear,0,20.7,127,57.423,0,0,-1.000,21.40,3.32,0.0406,0.0133
139.221,0.000,0,,,,,,GLOBAL,1.000,clear,0,20.7,127,57.443,0,0,-1.000,21.40,3.32,0.0345,0.0078
139.242,0.000,0,,,,,,GLOBAL,1.000,clear,0,20.7,127,57.463,0,0,-1.000,21.40,3.32,0.0306,0.0006
139.262,0.000,0,,,,,,GLOBAL,1.000,clear,0,20.7,127,57.483,0,0,-1.000,21.40,3.32,0.0269,0.0206
139.281,0.000,0,,,,,,GLOBAL,1.000,clear,0,20.7,127,57.503,0,0,-1.000,21.40,3.32,0.0466,0.0158
139.301,0.000,0,,,,,,GLOBAL,1.000,clear,0,20.7,127,57.523,0,0,-1.000,21.40,3.32,0.0409,0.0121
139.321,0.000,0,,,,,,GLOBAL,1.000,clear,0,20.7,127,57.543,0,0,-1.000,21.40,3.32,0.0365,0.0029
139.342,0.000,0,,,,,,GLOBAL,1.000,clear,0,20.7,127,57.563,0,0,-1.000,21.40,3.32,0.0315,0.0006
139.361,0.000,0,,,,,,GLOBAL,1.000,clear,0,20.7,127,57.583,0,0,-1.000,21.40,3.32,0.0512,0.0203
139.381,0.000,0,,,,,,GLOBAL,1.000,clear,0,20.7,127,57.603,0,0,-1.000,21.40,3.32,0.0454,0.0185
139.405,0.000,0,,,,,,GLOBAL,1.000,clear,0,20.7,127,57.626,0,0,-1.000,21.40,3.32,0.0448,0.0141
139.421,0.000,0,,,,,,GLOBAL,1.000,clear,0,20.7,127,57.643,0,0,-1.000,21.40,3.32,0.0354,0.0049
139.442,0.000,0,,,,,,GLOBAL,1.000,clear,0,20.7,127,57.663,0,0,-1.000,21.40,3.32,0.0303,0.0027
139.461,0.000,0,,,,,,GLOBAL,1.000,clear,0,20.7,127,57.683,0,0,-1.000,21.40,3.32,0.0254,0.0223
139.481,0.000,0,,,,,,GLOBAL,1.000,clear,0,20.7,127,57.703,0,0,-1.000,21.40,3.32,0.0455,0.0189
139.501,0.000,0,,,,,,GLOBAL,1.000,clear,0,20.7,127,57.723,0,0,-1.000,21.40,3.32,0.0415,0.0133
139.521,0.000,0,,,,,,GLOBAL,1.000,clear,0,20.7,127,57.743,0,0,-1.000,21.40,3.32,0.0343,0.0064
139.541,0.000,0,,,,,,GLOBAL,1.000,clear,0,20.7,127,57.763,0,0,-1.000,21.40,3.32,0.0281,0.0025
139.562,0.000,0,,,,,,GLOBAL,1.000,clear,0,20.7,127,57.783,0,0,-1.000,21.40,3.32,0.0261,0.0226
139.581,0.000,0,,,,,,GLOBAL,1.000,clear,0,20.7,127,57.803,0,0,-1.000,21.40,3.32,0.0459,0.0179
139.602,0.000,0,,,,,,GLOBAL,1.000,clear,0,20.7,127,57.823,0,0,-1.000,21.40,3.32,0.0422,0.0108
139.622,0.000,0,,,,,,GLOBAL,1.000,clear,0,20.7,127,57.843,0,0,-1.000,21.40,3.32,0.0366,0.0032
139.641,0.000,0,,,,,,GLOBAL,1.000,clear,0,20.7,127,57.863,0,0,-1.000,21.40,3.32,0.0305,0.0014
139.661,0.000,0,,,,,,GLOBAL,1.000,clear,0,20.7,127,57.883,0,0,-1.000,21.40,3.32,0.0264,0.0214
139.681,0.000,0,,,,,,GLOBAL,1.000,clear,0,20.7,127,57.903,0,0,-1.000,21.40,3.32,0.0462,0.0166
139.702,0.000,0,,,,,,GLOBAL,1.000,clear,0,20.7,127,57.923,0,0,-1.000,21.40,3.32,0.0424,0.0128
139.721,0.000,0,,,,,,GLOBAL,1.000,clear,0,20.7,127,57.943,0,0,-1.000,21.40,3.32,0.0363,0.0055
139.741,0.000,0,,,,,,GLOBAL,1.000,clear,0,20.7,127,57.963,0,0,-1.000,21.40,3.32,0.0321,0.0020
139.761,0.000,0,,,,,,GLOBAL,1.000,clear,0,20.7,127,57.983,0,0,-1.000,21.40,3.32,0.0265,0.0220
139.781,0.000,0,,,,,,GLOBAL,1.000,clear,0,20.7,127,58.003,0,0,-1.000,21.40,3.32,0.0464,0.0157
139.801,0.000,0,,,,,,GLOBAL,1.000,clear,0,20.7,127,58.023,0,0,-1.000,21.40,3.32,0.0422,0.0094
139.821,0.000,0,,,,,,GLOBAL,1.000,clear,0,20.7,127,58.043,0,0,-1.000,21.40,3.35,0.0358,0.0076
139.842,0.000,0,,,,,,GLOBAL,1.000,clear,0,20.7,127,58.063,0,0,-1.000,21.40,3.35,0.0308,0.0044
139.862,0.000,0,,,,,,GLOBAL,1.000,clear,0,20.7,127,58.083,0,0,-1.000,21.40,3.32,0.0271,0.0244
139.881,0.000,0,,,,,,GLOBAL,1.000,clear,0,20.7,127,58.103,0,0,-1.000,21.40,3.32,0.0467,0.0192
139.901,0.000,0,,,,,,GLOBAL,1.000,clear,0,20.7,127,58.123,0,0,-1.000,21.40,3.32,0.0427,0.0139
139.921,0.000,0,,,,,,GLOBAL,1.000,clear,0,20.7,127,58.143,0,0,-1.000,21.40,3.32,0.0369,0.0057
139.941,0.000,0,,,,,,GLOBAL,1.000,clear,0,20.7,127,58.163,0,0,-1.000,21.40,3.32,0.0303,0.0041
139.962,0.000,0,,,,,,GLOBAL,1.000,clear,0,20.7,127,58.183,0,0,-1.000,21.40,3.32,0.0274,0.0008
139.981,0.000,0,,,,,,GLOBAL,1.000,clear,0,20.7,127,58.203,0,0,-1.000,21.40,3.32,0.0471,0.0204
140.001,0.000,0,,,,,,GLOBAL,1.000,clear,0,20.7,127,58.223,0,0,-1.000,21.40,3.32,0.0428,0.0146
140.022,0.000,0,,,,,,GLOBAL,1.000,clear,0,20.7,127,58.243,0,0,-1.000,21.40,3.32,0.0374,0.0045
140.042,0.000,0,,,,,,GLOBAL,1.000,clear,0,20.7,127,58.264,0,0,-1.000,21.40,3.32,0.0325,0.0025
140.061,0.000,0,,,,,,GLOBAL,1.000,clear,0,20.7,127,58.283,0,0,-1.000,21.40,3.32,0.0274,0.0217
140.081,0.000,0,,,,,,GLOBAL,1.000,clear,0,20.7,127,58.303,0,0,-1.000,21.40,3.32,0.0474,0.0165
140.101,0.000,0,,,,,,GLOBAL,1.000,clear,0,20.7,127,58.323,0,0,-1.000,21.40,3.35,0.0432,0.0139
140.121,0.000,0,,,,,,GLOBAL,1.000,clear,0,20.7,127,58.343,0,0,-1.000,21.40,3.35,0.0373,0.0042
140.142,0.000,0,,,,,,GLOBAL,1.000,clear,0,20.7,127,58.363,0,0,-1.000,21.40,3.35,0.0305,0.0005
140.164,0.000,0,,,,,,GLOBAL,1.000,clear,0,20.7,127,58.385,0,0,-1.000,21.40,3.35,0.0296,0.0225
140.181,0.000,0,,,,,,GLOBAL,1.000,clear,0,20.7,127,58.403,0,0,-1.000,21.40,3.32,0.0471,0.0147
140.201,0.000,0,,,,,,GLOBAL,1.000,clear,0,20.7,127,58.423,0,0,-1.000,21.40,3.32,0.0418,0.0147
140.222,0.000,0,,,,,,GLOBAL,1.000,clear,0,20.7,127,58.443,0,0,-1.000,21.40,3.32,0.0377,0.0082
140.241,0.000,0,,,,,,GLOBAL,1.000,clear,0,20.7,127,58.463,0,0,-1.000,21.40,3.32,0.0319,0.0021
140.261,0.000,0,,,,,,GLOBAL,1.000,clear,0,20.7,127,58.483,0,0,-1.000,21.40,3.32,0.0271,0.0222
140.282,0.000,0,,,,,,GLOBAL,1.000,clear,0,20.7,127,58.503,0,0,-1.000,21.40,3.32,0.0474,0.0199
140.302,0.000,0,,,,,,GLOBAL,1.000,clear,0,20.7,127,58.523,0,0,-1.000,21.40,3.32,0.0388,0.0143
140.321,0.000,0,,,,,,GLOBAL,1.000,clear,0,20.7,127,58.543,0,0,-1.000,21.40,3.32,0.0350,0.0088
140.341,0.000,0,,,,,,GLOBAL,1.000,clear,0,20.7,127,58.563,0,0,-1.000,21.40,3.35,0.0303,0.0287
140.362,0.000,0,,,,,,GLOBAL,1.000,clear,0,20.7,127,58.583,0,0,-1.000,21.40,3.35,0.0509,0.0177
140.381,0.000,0,,,,,,GLOBAL,1.000,clear,0,20.7,127,58.603,0,0,-1.000,21.40,3.32,0.0481,0.0143
140.401,0.000,0,,,,,,GLOBAL,1.000,clear,0,20.7,127,58.623,0,0,-1.000,21.40,3.32,0.0423,0.0107
140.421,0.000,0,,,,,,GLOBAL,1.000,clear,0,20.7,127,58.643,0,0,-1.000,21.40,3.32,0.0370,0.0076
140.441,0.000,0,,,,,,GLOBAL,1.000,clear,0,20.7,127,58.663,0,0,-1.000,21.40,3.32,0.0324,0.0045
140.461,0.000,0,,,,,,GLOBAL,1.000,clear,0,20.7,127,58.683,0,0,-1.000,21.40,3.35,0.0271,0.0243
140.481,0.000,0,,,,,,GLOBAL,1.000,clear,0,20.7,127,58.703,0,0,-1.000,21.40,3.32,0.0472,0.0198
140.501,0.000,0,,,,,,GLOBAL,1.000,clear,0,20.7,127,58.723,0,0,-1.000,21.40,3.32,0.0424,0.0147
140.522,0.000,0,,,,,,GLOBAL,1.000,clear,0,20.7,127,58.743,0,0,-1.000,21.40,3.35,0.0375,0.0043
140.541,0.000,0,,,,,,GLOBAL,1.000,clear,0,20.7,127,58.763,0,0,-1.000,21.40,3.32,0.0326,0.0013
140.561,0.000,0,,,,,,GLOBAL,1.000,clear,0,20.7,127,58.783,0,0,-1.000,21.40,3.32,0.0270,0.0212
140.581,0.000,0,,,,,,GLOBAL,1.000,clear,0,20.7,127,58.803,0,0,-1.000,21.40,3.32,0.0471,0.0156
140.601,0.000,0,,,,,,GLOBAL,1.000,clear,0,20.7,127,58.823,0,0,-1.000,21.40,3.32,0.0422,0.0154
140.621,0.000,0,,,,,,GLOBAL,1.000,clear,0,20.7,127,58.843,0,0,-1.000,21.40,3.32,0.0390,0.0031
140.642,0.000,0,,,,,,GLOBAL,1.000,clear,0,20.7,127,58.863,0,0,-1.000,21.40,3.32,0.0332,0.0033
140.662,0.000,0,,,,,,GLOBAL,1.000,clear,0,20.7,127,58.883,0,0,-1.000,21.40,3.32,0.0290,0.0006
140.681,0.000,0,,,,,,GLOBAL,1.000,clear,0,20.7,127,58.903,0,0,-1.000,21.40,3.35,0.0487,0.0203
140.701,0.000,0,,,,,,GLOBAL,1.000,clear,0,20.7,127,58.923,0,0,-1.000,21.40,3.32,0.0420,0.0118
140.721,0.000,0,,,,,,GLOBAL,1.000,clear,0,20.7,127,58.943,0,0,-1.000,21.40,3.32,0.0374,0.0072
140.742,0.000,0,,,,,,GLOBAL,1.000,clear,0,20.7,127,58.963,0,0,-1.000,21.40,3.32,0.0329,0.0062
140.762,0.000,0,,,,,,GLOBAL,1.000,clear,0,20.7,127,58.983,0,0,-1.000,21.40,3.32,0.0293,0.0262
140.781,0.000,0,,,,,,GLOBAL,1.000,clear,0,20.7,127,59.003,0,0,-1.000,21.40,3.32,0.0491,0.0176
140.801,0.000,0,,,,,,GLOBAL,1.000,clear,0,20.7,127,59.023,0,0,-1.000,21.40,3.35,0.0434,0.0122
140.821,0.000,0,,,,,,GLOBAL,1.000,clear,0,20.7,127,59.043,0,0,-1.000,21.40,3.32,0.0391,0.0057
140.842,0.000,0,,,,,,GLOBAL,1.000,clear,0,20.7,127,59.063,0,0,-1.000,21.40,3.32,0.0336,0.0050
140.861,0.000,0,,,,,,GLOBAL,1.000,clear,0,20.7,127,59.083,0,0,-1.000,21.40,3.32,0.0292,0.0246
140.881,0.000,0,,,,,,GLOBAL,1.000,clear,0,20.7,127,59.103,0,0,-1.000,21.40,3.32,0.0492,0.0164
140.901,0.000,0,,,,,,GLOBAL,1.000,clear,0,20.7,127,59.123,0,0,-1.000,21.40,3.32,0.0435,0.0164
140.921,0.000,0,,,,,,GLOBAL,1.000,clear,0,20.7,127,59.143,0,0,-1.000,21.40,3.32,0.0394,0.0066
140.941,0.000,0,,,,,,GLOBAL,1.000,clear,0,20.7,127,59.163,0,0,-1.000,21.40,3.32,0.0338,0.0040
140.962,0.000,0,,,,,,GLOBAL,1.000,clear,0,20.7,127,59.183,0,0,-1.000,21.40,3.32,0.0273,0.0244
140.983,0.000,0,,,,,,GLOBAL,1.000,clear,0,20.7,127,59.205,0,0,-1.000,21.40,3.32,0.0487,0.0207
141.001,0.000,0,,,,,,GLOBAL,1.000,clear,0,20.7,127,59.223,0,0,-1.000,21.40,3.32,0.0440,0.0165
141.021,0.000,0,,,,,,GLOBAL,1.000,clear,0,20.7,127,59.243,0,0,-1.000,21.40,3.32,0.0400,0.0088
141.041,0.000,0,,,,,,GLOBAL,1.000,clear,0,20.7,127,59.263,0,0,-1.000,21.40,3.32,0.0341,0.0068
141.062,0.000,0,,,,,,GLOBAL,1.000,clear,0,20.7,127,59.283,0,0,-1.000,21.40,3.32,0.0303,0.0019
141.082,0.000,0,,,,,,GLOBAL,1.000,clear,0,20.7,127,59.304,0,0,-1.000,21.40,3.32,0.0507,0.0223
141.101,0.000,0,,,,,,GLOBAL,1.000,clear,0,20.7,127,59.323,0,0,-1.000,21.40,3.32,0.0440,0.0157
141.121,0.000,0,,,,,,GLOBAL,1.000,clear,0,20.7,127,59.343,0,0,-1.000,21.40,3.32,0.0401,0.0109
141.142,0.000,0,,,,,,GLOBAL,1.000,clear,0,20.7,127,59.363,0,0,-1.000,21.40,3.32,0.0345,0.0049
141.161,0.000,0,,,,,,GLOBAL,1.000,clear,0,20.7,127,59.383,0,0,-1.000,21.40,3.35,0.0295,0.0017
141.183,0.000,0,,,,,,GLOBAL,1.000,clear,0,20.7,127,59.404,0,0,-1.000,21.40,3.32,0.0261,0.0233
141.201,0.000,0,,,,,,GLOBAL,1.000,clear,0,20.7,127,59.423,0,0,-1.000,21.40,3.32,0.0445,0.0149
141.222,0.000,0,,,,,,GLOBAL,1.000,clear,0,20.7,127,59.443,0,0,-1.000,21.40,3.32,0.0409,0.0122
141.241,0.000,0,,,,,,GLOBAL,1.000,clear,0,20.7,127,59.463,0,0,-1.000,21.40,3.35,0.0308,0.0056
141.262,0.000,0,,,,,,GLOBAL,1.000,clear,0,20.7,127,59.484,0,0,-1.000,21.40,3.32,0.0518,0.0266
141.281,0.000,0,,,,,,GLOBAL,1.000,clear,0,20.7,127,59.503,0,0,-1.000,21.40,3.32,0.0442,0.0150
141.302,0.000,0,,,,,,GLOBAL,1.000,clear,0,20.7,127,59.523,0,0,-1.000,21.40,3.35,0.0450,0.0158
141.321,0.000,0,,,,,,GLOBAL,1.000,clear,0,20.7,127,59.543,0,0,-1.000,21.40,3.32,0.0408,0.0028
141.341,0.000,0,,,,,,GLOBAL,1.000,clear,0,20.7,127,59.563,0,0,-1.000,21.40,3.32,0.0350,0.0006
141.362,0.000,0,,,,,,GLOBAL,1.000,clear,0,20.7,127,59.583,0,0,-1.000,21.40,3.35,0.0307,0.0208
141.382,0.000,0,,,,,,GLOBAL,1.000,clear,0,20.7,127,59.603,0,0,-1.000,21.40,3.32,0.0508,0.0179
141.402,0.000,0,,,,,,GLOBAL,1.000,clear,0,20.7,127,59.623,0,0,-1.000,21.40,3.32,0.0455,0.0182
141.421,0.000,0,,,,,,GLOBAL,1.000,clear,0,20.7,127,59.643,0,0,-1.000,21.40,3.32,0.0408,0.0113
141.441,0.000,0,,,,,,GLOBAL,1.000,clear,0,20.7,127,59.663,0,0,-1.000,21.40,3.32,0.0351,0.0075
141.461,0.000,0,,,,,,GLOBAL,1.000,clear,0,20.7,127,59.683,0,0,-1.000,21.40,3.32,0.0273,0.0277
141.482,0.000,0,,,,,,GLOBAL,1.000,clear,0,20.7,127,59.703,0,0,-1.000,21.40,3.32,0.0258,0.0195
141.501,0.000,0,,,,,,GLOBAL,1.000,clear,0,20.7,127,59.723,0,0,-1.000,21.40,3.32,0.0453,0.0164
141.522,0.000,0,,,,,,GLOBAL,1.000,clear,0,20.7,127,59.744,0,0,-1.000,21.40,3.32,0.0420,0.0113
141.541,0.000,0,,,,,,GLOBAL,1.000,clear,0,20.7,127,59.763,0,0,-1.000,21.40,3.32,0.0356,0.0071
141.561,0.000,0,,,,,,GLOBAL,1.000,clear,0,20.7,127,59.783,0,0,-1.000,21.40,3.32,0.0313,0.0028
141.582,0.000,0,,,,,,GLOBAL,1.000,clear,0,20.7,127,59.803,0,0,-1.000,21.40,3.32,0.0258,0.0230
141.601,0.000,0,,,,,,GLOBAL,1.000,clear,0,20.7,127,59.823,0,0,-1.000,21.40,3.32,0.0456,0.0190
141.621,0.000,0,,,,,,GLOBAL,1.000,clear,0,20.7,127,59.843,0,0,-1.000,21.40,3.32,0.0414,0.0133
141.642,0.000,0,,,,,,GLOBAL,1.000,clear,0,20.7,127,59.863,0,0,-1.000,21.40,3.32,0.0362,0.0088
141.661,0.000,0,,,,,,GLOBAL,1.000,clear,0,20.7,127,59.883,0,0,-1.000,21.40,3.32,0.0262,0.0016
141.681,0.000,0,,,,,,GLOBAL,1.000,clear,0,20.7,127,59.903,0,0,-1.000,21.40,3.32,0.0260,0.0215
141.701,0.000,0,,,,,,GLOBAL,1.000,clear,0,20.7,127,59.923,0,0,-1.000,21.40,3.32,0.0459,0.0191
141.722,0.000,0,,,,,,GLOBAL,1.000,clear,0,20.7,127,59.944,0,0,-1.000,21.40,3.32,0.0428,0.0080
141.746,0.000,0,,,,,,GLOBAL,1.000,clear,0,20.7,127,59.967,0,0,-1.000,21.40,3.32,0.0387,0.0311
141.778,0.000,0,,,,,,GLOBAL,1.000,clear,0,20.7,127,59.999,0,0,-1.000,21.40,3.32,0.0710,0.0635
141.797,0.000,0,,,,,,GLOBAL,1.000,clear,0,20.7,127,60.019,0,0,-1.000,21.40,3.32,0.0421,0.0169
141.801,0.000,0,,,,,,GLOBAL,1.000,clear,0,20.7,127,60.023,0,0,-1.000,21.40,3.32,0.0460,0.0035
141.821,0.000,0,,,,,,GLOBAL,1.000,clear,0,20.7,127,60.043,0,0,-1.000,21.40,3.32,0.0423,0.0077
141.842,0.000,0,,,,,,GLOBAL,1.000,clear,0,20.7,127,60.063,0,0,-1.000,21.40,3.32,0.0361,0.0066
141.862,0.000,0,,,,,,GLOBAL,1.000,clear,0,20.7,127,60.083,0,0,-1.000,21.40,3.32,0.0310,0.0037
141.882,0.000,0,,,,,,GLOBAL,1.000,clear,0,20.7,127,60.103,0,0,-1.000,21.40,3.32,0.0269,0.0233
141.901,0.000,0,,,,,,GLOBAL,1.000,clear,0,20.7,127,60.123,0,0,-1.000,21.40,3.32,0.0466,0.0148
141.922,0.000,0,,,,,,GLOBAL,1.000,clear,0,20.7,127,60.143,0,0,-1.000,21.40,3.32,0.0430,0.0130
141.943,0.000,0,,,,,,GLOBAL,1.000,clear,0,20.7,127,60.164,0,0,-1.000,21.40,3.32,0.0379,0.0035
141.962,0.000,0,,,,,,GLOBAL,1.000,clear,0,20.7,127,60.183,0,0,-1.000,21.40,3.32,0.0281,0.0021
141.981,0.000,0,,,,,,GLOBAL,1.000,clear,0,20.7,127,60.203,0,0,-1.000,21.40,3.32,0.0270,0.0218
142.001,0.000,0,,,,,,GLOBAL,1.000,clear,0,20.7,127,60.223,0,0,-1.000,21.40,3.32,0.0469,0.0169
142.022,0.000,0,,,,,,GLOBAL,1.000,clear,0,20.7,127,60.243,0,0,-1.000,21.40,3.32,0.0430,0.0073
142.041,0.000,0,,,,,,GLOBAL,1.000,clear,0,20.7,127,60.263,0,0,-1.000,21.40,3.32,0.0373,0.0050
142.062,0.000,0,,,,,,GLOBAL,1.000,clear,0,20.7,127,60.283,0,0,-1.000,21.40,3.32,0.0307,0.0255
142.081,0.000,0,,,,,,GLOBAL,1.000,clear,0,20.7,127,60.303,0,0,-1.000,21.40,3.35,0.0272,0.0155
142.101,0.000,0,,,,,,GLOBAL,1.000,clear,0,20.7,127,60.323,0,0,-1.000,21.40,3.32,0.0473,0.0154
142.121,0.000,0,,,,,,GLOBAL,1.000,clear,0,20.7,127,60.343,0,0,-1.000,21.40,3.32,0.0432,0.0113
142.142,0.000,0,,,,,,GLOBAL,1.000,clear,0,20.7,127,60.364,0,0,-1.000,21.40,3.32,0.0393,0.0096
142.163,0.000,0,,,,,,GLOBAL,1.000,clear,0,20.7,127,60.385,0,0,-1.000,21.40,3.32,0.0296,0.0043
142.182,0.000,0,,,,,,GLOBAL,1.000,clear,0,20.7,127,60.403,0,0,-1.000,21.40,3.32,0.0254,0.0226
142.202,0.000,0,,,,,,GLOBAL,1.000,clear,0,20.7,127,60.423,0,0,-1.000,21.40,3.32,0.0456,0.0198
142.222,0.000,0,,,,,,GLOBAL,1.000,clear,0,20.7,127,60.443,0,0,-1.000,21.40,3.32,0.0439,0.0139
142.244,0.000,0,,,,,,GLOBAL,1.000,clear,0,20.7,127,60.466,0,0,-1.000,21.40,3.32,0.0385,0.0089
142.262,0.000,0,,,,,,GLOBAL,1.000,clear,0,20.7,127,60.483,0,0,-1.000,21.40,3.32,0.0314,0.0027
142.282,0.000,0,,,,,,GLOBAL,1.000,clear,0,20.7,127,60.503,0,0,-1.000,21.40,3.32,0.0513,0.0225
142.301,0.000,0,,,,,,GLOBAL,1.000,clear,0,20.7,127,60.523,0,0,-1.000,21.40,3.32,0.0492,0.0166
142.321,0.000,0,,,,,,GLOBAL,1.000,clear,0,20.7,127,60.543,0,0,-1.000,21.40,3.32,0.0433,0.0124
142.341,0.000,0,,,,,,GLOBAL,1.000,clear,0,20.7,127,60.563,0,0,-1.000,21.40,3.32,0.0396,0.0074
142.363,0.000,0,,,,,,GLOBAL,1.000,clear,0,20.7,127,60.584,0,0,-1.000,21.40,3.32,0.0351,0.0016
142.385,0.000,0,,,,,,GLOBAL,1.000,clear,0,20.7,127,60.606,0,0,-1.000,21.40,3.32,0.0575,0.0240
142.406,0.000,0,,,,,,GLOBAL,1.000,clear,0,20.7,127,60.628,0,0,-1.000,21.40,3.32,0.0523,0.0160
142.421,0.000,0,,,,,,GLOBAL,1.000,clear,0,20.7,127,60.643,0,0,-1.000,21.40,3.32,0.0431,0.0108
142.442,0.000,0,,,,,,GLOBAL,1.000,clear,0,20.7,127,60.664,0,0,-1.000,21.40,3.32,0.0409,0.0116
142.461,0.000,0,,,,,,GLOBAL,1.000,clear,0,20.7,127,60.683,0,0,-1.000,21.40,3.32,0.0326,0.0036
142.482,0.000,0,,,,,,GLOBAL,1.000,clear,0,20.7,127,60.703,0,0,-1.000,21.40,3.32,0.0298,0.0239
142.507,0.000,0,,,,,,GLOBAL,1.000,clear,0,20.7,127,60.728,0,0,-1.000,21.40,3.32,0.0548,0.0226
142.521,0.000,0,,,,,,GLOBAL,1.000,clear,0,20.7,127,60.743,0,0,-1.000,21.40,3.32,0.0444,0.0139
142.541,0.000,0,,,,,,GLOBAL,1.000,clear,0,20.7,127,60.763,0,0,-1.000,21.40,3.32,0.0404,0.0044
142.561,0.000,0,,,,,,GLOBAL,1.000,clear,0,20.7,127,60.783,0,0,-1.000,21.40,3.32,0.0347,0.0064
142.589,0.000,0,,,,,,GLOBAL,1.000,clear,0,20.7,127,60.810,0,0,-1.000,21.40,3.32,0.0622,0.0339
142.604,0.000,0,,,,,,GLOBAL,1.000,clear,0,20.7,127,60.825,0,0,-1.000,21.40,3.35,0.0233,0.0136
142.621,0.000,0,,,,,,GLOBAL,1.000,clear,0,20.7,127,60.843,0,0,-1.000,21.40,3.32,0.0410,0.0167
142.641,0.000,0,,,,,,GLOBAL,1.000,clear,0,20.7,127,60.863,0,0,-1.000,21.40,3.32,0.0407,0.0109
142.661,0.000,0,,,,,,GLOBAL,1.000,clear,0,20.7,127,60.883,0,0,-1.000,21.40,3.32,0.0348,0.0073
142.681,0.000,0,,,,,,GLOBAL,1.000,clear,0,20.7,127,60.903,0,0,-1.000,21.40,3.32,0.0310,0.0010
142.702,0.000,0,,,,,,GLOBAL,1.000,clear,0,20.7,127,60.923,0,0,-1.000,21.40,3.32,0.0253,0.0210
142.721,0.000,0,,,,,,GLOBAL,1.000,clear,0,20.7,127,60.943,0,0,-1.000,21.40,3.32,0.0450,0.0148
142.741,0.000,0,,,,,,GLOBAL,1.000,clear,0,20.7,127,60.963,0,0,-1.000,21.40,3.32,0.0409,0.0088
142.762,0.000,0,,,,,,GLOBAL,1.000,clear,0,20.7,127,60.983,0,0,-1.000,21.40,3.32,0.0352,0.0068
142.781,0.000,0,,,,,,GLOBAL,1.000,clear,0,20.7,127,61.003,0,0,-1.000,21.40,3.32,0.0308,0.0023
142.801,0.000,0,,,,,,GLOBAL,1.000,clear,0,20.7,127,61.023,0,0,-1.000,21.40,3.32,0.0251,0.0224
142.821,0.000,0,,,,,,GLOBAL,1.000,clear,0,20.7,127,61.043,0,0,-1.000,21.40,3.32,0.0450,0.0170
142.841,0.000,0,,,,,,GLOBAL,1.000,clear,0,20.7,127,61.063,0,0,-1.000,21.40,3.32,0.0411,0.0093
142.862,0.000,0,,,,,,GLOBAL,1.000,clear,0,20.7,127,61.084,0,0,-1.000,21.40,3.32,0.0363,0.0079
142.882,0.000,0,,,,,,GLOBAL,1.000,clear,0,20.7,127,61.103,0,0,-1.000,21.40,3.32,0.0315,0.0022
142.902,0.000,0,,,,,,GLOBAL,1.000,clear,0,20.7,127,61.123,0,0,-1.000,21.40,3.32,0.0519,0.0227
142.921,0.000,0,,,,,,GLOBAL,1.000,clear,0,20.7,127,61.143,0,0,-1.000,21.40,3.32,0.0454,0.0161
142.941,0.000,0,,,,,,GLOBAL,1.000,clear,0,20.7,127,61.163,0,0,-1.000,21.40,3.32,0.0399,0.0129
142.962,0.000,0,,,,,,GLOBAL,1.000,clear,0,20.7,127,61.183,0,0,-1.000,21.40,3.32,0.0360,0.0071
142.981,0.000,0,,,,,,GLOBAL,1.000,clear,0,20.7,127,61.203,0,0,-1.000,21.40,3.32,0.0314,0.0012
143.001,0.000,0,,,,,,GLOBAL,1.000,clear,0,20.7,127,61.223,0,0,-1.000,21.40,3.32,0.0258,0.0212
143.021,0.000,0,,,,,,GLOBAL,1.000,clear,0,20.7,127,61.243,0,0,-1.000,21.40,3.32,0.0458,0.0186
143.042,0.000,0,,,,,,GLOBAL,1.000,clear,0,20.7,127,61.263,0,0,-1.000,21.40,3.32,0.0422,0.0130
143.062,0.000,0,,,,,,GLOBAL,1.000,clear,0,20.7,127,61.284,0,0,-1.000,21.40,3.32,0.0384,0.0061
143.081,0.000,0,,,,,,GLOBAL,1.000,clear,0,20.7,127,61.303,0,0,-1.000,21.40,3.32,0.0318,0.0022
143.101,0.000,0,,,,,,GLOBAL,1.000,clear,0,20.7,127,61.323,0,0,-1.000,21.40,3.32,0.0277,0.0222
143.121,0.000,0,,,,,,GLOBAL,1.000,clear,0,20.7,127,61.343,0,0,-1.000,21.40,3.32,0.0476,0.0155
143.141,0.000,0,,,,,,GLOBAL,1.000,clear,0,20.7,127,61.363,0,0,-1.000,21.40,3.32,0.0420,0.0139
143.162,0.000,0,,,,,,GLOBAL,1.000,clear,0,20.7,127,61.384,0,0,-1.000,21.40,3.32,0.0388,0.0061
143.181,0.000,0,,,,,,GLOBAL,1.000,clear,0,20.7,127,61.403,0,0,-1.000,21.40,3.32,0.0318,0.0038
143.201,0.000,0,,,,,,GLOBAL,1.000,clear,0,20.7,127,61.423,0,0,-1.000,21.40,3.32,0.0277,0.0238
143.221,0.000,0,,,,,,GLOBAL,1.000,clear,0,20.7,127,61.443,0,0,-1.000,21.40,3.32,0.0477,0.0184
143.241,0.000,0,,,,,,GLOBAL,1.000,clear,0,20.7,127,61.463,0,0,-1.000,21.40,3.32,0.0424,0.0139
143.264,0.000,0,,,,,,GLOBAL,1.000,clear,0,20.7,127,61.486,0,0,-1.000,21.40,3.32,0.0412,0.0112
143.281,0.000,0,,,,,,GLOBAL,1.000,clear,0,20.7,127,61.503,0,0,-1.000,21.40,3.32,0.0326,0.0054
143.302,0.000,0,,,,,,GLOBAL,1.000,clear,0,20.7,127,61.523,0,0,-1.000,21.40,3.32,0.0533,0.0261
143.321,0.000,0,,,,,,GLOBAL,1.000,clear,0,20.7,127,61.543,0,0,-1.000,21.40,3.32,0.0487,0.0182
143.342,0.000,0,,,,,,GLOBAL,1.000,clear,0,20.7,127,61.563,0,0,-1.000,21.40,3.32,0.0432,0.0135
143.361,0.000,0,,,,,,GLOBAL,1.000,clear,0,20.7,127,61.583,0,0,-1.000,21.40,3.32,0.0372,0.0087
143.381,0.000,0,,,,,,GLOBAL,1.000,clear,0,20.7,127,61.603,0,0,-1.000,21.40,3.32,0.0329,0.0056
143.401,0.000,0,,,,,,GLOBAL,1.000,clear,0,20.7,127,61.623,0,0,-1.000,21.40,3.32,0.0288,0.0255
143.421,0.000,0,,,,,,GLOBAL,1.000,clear,0,20.7,127,61.643,0,0,-1.000,21.40,3.32,0.0488,0.0191
143.441,0.000,0,,,,,,GLOBAL,1.000,clear,0,20.7,127,61.663,0,0,-1.000,21.40,3.32,0.0429,0.0150
143.461,0.000,0,,,,,,GLOBAL,1.000,clear,0,20.7,127,61.683,0,0,-1.000,21.40,3.32,0.0373,0.0102
143.481,0.000,0,,,,,,GLOBAL,1.000,clear,0,20.7,127,61.703,0,0,-1.000,21.40,3.32,0.0314,0.0053
143.501,0.000,0,,,,,,GLOBAL,1.000,clear,0,20.7,127,61.723,0,0,-1.000,21.40,3.32,0.0292,0.0253
143.521,0.000,0,,,,,,GLOBAL,1.000,clear,0,20.7,127,61.743,0,0,-1.000,21.40,3.32,0.0490,0.0186
143.542,0.000,0,,,,,,GLOBAL,1.000,clear,0,20.7,127,61.763,0,0,-1.000,21.40,3.32,0.0439,0.0154
143.561,0.000,0,,,,,,GLOBAL,1.000,clear,0,20.7,127,61.783,0,0,-1.000,21.40,3.32,0.0376,0.0104
143.582,0.000,0,,,,,,GLOBAL,1.000,clear,0,20.7,127,61.803,0,0,-1.000,21.40,3.32,0.0340,0.0033
143.601,0.000,0,,,,,,GLOBAL,1.000,clear,0,20.7,127,61.823,0,0,-1.000,21.40,3.32,0.0280,0.0231
143.621,0.000,0,,,,,,GLOBAL,1.000,clear,0,20.7,127,61.843,0,0,-1.000,21.40,3.32,0.0478,0.0174
143.641,0.000,0,,,,,,GLOBAL,1.000,clear,0,20.7,127,61.863,0,0,-1.000,21.40,3.32,0.0434,0.0153
143.661,0.000,0,,,,,,GLOBAL,1.000,clear,0,20.7,127,61.883,0,0,-1.000,21.40,3.32,0.0377,0.0102
143.681,0.000,0,,,,,,GLOBAL,1.000,clear,0,20.7,127,61.903,0,0,-1.000,21.40,3.32,0.0339,0.0070
143.701,0.000,0,,,,,,GLOBAL,1.000,clear,0,20.7,127,61.923,0,0,-1.000,21.40,3.32,0.0283,0.0007
143.721,0.000,0,,,,,,GLOBAL,1.000,clear,0,20.7,127,61.943,0,0,-1.000,21.40,3.32,0.0481,0.0205
143.741,0.000,0,,,,,,GLOBAL,1.000,clear,0,20.7,127,61.963,0,0,-1.000,21.40,3.32,0.0431,0.0151
143.762,0.000,0,,,,,,GLOBAL,1.000,clear,0,20.7,127,61.983,0,0,-1.000,21.40,3.32,0.0386,0.0130
143.782,0.000,0,,,,,,GLOBAL,1.000,clear,0,20.7,127,62.003,0,0,-1.000,21.40,3.32,0.0351,0.0078
143.801,0.000,0,,,,,,GLOBAL,1.000,clear,0,20.7,127,62.023,0,0,-1.000,21.40,3.32,0.0300,0.0027
143.821,0.000,0,,,,,,GLOBAL,1.000,clear,0,20.7,127,62.043,0,0,-1.000,21.40,3.32,0.0500,0.0227
143.841,0.000,0,,,,,,GLOBAL,1.000,clear,0,20.7,127,62.063,0,0,-1.000,21.40,3.32,0.0456,0.0170
143.862,0.000,0,,,,,,GLOBAL,1.000,clear,0,20.7,127,62.083,0,0,-1.000,21.40,3.32,0.0403,0.0125
143.881,0.000,0,,,,,,GLOBAL,1.000,clear,0,20.7,127,62.103,0,0,-1.000,21.40,3.32,0.0360,0.0075
143.902,0.000,0,,,,,,GLOBAL,1.000,clear,0,20.7,127,62.123,0,0,-1.000,21.40,3.32,0.0307,0.0009
143.924,0.000,0,,,,,,GLOBAL,1.000,clear,0,20.7,127,62.145,0,0,-1.000,21.40,3.32,0.0282,0.0227
143.941,0.000,0,,,,,,GLOBAL,1.000,clear,0,20.7,127,62.163,0,0,-1.000,21.40,3.32,0.0459,0.0156
143.963,0.000,0,,,,,,GLOBAL,1.000,clear,0,20.7,127,62.184,0,0,-1.000,21.40,3.32,0.0418,0.0112
143.982,0.000,0,,,,,,GLOBAL,1.000,clear,0,20.7,127,62.203,0,0,-1.000,21.40,3.32,0.0365,0.0034
144.001,0.000,0,,,,,,GLOBAL,1.000,clear,0,20.7,127,62.223,0,0,-1.000,21.40,3.32,0.0301,0.0030
144.021,0.000,0,,,,,,GLOBAL,1.000,clear,0,20.7,127,62.243,0,0,-1.000,21.40,3.32,0.0501,0.0230
144.041,0.000,0,,,,,,GLOBAL,1.000,clear,0,20.7,127,62.263,0,0,-1.000,21.40,3.32,0.0464,0.0124
144.061,0.000,0,,,,,,GLOBAL,1.000,clear,0,20.7,127,62.283,0,0,-1.000,21.40,3.32,0.0395,0.0137
144.081,0.000,0,,,,,,GLOBAL,1.000,clear,0,20.7,127,62.303,0,0,-1.000,21.40,3.32,0.0367,0.0075
144.101,0.000,0,,,,,,GLOBAL,1.000,clear,0,20.7,127,62.323,0,0,-1.000,21.40,3.32,0.0302,0.0037
144.122,0.000,0,,,,,,GLOBAL,1.000,clear,0,20.7,127,62.344,0,0,-1.000,21.40,3.32,0.0276,0.0246
144.141,0.000,0,,,,,,GLOBAL,1.000,clear,0,20.7,127,62.363,0,0,-1.000,21.40,3.32,0.0466,0.0159
144.161,0.000,0,,,,,,GLOBAL,1.000,clear,0,20.7,127,62.383,0,0,-1.000,21.40,3.32,0.0411,0.0095
144.182,0.000,0,,,,,,GLOBAL,1.000,clear,0,20.7,127,62.403,0,0,-1.000,21.40,3.32,0.0371,0.0052
144.202,0.000,0,,,,,,GLOBAL,1.000,clear,0,20.7,127,62.423,0,0,-1.000,21.40,3.32,0.0315,0.0017
144.221,0.000,0,,,,,,GLOBAL,1.000,clear,0,20.7,127,62.443,0,0,-1.000,21.40,3.32,0.0271,0.0213
144.241,0.000,0,,,,,,GLOBAL,1.000,clear,0,20.7,127,62.463,0,0,-1.000,21.40,3.32,0.0471,0.0159
144.261,0.000,0,,,,,,GLOBAL,1.000,clear,0,20.7,127,62.483,0,0,-1.000,21.40,3.32,0.0415,0.0138
144.281,0.000,0,,,,,,GLOBAL,1.000,clear,0,20.7,127,62.503,0,0,-1.000,21.40,3.32,0.0374,0.0085
144.301,0.000,0,,,,,,GLOBAL,1.000,clear,0,20.7,127,62.523,0,0,-1.000,21.40,3.32,0.0315,0.0048
144.322,0.000,0,,,,,,GLOBAL,1.000,clear,0,20.7,127,62.543,0,0,-1.000,21.40,3.32,0.0276,0.0251
144.341,0.000,0,,,,,,GLOBAL,1.000,clear,0,20.7,127,62.563,0,0,-1.000,21.40,3.32,0.0474,0.0164
144.362,0.000,0,,,,,,GLOBAL,1.000,clear,0,20.7,127,62.583,0,0,-1.000,21.40,3.35,0.0420,0.0141
144.381,0.000,0,,,,,,GLOBAL,1.000,clear,0,20.7,127,62.603,0,0,-1.000,21.40,3.32,0.0373,0.0075
144.440,0.000,0,,,,,,GLOBAL,1.000,clear,0,20.7,127,62.662,0,0,-1.000,21.40,3.32,0.0693,0.0418
144.443,0.000,0,,,,,,GLOBAL,1.000,clear,0,20.7,127,62.665,0,0,-1.000,21.40,3.32,0.0497,0.0018
144.462,0.000,0,,,,,,GLOBAL,1.000,clear,0,20.7,127,62.684,0,0,-1.000,21.40,3.32,0.0444,0.0097
144.481,0.000,0,,,,,,GLOBAL,1.000,clear,0,20.7,127,62.703,0,0,-1.000,21.40,3.32,0.0358,0.0079
144.501,0.000,0,,,,,,GLOBAL,1.000,clear,0,20.7,127,62.723,0,0,-1.000,21.40,3.32,0.0335,0.0042
144.521,0.000,0,,,,,,GLOBAL,1.000,clear,0,20.7,127,62.743,0,0,-1.000,21.40,3.32,0.0279,0.0243
144.541,0.000,0,,,,,,GLOBAL,1.000,clear,0,20.7,127,62.763,0,0,-1.000,21.40,3.32,0.0478,0.0192
144.562,0.000,0,,,,,,GLOBAL,1.000,clear,0,20.7,127,62.783,0,0,-1.000,21.40,3.32,0.0435,0.0152
144.581,0.000,0,,,,,,GLOBAL,1.000,clear,0,20.7,127,62.803,0,0,-1.000,21.40,3.32,0.0372,0.0107
144.601,0.000,0,,,,,,GLOBAL,1.000,clear,0,20.7,127,62.823,0,0,-1.000,21.40,3.32,0.0339,0.0038
144.621,0.000,0,,,,,,GLOBAL,1.000,clear,0,20.7,127,62.843,0,0,-1.000,21.40,3.32,0.0275,0.0010
144.641,0.000,0,,,,,,GLOBAL,1.000,clear,0,20.7,127,62.863,0,0,-1.000,21.40,3.32,0.0474,0.0209
144.661,0.000,0,,,,,,GLOBAL,1.000,clear,0,20.7,127,62.883,0,0,-1.000,21.40,3.32,0.0440,0.0137
144.681,0.000,0,,,,,,GLOBAL,1.000,clear,0,20.7,127,62.903,0,0,-1.000,21.40,3.32,0.0368,0.0116
144.701,0.000,0,,,,,,GLOBAL,1.000,clear,0,20.7,127,62.923,0,0,-1.000,21.40,3.32,0.0343,0.0048
144.722,0.000,0,,,,,,GLOBAL,1.000,clear,0,20.7,127,62.943,0,0,-1.000,21.40,3.32,0.0278,0.0010
144.741,0.000,0,,,,,,GLOBAL,1.000,clear,0,20.7,127,62.963,0,0,-1.000,21.40,3.35,0.0473,0.0204
144.762,0.000,0,,,,,,GLOBAL,1.000,clear,0,20.7,127,62.983,0,0,-1.000,21.40,3.35,0.0445,0.0106
144.781,0.000,0,,,,,,GLOBAL,1.000,clear,0,20.7,127,63.003,0,0,-1.000,21.40,3.32,0.0374,0.0068
144.801,0.000,0,,,,,,GLOBAL,1.000,clear,0,20.7,127,63.023,0,0,-1.000,21.40,3.32,0.0347,0.0058
144.821,0.000,0,,,,,,GLOBAL,1.000,clear,0,20.7,127,63.043,0,0,-1.000,21.40,3.32,0.0270,0.0016
144.841,0.000,0,,,,,,GLOBAL,1.000,clear,0,20.7,127,63.063,0,0,-1.000,21.40,3.32,0.0470,0.0216
144.862,0.000,0,,,,,,GLOBAL,1.000,clear,0,20.7,127,63.083,0,0,-1.000,21.40,3.32,0.0450,0.0167
144.881,0.000,0,,,,,,GLOBAL,1.000,clear,0,20.7,127,63.103,0,0,-1.000,21.40,3.32,0.0375,0.0109
144.902,0.000,0,,,,,,GLOBAL,1.000,clear,0,20.7,127,63.124,0,0,-1.000,21.40,3.32,0.0359,0.0048
144.922,0.000,0,,,,,,GLOBAL,1.000,clear,0,20.7,127,63.143,0,0,-1.000,21.40,3.32,0.0280,0.0021
144.941,0.000,0,,,,,,GLOBAL,1.000,clear,0,20.7,127,63.163,0,0,-1.000,21.40,3.32,0.0476,0.0216
144.962,0.000,0,,,,,,GLOBAL,1.000,clear,0,20.7,127,63.183,0,0,-1.000,21.40,3.32,0.0453,0.0144
144.981,0.000,0,,,,,,GLOBAL,1.000,clear,0,20.7,127,63.203,0,0,-1.000,21.40,3.32,0.0394,0.0112
145.001,0.000,0,,,,,,GLOBAL,1.000,clear,0,20.7,127,63.223,0,0,-1.000,21.40,3.32,0.0351,0.0066
145.021,0.000,0,,,,,,GLOBAL,1.000,clear,0,20.7,127,63.243,0,0,-1.000,21.40,3.32,0.0280,0.0020
145.042,0.000,0,,,,,,GLOBAL,1.000,clear,0,20.7,127,63.263,0,0,-1.000,21.40,3.32,0.0483,0.0223
145.061,0.000,0,,,,,,GLOBAL,1.000,clear,0,20.7,127,63.283,0,0,-1.000,21.40,3.32,0.0452,0.0139
145.081,0.000,0,,,,,,GLOBAL,1.000,clear,0,20.7,127,63.303,0,0,-1.000,21.40,3.32,0.0376,0.0117
145.101,0.000,0,,,,,,GLOBAL,1.000,clear,0,20.7,127,63.323,0,0,-1.000,21.40,3.32,0.0344,0.0072
145.122,0.000,0,,,,,,GLOBAL,1.000,clear,0,20.7,127,63.343,0,0,-1.000,21.40,3.32,0.0289,0.0009
145.142,0.000,0,,,,,,GLOBAL,1.000,clear,0,20.7,127,63.363,0,0,-1.000,21.40,3.32,0.0485,0.0205
145.161,0.000,0,,,,,,GLOBAL,1.000,clear,0,20.7,127,63.383,0,0,-1.000,21.40,3.32,0.0456,0.0153
145.181,0.000,0,,,,,,GLOBAL,1.000,clear,0,20.7,127,63.403,0,0,-1.000,21.40,3.32,0.0379,0.0129
145.201,0.000,0,,,,,,GLOBAL,1.000,clear,0,20.7,127,63.423,0,0,-1.000,21.40,3.32,0.0359,0.0071
145.221,0.000,0,,,,,,GLOBAL,1.000,clear,0,20.7,127,63.443,0,0,-1.000,21.40,3.32,0.0284,0.0027
145.242,0.000,0,,,,,,GLOBAL,1.000,clear,0,20.7,127,63.464,0,0,-1.000,21.40,3.32,0.0268,0.0233
145.261,0.000,0,,,,,,GLOBAL,1.000,clear,0,20.7,127,63.483,0,0,-1.000,21.40,3.32,0.0460,0.0175
145.281,0.000,0,,,,,,GLOBAL,1.000,clear,0,20.7,127,63.503,0,0,-1.000,21.40,3.32,0.0404,0.0132
145.301,0.000,0,,,,,,GLOBAL,1.000,clear,0,20.7,127,63.523,0,0,-1.000,21.40,3.32,0.0358,0.0016
145.322,0.000,0,,,,,,GLOBAL,1.000,clear,0,20.7,127,63.543,0,0,-1.000,21.40,3.32,0.0296,0.0008
145.343,0.000,0,,,,,,GLOBAL,1.000,clear,0,20.7,127,63.564,0,0,-1.000,21.40,3.32,0.0278,0.0218
145.361,0.000,0,,,,,,GLOBAL,1.000,clear,0,20.7,127,63.583,0,0,-1.000,21.40,3.32,0.0465,0.0168
145.381,-0.025,0,,,,,,GLOBAL,1.000,clear,0,20.7,127,63.603,0,0,-1.000,21.40,3.32,0.0406,0.0104
145.401,-0.038,0,,,,,,GLOBAL,1.000,clear,0,20.7,127,63.623,0,0,-1.000,21.40,3.32,0.0366,0.0081
145.422,-0.054,0,,,,,,GLOBAL,1.000,clear,0,20.7,127,63.643,0,0,-1.000,21.40,3.32,0.0311,0.0041
145.442,-0.021,0,,,,,,GLOBAL,1.000,clear,0,20.7,127,63.663,0,0,-1.000,21.40,3.32,0.0271,0.0243
145.461,-0.017,0,,,,,,GLOBAL,1.000,clear,0,20.7,127,63.683,0,0,-1.000,21.40,3.32,0.0468,0.0182
145.482,-0.023,0,,,,,,GLOBAL,1.000,clear,0,20.7,127,63.703,0,0,-1.000,21.40,3.32,0.0413,0.0146
145.501,-0.023,0,,,,,,GLOBAL,1.000,clear,0,20.7,127,63.723,0,0,-1.000,21.40,3.32,0.0368,0.0076
145.521,-0.022,0,,,,,,GLOBAL,1.000,clear,0,20.7,127,63.743,0,0,-1.000,21.40,3.32,0.0310,0.0023
145.541,-0.016,0,,,,,,GLOBAL,1.000,clear,0,20.7,127,63.763,0,0,-1.000,21.40,3.32,0.0269,0.0222
145.562,-0.028,0,,,,,,GLOBAL,1.000,clear,0,20.7,127,63.784,0,0,-1.000,21.40,3.32,0.0478,0.0195
145.582,-0.057,0,,,,,,GLOBAL,1.000,clear,0,20.7,127,63.803,0,0,-1.000,21.40,3.32,0.0415,0.0148
145.601,-0.086,0,,,,,,GLOBAL,1.000,clear,0,20.7,127,63.823,0,0,-1.000,21.40,3.32,0.0370,0.0031
145.621,-0.101,0,,,,,,GLOBAL,1.000,clear,0,20.7,127,63.843,0,0,-1.000,21.40,3.32,0.0299,0.0013
145.641,-0.113,0,,,,,,GLOBAL,1.000,clear,0,20.7,127,63.863,0,0,-1.000,21.40,3.35,0.0271,0.0213
145.661,-0.023,0,,,,,,GLOBAL,1.000,clear,0,20.7,127,63.883,0,0,-1.000,21.40,3.35,0.0471,0.0139
145.681,-0.084,0,,,,,,GLOBAL,1.000,clear,0,20.7,127,63.903,0,0,-1.000,21.40,3.35,0.0416,0.0119
145.702,-0.123,0,,,,,,GLOBAL,1.000,clear,0,20.7,127,63.923,0,0,-1.000,21.40,3.35,0.0365,0.0064
145.722,-0.123,0,,,,,,GLOBAL,1.000,clear,0,20.7,127,63.943,0,0,-1.000,21.40,3.35,0.0303,0.0009
145.741,-0.146,0,,,,,,GLOBAL,1.000,clear,0,20.7,127,63.963,0,0,-1.000,21.40,3.35,0.0271,0.0208
145.761,-0.195,0,,,,,,GLOBAL,1.000,clear,0,20.7,127,63.983,0,0,-1.000,21.40,3.35,0.0470,0.0193
145.781,-0.185,0,,,,,,GLOBAL,1.000,clear,0,20.7,127,64.003,0,0,-1.000,21.40,3.35,0.0410,0.0147
145.801,-0.232,0,,,,,,GLOBAL,1.000,clear,0,20.7,127,64.023,0,0,-1.000,21.40,3.35,0.0361,0.0074
145.822,-0.235,0,,,,,,GLOBAL,1.000,clear,0,20.7,127,64.043,0,0,-1.000,21.40,3.35,0.0306,0.0009
145.841,-0.258,0,,,,,,GLOBAL,1.000,clear,0,20.7,127,64.063,0,0,-1.000,21.40,3.35,0.0272,0.0207
145.862,-0.278,0,,,,,,GLOBAL,1.000,clear,0,20.7,127,64.083,0,0,-1.000,21.40,3.35,0.0476,0.0167
145.881,-0.295,0,,,,,,GLOBAL,1.000,clear,0,20.7,127,64.103,0,0,-1.000,21.40,3.35,0.0413,0.0144
145.901,-0.307,0,,,,,,GLOBAL,1.000,clear,0,20.7,127,64.123,0,0,-1.000,21.40,3.35,0.0367,0.0069
145.921,-0.346,0,,,,,,GLOBAL,1.000,clear,0,20.7,127,64.143,0,0,-1.000,21.40,3.37,0.0299,0.0056
145.942,-0.339,0,,,,,,GLOBAL,1.000,clear,0,20.7,127,64.163,0,0,-1.000,21.40,3.37,0.0282,0.0259
145.961,-0.381,0,,,,,,GLOBAL,1.000,clear,0,20.7,127,64.183,0,0,-1.000,21.40,3.37,0.0479,0.0194
145.981,-0.407,0,,,,,,GLOBAL,1.000,clear,0,20.7,127,64.203,0,0,-1.000,21.40,3.37,0.0425,0.0150
146.001,-0.414,0,,,,,,GLOBAL,1.000,clear,0,20.7,127,64.223,0,0,-1.000,21.40,3.37,0.0373,0.0073
146.021,-0.438,0,,,,,,GLOBAL,1.000,clear,0,20.7,127,64.243,0,0,-1.000,21.40,3.37,0.0304,0.0043
146.041,-0.470,0,,,,,,GLOBAL,1.000,clear,0,20.7,127,64.263,0,0,-1.000,21.40,3.37,0.0272,0.0245
146.061,-0.508,0,,,,,,GLOBAL,1.000,clear,0,20.7,127,64.283,0,0,-1.000,21.40,3.37,0.0470,0.0172
146.081,-0.535,0,,,,,,GLOBAL,1.000,clear,0,20.7,127,64.303,0,0,-1.000,21.40,3.37,0.0428,0.0147
146.101,-0.566,0,,,,,,GLOBAL,1.000,clear,0,20.7,127,64.323,0,0,-1.000,21.40,3.37,0.0371,0.0097
146.121,-0.586,0,,,,,,GLOBAL,1.000,clear,0,20.7,127,64.343,0,0,-1.000,21.40,3.37,0.0311,0.0058
146.141,-0.607,0,,,,,,GLOBAL,1.000,clear,0,20.7,127,64.363,0,0,-1.000,21.40,3.37,0.0258,0.0258
146.162,-0.628,0,,,,,,GLOBAL,1.000,clear,0,20.7,127,64.383,0,0,-1.000,21.40,3.39,0.0461,0.0195
146.181,-0.646,0,,,,,,GLOBAL,1.000,clear,0,20.7,127,64.403,0,0,-1.000,21.40,3.39,0.0421,0.0127
146.202,-0.664,0,,,,,,GLOBAL,1.000,clear,0,20.7,127,64.423,0,0,-1.000,21.40,3.39,0.0375,0.0072
146.222,-0.677,0,,,,,,GLOBAL,1.000,clear,0,20.7,127,64.443,0,0,-1.000,21.40,3.39,0.0336,0.0052
146.242,-0.693,0,,,,,,GLOBAL,1.000,clear,0,20.7,127,64.463,0,0,-1.000,21.40,3.41,0.0278,0.0253
146.261,-0.710,0,,,,,,GLOBAL,1.000,clear,0,20.7,127,64.483,0,0,-1.000,21.40,3.41,0.0473,0.0165
146.281,-0.754,0,,,,,,GLOBAL,1.000,clear,0,20.7,127,64.503,0,0,-1.000,21.40,3.41,0.0434,0.0129
146.301,-0.772,0,,,,,,GLOBAL,1.000,clear,0,20.7,127,64.523,0,0,-1.000,21.40,3.44,0.0378,0.0104
146.321,-0.773,0,,,,,,GLOBAL,1.000,clear,0,20.7,127,64.543,0,0,-1.000,21.40,3.44,0.0335,0.0061
146.342,-0.782,0,,,,,,GLOBAL,1.000,clear,0,20.7,127,64.563,0,0,-1.000,21.40,3.44,0.0280,0.0264
146.361,-0.823,0,,,,,,GLOBAL,1.000,clear,0,20.7,127,64.583,0,0,-1.000,20.25,3.46,0.0476,0.0182
146.381,-0.822,0,,,,,,GLOBAL,1.000,clear,0,20.7,127,64.603,0,0,-1.000,20.25,3.46,0.0431,0.0131
146.401,-0.821,0,,,,,,GLOBAL,1.000,clear,0,20.7,127,64.623,0,0,-1.000,18.74,3.46,0.0381,0.0072
146.422,-0.840,0,,,,,,GLOBAL,1.000,clear,0,20.7,127,64.643,0,0,-1.000,18.24,3.46,0.0343,0.0022
146.442,-0.849,0,,,,,,GLOBAL,1.000,clear,0,20.7,127,64.663,0,0,-1.000,18.24,3.46,0.0274,0.0221
146.462,-0.850,0,,,,,,GLOBAL,1.000,clear,0,20.7,127,64.683,0,0,-1.000,17.06,3.48,0.0473,0.0170
146.481,-0.872,0,,,,,,GLOBAL,1.000,clear,0,20.7,127,64.703,0,0,-1.000,16.95,3.48,0.0441,0.0129
146.501,-0.872,0,,,,,,GLOBAL,1.000,clear,0,20.7,127,64.723,0,0,-1.000,16.95,3.48,0.0367,0.0109
146.521,-0.859,0,,,,,,GLOBAL,1.000,clear,0,20.7,127,64.743,0,0,-1.000,15.49,3.51,0.0341,0.0040
146.541,-0.893,0,,,,,,GLOBAL,1.000,clear,0,20.7,127,64.763,0,0,-1.000,15.42,3.51,0.0268,0.0006
146.561,-0.883,0,,,,,,GLOBAL,1.000,clear,0,20.7,127,64.783,0,0,-1.000,15.42,3.51,0.0468,0.0206
146.581,-0.871,0,,,,,,GLOBAL,1.000,clear,0,20.7,127,64.803,0,0,-1.000,14.28,3.53,0.0441,0.0134
146.601,-0.899,0,,,,,,GLOBAL,1.000,clear,0,20.7,127,64.823,0,0,-1.000,14.28,3.53,0.0369,0.0076
146.622,-0.933,0,,,,,,GLOBAL,1.000,clear,0,20.7,127,64.843,0,0,-1.000,14.31,3.53,0.0347,0.0036
146.641,-0.932,0,,,,,,GLOBAL,1.000,clear,0,20.7,127,64.863,0,0,-1.000,12.85,3.55,0.0269,0.0006
146.661,-0.918,0,,,,,,GLOBAL,1.000,clear,0,20.7,127,64.883,0,0,-1.000,12.48,3.55,0.0470,0.0206
146.681,-0.913,0,,,,,,GLOBAL,1.000,clear,0,20.7,127,64.903,0,0,-1.000,12.48,3.55,0.0444,0.0146
146.701,-0.902,0,,,,,,GLOBAL,1.000,clear,0,20.7,127,64.923,0,0,-1.000,12.50,3.57,0.0367,0.0093
146.721,-0.895,0,,,,,,GLOBAL,1.000,clear,0,20.7,127,64.943,0,0,-1.000,11.76,3.57,0.0346,0.0063
146.741,-0.895,0,,,,,,GLOBAL,1.000,clear,0,20.7,127,64.963,0,0,-1.000,11.76,3.57,0.0273,0.0018
146.762,-0.900,0,,,,,,GLOBAL,1.000,clear,0,20.7,127,64.983,0,0,-1.000,10.45,3.57,0.0477,0.0222
146.782,-0.895,0,,,,,,GLOBAL,1.000,clear,0,20.7,127,65.003,0,0,-1.000,9.15,3.57,0.0455,0.0102
146.801,-0.899,0,,,,,,GLOBAL,1.000,clear,0,20.7,127,65.023,0,0,-1.000,9.15,3.57,0.0393,0.0125
146.821,-0.905,0,,,,,,GLOBAL,1.000,clear,0,20.7,127,65.043,0,0,-1.000,8.73,3.59,0.0350,0.0066
146.841,-0.907,0,,,,,,GLOBAL,1.000,clear,0,20.7,127,65.063,0,0,-1.000,8.69,3.59,0.0294,0.0013
146.861,-0.915,0,,,,,,GLOBAL,1.000,clear,0,20.7,127,65.083,0,0,-1.000,8.69,3.59,0.0495,0.0213
146.881,-0.915,0,,,,,,GLOBAL,1.000,clear,0,20.7,127,65.103,0,0,-1.000,8.31,3.62,0.0455,0.0157
146.901,-0.915,0,,,,,,GLOBAL,1.000,clear,0,20.7,127,65.123,0,0,-1.000,8.31,3.62,0.0381,0.0107
146.921,-0.902,0,,,,,,GLOBAL,1.000,clear,0,20.7,127,65.143,0,0,-1.000,7.37,3.62,0.0354,0.0063
146.941,-0.894,0,,,,,,GLOBAL,1.000,clear,0,20.7,127,65.163,0,0,-1.000,6.72,3.64,0.0279,0.0012
146.962,-0.884,0,,,,,,GLOBAL,1.000,clear,0,20.7,127,65.183,0,0,-1.000,5.88,3.64,0.0481,0.0214
146.981,-0.882,0,,,,,,GLOBAL,1.000,clear,0,20.7,127,65.203,0,0,-1.000,5.88,3.64,0.0457,0.0169
147.001,-0.890,0,,,,,,GLOBAL,1.000,clear,0,20.7,127,65.223,0,0,-1.000,6.02,3.64,0.0399,0.0085
147.021,-0.887,0,,,,,,GLOBAL,1.000,clear,0,20.7,127,65.243,0,0,-1.000,5.48,3.66,0.0359,0.0017
147.042,-0.887,0,,,,,,GLOBAL,1.000,clear,0,20.7,127,65.263,0,0,-1.000,5.48,3.66,0.0304,0.0010
147.063,-0.886,0,,,,,,GLOBAL,1.000,clear,0,20.7,127,65.285,0,0,-1.000,5.20,3.68,0.0266,0.0228
147.081,-0.886,0,,,,,,GLOBAL,1.000,clear,0,20.7,127,65.303,0,0,-1.000,5.21,3.68,0.0445,0.0169
147.102,-0.869,0,,,,,,GLOBAL,1.000,clear,0,20.7,127,65.323,0,0,-1.000,5.21,3.68,0.0404,0.0087
147.122,-0.865,0,,,,,,GLOBAL,1.000,clear,0,20.7,127,65.343,0,0,-1.000,4.52,3.70,0.0347,0.0066
147.141,-0.866,0,,,,,,GLOBAL,1.000,clear,0,20.7,127,65.363,0,0,-1.000,4.46,3.70,0.0279,0.0263
147.162,-0.857,0,,,,,,GLOBAL,1.000,clear,0,20.7,127,65.384,0,0,-1.000,4.46,3.70,0.0488,0.0205
147.189,-0.857,0,,,,,,GLOBAL,1.000,clear,0,20.7,127,65.410,0,0,-1.000,4.17,3.70,0.0515,0.0213
147.211,-0.843,0,,,,,,GLOBAL,1.000,clear,0,20.7,127,65.433,0,0,-1.000,4.17,3.70,0.0505,0.0437
147.231,-0.823,0,,,,,,GLOBAL,1.000,clear,0,20.7,127,65.453,0,0,-1.000,4.86,3.72,0.0705,0.0016
147.242,-0.779,0,,,,,,GLOBAL,1.000,clear,0,20.7,127,65.463,0,0,-1.000,4.77,3.72,0.0312,0.0099
147.262,-0.753,0,,,,,,GLOBAL,1.000,clear,0,20.7,127,65.483,0,0,-1.000,4.77,3.74,0.0254,0.0197
147.281,-0.726,0,,,,,,GLOBAL,1.000,clear,0,20.7,127,65.503,0,0,-1.000,4.77,3.74,0.0451,0.0175
147.301,-0.701,0,,,,,,GLOBAL,1.000,clear,0,20.7,127,65.523,0,0,-1.000,4.74,3.74,0.0410,0.0061
147.321,-0.680,0,,,,,,GLOBAL,1.000,clear,0,20.7,127,65.543,0,0,-1.000,4.70,3.74,0.0351,0.0043
147.341,-0.666,0,,,,,,GLOBAL,1.000,clear,0,20.7,127,65.563,0,0,-1.000,4.70,3.74,0.0311,0.0244
147.362,-0.640,0,,,,,,GLOBAL,1.000,clear,0,20.7,127,65.583,0,0,-1.000,4.52,3.76,0.0515,0.0191
147.383,-0.620,0,,,,,,GLOBAL,1.000,clear,0,20.7,127,65.604,0,0,-1.000,4.60,3.76,0.0468,0.0186
147.402,-0.595,0,,,,,,GLOBAL,1.000,clear,0,20.7,127,65.623,0,0,-1.000,4.60,3.76,0.0401,0.0107
147.421,-0.576,0,,,,,,GLOBAL,1.000,clear,0,20.7,127,65.643,0,0,-1.000,4.07,3.76,0.0352,0.0064
147.441,-0.565,0,,,,,,GLOBAL,1.000,clear,0,20.7,127,65.663,0,0,-1.000,4.45,3.78,0.0294,0.0264
147.461,-0.514,0,,,,,,GLOBAL,1.000,clear,0,20.7,127,65.683,0,0,-1.000,4.45,3.78,0.0494,0.0197
147.484,-0.481,0,,,,,,GLOBAL,1.000,clear,0,20.7,127,65.706,0,0,-1.000,4.42,3.78,0.0484,0.0201
147.501,-0.481,0,,,,,,GLOBAL,1.000,clear,0,20.7,127,65.723,0,0,-1.000,4.43,3.78,0.0397,0.0016
147.521,-0.371,0,,,,,,GLOBAL,1.000,clear,0,20.7,127,65.743,0,0,-1.000,4.43,3.78,0.0355,0.0028
147.541,-0.371,0,,,,,,GLOBAL,1.000,clear,0,20.7,127,65.763,0,0,-1.000,4.37,3.78,0.0298,0.0228
147.565,-0.317,0,,,,,,GLOBAL,1.000,clear,0,20.7,127,65.786,0,0,-1.000,4.31,3.78,0.0533,0.0231
147.582,-0.274,0,,,,,,GLOBAL,1.000,clear,0,20.7,127,65.804,0,0,-1.000,4.31,3.78,0.0466,0.0157
147.601,-0.078,0,,,,,,GLOBAL,1.000,clear,0,20.7,127,65.823,0,0,-1.000,4.41,3.78,0.0400,0.0133
147.622,-0.079,0,,,,,,GLOBAL,1.000,clear,0,20.7,127,65.843,0,0,-1.000,4.94,3.78,0.0363,0.0066
147.641,-0.055,0,,,,,,GLOBAL,1.000,clear,0,20.7,127,65.863,0,0,-1.000,4.94,3.78,0.0302,0.0025
147.661,0.012,0,,,,,,GLOBAL,1.000,clear,0,20.7,127,65.883,0,0,-1.000,5.71,3.78,0.0503,0.0226
147.681,0.038,0,,,,,,GLOBAL,1.000,clear,0,20.7,127,65.903,0,0,-1.000,5.62,3.78,0.0461,0.0174
147.701,0.004,0,,,,,,GLOBAL,1.000,clear,0,20.7,127,65.923,0,0,-1.000,5.62,3.78,0.0403,0.0134
147.721,0.041,0,,,,,,GLOBAL,1.000,clear,0,20.7,127,65.943,0,0,-1.000,6.37,3.78,0.0363,0.0071
147.741,0.073,0,,,,,,GLOBAL,1.000,clear,0,20.7,127,65.963,0,0,-1.000,6.66,3.78,0.0308,0.0042
147.764,0.143,0,,,,,,GLOBAL,1.000,clear,0,20.7,127,65.985,0,0,-1.000,6.66,3.78,0.0290,0.0266
147.781,0.120,0,,,,,,GLOBAL,1.000,clear,0,20.7,127,66.003,0,0,-1.000,5.73,3.78,0.0466,0.0166
147.801,0.175,0,,,,,,GLOBAL,1.000,clear,0,20.7,127,66.023,0,0,-1.000,5.72,3.78,0.0408,0.0119
147.821,0.212,0,,,,,,GLOBAL,1.000,clear,0,20.7,127,66.043,0,0,-1.000,5.72,3.78,0.0349,0.0074
147.841,0.280,0,,,,,,GLOBAL,1.000,clear,0,20.7,127,66.063,0,0,-1.000,5.61,3.78,0.0303,0.0025
147.861,0.310,0,,,,,,GLOBAL,1.000,clear,0,20.7,127,66.083,0,0,-1.000,5.42,3.76,0.0253,0.0225
147.881,0.351,0,,,,,,GLOBAL,1.000,clear,0,20.7,127,66.103,0,0,-1.000,5.42,3.76,0.0454,0.0184
147.901,0.407,0,,,,,,GLOBAL,1.000,clear,0,20.7,127,66.123,0,0,-1.000,5.50,3.76,0.0413,0.0113
147.921,0.466,0,,,,,,GLOBAL,1.000,clear,0,20.7,127,66.143,0,0,-1.000,5.50,3.76,0.0354,0.0048
147.942,0.520,0,,,,,,GLOBAL,1.000,clear,0,20.7,127,66.163,0,0,-1.000,5.36,3.76,0.0302,0.0249
147.961,0.567,0,,,,,,GLOBAL,1.000,clear,0,20.7,127,66.183,0,0,-1.000,5.19,3.74,0.0258,0.0166
147.981,0.613,0,,,,,,GLOBAL,1.000,clear,0,20.7,127,66.203,0,0,-1.000,5.78,3.74,0.0456,0.0144
148.001,0.672,0,,,,,,GLOBAL,1.000,clear,0,20.7,127,66.223,0,0,-1.000,5.78,3.74,0.0416,0.0128
148.021,0.738,0,,,,,,GLOBAL,1.000,clear,0,20.7,127,66.243,0,0,-1.000,5.20,3.72,0.0358,0.0065
148.041,0.765,0,,,,,,GLOBAL,1.000,clear,0,20.7,127,66.263,0,0,-1.000,5.29,3.72,0.0316,0.0017
148.062,0.822,0,,,,,,GLOBAL,1.000,clear,0,20.7,127,66.283,0,0,-1.000,5.29,3.72,0.0263,0.0222
148.081,0.858,0,,,,,,GLOBAL,1.000,clear,0,20.7,127,66.303,0,0,-1.000,5.36,3.70,0.0459,0.0156
148.101,0.897,0,,,,,,GLOBAL,1.000,clear,0,20.7,127,66.323,0,0,-1.000,5.27,3.70,0.0418,0.0121
148.121,0.917,0,,,,,,GLOBAL,1.000,clear,0,20.7,127,66.343,0,0,-1.000,5.27,3.70,0.0359,0.0040
148.141,0.974,0,,,,,,GLOBAL,1.000,clear,0,20.7,127,66.363,0,0,-1.000,5.31,3.68,0.0314,0.0005
148.161,0.992,0,,,,,,GLOBAL,1.000,clear,0,20.7,127,66.383,0,0,-1.000,5.75,3.66,0.0261,0.0206
148.181,1.017,0,,,,,,GLOBAL,1.000,clear,0,20.7,127,66.403,0,0,-1.000,5.75,3.66,0.0460,0.0181
148.201,1.036,0,,,,,,GLOBAL,1.000,clear,0,20.7,127,66.423,0,0,-1.000,6.25,3.66,0.0416,0.0058
148.221,1.050,0,,,,,,GLOBAL,1.000,clear,0,20.7,127,66.443,0,0,-1.000,6.41,3.64,0.0360,0.0060
148.241,1.069,0,,,,,,GLOBAL,1.000,clear,0,20.7,127,66.463,0,0,-1.000,6.41,3.64,0.0321,0.0030
148.264,1.082,0,,,,,,GLOBAL,1.000,clear,0,20.7,127,66.485,0,0,-1.000,6.05,3.64,0.0545,0.0254
148.281,1.091,0,,,,,,GLOBAL,1.000,clear,0,20.7,127,66.503,0,0,-1.000,6.58,3.62,0.0464,0.0146
148.301,1.099,0,,,,,,GLOBAL,1.000,clear,0,20.7,127,66.523,0,0,-1.000,6.58,3.62,0.0382,0.0110
148.321,1.102,0,,,,,,GLOBAL,1.000,clear,0,20.7,127,66.543,0,0,-1.000,6.19,3.59,0.0366,0.0070
148.342,1.107,0,,,,,,GLOBAL,1.000,clear,0,20.7,127,66.563,0,0,-1.000,6.26,3.59,0.0319,0.0027
148.362,1.112,0,,,,,,GLOBAL,1.000,clear,0,20.7,127,66.583,0,0,-1.000,6.26,3.59,0.0274,0.0230
148.381,1.112,0,,,,,,GLOBAL,1.000,clear,0,20.7,127,66.603,0,0,-1.000,6.77,3.57,0.0469,0.0151
148.401,1.112,0,,,,,,GLOBAL,1.000,clear,0,20.7,127,66.623,0,0,-1.000,6.77,3.57,0.0410,0.0107
148.421,1.110,0,,,,,,GLOBAL,1.000,clear,0,20.7,127,66.643,0,0,-1.000,7.18,3.57,0.0352,0.0016
148.441,1.111,0,,,,,,GLOBAL,1.000,clear,0,20.7,127,66.663,0,0,-1.000,7.46,3.57,0.0311,0.0020
148.462,1.110,0,,,,,,GLOBAL,1.000,clear,0,20.7,127,66.683,0,0,-1.000,7.01,3.55,0.0276,0.0223
148.481,1.106,0,,,,,,GLOBAL,1.000,clear,0,20.7,127,66.703,0,0,-1.000,7.01,3.55,0.0472,0.0136
148.501,1.101,0,,,,,,GLOBAL,1.000,clear,0,20.7,127,66.723,0,0,-1.000,7.94,3.53,0.0413,0.0106
148.521,1.093,0,,,,,,GLOBAL,1.000,clear,0,20.7,127,66.743,0,0,-1.000,7.94,3.53,0.0356,0.0075
148.542,1.079,0,,,,,,GLOBAL,1.000,clear,0,20.7,127,66.763,0,0,-1.000,8.09,3.53,0.0310,0.0037
148.561,1.067,0,,,,,,GLOBAL,1.000,clear,0,20.7,127,66.783,0,0,-1.000,7.95,3.51,0.0251,0.0235
148.581,1.051,0,,,,,,GLOBAL,1.000,clear,0,20.7,127,66.803,0,0,-1.000,8.37,3.51,0.0452,0.0173
148.601,1.032,0,,,,,,GLOBAL,1.000,clear,0,20.7,127,66.823,0,0,-1.000,8.37,3.51,0.0419,0.0119
148.621,1.014,0,,,,,,GLOBAL,1.000,clear,0,20.7,127,66.843,0,0,-1.000,8.67,3.48,0.0370,0.0065
148.642,0.988,0,,,,,,GLOBAL,1.000,clear,0,20.7,127,66.863,0,0,-1.000,8.69,3.48,0.0308,0.0035
148.662,0.968,0,,,,,,GLOBAL,1.000,clear,0,20.7,127,66.883,0,0,-1.000,8.69,3.48,0.0274,0.0236
148.681,0.952,0,,,,,,GLOBAL,1.000,clear,0,20.7,127,66.903,0,0,-1.000,9.52,3.46,0.0470,0.0173
148.701,0.931,0,,,,,,GLOBAL,1.000,clear,0,20.7,127,66.923,0,0,-1.000,9.15,3.44,0.0419,0.0146
148.721,0.915,0,,,,,,GLOBAL,1.000,clear,0,20.7,127,66.943,0,0,-1.000,9.15,3.44,0.0371,0.0034
148.741,0.913,0,,,,,,GLOBAL,1.000,clear,0,20.7,127,66.963,0,0,-1.000,8.98,3.44,0.0293,0.0032
148.761,0.909,0,,,,,,GLOBAL,1.000,clear,0,20.7,127,66.983,0,0,-1.000,9.55,3.41,0.0265,0.0231
148.782,0.908,0,,,,,,GLOBAL,1.000,clear,0,20.7,127,67.003,0,0,-1.000,9.55,3.41,0.0468,0.0184
148.801,0.903,0,,,,,,GLOBAL,1.000,clear,0,20.7,127,67.023,0,0,-1.000,10.22,3.41,0.0421,0.0138
148.821,0.903,0,,,,,,GLOBAL,1.000,clear,0,20.7,127,67.043,0,0,-1.000,10.28,3.39,0.0369,0.0090
148.841,0.907,0,,,,,,GLOBAL,1.000,clear,0,20.7,127,67.063,0,0,-1.000,10.28,3.39,0.0302,0.0039
148.862,0.870,0,,,,,,GLOBAL,1.000,clear,0,20.7,127,67.083,0,0,-1.000,10.63,3.39,0.0275,0.0246
148.881,0.862,0,,,,,,GLOBAL,1.000,clear,0,20.7,127,67.103,0,0,-1.000,10.60,3.37,0.0470,0.0161
148.901,0.842,0,,,,,,GLOBAL,1.000,clear,0,20.7,127,67.123,0,0,-1.000,10.60,3.37,0.0428,0.0141
148.922,0.826,0,,,,,,GLOBAL,1.000,clear,0,20.7,127,67.143,0,0,-1.000,11.29,3.37,0.0372,0.0343
148.941,0.813,0,,,,,,GLOBAL,1.000,clear,0,20.7,127,67.163,0,0,-1.000,11.29,3.37,0.0571,0.0188
148.962,0.783,0,,,,,,GLOBAL,1.000,clear,0,20.7,127,67.183,0,0,-1.000,10.62,3.37,0.0214,0.0183
148.981,0.762,0,,,,,,GLOBAL,1.000,clear,0,20.7,127,67.203,0,0,-1.000,11.47,3.37,0.0411,0.0106
149.002,0.738,0,,,,,,GLOBAL,1.000,clear,0,20.7,127,67.223,0,0,-1.000,11.65,3.37,0.0426,0.0109
149.034,0.713,0,,,,,,GLOBAL,1.000,clear,0,20.7,127,67.255,0,0,-1.000,11.65,3.37,0.0499,0.0214
149.041,0.697,0,,,,,,GLOBAL,1.000,clear,0,20.7,127,67.263,0,0,-1.000,12.30,3.35,0.0326,0.0023
149.106,0.675,0,,,,,,GLOBAL,1.000,clear,0,20.7,127,67.327,0,0,-1.000,12.39,3.35,0.0712,0.0667
149.132,0.662,0,,,,,,GLOBAL,1.000,clear,0,20.7,127,67.353,0,0,-1.000,13.09,3.35,0.0736,0.0252
149.186,0.601,0,,,,,,GLOBAL,1.000,clear,0,20.7,127,67.407,0,0,-1.000,12.69,3.35,0.1013,0.0473
149.209,0.555,0,,,,,,GLOBAL,1.000,clear,0,20.7,127,67.431,0,0,-1.000,13.14,3.32,0.0754,0.0205
149.222,0.490,0,,,,,,GLOBAL,1.000,clear,0,20.7,127,67.443,0,0,-1.000,14.02,3.32,0.0374,0.0078
149.241,0.486,0,,,,,,GLOBAL,1.000,clear,0,20.7,127,67.463,0,0,-1.000,14.02,3.32,0.0337,0.0007
149.262,0.449,0,,,,,,GLOBAL,1.000,clear,0,20.7,127,67.483,0,0,-1.000,14.17,3.32,0.0539,0.0209
149.281,0.435,0,,,,,,GLOBAL,1.000,clear,0,20.7,127,67.503,0,0,-1.000,14.88,3.30,0.0470,0.0139
149.301,0.415,0,,,,,,GLOBAL,1.000,clear,0,20.7,127,67.523,0,0,-1.000,14.83,3.30,0.0437,0.0082
149.325,0.386,0,,,,,,GLOBAL,1.000,clear,0,20.7,127,67.546,0,0,-1.000,14.83,3.30,0.0397,0.0097
149.346,0.379,0,,,,,,GLOBAL,1.000,clear,0,20.7,127,67.567,0,0,-1.000,15.79,3.30,0.0367,0.0307
149.361,0.355,0,,,,,,GLOBAL,1.000,clear,0,20.7,127,67.583,0,0,-1.000,16.40,3.30,0.0271,0.0153
149.381,0.344,0,,,,,,GLOBAL,1.000,clear,0,20.7,127,67.603,0,0,-1.000,16.40,3.30,0.0471,0.0169
149.401,0.324,0,,,,,,GLOBAL,1.000,clear,0,20.7,127,67.623,0,0,-1.000,16.74,3.30,0.0425,0.0068
149.421,0.299,0,,,,,,GLOBAL,1.000,clear,0,20.7,127,67.643,0,0,-1.000,17.16,3.30,0.0371,0.0050
149.442,0.297,0,,,,,,GLOBAL,1.000,clear,0,20.7,127,67.663,0,0,-1.000,17.16,3.30,0.0309,0.0055
149.462,0.272,0,,,,,,GLOBAL,1.000,clear,0,20.7,127,67.684,0,0,-1.000,17.76,3.30,0.0518,0.0264
149.481,0.248,0,,,,,,GLOBAL,1.000,clear,0,20.7,127,67.703,0,0,-1.000,18.41,3.28,0.0487,0.0171
149.502,0.247,0,,,,,,GLOBAL,1.000,clear,0,20.7,127,67.723,0,0,-1.000,18.41,3.28,0.0402,0.0141
149.521,0.221,0,,,,,,GLOBAL,1.000,clear,0,20.7,127,67.743,0,0,-1.000,19.19,3.28,0.0390,0.0339
149.541,0.120,0,,,,,,GLOBAL,1.000,clear,0,20.7,127,67.763,0,0,-1.000,19.81,3.28,0.0329,0.0045
149.562,0.131,0,,,,,,GLOBAL,1.000,clear,0,20.7,127,67.783,0,0,-1.000,19.81,3.28,0.0294,0.0007
149.581,0.137,0,,,,,,GLOBAL,1.000,clear,0,20.7,127,67.803,0,0,-1.000,21.40,3.28,0.0488,0.0201
149.602,0.124,0,,,,,,GLOBAL,1.000,clear,0,20.7,127,67.824,0,0,-1.000,21.40,3.28,0.0439,0.0159
149.621,0.113,0,,,,,,GLOBAL,1.000,clear,0,20.7,127,67.843,0,0,-1.000,21.40,3.28,0.0389,0.0080
149.641,0.103,0,,,,,,GLOBAL,1.000,clear,0,20.7,127,67.863,0,0,-1.000,21.40,3.28,0.0329,0.0035
149.661,-0.012,0,,,,,,GLOBAL,1.000,clear,0,20.7,127,67.883,0,0,-1.000,21.40,3.28,0.0291,0.0237
149.681,0.010,0,,,,,,GLOBAL,1.000,clear,0,20.7,127,67.903,0,0,-1.000,21.40,3.28,0.0492,0.0185
149.701,0.014,0,,,,,,GLOBAL,1.000,clear,0,20.7,127,67.923,0,0,-1.000,21.40,3.28,0.0432,0.0016
149.721,-0.015,0,,,,,,GLOBAL,1.000,clear,0,20.7,127,67.943,0,0,-1.000,21.40,3.28,0.0394,0.0074
149.742,-0.000,0,,,,,,GLOBAL,1.000,clear,0,20.7,127,67.963,0,0,-1.000,21.40,3.28,0.0342,0.0008
149.761,-0.000,0,,,,,,GLOBAL,1.000,clear,0,20.7,127,67.983,0,0,-1.000,21.40,3.28,0.0257,0.0205
149.782,-0.017,0,,,,,,GLOBAL,1.000,clear,0,20.7,127,68.003,0,0,-1.000,21.40,3.28,0.0459,0.0157
149.802,-0.020,0,,,,,,GLOBAL,1.000,clear,0,20.7,127,68.023,0,0,-1.000,21.40,3.28,0.0436,0.0130
149.821,-0.037,0,,,,,,GLOBAL,1.000,clear,0,20.7,127,68.043,0,0,-1.000,21.40,3.28,0.0395,0.0071
149.841,-0.059,0,,,,,,GLOBAL,1.000,clear,0,20.7,127,68.063,0,0,-1.000,21.40,3.28,0.0339,0.0034
149.861,-0.077,0,,,,,,GLOBAL,1.000,clear,0,20.7,127,68.083,0,0,-1.000,21.40,3.28,0.0297,0.0232
149.882,-0.096,0,,,,,,GLOBAL,1.000,clear,0,20.7,127,68.103,0,0,-1.000,21.40,3.28,0.0500,0.0199
149.901,-0.096,0,,,,,,GLOBAL,1.000,clear,0,20.7,127,68.123,0,0,-1.000,21.40,3.30,0.0439,0.0130
149.921,-0.100,0,,,,,,GLOBAL,1.000,clear,0,20.7,127,68.143,0,0,-1.000,21.40,3.30,0.0400,0.0024
149.966,-0.133,0,,,,,,GLOBAL,1.000,clear,0,20.7,127,68.188,0,0,-1.000,21.40,3.30,0.0850,0.0474
150.001,-0.137,0,,,,,,GLOBAL,1.000,clear,0,20.7,127,68.223,0,0,-1.000,21.40,3.30,0.0940,0.0308
150.021,-0.176,0,,,,,,GLOBAL,1.000,clear,0,20.7,127,68.243,0,0,-1.000,21.40,3.30,0.0403,0.0105
150.041,-0.191,0,,,,,,GLOBAL,1.000,clear,0,20.7,127,68.263,0,0,-1.000,21.40,3.30,0.0344,0.0040
150.061,-0.174,0,,,,,,GLOBAL,1.000,clear,0,20.7,127,68.283,0,0,-1.000,21.40,3.30,0.0288,0.0010
150.081,-0.187,0,,,,,,GLOBAL,1.000,clear,0,20.7,127,68.303,0,0,-1.000,20.65,3.30,0.0487,0.0209
150.102,-0.194,0,,,,,,GLOBAL,1.000,clear,0,20.7,127,68.323,0,0,-1.000,20.65,3.30,0.0445,0.0144
150.121,-0.174,0,,,,,,GLOBAL,1.000,clear,0,20.7,127,68.343,0,0,-1.000,19.63,3.30,0.0386,0.0101
150.141,-0.127,0,,,,,,GLOBAL,1.000,clear,0,20.7,127,68.363,0,0,-1.000,19.96,3.30,0.0340,0.0051
150.161,-0.127,0,,,,,,GLOBAL,1.000,clear,0,20.7,127,68.383,0,0,-1.000,19.96,3.30,0.0284,0.0011
150.182,0.012,0,,,,,,GLOBAL,1.000,clear,0,20.7,127,68.403,0,0,-1.000,21.40,3.30,0.0492,0.0218
150.201,0.001,0,,,,,,GLOBAL,1.000,clear,0,20.7,127,68.423,0,0,-1.000,21.40,3.32,0.0448,0.0090
150.221,0.000,0,,,,,,GLOBAL,1.000,clear,0,20.7,127,68.443,0,0,-1.000,21.40,3.32,0.0356,0.0119
150.241,-0.005,0,,,,,,GLOBAL,1.000,clear,0,20.7,127,68.463,0,0,-1.000,21.40,3.32,0.0306,0.0028
150.261,-0.056,0,,,,,,GLOBAL,1.000,clear,0,20.7,127,68.483,0,0,-1.000,21.40,3.32,0.0294,0.0228
150.281,-0.097,0,,,,,,GLOBAL,1.000,clear,0,20.7,127,68.503,0,0,-1.000,21.40,3.32,0.0494,0.0174
150.301,-0.095,0,,,,,,GLOBAL,1.000,clear,0,20.7,127,68.523,0,0,-1.000,21.40,3.32,0.0438,0.0122
150.321,-0.098,0,,,,,,GLOBAL,1.000,clear,0,20.7,127,68.543,0,0,-1.000,21.40,3.32,0.0391,0.0120
150.341,-0.040,0,,,,,,GLOBAL,1.000,clear,0,20.7,127,68.563,0,0,-1.000,21.40,3.32,0.0351,0.0039
150.361,-0.050,0,,,,,,GLOBAL,1.000,clear,0,20.7,127,68.583,0,0,-1.000,21.40,3.32,0.0295,0.0022
150.381,-0.060,0,,,,,,GLOBAL,1.000,clear,0,20.7,127,68.603,0,0,-1.000,21.40,3.32,0.0497,0.0224
150.401,-0.075,0,,,,,,GLOBAL,1.000,clear,0,20.7,127,68.623,0,0,-1.000,21.40,3.32,0.0451,0.0132
150.422,-0.004,0,,,,,,GLOBAL,1.000,clear,0,20.7,127,68.643,0,0,-1.000,21.40,3.32,0.0401,0.0104
150.441,-0.023,0,,,,,,GLOBAL,1.000,clear,0,20.7,127,68.663,0,0,-1.000,21.40,3.32,0.0357,0.0021
150.461,-0.007,0,,,,,,GLOBAL,1.000,clear,0,20.7,127,68.683,0,0,-1.000,21.40,3.32,0.0300,0.0221
150.481,-0.016,0,,,,,,GLOBAL,1.000,clear,0,20.7,127,68.703,0,0,-1.000,21.40,3.32,0.0501,0.0193
150.501,-0.021,0,,,,,,GLOBAL,1.000,clear,0,20.7,127,68.723,0,0,-1.000,21.40,3.32,0.0458,0.0170
150.522,-0.002,0,,,,,,GLOBAL,1.000,clear,0,20.7,127,68.743,0,0,-1.000,21.40,3.32,0.0406,0.0131
150.541,0.000,0,,,,,,GLOBAL,1.000,clear,0,20.7,127,68.763,0,0,-1.000,21.40,3.32,0.0355,0.0035
150.561,0.000,0,,,,,,GLOBAL,1.000,clear,0,20.7,127,68.783,0,0,-1.000,21.40,3.32,0.0303,0.0236
150.582,0.000,0,,,,,,GLOBAL,1.000,clear,0,20.7,127,68.804,0,0,-1.000,21.40,3.32,0.0250,0.0177
150.601,0.000,0,,,,,,GLOBAL,1.000,clear,0,20.7,127,68.823,0,0,-1.000,21.40,3.32,0.0442,0.0169
150.622,0.000,0,,,,,,GLOBAL,1.000,clear,0,20.7,127,68.844,0,0,-1.000,21.40,3.32,0.0414,0.0144
150.642,0.000,0,,,,,,GLOBAL,1.000,clear,0,20.7,127,68.864,0,0,-1.000,21.40,3.32,0.0369,0.0075
150.662,0.000,0,,,,,,GLOBAL,1.000,clear,0,20.7,127,68.883,0,0,-1.000,21.40,3.32,0.0306,0.0039
150.682,0.000,0,,,,,,GLOBAL,1.000,clear,0,20.7,127,68.903,0,0,-1.000,21.40,3.32,0.0253,0.0241
150.702,0.000,0,,,,,,GLOBAL,1.000,clear,0,20.7,127,68.923,0,0,-1.000,21.40,3.32,0.0450,0.0181
150.723,0.000,0,,,,,,GLOBAL,1.000,clear,0,20.7,127,68.944,0,0,-1.000,21.40,3.32,0.0421,0.0090
150.741,0.000,0,,,,,,GLOBAL,1.000,clear,0,20.7,127,68.963,0,0,-1.000,21.40,3.32,0.0330,0.0057
150.761,0.000,0,,,,,,GLOBAL,1.000,clear,0,20.7,127,68.983,0,0,-1.000,21.40,3.32,0.0300,0.0258
150.787,0.000,0,,,,,,GLOBAL,1.000,clear,0,20.7,127,69.008,0,0,-1.000,21.40,3.32,0.0554,0.0211
150.801,0.000,0,,,,,,GLOBAL,1.000,clear,0,20.7,127,69.023,0,0,-1.000,21.40,3.32,0.0449,0.0117
150.821,0.000,0,,,,,,GLOBAL,1.000,clear,0,20.7,127,69.043,0,0,-1.000,21.40,3.32,0.0409,0.0050
150.841,0.000,0,,,,,,GLOBAL,1.000,clear,0,20.7,127,69.063,0,0,-1.000,21.40,3.32,0.0353,0.0045
150.863,0.000,0,,,,,,GLOBAL,1.000,clear,0,20.7,127,69.085,0,0,-1.000,21.40,3.32,0.0328,0.0262
150.884,0.000,0,,,,,,GLOBAL,1.000,clear,0,20.7,127,69.106,0,0,-1.000,21.40,3.32,0.0541,0.0208
150.902,0.000,0,,,,,,GLOBAL,1.000,clear,0,20.7,127,69.123,0,0,-1.000,21.40,3.32,0.0455,0.0079
150.922,0.000,0,,,,,,GLOBAL,1.000,clear,0,20.7,127,69.143,0,0,-1.000,21.40,3.32,0.0415,0.0093
150.941,0.000,0,,,,,,GLOBAL,1.000,clear,0,20.7,127,69.163,0,0,-1.000,21.40,3.32,0.0338,0.0058
150.962,0.000,0,,,,,,GLOBAL,1.000,clear,0,20.7,127,69.183,0,0,-1.000,21.40,3.32,0.0275,0.0006
150.983,0.000,0,,,,,,GLOBAL,1.000,clear,0,20.7,127,69.204,0,0,-1.000,21.40,3.32,0.0253,0.0216
151.002,0.000,0,,,,,,GLOBAL,1.000,clear,0,20.7,127,69.223,0,0,-1.000,21.40,3.32,0.0441,0.0167
151.021,0.000,0,,,,,,GLOBAL,1.000,clear,0,20.7,127,69.243,0,0,-1.000,21.40,3.32,0.0371,0.0048
151.042,0.000,0,,,,,,GLOBAL,1.000,clear,0,20.7,127,69.263,0,0,-1.000,21.40,3.32,0.0364,0.0028
151.062,0.000,0,,,,,,GLOBAL,1.000,clear,0,20.7,127,69.283,0,0,-1.000,21.40,3.32,0.0304,0.0225
151.082,0.000,0,,,,,,GLOBAL,1.000,clear,0,20.7,127,69.303,0,0,-1.000,21.40,3.32,0.0265,0.0194
151.102,0.000,0,,,,,,GLOBAL,1.000,clear,0,20.7,127,69.323,0,0,-1.000,21.40,3.32,0.0464,0.0113
151.121,0.000,0,,,,,,GLOBAL,1.000,clear,0,20.7,127,69.343,0,0,-1.000,21.40,3.32,0.0410,0.0092
151.141,0.000,0,,,,,,GLOBAL,1.000,clear,0,20.7,127,69.363,0,0,-1.000,21.40,3.32,0.0348,0.0057
151.161,0.000,0,,,,,,GLOBAL,1.000,clear,0,20.7,127,69.383,0,0,-1.000,21.40,3.32,0.0305,0.0017
151.182,0.000,0,,,,,,GLOBAL,1.000,clear,0,20.7,127,69.403,0,0,-1.000,21.40,3.32,0.0267,0.0219
151.201,0.000,0,,,,,,GLOBAL,1.000,clear,0,20.7,127,69.423,0,0,-1.000,21.40,3.32,0.0464,0.0161
151.221,0.000,0,,,,,,GLOBAL,1.000,clear,0,20.7,127,69.443,0,0,-1.000,21.40,3.32,0.0422,0.0106
151.242,0.000,0,,,,,,GLOBAL,1.000,clear,0,20.7,127,69.463,0,0,-1.000,21.40,3.32,0.0369,0.0100
151.261,0.000,0,,,,,,GLOBAL,1.000,clear,0,20.7,127,69.483,0,0,-1.000,21.40,3.32,0.0319,0.0028
151.282,0.000,0,,,,,,GLOBAL,1.000,clear,0,20.7,127,69.503,0,0,-1.000,21.40,3.32,0.0272,0.0005
151.301,0.000,0,,,,,,GLOBAL,1.000,clear,0,20.7,127,69.523,0,0,-1.000,21.40,3.32,0.0468,0.0201
151.321,0.000,0,,,,,,GLOBAL,1.000,clear,0,20.7,127,69.543,0,0,-1.000,21.40,3.32,0.0411,0.0141
151.341,0.000,0,,,,,,GLOBAL,1.000,clear,0,20.7,127,69.563,0,0,-1.000,21.40,3.32,0.0367,0.0084
151.361,0.000,0,,,,,,GLOBAL,1.000,clear,0,20.7,127,69.583,0,0,-1.000,21.40,3.32,0.0327,0.0284
151.381,0.000,0,,,,,,GLOBAL,1.000,clear,0,20.7,127,69.603,0,0,-1.000,21.40,3.32,0.0272,0.0198
151.401,0.000,0,,,,,,GLOBAL,1.000,clear,0,20.7,127,69.623,0,0,-1.000,21.40,3.32,0.0471,0.0191
151.421,0.000,0,,,,,,GLOBAL,1.000,clear,0,20.7,127,69.643,0,0,-1.000,21.40,3.32,0.0431,0.0145
151.441,0.000,0,,,,,,GLOBAL,1.000,clear,0,20.7,127,69.663,0,0,-1.000,21.40,3.32,0.0373,0.0077
151.461,0.000,0,,,,,,GLOBAL,1.000,clear,0,20.7,127,69.683,0,0,-1.000,21.40,3.32,0.0333,0.0049
151.481,0.000,0,,,,,,GLOBAL,1.000,clear,0,20.7,127,69.703,0,0,-1.000,21.40,3.32,0.0274,0.0006
151.501,0.000,0,,,,,,GLOBAL,1.000,clear,0,20.7,127,69.723,0,0,-1.000,21.40,3.32,0.0472,0.0205
151.521,0.000,0,,,,,,GLOBAL,1.000,clear,0,20.7,127,69.743,0,0,-1.000,21.40,3.32,0.0419,0.0076
151.541,0.000,0,,,,,,GLOBAL,1.000,clear,0,20.7,127,69.763,0,0,-1.000,21.40,3.32,0.0373,0.0106
151.562,0.000,0,,,,,,GLOBAL,1.000,clear,0,20.7,127,69.783,0,0,-1.000,21.40,3.32,0.0337,0.0019
151.582,0.000,0,,,,,,GLOBAL,1.000,clear,0,20.7,127,69.803,0,0,-1.000,21.40,3.32,0.0274,0.0220
151.601,0.000,0,,,,,,GLOBAL,1.000,clear,0,20.7,127,69.823,0,0,-1.000,21.40,3.32,0.0470,0.0167
151.621,0.000,0,,,,,,GLOBAL,1.000,clear,0,20.7,127,69.843,0,0,-1.000,21.40,3.32,0.0436,0.0142
151.641,0.000,0,,,,,,GLOBAL,1.000,clear,0,20.7,127,69.863,0,0,-1.000,21.40,3.32,0.0380,0.0089
151.661,0.000,0,,,,,,GLOBAL,1.000,clear,0,20.7,127,69.883,0,0,-1.000,21.40,3.32,0.0339,0.0018
151.681,0.000,0,,,,,,GLOBAL,1.000,clear,0,20.7,127,69.903,0,0,-1.000,21.40,3.32,0.0281,0.0218
151.701,0.000,0,,,,,,GLOBAL,1.000,clear,0,20.7,127,69.923,0,0,-1.000,21.40,3.32,0.0482,0.0186
151.721,0.000,0,,,,,,GLOBAL,1.000,clear,0,20.7,127,69.943,0,0,-1.000,21.40,3.32,0.0436,0.0146
151.741,0.000,0,,,,,,GLOBAL,1.000,clear,0,20.7,127,69.963,0,0,-1.000,21.40,3.32,0.0371,0.0080
151.761,0.000,0,,,,,,GLOBAL,1.000,clear,0,20.7,127,69.983,0,0,-1.000,21.40,3.32,0.0342,0.0042
151.781,0.000,0,,,,,,GLOBAL,1.000,clear,0,20.7,127,70.003,0,0,-1.000,21.40,3.32,0.0269,0.0011
151.801,0.000,0,,,,,,GLOBAL,1.000,clear,0,20.7,127,70.023,0,0,-1.000,21.40,3.32,0.0470,0.0212
151.821,0.000,0,,,,,,GLOBAL,1.000,clear,0,20.7,127,70.043,0,0,-1.000,21.40,3.32,0.0444,0.0148
151.841,0.000,0,,,,,,GLOBAL,1.000,clear,0,20.7,127,70.063,0,0,-1.000,21.40,3.32,0.0369,0.0108
151.861,0.000,0,,,,,,GLOBAL,1.000,clear,0,20.7,127,70.083,0,0,-1.000,21.40,3.32,0.0333,0.0060
151.881,0.000,0,,,,,,GLOBAL,1.000,clear,0,20.7,127,70.103,0,0,-1.000,21.40,3.32,0.0288,0.0019
151.901,0.000,0,,,,,,GLOBAL,1.000,clear,0,20.7,127,70.123,0,0,-1.000,21.40,3.32,0.0488,0.0220
151.921,0.000,0,,,,,,GLOBAL,1.000,clear,0,20.7,127,70.143,0,0,-1.000,21.40,3.32,0.0445,0.0150
151.941,0.000,0,,,,,,GLOBAL,1.000,clear,0,20.7,127,70.163,0,0,-1.000,21.40,3.32,0.0390,0.0069
151.961,0.000,0,,,,,,GLOBAL,1.000,clear,0,20.7,127,70.183,0,0,-1.000,21.40,3.32,0.0347,0.0059
151.981,0.000,0,,,,,,GLOBAL,1.000,clear,0,20.7,127,70.203,0,0,-1.000,21.40,3.32,0.0291,0.0011
152.001,0.000,0,,,,,,GLOBAL,1.000,clear,0,20.7,127,70.223,0,0,-1.000,21.40,3.32,0.0489,0.0209
152.022,0.000,0,,,,,,GLOBAL,1.000,clear,0,20.7,127,70.243,0,0,-1.000,21.40,3.32,0.0450,0.0160
152.041,0.000,0,,,,,,GLOBAL,1.000,clear,0,20.7,127,70.263,0,0,-1.000,21.40,3.32,0.0351,0.0110
152.062,0.000,0,,,,,,GLOBAL,1.000,clear,0,20.7,127,70.283,0,0,-1.000,21.40,3.32,0.0348,0.0045
152.082,0.000,0,,,,,,GLOBAL,1.000,clear,0,20.7,127,70.303,0,0,-1.000,21.40,3.32,0.0283,0.0007
152.101,0.000,0,,,,,,GLOBAL,1.000,clear,0,20.7,127,70.323,0,0,-1.000,21.40,3.32,0.0480,0.0204
152.121,0.000,0,,,,,,GLOBAL,1.000,clear,0,20.7,127,70.343,0,0,-1.000,21.40,3.32,0.0453,0.0114
152.141,0.000,0,,,,,,GLOBAL,1.000,clear,0,20.7,127,70.363,0,0,-1.000,21.40,3.32,0.0382,0.0100
152.161,0.000,0,,,,,,GLOBAL,1.000,clear,0,20.7,127,70.383,0,0,-1.000,21.40,3.32,0.0355,0.0049
152.181,0.000,0,,,,,,GLOBAL,1.000,clear,0,20.7,127,70.403,0,0,-1.000,21.40,3.32,0.0306,0.0026
152.202,0.000,0,,,,,,GLOBAL,1.000,clear,0,20.7,127,70.423,0,0,-1.000,21.40,3.32,0.0249,0.0233
152.221,0.000,0,,,,,,GLOBAL,1.000,clear,0,20.7,127,70.443,0,0,-1.000,21.40,3.32,0.0443,0.0176
152.241,0.000,0,,,,,,GLOBAL,1.000,clear,0,20.7,127,70.463,0,0,-1.000,21.40,3.32,0.0415,0.0108
152.261,0.000,0,,,,,,GLOBAL,1.000,clear,0,20.7,127,70.483,0,0,-1.000,21.40,3.32,0.0357,0.0059
152.281,0.000,0,,,,,,GLOBAL,1.000,clear,0,20.7,127,70.503,0,0,-1.000,21.40,3.32,0.0318,0.0034
152.301,0.000,0,,,,,,GLOBAL,1.000,clear,0,20.7,127,70.523,0,0,-1.000,21.40,3.32,0.0259,0.0232
152.321,0.000,0,,,,,,GLOBAL,1.000,clear,0,20.7,127,70.543,0,0,-1.000,21.40,3.32,0.0460,0.0190
152.341,0.000,0,,,,,,GLOBAL,1.000,clear,0,20.7,127,70.563,0,0,-1.000,21.40,3.32,0.0418,0.0126
152.361,0.000,0,,,,,,GLOBAL,1.000,clear,0,20.7,127,70.583,0,0,-1.000,21.40,3.32,0.0360,0.0066
152.381,0.000,0,,,,,,GLOBAL,1.000,clear,0,20.7,127,70.603,0,0,-1.000,21.40,3.32,0.0319,0.0028
152.401,0.000,0,,,,,,GLOBAL,1.000,clear,0,20.7,127,70.623,0,0,-1.000,21.40,3.32,0.0264,0.0229
152.421,0.000,0,,,,,,GLOBAL,1.000,clear,0,20.7,127,70.643,0,0,-1.000,21.40,3.32,0.0464,0.0191
152.441,0.000,0,,,,,,GLOBAL,1.000,clear,0,20.7,127,70.663,0,0,-1.000,21.40,3.32,0.0423,0.0137
152.461,0.000,0,,,,,,GLOBAL,1.000,clear,0,20.7,127,70.683,0,0,-1.000,21.40,3.32,0.0365,0.0081
152.482,0.000,0,,,,,,GLOBAL,1.000,clear,0,20.7,127,70.704,0,0,-1.000,21.40,3.32,0.0334,0.0012
152.501,0.000,0,,,,,,GLOBAL,1.000,clear,0,20.7,127,70.723,0,0,-1.000,21.40,3.32,0.0266,0.0203
152.521,0.000,0,,,,,,GLOBAL,1.000,clear,0,20.7,127,70.743,0,0,-1.000,21.40,3.32,0.0465,0.0187
152.541,0.000,0,,,,,,GLOBAL,1.000,clear,0,20.7,127,70.763,0,0,-1.000,21.40,3.32,0.0426,0.0129
152.561,0.000,0,,,,,,GLOBAL,1.000,clear,0,20.7,127,70.783,0,0,-1.000,21.40,3.32,0.0369,0.0086
152.581,0.000,0,,,,,,GLOBAL,1.000,clear,0,20.7,127,70.803,0,0,-1.000,21.40,3.32,0.0326,0.0043
152.601,0.000,0,,,,,,GLOBAL,1.000,clear,0,20.7,127,70.823,0,0,-1.000,21.40,3.32,0.0271,0.0005
152.621,0.000,0,,,,,,GLOBAL,1.000,clear,0,20.7,127,70.843,0,0,-1.000,21.40,3.32,0.0470,0.0204
152.641,0.000,0,,,,,,GLOBAL,1.000,clear,0,20.7,127,70.863,0,0,-1.000,21.40,3.32,0.0429,0.0085
152.661,0.000,0,,,,,,GLOBAL,1.000,clear,0,20.7,127,70.883,0,0,-1.000,21.40,3.32,0.0371,0.0103
152.681,0.000,0,,,,,,GLOBAL,1.000,clear,0,20.7,127,70.903,0,0,-1.000,21.40,3.32,0.0329,0.0034
152.702,0.000,0,,,,,,GLOBAL,1.000,clear,0,20.7,127,70.923,0,0,-1.000,21.40,3.32,0.0276,0.0009
152.721,0.000,0,,,,,,GLOBAL,1.000,clear,0,20.7,127,70.943,0,0,-1.000,21.40,3.32,0.0473,0.0207
152.741,0.000,0,,,,,,GLOBAL,1.000,clear,0,20.7,127,70.963,0,0,-1.000,21.40,3.32,0.0431,0.0144
152.832,0.000,0,,,,,,GLOBAL,1.000,clear,0,20.7,127,71.053,0,0,-1.000,21.40,3.32,0.1077,0.0792
152.843,0.000,0,,,,,,GLOBAL,1.000,clear,0,20.7,127,71.064,0,0,-1.000,21.40,3.32,0.0449,0.0025
152.861,0.000,0,,,,,,GLOBAL,1.000,clear,0,20.7,127,71.083,0,0,-1.000,21.40,3.32,0.0258,0.0068
152.881,0.000,0,,,,,,GLOBAL,1.000,clear,0,20.7,127,71.103,0,0,-1.000,21.40,3.32,0.0320,0.0048
152.902,0.000,0,,,,,,GLOBAL,1.000,clear,0,20.7,127,71.123,0,0,-1.000,21.40,3.32,0.0258,0.0007
152.921,0.000,0,,,,,,GLOBAL,1.000,clear,0,20.7,127,71.143,0,0,-1.000,21.40,3.32,0.0456,0.0204
152.941,0.000,0,,,,,,GLOBAL,1.000,clear,0,20.7,127,71.163,0,0,-1.000,21.40,3.32,0.0412,0.0159
152.962,0.000,0,,,,,,GLOBAL,1.000,clear,0,20.7,127,71.184,0,0,-1.000,21.40,3.32,0.0369,0.0042
152.981,0.000,0,,,,,,GLOBAL,1.000,clear,0,20.7,127,71.203,0,0,-1.000,21.40,3.32,0.0319,0.0060
153.001,0.000,0,,,,,,GLOBAL,1.000,clear,0,20.7,127,71.223,0,0,-1.000,21.40,3.32,0.0293,0.0009
153.024,0.000,0,,,,,,GLOBAL,1.000,clear,0,20.7,127,71.245,0,0,-1.000,21.40,3.32,0.0518,0.0234
153.041,0.000,0,,,,,,GLOBAL,1.000,clear,0,20.7,127,71.263,0,0,-1.000,21.40,3.32,0.0438,0.0155
153.061,0.000,0,,,,,,GLOBAL,1.000,clear,0,20.7,127,71.283,0,0,-1.000,21.40,3.32,0.0397,0.0102
153.081,0.000,0,,,,,,GLOBAL,1.000,clear,0,20.7,127,71.303,0,0,-1.000,21.40,3.32,0.0340,0.0072
153.101,0.000,0,,,,,,GLOBAL,1.000,clear,0,20.7,127,71.323,0,0,-1.000,21.40,3.32,0.0301,0.0273
153.123,0.000,0,,,,,,GLOBAL,1.000,clear,0,20.7,127,71.344,0,0,-1.000,21.40,3.32,0.0514,0.0209
153.141,0.000,0,,,,,,GLOBAL,1.000,clear,0,20.7,127,71.363,0,0,-1.000,21.40,3.32,0.0427,0.0154
153.162,0.000,0,,,,,,GLOBAL,1.000,clear,0,20.7,127,71.383,0,0,-1.000,21.40,3.32,0.0404,0.0123
153.181,0.000,0,,,,,,GLOBAL,1.000,clear,0,20.7,127,71.403,0,0,-1.000,21.40,3.32,0.0346,0.0077
153.201,0.000,0,,,,,,GLOBAL,1.000,clear,0,20.7,127,71.423,0,0,-1.000,21.40,3.32,0.0304,0.0022
153.222,0.000,0,,,,,,GLOBAL,1.000,clear,0,20.7,127,71.444,0,0,-1.000,21.40,3.32,0.0259,0.0232
153.241,0.000,0,,,,,,GLOBAL,1.000,clear,0,20.7,127,71.463,0,0,-1.000,21.40,3.32,0.0448,0.0173
153.262,0.000,0,,,,,,GLOBAL,1.000,clear,0,20.7,127,71.483,0,0,-1.000,21.40,3.32,0.0409,0.0087
153.282,0.000,0,,,,,,GLOBAL,1.000,clear,0,20.7,127,71.503,0,0,-1.000,21.40,3.32,0.0351,0.0070
153.301,0.000,0,,,,,,GLOBAL,1.000,clear,0,20.7,127,71.523,0,0,-1.000,21.40,3.32,0.0299,0.0019
153.323,0.000,0,,,,,,GLOBAL,1.000,clear,0,20.7,127,71.545,0,0,-1.000,21.40,3.32,0.0261,0.0242
153.341,0.000,0,,,,,,GLOBAL,1.000,clear,0,20.7,127,71.563,0,0,-1.000,21.40,3.32,0.0439,0.0171
153.361,0.000,0,,,,,,GLOBAL,1.000,clear,0,20.7,127,71.583,0,0,-1.000,21.40,3.32,0.0409,0.0109
153.382,0.000,0,,,,,,GLOBAL,1.000,clear,0,20.7,127,71.603,0,0,-1.000,21.40,3.32,0.0356,0.0074
153.401,0.000,0,,,,,,GLOBAL,1.000,clear,0,20.7,127,71.623,0,0,-1.000,21.40,3.32,0.0309,0.0020
153.421,0.000,0,,,,,,GLOBAL,1.000,clear,0,20.7,127,71.643,0,0,-1.000,21.40,3.32,0.0254,0.0220
153.441,0.000,0,,,,,,GLOBAL,1.000,clear,0,20.7,127,71.663,0,0,-1.000,21.40,3.32,0.0455,0.0183
153.461,0.000,0,,,,,,GLOBAL,1.000,clear,0,20.7,127,71.683,0,0,-1.000,21.40,3.32,0.0400,0.0097
153.481,0.000,0,,,,,,GLOBAL,1.000,clear,0,20.7,127,71.703,0,0,-1.000,21.40,3.32,0.0303,0.0068
153.502,0.000,0,,,,,,GLOBAL,1.000,clear,0,20.7,127,71.723,0,0,-1.000,21.40,3.32,0.0317,0.0007
153.521,0.000,0,,,,,,GLOBAL,1.000,clear,0,20.7,127,71.743,0,0,-1.000,21.40,3.32,0.0517,0.0206
153.541,0.000,0,,,,,,GLOBAL,1.000,clear,0,20.7,127,71.763,0,0,-1.000,21.40,3.32,0.0457,0.0170
153.561,0.000,0,,,,,,GLOBAL,1.000,clear,0,20.7,127,71.783,0,0,-1.000,21.40,3.32,0.0414,0.0098
153.581,0.000,0,,,,,,GLOBAL,1.000,clear,0,20.7,127,71.803,0,0,-1.000,21.40,3.32,0.0360,0.0045
153.601,0.000,0,,,,,,GLOBAL,1.000,clear,0,20.7,127,71.823,0,0,-1.000,21.40,3.32,0.0304,0.0029
153.622,0.000,0,,,,,,GLOBAL,1.000,clear,0,20.7,127,71.843,0,0,-1.000,21.40,3.32,0.0263,0.0233
153.641,0.000,0,,,,,,GLOBAL,1.000,clear,0,20.7,127,71.863,0,0,-1.000,21.40,3.32,0.0459,0.0186
153.661,0.000,0,,,,,,GLOBAL,1.000,clear,0,20.7,127,71.883,0,0,-1.000,21.40,3.32,0.0419,0.0131
153.681,0.000,0,,,,,,GLOBAL,1.000,clear,0,20.7,127,71.903,0,0,-1.000,21.40,3.32,0.0362,0.0039
153.701,0.000,0,,,,,,GLOBAL,1.000,clear,0,20.7,127,71.923,0,0,-1.000,21.40,3.32,0.0301,0.0043
153.721,0.000,0,,,,,,GLOBAL,1.000,clear,0,20.7,127,71.943,0,0,-1.000,21.40,3.32,0.0272,0.0244
153.741,0.000,0,,,,,,GLOBAL,1.000,clear,0,20.7,127,71.963,0,0,-1.000,21.40,3.32,0.0472,0.0193
153.762,0.000,0,,,,,,GLOBAL,1.000,clear,0,20.7,127,71.983,0,0,-1.000,21.40,3.32,0.0413,0.0148
153.781,0.000,0,,,,,,GLOBAL,1.000,clear,0,20.7,127,72.003,0,0,-1.000,21.40,3.32,0.0371,0.0079
153.801,0.000,0,,,,,,GLOBAL,1.000,clear,0,20.7,127,72.023,0,0,-1.000,21.40,3.32,0.0323,0.0019
153.821,0.000,0,,,,,,GLOBAL,1.000,clear,0,20.7,127,72.043,0,0,-1.000,21.40,3.32,0.0269,0.0218
153.841,0.000,0,,,,,,GLOBAL,1.000,clear,0,20.7,127,72.063,0,0,-1.000,21.40,3.32,0.0469,0.0196
153.862,0.000,0,,,,,,GLOBAL,1.000,clear,0,20.7,127,72.083,0,0,-1.000,21.40,3.32,0.0427,0.0147
153.881,0.000,0,,,,,,GLOBAL,1.000,clear,0,20.7,127,72.103,0,0,-1.000,21.40,3.32,0.0370,0.0097
153.902,0.000,0,,,,,,GLOBAL,1.000,clear,0,20.7,127,72.123,0,0,-1.000,21.40,3.32,0.0328,0.0048
153.921,0.000,0,,,,,,GLOBAL,1.000,clear,0,20.7,127,72.143,0,0,-1.000,21.40,3.32,0.0258,0.0245
153.941,0.000,0,,,,,,GLOBAL,1.000,clear,0,20.7,127,72.163,0,0,-1.000,21.40,3.32,0.0459,0.0189
153.962,0.000,0,,,,,,GLOBAL,1.000,clear,0,20.7,127,72.183,0,0,-1.000,21.40,3.32,0.0430,0.0162
153.981,0.000,0,,,,,,GLOBAL,1.000,clear,0,20.7,127,72.203,0,0,-1.000,21.40,3.32,0.0385,0.0098
154.001,0.000,0,,,,,,GLOBAL,1.000,clear,0,20.7,127,72.223,0,0,-1.000,21.40,3.32,0.0328,0.0055
154.023,0.000,0,,,,,,GLOBAL,1.000,clear,0,20.7,127,72.244,0,0,-1.000,21.40,3.32,0.0302,0.0014
154.041,0.000,0,,,,,,GLOBAL,1.000,clear,0,20.7,127,72.263,0,0,-1.000,21.40,3.32,0.0488,0.0200
154.061,0.000,0,,,,,,GLOBAL,1.000,clear,0,20.7,127,72.283,0,0,-1.000,21.40,3.32,0.0431,0.0062
154.081,0.000,0,,,,,,GLOBAL,1.000,clear,0,20.7,127,72.303,0,0,-1.000,21.40,3.32,0.0390,0.0079
154.102,0.000,0,,,,,,GLOBAL,1.000,clear,0,20.7,127,72.323,0,0,-1.000,21.40,3.32,0.0335,0.0034
154.121,0.000,0,,,,,,GLOBAL,1.000,clear,0,20.7,127,72.343,0,0,-1.000,21.40,3.32,0.0276,0.0010
154.141,0.000,0,,,,,,GLOBAL,1.000,clear,0,20.7,127,72.363,0,0,-1.000,21.40,3.32,0.0476,0.0210
154.161,0.000,0,,,,,,GLOBAL,1.000,clear,0,20.7,127,72.383,0,0,-1.000,21.40,3.32,0.0433,0.0160
154.181,0.000,0,,,,,,GLOBAL,1.000,clear,0,20.7,127,72.403,0,0,-1.000,21.40,3.32,0.0394,0.0075
154.201,0.000,0,,,,,,GLOBAL,1.000,clear,0,20.7,127,72.423,0,0,-1.000,21.40,3.32,0.0337,0.0028
154.221,0.000,0,,,,,,GLOBAL,1.000,clear,0,20.7,127,72.443,0,0,-1.000,21.40,3.32,0.0278,0.0229
154.241,0.000,0,,,,,,GLOBAL,1.000,clear,0,20.7,127,72.463,0,0,-1.000,21.40,3.32,0.0477,0.0189
154.261,0.000,0,,,,,,GLOBAL,1.000,clear,0,20.7,127,72.483,0,0,-1.000,21.40,3.32,0.0426,0.0154
154.281,0.000,0,,,,,,GLOBAL,1.000,clear,0,20.7,127,72.503,0,0,-1.000,21.40,3.32,0.0382,0.0085
154.301,0.000,0,,,,,,GLOBAL,1.000,clear,0,20.7,127,72.523,0,0,-1.000,21.40,3.32,0.0340,0.0065
154.321,0.000,0,,,,,,GLOBAL,1.000,clear,0,20.7,127,72.543,0,0,-1.000,21.40,3.32,0.0301,0.0266
154.341,0.000,0,,,,,,GLOBAL,1.000,clear,0,20.7,127,72.563,0,0,-1.000,21.40,3.32,0.0502,0.0190
154.361,0.000,0,,,,,,GLOBAL,1.000,clear,0,20.7,127,72.583,0,0,-1.000,21.40,3.32,0.0431,0.0163
154.381,0.000,0,,,,,,GLOBAL,1.000,clear,0,20.7,127,72.603,0,0,-1.000,21.40,3.32,0.0401,0.0110
154.401,0.000,0,,,,,,GLOBAL,1.000,clear,0,20.7,127,72.623,0,0,-1.000,21.40,3.32,0.0344,0.0054
154.421,0.000,0,,,,,,GLOBAL,1.000,clear,0,20.7,127,72.643,0,0,-1.000,21.40,3.32,0.0301,0.0011
154.442,0.000,0,,,,,,GLOBAL,1.000,clear,0,20.7,127,72.663,0,0,-1.000,21.40,3.32,0.0504,0.0214
154.461,0.000,0,,,,,,GLOBAL,1.000,clear,0,20.7,127,72.683,0,0,-1.000,21.40,3.32,0.0445,0.0175
154.481,0.000,0,,,,,,GLOBAL,1.000,clear,0,20.7,127,72.703,0,0,-1.000,21.40,3.32,0.0404,0.0104
154.501,0.000,0,,,,,,GLOBAL,1.000,clear,0,20.7,127,72.723,0,0,-1.000,21.40,3.32,0.0347,0.0057
154.521,0.000,0,,,,,,GLOBAL,1.000,clear,0,20.7,127,72.743,0,0,-1.000,21.40,3.32,0.0307,0.0009
154.543,0.000,0,,,,,,GLOBAL,1.000,clear,0,20.7,127,72.765,0,0,-1.000,21.40,3.32,0.0267,0.0225
154.561,0.000,0,,,,,,GLOBAL,1.000,clear,0,20.7,127,72.783,0,0,-1.000,21.40,3.32,0.0449,0.0173
154.582,0.000,0,,,,,,GLOBAL,1.000,clear,0,20.7,127,72.803,0,0,-1.000,21.40,3.32,0.0376,0.0121
154.601,0.000,0,,,,,,GLOBAL,1.000,clear,0,20.7,127,72.823,0,0,-1.000,21.40,3.32,0.0350,0.0056
154.621,0.000,0,,,,,,GLOBAL,1.000,clear,0,20.7,127,72.843,0,0,-1.000,21.40,3.32,0.0308,0.0021
154.642,0.000,0,,,,,,GLOBAL,1.000,clear,0,20.7,127,72.864,0,0,-1.000,21.40,3.32,0.0260,0.0230
154.661,0.000,0,,,,,,GLOBAL,1.000,clear,0,20.7,127,72.883,0,0,-1.000,21.40,3.32,0.0452,0.0181
154.681,0.000,0,,,,,,GLOBAL,1.000,clear,0,20.7,127,72.903,0,0,-1.000,21.40,3.32,0.0409,0.0126
154.701,0.000,0,,,,,,GLOBAL,1.000,clear,0,20.7,127,72.923,0,0,-1.000,21.40,3.32,0.0353,0.0077
154.721,0.000,0,,,,,,GLOBAL,1.000,clear,0,20.7,127,72.943,0,0,-1.000,21.40,3.32,0.0305,0.0027
154.741,0.000,0,,,,,,GLOBAL,1.000,clear,0,20.7,127,72.963,0,0,-1.000,21.40,3.32,0.0211,0.0226
154.761,0.000,0,,,,,,GLOBAL,1.000,clear,0,20.7,127,72.983,0,0,-1.000,21.40,3.32,0.0413,0.0164
154.781,0.000,0,,,,,,GLOBAL,1.000,clear,0,20.7,127,73.003,0,0,-1.000,21.40,3.32,0.0414,0.0108
154.802,0.000,0,,,,,,GLOBAL,1.000,clear,0,20.7,127,73.023,0,0,-1.000,21.40,3.32,0.0359,0.0025
154.821,0.000,0,,,,,,GLOBAL,1.000,clear,0,20.7,127,73.043,0,0,-1.000,21.40,3.32,0.0314,0.0019
154.841,0.000,0,,,,,,GLOBAL,1.000,clear,0,20.7,127,73.063,0,0,-1.000,21.40,3.32,0.0257,0.0219
154.861,0.000,0,,,,,,GLOBAL,1.000,clear,0,20.7,127,73.083,0,0,-1.000,21.40,3.32,0.0456,0.0141
154.881,0.000,0,,,,,,GLOBAL,1.000,clear,0,20.7,127,73.103,0,0,-1.000,21.40,3.32,0.0416,0.0103
154.901,0.000,0,,,,,,GLOBAL,1.000,clear,0,20.7,127,73.123,0,0,-1.000,21.40,3.32,0.0359,0.0073
154.922,0.000,0,,,,,,GLOBAL,1.000,clear,0,20.7,127,73.143,0,0,-1.000,21.40,3.32,0.0305,0.0033
154.941,0.000,0,,,,,,GLOBAL,1.000,clear,0,20.7,127,73.163,0,0,-1.000,21.40,3.32,0.0261,0.0231
154.961,0.000,0,,,,,,GLOBAL,1.000,clear,0,20.7,127,73.183,0,0,-1.000,21.40,3.32,0.0462,0.0192
154.981,0.000,0,,,,,,GLOBAL,1.000,clear,0,20.7,127,73.203,0,0,-1.000,21.40,3.32,0.0421,0.0105
155.001,0.000,0,,,,,,GLOBAL,1.000,clear,0,20.7,127,73.223,0,0,-1.000,21.40,3.32,0.0363,0.0072
155.021,0.000,0,,,,,,GLOBAL,1.000,clear,0,20.7,127,73.243,0,0,-1.000,21.40,3.32,0.0322,0.0038
155.041,0.000,0,,,,,,GLOBAL,1.000,clear,0,20.7,127,73.263,0,0,-1.000,21.40,3.32,0.0264,0.0237
155.061,0.000,0,,,,,,GLOBAL,1.000,clear,0,20.7,127,73.283,0,0,-1.000,21.40,3.32,0.0465,0.0192
155.081,0.000,0,,,,,,GLOBAL,1.000,clear,0,20.7,127,73.303,0,0,-1.000,21.40,3.32,0.0422,0.0141
155.101,0.000,0,,,,,,GLOBAL,1.000,clear,0,20.7,127,73.323,0,0,-1.000,21.40,3.32,0.0353,0.0078
155.121,0.000,0,,,,,,GLOBAL,1.000,clear,0,20.7,127,73.343,0,0,-1.000,21.40,3.32,0.0303,0.0019
155.142,0.000,0,,,,,,GLOBAL,1.000,clear,0,20.7,127,73.363,0,0,-1.000,21.40,3.32,0.0263,0.0006
155.161,0.000,0,,,,,,GLOBAL,1.000,clear,0,20.7,127,73.383,0,0,-1.000,21.40,3.32,0.0457,0.0200
155.181,0.000,0,,,,,,GLOBAL,1.000,clear,0,20.7,127,73.403,0,0,-1.000,21.40,3.32,0.0427,0.0146
155.201,0.000,0,,,,,,GLOBAL,1.000,clear,0,20.7,127,73.423,0,0,-1.000,21.40,3.32,0.0370,0.0075
155.221,0.000,0,,,,,,GLOBAL,1.000,clear,0,20.7,127,73.443,0,0,-1.000,21.40,3.32,0.0329,0.0028
155.241,0.000,0,,,,,,GLOBAL,1.000,clear,0,20.7,127,73.463,0,0,-1.000,21.40,3.32,0.0272,0.0228
155.261,0.000,0,,,,,,GLOBAL,1.000,clear,0,20.7,127,73.483,0,0,-1.000,21.40,3.32,0.0473,0.0176
155.281,0.000,0,,,,,,GLOBAL,1.000,clear,0,20.7,127,73.503,0,0,-1.000,21.40,3.32,0.0424,0.0123
155.301,0.000,0,,,,,,GLOBAL,1.000,clear,0,20.7,127,73.523,0,0,-1.000,21.40,3.32,0.0373,0.0080
155.321,0.000,0,,,,,,GLOBAL,1.000,clear,0,20.7,127,73.543,0,0,-1.000,21.40,3.32,0.0308,0.0047
155.341,0.000,0,,,,,,GLOBAL,1.000,clear,0,20.7,127,73.563,0,0,-1.000,21.40,3.32,0.0274,0.0010
155.362,0.000,0,,,,,,GLOBAL,1.000,clear,0,20.7,127,73.583,0,0,-1.000,21.40,3.32,0.0478,0.0214
155.381,0.000,0,,,,,,GLOBAL,1.000,clear,0,20.7,127,73.603,0,0,-1.000,21.40,3.32,0.0433,0.0145
155.401,0.000,0,,,,,,GLOBAL,1.000,clear,0,20.7,127,73.623,0,0,-1.000,21.40,3.32,0.0372,0.0062
155.421,0.000,0,,,,,,GLOBAL,1.000,clear,0,20.7,127,73.643,0,0,-1.000,21.40,3.32,0.0333,0.0261
155.441,0.000,0,,,,,,GLOBAL,1.000,clear,0,20.7,127,73.663,0,0,-1.000,21.40,3.32,0.0274,0.0185
155.461,0.000,0,,,,,,GLOBAL,1.000,clear,0,20.7,127,73.683,0,0,-1.000,21.40,3.32,0.0474,0.0150
155.481,0.000,0,,,,,,GLOBAL,1.000,clear,0,20.7,127,73.703,0,0,-1.000,21.40,3.32,0.0436,0.0146
155.563,0.000,0,,,,,,GLOBAL,1.000,clear,0,20.7,127,73.785,0,0,-1.000,21.40,3.32,0.0997,0.0719
155.582,0.000,0,,,,,,GLOBAL,1.000,clear,0,20.7,127,73.803,0,0,-1.000,21.40,3.32,0.0428,0.0100
155.601,0.000,0,,,,,,GLOBAL,1.000,clear,0,20.7,127,73.823,0,0,-1.000,21.40,3.32,0.0379,0.0106
155.621,0.000,0,,,,,,GLOBAL,1.000,clear,0,20.7,127,73.843,0,0,-1.000,21.40,3.32,0.0339,0.0048
155.642,0.000,0,,,,,,GLOBAL,1.000,clear,0,20.7,127,73.863,0,0,-1.000,21.40,3.32,0.0276,0.0006
155.661,0.000,0,,,,,,GLOBAL,1.000,clear,0,20.7,127,73.883,0,0,-1.000,21.40,3.32,0.0471,0.0201
155.681,0.000,0,,,,,,GLOBAL,1.000,clear,0,20.7,127,73.903,0,0,-1.000,21.40,3.32,0.0440,0.0149
155.701,0.000,0,,,,,,GLOBAL,1.000,clear,0,20.7,127,73.923,0,0,-1.000,21.40,3.32,0.0373,0.0109
155.722,0.000,0,,,,,,GLOBAL,1.000,clear,0,20.7,127,73.943,0,0,-1.000,21.40,3.32,0.0347,0.0049
155.742,0.000,0,,,,,,GLOBAL,1.000,clear,0,20.7,127,73.963,0,0,-1.000,21.40,3.32,0.0274,0.0007
155.762,0.000,0,,,,,,GLOBAL,1.000,clear,0,20.7,127,73.983,0,0,-1.000,21.40,3.32,0.0475,0.0207
155.782,0.000,0,,,,,,GLOBAL,1.000,clear,0,20.7,127,74.004,0,0,-1.000,21.40,3.32,0.0438,0.0161
155.801,0.000,0,,,,,,GLOBAL,1.000,clear,0,20.7,127,74.023,0,0,-1.000,21.40,3.32,0.0372,0.0104
155.821,0.000,0,,,,,,GLOBAL,1.000,clear,0,20.7,127,74.043,0,0,-1.000,21.40,3.32,0.0332,0.0017
155.841,0.000,0,,,,,,GLOBAL,1.000,clear,0,20.7,127,74.063,0,0,-1.000,21.40,3.32,0.0262,0.0005
155.861,0.000,0,,,,,,GLOBAL,1.000,clear,0,20.7,127,74.083,0,0,-1.000,21.40,3.32,0.0461,0.0204
155.881,0.000,0,,,,,,GLOBAL,1.000,clear,0,20.7,127,74.103,0,0,-1.000,21.40,3.32,0.0428,0.0148
155.902,0.000,0,,,,,,GLOBAL,1.000,clear,0,20.7,127,74.123,0,0,-1.000,21.40,3.32,0.0382,0.0095
155.921,0.000,0,,,,,,GLOBAL,1.000,clear,0,20.7,127,74.143,0,0,-1.000,21.40,3.32,0.0334,0.0066
155.941,0.000,0,,,,,,GLOBAL,1.000,clear,0,20.7,127,74.163,0,0,-1.000,21.40,3.32,0.0276,0.0011
155.962,0.000,0,,,,,,GLOBAL,1.000,clear,0,20.7,127,74.183,0,0,-1.000,21.40,3.32,0.0481,0.0215
155.981,0.000,0,,,,,,GLOBAL,1.000,clear,0,20.7,127,74.203,0,0,-1.000,21.40,3.32,0.0439,0.0160
156.001,0.000,0,,,,,,GLOBAL,1.000,clear,0,20.7,127,74.223,0,0,-1.000,21.40,3.32,0.0376,0.0104
156.021,0.000,0,,,,,,GLOBAL,1.000,clear,0,20.7,127,74.243,0,0,-1.000,21.40,3.32,0.0339,0.0059
156.041,0.000,0,,,,,,GLOBAL,1.000,clear,0,20.7,127,74.263,0,0,-1.000,21.40,3.32,0.0291,0.0259
156.061,0.000,0,,,,,,GLOBAL,1.000,clear,0,20.7,127,74.283,0,0,-1.000,21.40,3.32,0.0492,0.0192
156.081,0.000,0,,,,,,GLOBAL,1.000,clear,0,20.7,127,74.303,0,0,-1.000,21.40,3.32,0.0440,0.0157
156.101,0.000,0,,,,,,GLOBAL,1.000,clear,0,20.7,127,74.323,0,0,-1.000,21.40,3.32,0.0399,0.0086
156.121,0.000,0,,,,,,GLOBAL,1.000,clear,0,20.7,127,74.343,0,0,-1.000,21.40,3.32,0.0343,0.0051
156.142,0.000,0,,,,,,GLOBAL,1.000,clear,0,20.7,127,74.363,0,0,-1.000,21.40,3.32,0.0304,0.0007
156.161,0.000,0,,,,,,GLOBAL,1.000,clear,0,20.7,127,74.383,0,0,-1.000,21.40,3.32,0.0500,0.0203
156.181,0.000,0,,,,,,GLOBAL,1.000,clear,0,20.7,127,74.403,0,0,-1.000,21.40,3.32,0.0439,0.0159
156.201,0.000,0,,,,,,GLOBAL,1.000,clear,0,20.7,127,74.423,0,0,-1.000,21.40,3.32,0.0403,0.0118
156.222,0.000,0,,,,,,GLOBAL,1.000,clear,0,20.7,127,74.443,0,0,-1.000,21.40,3.32,0.0348,0.0068
156.241,0.000,0,,,,,,GLOBAL,1.000,clear,0,20.7,127,74.463,0,0,-1.000,21.40,3.32,0.0304,0.0266
156.262,0.000,0,,,,,,GLOBAL,1.000,clear,0,20.7,127,74.483,0,0,-1.000,21.40,3.32,0.0251,0.0199
156.281,0.000,0,,,,,,GLOBAL,1.000,clear,0,20.7,127,74.503,0,0,-1.000,21.40,3.32,0.0448,0.0152
156.302,0.000,0,,,,,,GLOBAL,1.000,clear,0,20.7,127,74.523,0,0,-1.000,21.40,3.32,0.0380,0.0124
156.321,0.000,0,,,,,,GLOBAL,1.000,clear,0,20.7,127,74.543,0,0,-1.000,21.40,3.32,0.0352,0.0049
156.341,0.000,0,,,,,,GLOBAL,1.000,clear,0,20.7,127,74.563,0,0,-1.000,21.40,3.32,0.0298,0.0247
156.363,0.000,0,,,,,,GLOBAL,1.000,clear,0,20.7,127,74.585,0,0,-1.000,21.40,3.32,0.0517,0.0194
156.381,0.000,0,,,,,,GLOBAL,1.000,clear,0,20.7,127,74.603,0,0,-1.000,21.40,3.32,0.0451,0.0163
156.403,0.000,0,,,,,,GLOBAL,1.000,clear,0,20.7,127,74.624,0,0,-1.000,21.40,3.32,0.0423,0.0115
156.421,0.000,0,,,,,,GLOBAL,1.000,clear,0,20.7,127,74.643,0,0,-1.000,21.40,3.32,0.0352,0.0035
156.442,0.000,0,,,,,,GLOBAL,1.000,clear,0,20.7,127,74.663,0,0,-1.000,21.40,3.32,0.0285,0.0242
156.462,0.000,0,,,,,,GLOBAL,1.000,clear,0,20.7,127,74.683,0,0,-1.000,21.40,3.32,0.0485,0.0188
156.481,0.000,0,,,,,,GLOBAL,1.000,clear,0,20.7,127,74.703,0,0,-1.000,21.40,3.32,0.0454,0.0146
156.501,0.000,0,,,,,,GLOBAL,1.000,clear,0,20.7,127,74.723,0,0,-1.000,21.40,3.32,0.0398,0.0093
156.523,0.000,0,,,,,,GLOBAL,1.000,clear,0,20.7,127,74.744,0,0,-1.000,21.40,3.32,0.0369,0.0307
156.542,0.000,0,,,,,,GLOBAL,1.000,clear,0,20.7,127,74.763,0,0,-1.000,21.40,3.32,0.0274,0.0009
156.562,0.000,0,,,,,,GLOBAL,1.000,clear,0,20.7,127,74.784,0,0,-1.000,21.40,3.32,0.0481,0.0216
156.581,0.000,0,,,,,,GLOBAL,1.000,clear,0,20.7,127,74.803,0,0,-1.000,21.40,3.32,0.0458,0.0139
156.601,0.000,0,,,,,,GLOBAL,1.000,clear,0,20.7,127,74.823,0,0,-1.000,21.40,3.32,0.0393,0.0101
156.621,0.000,0,,,,,,GLOBAL,1.000,clear,0,20.7,127,74.843,0,0,-1.000,21.40,3.32,0.0360,0.0042
156.641,0.000,0,,,,,,GLOBAL,1.000,clear,0,20.7,127,74.863,0,0,-1.000,21.40,3.32,0.0300,0.0243
156.661,0.000,0,,,,,,GLOBAL,1.000,clear,0,20.7,127,74.883,0,0,-1.000,21.40,3.32,0.0501,0.0179
156.682,0.000,0,,,,,,GLOBAL,1.000,clear,0,20.7,127,74.903,0,0,-1.000,21.40,3.32,0.0465,0.0118
156.701,0.000,0,,,,,,GLOBAL,1.000,clear,0,20.7,127,74.923,0,0,-1.000,21.40,3.32,0.0405,0.0121
156.722,0.000,0,,,,,,GLOBAL,1.000,clear,0,20.7,127,74.943,0,0,-1.000,21.40,3.32,0.0369,0.0017
156.741,0.000,0,,,,,,GLOBAL,1.000,clear,0,20.7,127,74.963,0,0,-1.000,21.40,3.32,0.0306,0.0210
156.762,0.000,0,,,,,,GLOBAL,1.000,clear,0,20.7,127,74.983,0,0,-1.000,21.40,3.32,0.0514,0.0157
156.781,0.000,0,,,,,,GLOBAL,1.000,clear,0,20.7,127,75.003,0,0,-1.000,21.40,3.32,0.0453,0.0150
156.801,0.000,0,,,,,,GLOBAL,1.000,clear,0,20.7,127,75.023,0,0,-1.000,21.40,3.32,0.0408,0.0049
156.821,0.000,0,,,,,,GLOBAL,1.000,clear,0,20.7,127,75.043,0,0,-1.000,21.40,3.32,0.0366,0.0076
156.842,0.000,0,,,,,,GLOBAL,1.000,clear,0,20.7,127,75.063,0,0,-1.000,21.40,3.32,0.0311,0.0042
156.862,0.000,0,,,,,,GLOBAL,1.000,clear,0,20.7,127,75.084,0,0,-1.000,21.40,3.32,0.0275,0.0249
156.881,0.000,0,,,,,,GLOBAL,1.000,clear,0,20.7,127,75.103,0,0,-1.000,21.40,3.32,0.0467,0.0182
156.901,0.000,0,,,,,,GLOBAL,1.000,clear,0,20.7,127,75.123,0,0,-1.000,21.40,3.32,0.0410,0.0140
156.922,0.000,0,,,,,,GLOBAL,1.000,clear,0,20.7,127,75.143,0,0,-1.000,21.40,3.32,0.0357,0.0087
156.941,0.000,0,,,,,,GLOBAL,1.000,clear,0,20.7,127,75.163,0,0,-1.000,21.40,3.32,0.0292,0.0044
156.962,0.000,0,,,,,,GLOBAL,1.000,clear,0,20.7,127,75.184,0,0,-1.000,21.40,3.32,0.0279,0.0253
156.981,0.000,0,,,,,,GLOBAL,1.000,clear,0,20.7,127,75.203,0,0,-1.000,21.40,3.32,0.0471,0.0179
157.001,0.000,0,,,,,,GLOBAL,1.000,clear,0,20.7,127,75.223,0,0,-1.000,21.40,3.32,0.0414,0.0117
157.021,0.000,0,,,,,,GLOBAL,1.000,clear,0,20.7,127,75.243,0,0,-1.000,21.40,3.32,0.0355,0.0030
157.041,0.000,0,,,,,,GLOBAL,1.000,clear,0,20.7,127,75.263,0,0,-1.000,21.40,3.32,0.0297,0.0028
157.063,0.000,0,,,,,,GLOBAL,1.000,clear,0,20.7,127,75.284,0,0,-1.000,21.40,3.32,0.0512,0.0243
157.081,0.000,0,,,,,,GLOBAL,1.000,clear,0,20.7,127,75.303,0,0,-1.000,21.40,3.32,0.0473,0.0177
157.101,0.000,0,,,,,,GLOBAL,1.000,clear,0,20.7,127,75.323,0,0,-1.000,21.40,3.32,0.0416,0.0133
157.121,0.000,0,,,,,,GLOBAL,1.000,clear,0,20.7,127,75.343,0,0,-1.000,21.40,3.32,0.0355,0.0083
157.141,0.000,0,,,,,,GLOBAL,1.000,clear,0,20.7,127,75.363,0,0,-1.000,21.40,3.32,0.0317,0.0018
157.165,0.000,0,,,,,,GLOBAL,1.000,clear,0,20.7,127,75.386,0,0,-1.000,21.40,3.32,0.0302,0.0253
157.182,0.000,0,,,,,,GLOBAL,1.000,clear,0,20.7,127,75.403,0,0,-1.000,21.40,3.32,0.0469,0.0157
157.201,0.000,0,,,,,,GLOBAL,1.000,clear,0,20.7,127,75.423,0,0,-1.000,21.40,3.32,0.0410,0.0148
157.222,0.000,0,,,,,,GLOBAL,1.000,clear,0,20.7,127,75.443,0,0,-1.000,21.40,3.32,0.0366,0.0048
157.242,0.000,0,,,,,,GLOBAL,1.000,clear,0,20.7,127,75.463,0,0,-1.000,21.40,3.32,0.0275,0.0015
157.261,0.000,0,,,,,,GLOBAL,1.000,clear,0,20.7,127,75.483,0,0,-1.000,21.40,3.32,0.0253,0.0210
157.281,0.000,0,,,,,,GLOBAL,1.000,clear,0,20.7,127,75.503,0,0,-1.000,21.40,3.32,0.0453,0.0161
157.301,0.000,0,,,,,,GLOBAL,1.000,clear,0,20.7,127,75.523,0,0,-1.000,21.40,3.32,0.0423,0.0088
157.321,0.000,0,,,,,,GLOBAL,1.000,clear,0,20.7,127,75.543,0,0,-1.000,21.40,3.32,0.0366,0.0060
157.341,0.000,0,,,,,,GLOBAL,1.000,clear,0,20.7,127,75.563,0,0,-1.000,21.40,3.32,0.0324,0.0259
157.361,0.000,0,,,,,,GLOBAL,1.000,clear,0,20.7,127,75.583,0,0,-1.000,21.40,3.32,0.0524,0.0154
157.381,0.000,0,,,,,,GLOBAL,1.000,clear,0,20.7,127,75.603,0,0,-1.000,21.40,3.32,0.0470,0.0148
157.401,0.000,0,,,,,,GLOBAL,1.000,clear,0,20.7,127,75.623,0,0,-1.000,21.40,3.32,0.0379,0.0024
157.421,0.000,0,,,,,,GLOBAL,1.000,clear,0,20.7,127,75.643,0,0,-1.000,21.40,3.32,0.0370,0.0088
157.441,0.000,0,,,,,,GLOBAL,1.000,clear,0,20.7,127,75.663,0,0,-1.000,21.40,3.32,0.0329,0.0045
157.461,0.000,0,,,,,,GLOBAL,1.000,clear,0,20.7,127,75.683,0,0,-1.000,21.40,3.32,0.0268,0.0244
157.481,0.000,0,,,,,,GLOBAL,1.000,clear,0,20.7,127,75.703,0,0,-1.000,21.40,3.32,0.0469,0.0140
157.501,0.000,0,,,,,,GLOBAL,1.000,clear,0,20.7,127,75.723,0,0,-1.000,21.40,3.32,0.0429,0.0340
157.521,0.000,0,,,,,,GLOBAL,1.000,clear,0,20.7,127,75.743,0,0,-1.000,21.40,3.32,0.0373,0.0033
157.542,0.000,0,,,,,,GLOBAL,1.000,clear,0,20.7,127,75.763,0,0,-1.000,21.40,3.32,0.0332,0.0141
157.561,0.000,0,,,,,,GLOBAL,1.000,clear,0,20.7,127,75.783,0,0,-1.000,21.40,3.32,0.0272,0.0169
157.581,0.000,0,,,,,,GLOBAL,1.000,clear,0,20.7,127,75.803,0,0,-1.000,21.40,3.32,0.0473,0.0188
157.606,0.000,0,,,,,,GLOBAL,1.000,clear,0,20.7,127,75.827,0,0,-1.000,21.40,3.32,0.0475,0.0173
157.628,0.000,0,,,,,,GLOBAL,1.000,clear,0,20.7,127,75.849,0,0,-1.000,21.40,3.32,0.0432,0.0097
157.641,0.000,0,,,,,,GLOBAL,1.000,clear,0,20.7,127,75.863,0,0,-1.000,21.40,3.32,0.0274,0.0019
157.668,0.000,0,,,,,,GLOBAL,1.000,clear,0,20.7,127,75.889,0,0,-1.000,21.40,3.32,0.0543,0.0288
157.682,0.000,0,,,,,,GLOBAL,1.000,clear,0,20.7,127,75.903,0,0,-1.000,21.40,3.32,0.0475,0.0129
157.702,0.000,0,,,,,,GLOBAL,1.000,clear,0,20.7,127,75.923,0,0,-1.000,21.40,3.32,0.0418,0.0037
157.732,0.000,0,,,,,,GLOBAL,1.000,clear,0,20.7,127,75.953,0,0,-1.000,21.40,3.32,0.0719,0.0338
157.741,0.000,0,,,,,,GLOBAL,1.000,clear,0,20.7,127,75.963,0,0,-1.000,21.40,3.32,0.0317,0.0025
157.763,0.000,0,,,,,,GLOBAL,1.000,clear,0,20.7,127,75.985,0,0,-1.000,21.40,3.32,0.0287,0.0023
157.782,0.000,0,,,,,,GLOBAL,1.000,clear,0,20.7,127,76.003,0,0,-1.000,21.40,3.32,0.0470,0.0206
157.801,0.000,0,,,,,,GLOBAL,1.000,clear,0,20.7,127,76.023,0,0,-1.000,21.40,3.32,0.0440,0.0135
157.821,0.000,0,,,,,,GLOBAL,1.000,clear,0,20.7,127,76.043,0,0,-1.000,21.40,3.32,0.0372,0.0030
157.841,0.000,0,,,,,,GLOBAL,1.000,clear,0,20.7,127,76.063,0,0,-1.000,21.40,3.32,0.0340,0.0053
157.861,0.000,0,,,,,,GLOBAL,1.000,clear,0,20.7,127,76.083,0,0,-1.000,21.40,3.32,0.0283,0.0252
157.881,0.000,0,,,,,,GLOBAL,1.000,clear,0,20.7,127,76.103,0,0,-1.000,21.40,3.32,0.0483,0.0192
157.904,0.000,0,,,,,,GLOBAL,1.000,clear,0,20.7,127,76.126,0,0,-1.000,21.40,3.32,0.0470,0.0147
157.922,0.000,0,,,,,,GLOBAL,1.000,clear,0,20.7,127,76.143,0,0,-1.000,21.40,3.32,0.0358,0.0083
157.941,0.000,0,,,,,,GLOBAL,1.000,clear,0,20.7,127,76.163,0,0,-1.000,21.40,3.32,0.0344,0.0015
157.965,0.000,0,,,,,,GLOBAL,1.000,clear,0,20.7,127,76.186,0,0,-1.000,21.40,3.32,0.0581,0.0252
157.983,0.000,0,,,,,,GLOBAL,1.000,clear,0,20.7,127,76.205,0,0,-1.000,21.40,3.32,0.0475,0.0156
158.003,0.000,0,,,,,,GLOBAL,1.000,clear,0,20.7,127,76.225,0,0,-1.000,21.40,3.32,0.0466,0.0146
158.026,0.000,0,,,,,,GLOBAL,1.000,clear,0,20.7,127,76.248,0,0,-1.000,21.40,3.32,0.0403,0.0152
158.043,0.000,0,,,,,,GLOBAL,1.000,clear,0,20.7,127,76.265,0,0,-1.000,21.40,3.32,0.0367,0.0323
158.063,0.000,0,,,,,,GLOBAL,1.000,clear,0,20.7,127,76.284,0,0,-1.000,21.40,3.32,0.0303,0.0014
158.084,0.000,0,,,,,,GLOBAL,1.000,clear,0,20.7,127,76.305,0,0,-1.000,21.40,3.32,0.0512,0.0223
158.102,0.000,0,,,,,,GLOBAL,1.000,clear,0,20.7,127,76.324,0,0,-1.000,21.40,3.32,0.0455,0.0133
158.121,0.000,0,,,,,,GLOBAL,1.000,clear,0,20.7,127,76.343,0,0,-1.000,21.40,3.32,0.0374,0.0118
158.141,0.000,0,,,,,,GLOBAL,1.000,clear,0,20.7,127,76.363,0,0,-1.000,21.40,3.32,0.0307,0.0023
158.161,0.000,0,,,,,,GLOBAL,1.000,clear,0,20.7,127,76.383,0,0,-1.000,21.40,3.32,0.0290,0.0006
158.206,0.000,0,,,,,,GLOBAL,1.000,clear,0,20.7,127,76.427,0,0,-1.000,21.40,3.32,0.0735,0.0452
158.225,0.000,0,,,,,,GLOBAL,1.000,clear,0,20.7,127,76.446,0,0,-1.000,21.40,3.32,0.0430,0.0087
158.248,0.000,0,,,,,,GLOBAL,1.000,clear,0,20.7,127,76.469,0,0,-1.000,21.40,3.32,0.0657,0.0312
158.262,0.000,0,,,,,,GLOBAL,1.000,clear,0,20.7,127,76.483,0,0,-1.000,21.40,3.32,0.0556,0.0114
158.282,0.000,0,,,,,,GLOBAL,1.000,clear,0,20.7,127,76.503,0,0,-1.000,21.40,3.32,0.0481,0.0173
158.301,0.000,0,,,,,,GLOBAL,1.000,clear,0,20.7,127,76.523,0,0,-1.000,21.40,3.32,0.0453,0.0049
158.322,0.000,0,,,,,,GLOBAL,1.000,clear,0,20.7,127,76.543,0,0,-1.000,21.40,3.32,0.0371,0.0098
158.342,0.000,0,,,,,,GLOBAL,1.000,clear,0,20.7,127,76.563,0,0,-1.000,21.40,3.32,0.0360,0.0301
158.362,0.000,0,,,,,,GLOBAL,1.000,clear,0,20.7,127,76.583,0,0,-1.000,21.40,3.32,0.0248,0.0195
158.383,0.000,0,,,,,,GLOBAL,1.000,clear,0,20.7,127,76.604,0,0,-1.000,21.40,3.32,0.0455,0.0202
158.401,0.000,0,,,,,,GLOBAL,1.000,clear,0,20.7,127,76.623,0,0,-1.000,21.40,3.32,0.0456,0.0145
158.421,0.000,0,,,,,,GLOBAL,1.000,clear,0,20.7,127,76.643,0,0,-1.000,21.40,3.32,0.0400,0.0128
158.441,0.000,0,,,,,,GLOBAL,1.000,clear,0,20.7,127,76.663,0,0,-1.000,21.40,3.32,0.0358,0.0059
158.461,0.000,0,,,,,,GLOBAL,1.000,clear,0,20.7,127,76.683,0,0,-1.000,21.40,3.32,0.0302,0.0014
158.484,0.000,0,,,,,,GLOBAL,1.000,clear,0,20.7,127,76.706,0,0,-1.000,21.40,3.32,0.0532,0.0244
158.501,0.000,0,,,,,,GLOBAL,1.000,clear,0,20.7,127,76.723,0,0,-1.000,21.40,3.32,0.0462,0.0149
158.521,0.000,0,,,,,,GLOBAL,1.000,clear,0,20.7,127,76.743,0,0,-1.000,21.40,3.32,0.0404,0.0053
158.541,0.000,0,,,,,,GLOBAL,1.000,clear,0,20.7,127,76.763,0,0,-1.000,21.40,3.32,0.0363,0.0031
158.561,0.000,0,,,,,,GLOBAL,1.000,clear,0,20.7,127,76.783,0,0,-1.000,21.40,3.32,0.0307,0.0025
158.582,0.000,0,,,,,,GLOBAL,1.000,clear,0,20.7,127,76.803,0,0,-1.000,21.40,3.32,0.0267,0.0227
158.601,0.000,0,,,,,,GLOBAL,1.000,clear,0,20.7,127,76.823,0,0,-1.000,21.40,3.32,0.0466,0.0180
158.621,0.000,0,,,,,,GLOBAL,1.000,clear,0,20.7,127,76.843,0,0,-1.000,21.40,3.32,0.0408,0.0126
158.641,0.000,0,,,,,,GLOBAL,1.000,clear,0,20.7,127,76.863,0,0,-1.000,21.40,3.32,0.0368,0.0072
158.662,0.000,0,,,,,,GLOBAL,1.000,clear,0,20.7,127,76.883,0,0,-1.000,21.40,3.32,0.0272,0.0038
158.682,0.000,0,,,,,,GLOBAL,1.000,clear,0,20.7,127,76.903,0,0,-1.000,21.40,3.32,0.0470,0.0236
158.702,0.000,0,,,,,,GLOBAL,1.000,clear,0,20.7,127,76.923,0,0,-1.000,21.40,3.32,0.0473,0.0143
158.721,0.000,0,,,,,,GLOBAL,1.000,clear,0,20.7,127,76.943,0,0,-1.000,21.40,3.32,0.0411,0.0073
158.741,0.000,0,,,,,,GLOBAL,1.000,clear,0,20.7,127,76.963,0,0,-1.000,21.40,3.32,0.0355,0.0053
158.761,0.000,0,,,,,,GLOBAL,1.000,clear,0,20.7,127,76.983,0,0,-1.000,21.40,3.32,0.0313,0.0025
158.782,0.000,0,,,,,,GLOBAL,1.000,clear,0,20.7,127,77.003,0,0,-1.000,21.40,3.32,0.0273,0.0228
158.801,0.000,0,,,,,,GLOBAL,1.000,clear,0,20.7,127,77.023,0,0,-1.000,21.40,3.32,0.0471,0.0186
158.822,0.000,0,,,,,,GLOBAL,1.000,clear,0,20.7,127,77.043,0,0,-1.000,21.40,3.32,0.0416,0.0143
158.841,0.000,0,,,,,,GLOBAL,1.000,clear,0,20.7,127,77.063,0,0,-1.000,21.40,3.32,0.0370,0.0046
158.861,0.000,0,,,,,,GLOBAL,1.000,clear,0,20.7,127,77.083,0,0,-1.000,21.40,3.32,0.0299,0.0030
158.881,0.000,0,,,,,,GLOBAL,1.000,clear,0,20.7,127,77.103,0,0,-1.000,21.40,3.32,0.0272,0.0230
158.901,0.000,0,,,,,,GLOBAL,1.000,clear,0,20.7,127,77.123,0,0,-1.000,21.40,3.32,0.0473,0.0176
158.921,0.000,0,,,,,,GLOBAL,1.000,clear,0,20.7,127,77.143,0,0,-1.000,21.40,3.32,0.0402,0.0135
158.941,0.000,0,,,,,,GLOBAL,1.000,clear,0,20.7,127,77.163,0,0,-1.000,21.40,3.32,0.0371,0.0058
158.961,0.000,0,,,,,,GLOBAL,1.000,clear,0,20.7,127,77.183,0,0,-1.000,21.40,3.32,0.0292,0.0047
158.982,0.000,0,,,,,,GLOBAL,1.000,clear,0,20.7,127,77.203,0,0,-1.000,21.40,3.32,0.0274,0.0248
159.001,0.000,0,,,,,,GLOBAL,1.000,clear,0,20.7,127,77.223,0,0,-1.000,21.40,3.32,0.0472,0.0190
159.022,0.000,0,,,,,,GLOBAL,1.000,clear,0,20.7,127,77.244,0,0,-1.000,21.40,3.32,0.0428,0.0137
159.041,0.000,0,,,,,,GLOBAL,1.000,clear,0,20.7,127,77.263,0,0,-1.000,21.40,3.32,0.0370,0.0039
159.061,0.000,0,,,,,,GLOBAL,1.000,clear,0,20.7,127,77.283,0,0,-1.000,21.40,3.32,0.0300,0.0025
159.082,0.000,0,,,,,,GLOBAL,1.000,clear,0,20.7,127,77.304,0,0,-1.000,21.40,3.32,0.0280,0.0237
159.102,0.000,0,,,,,,GLOBAL,1.000,clear,0,20.7,127,77.323,0,0,-1.000,21.40,3.32,0.0476,0.0169
159.121,0.000,0,,,,,,GLOBAL,1.000,clear,0,20.7,127,77.343,0,0,-1.000,21.40,3.32,0.0424,0.0124
159.142,0.000,0,,,,,,GLOBAL,1.000,clear,0,20.7,127,77.363,0,0,-1.000,21.40,3.32,0.0386,0.0065
159.161,0.000,0,,,,,,GLOBAL,1.000,clear,0,20.7,127,77.383,0,0,-1.000,21.40,3.32,0.0325,0.0028
159.181,0.000,0,,,,,,GLOBAL,1.000,clear,0,20.7,127,77.403,0,0,-1.000,21.40,3.32,0.0285,0.0228
159.201,0.000,0,,,,,,GLOBAL,1.000,clear,0,20.7,127,77.423,0,0,-1.000,21.40,3.32,0.0485,0.0175
159.221,0.000,0,,,,,,GLOBAL,1.000,clear,0,20.7,127,77.443,0,0,-1.000,21.40,3.32,0.0429,0.0116
159.241,0.000,0,,,,,,GLOBAL,1.000,clear,0,20.7,127,77.463,0,0,-1.000,21.40,3.32,0.0373,0.0080
159.262,0.000,0,,,,,,GLOBAL,1.000,clear,0,20.7,127,77.483,0,0,-1.000,21.40,3.32,0.0310,0.0022
159.282,0.000,0,,,,,,GLOBAL,1.000,clear,0,20.7,127,77.503,0,0,-1.000,21.40,3.32,0.0277,0.0223
159.301,0.000,0,,,,,,GLOBAL,1.000,clear,0,20.7,127,77.523,0,0,-1.000,21.40,3.32,0.0474,0.0157
159.321,0.000,0,,,,,,GLOBAL,1.000,clear,0,20.7,127,77.543,0,0,-1.000,21.40,3.32,0.0418,0.0139
159.341,0.000,0,,,,,,GLOBAL,1.000,clear,0,20.7,127,77.563,0,0,-1.000,21.40,3.32,0.0375,0.0076
159.361,0.000,0,,,,,,GLOBAL,1.000,clear,0,20.7,127,77.583,0,0,-1.000,21.40,3.32,0.0333,0.0030
159.381,0.000,0,,,,,,GLOBAL,1.000,clear,0,20.7,127,77.603,0,0,-1.000,21.40,3.32,0.0276,0.0232
159.401,0.000,0,,,,,,GLOBAL,1.000,clear,0,20.7,127,77.623,0,0,-1.000,21.40,3.32,0.0477,0.0197
159.421,0.000,0,,,,,,GLOBAL,1.000,clear,0,20.7,127,77.643,0,0,-1.000,21.40,3.32,0.0432,0.0152
159.441,0.000,0,,,,,,GLOBAL,1.000,clear,0,20.7,127,77.663,0,0,-1.000,21.40,3.32,0.0391,0.0100
159.461,0.000,0,,,,,,GLOBAL,1.000,clear,0,20.7,127,77.683,0,0,-1.000,21.40,3.32,0.0335,0.0051
159.482,0.000,0,,,,,,GLOBAL,1.000,clear,0,20.7,127,77.703,0,0,-1.000,21.40,3.32,0.0278,0.0011
159.502,0.000,0,,,,,,GLOBAL,1.000,clear,0,20.7,127,77.724,0,0,-1.000,21.40,3.32,0.0485,0.0218
159.521,0.000,0,,,,,,GLOBAL,1.000,clear,0,20.7,127,77.743,0,0,-1.000,21.40,3.32,0.0436,0.0160
159.541,0.000,0,,,,,,GLOBAL,1.000,clear,0,20.7,127,77.763,0,0,-1.000,21.40,3.32,0.0379,0.0101
159.562,0.000,0,,,,,,GLOBAL,1.000,clear,0,20.7,127,77.783,0,0,-1.000,21.40,3.32,0.0342,0.0034
159.582,0.000,0,,,,,,GLOBAL,1.000,clear,0,20.7,127,77.803,0,0,-1.000,21.40,3.32,0.0301,0.0007
159.601,0.000,0,,,,,,GLOBAL,1.000,clear,0,20.7,127,77.823,0,0,-1.000,21.40,3.32,0.0499,0.0206
159.621,0.000,0,,,,,,GLOBAL,1.000,clear,0,20.7,127,77.843,0,0,-1.000,21.40,3.32,0.0443,0.0153
159.641,0.000,0,,,,,,GLOBAL,1.000,clear,0,20.7,127,77.863,0,0,-1.000,21.40,3.32,0.0400,0.0083
159.662,0.000,0,,,,,,GLOBAL,1.000,clear,0,20.7,127,77.883,0,0,-1.000,21.40,3.32,0.0347,0.0058
159.681,0.000,0,,,,,,GLOBAL,1.000,clear,0,20.7,127,77.903,0,0,-1.000,21.40,3.32,0.0302,0.0007
159.702,0.000,0,,,,,,GLOBAL,1.000,clear,0,20.7,127,77.924,0,0,-1.000,21.40,3.32,0.0250,0.0214
159.721,0.000,0,,,,,,GLOBAL,1.000,clear,0,20.7,127,77.943,0,0,-1.000,21.40,3.32,0.0441,0.0152
159.741,0.000,0,,,,,,GLOBAL,1.000,clear,0,20.7,127,77.963,0,0,-1.000,21.40,3.32,0.0403,0.0038
159.761,0.000,0,,,,,,GLOBAL,1.000,clear,0,20.7,127,77.983,0,0,-1.000,21.40,3.32,0.0343,0.0011
159.781,0.000,0,,,,,,GLOBAL,1.000,clear,0,20.7,127,78.003,0,0,-1.000,21.40,3.32,0.0304,0.0211
159.803,0.000,0,,,,,,GLOBAL,1.000,clear,0,20.7,127,78.024,0,0,-1.000,21.40,3.32,0.0264,0.0169
159.821,0.000,0,,,,,,GLOBAL,1.000,clear,0,20.7,127,78.043,0,0,-1.000,21.40,3.32,0.0448,0.0153
159.841,0.000,0,,,,,,GLOBAL,1.000,clear,0,20.7,127,78.063,0,0,-1.000,21.40,3.32,0.0407,0.0061
159.861,0.000,0,,,,,,GLOBAL,1.000,clear,0,20.7,127,78.083,0,0,-1.000,21.40,3.32,0.0350,0.0014
159.881,0.000,0,,,,,,GLOBAL,1.000,clear,0,20.7,127,78.103,0,0,-1.000,21.40,3.32,0.0305,0.0007
159.901,0.000,0,,,,,,GLOBAL,1.000,clear,0,20.7,127,78.123,0,0,-1.000,21.40,3.32,0.0240,0.0206
159.921,0.000,0,,,,,,GLOBAL,1.000,clear,0,20.7,127,78.143,0,0,-1.000,21.40,3.32,0.0441,0.0160
159.941,0.000,0,,,,,,GLOBAL,1.000,clear,0,20.7,127,78.163,0,0,-1.000,21.40,3.32,0.0409,0.0102
159.961,0.000,0,,,,,,GLOBAL,1.000,clear,0,20.7,127,78.183,0,0,-1.000,21.40,3.32,0.0354,0.0062
159.982,0.000,0,,,,,,GLOBAL,1.000,clear,0,20.7,127,78.203,0,0,-1.000,21.40,3.32,0.0317,0.0027
160.002,0.000,0,,,,,,GLOBAL,1.000,clear,0,20.7,127,78.223,0,0,-1.000,21.40,3.32,0.0512,0.0222
160.021,0.000,0,,,,,,GLOBAL,1.000,clear,0,20.7,127,78.243,0,0,-1.000,21.40,3.32,0.0453,0.0179
160.041,0.000,0,,,,,,GLOBAL,1.000,clear,0,20.7,127,78.263,0,0,-1.000,21.40,3.32,0.0413,0.0126
160.061,0.000,0,,,,,,GLOBAL,1.000,clear,0,20.7,127,78.283,0,0,-1.000,21.40,3.32,0.0341,0.0071
160.081,0.000,0,,,,,,GLOBAL,1.000,clear,0,20.7,127,78.303,0,0,-1.000,21.40,3.32,0.0279,0.0026
160.102,0.000,0,,,,,,GLOBAL,1.000,clear,0,20.7,127,78.323,0,0,-1.000,21.40,3.32,0.0264,0.0233
160.121,0.000,0,,,,,,GLOBAL,1.000,clear,0,20.7,127,78.343,0,0,-1.000,21.40,3.32,0.0457,0.0178
160.141,0.000,0,,,,,,GLOBAL,1.000,clear,0,20.7,127,78.363,0,0,-1.000,21.40,3.32,0.0415,0.0147
160.162,0.000,0,,,,,,GLOBAL,1.000,clear,0,20.7,127,78.383,0,0,-1.000,21.40,3.32,0.0375,0.0091
160.181,0.000,0,,,,,,GLOBAL,1.000,clear,0,20.7,127,78.403,0,0,-1.000,21.40,3.32,0.0301,0.0046
160.202,0.000,0,,,,,,GLOBAL,1.000,clear,0,20.7,127,78.423,0,0,-1.000,21.40,3.32,0.0276,0.0249
160.221,0.000,0,,,,,,GLOBAL,1.000,clear,0,20.7,127,78.443,0,0,-1.000,21.40,3.32,0.0473,0.0179
160.241,0.000,0,,,,,,GLOBAL,1.000,clear,0,20.7,127,78.463,0,0,-1.000,21.40,3.32,0.0411,0.0141
160.261,0.000,0,,,,,,GLOBAL,1.000,clear,0,20.7,127,78.483,0,0,-1.000,21.40,3.32,0.0371,0.0085
160.282,0.000,0,,,,,,GLOBAL,1.000,clear,0,20.7,127,78.503,0,0,-1.000,21.40,3.32,0.0322,0.0011
160.301,0.000,0,,,,,,GLOBAL,1.000,clear,0,20.7,127,78.523,0,0,-1.000,21.40,3.32,0.0272,0.0208
160.321,0.000,0,,,,,,GLOBAL,1.000,clear,0,20.7,127,78.543,0,0,-1.000,21.40,3.32,0.0473,0.0190
160.342,0.000,0,,,,,,GLOBAL,1.000,clear,0,20.7,127,78.563,0,0,-1.000,21.40,3.32,0.0425,0.0139
160.361,0.000,0,,,,,,GLOBAL,1.000,clear,0,20.7,127,78.583,0,0,-1.000,21.40,3.32,0.0357,0.0056
160.381,0.000,0,,,,,,GLOBAL,1.000,clear,0,20.7,127,78.603,0,0,-1.000,21.40,3.32,0.0323,0.0031
160.402,0.000,0,,,,,,GLOBAL,1.000,clear,0,20.7,127,78.624,0,0,-1.000,21.40,3.32,0.0279,0.0240
160.421,0.000,0,,,,,,GLOBAL,1.000,clear,0,20.7,127,78.643,0,0,-1.000,21.40,3.32,0.0471,0.0168
160.441,0.000,0,,,,,,GLOBAL,1.000,clear,0,20.7,127,78.663,0,0,-1.000,21.40,3.32,0.0425,0.0150
160.462,0.000,0,,,,,,GLOBAL,1.000,clear,0,20.7,127,78.683,0,0,-1.000,21.40,3.32,0.0376,0.0086
160.481,0.000,0,,,,,,GLOBAL,1.000,clear,0,20.7,127,78.703,0,0,-1.000,21.40,3.32,0.0325,0.0041
160.501,0.000,0,,,,,,GLOBAL,1.000,clear,0,20.7,127,78.723,0,0,-1.000,21.40,3.32,0.0256,0.0242
160.521,0.000,0,,,,,,GLOBAL,1.000,clear,0,20.7,127,78.743,0,0,-1.000,21.40,3.32,0.0457,0.0162
160.541,0.000,0,,,,,,GLOBAL,1.000,clear,0,20.7,127,78.763,0,0,-1.000,21.40,3.32,0.0430,0.0123
160.561,0.000,0,,,,,,GLOBAL,1.000,clear,0,20.7,127,78.783,0,0,-1.000,21.40,3.32,0.0388,0.0060
160.581,0.000,0,,,,,,GLOBAL,1.000,clear,0,20.7,127,78.803,0,0,-1.000,21.40,3.32,0.0332,0.0057
160.601,0.000,0,,,,,,GLOBAL,1.000,clear,0,20.7,127,78.823,0,0,-1.000,21.40,3.32,0.0273,0.0006
160.621,0.000,0,,,,,,GLOBAL,1.000,clear,0,20.7,127,78.843,0,0,-1.000,21.40,3.32,0.0475,0.0208
160.641,0.000,0,,,,,,GLOBAL,1.000,clear,0,20.7,127,78.863,0,0,-1.000,21.40,3.32,0.0434,0.0162
160.662,0.000,0,,,,,,GLOBAL,1.000,clear,0,20.7,127,78.883,0,0,-1.000,21.40,3.32,0.0396,0.0102
160.681,0.000,0,,,,,,GLOBAL,1.000,clear,0,20.7,127,78.903,0,0,-1.000,21.40,3.32,0.0301,0.0062
160.701,0.000,0,,,,,,GLOBAL,1.000,clear,0,20.7,127,78.923,0,0,-1.000,21.40,3.32,0.0294,0.0262
160.721,0.000,0,,,,,,GLOBAL,1.000,clear,0,20.7,127,78.943,0,0,-1.000,21.40,3.32,0.0494,0.0166
160.741,0.000,0,,,,,,GLOBAL,1.000,clear,0,20.7,127,78.963,0,0,-1.000,21.40,3.32,0.0434,0.0140
160.761,0.000,0,,,,,,GLOBAL,1.000,clear,0,20.7,127,78.983,0,0,-1.000,21.40,3.32,0.0392,0.0038
160.782,0.000,0,,,,,,GLOBAL,1.000,clear,0,20.7,127,79.003,0,0,-1.000,21.40,3.32,0.0343,0.0243
160.802,0.000,0,,,,,,GLOBAL,1.000,clear,0,20.7,127,79.023,0,0,-1.000,21.40,3.32,0.0302,0.0009
160.823,0.000,0,,,,,,GLOBAL,1.000,clear,0,20.7,127,79.044,0,0,-1.000,21.40,3.32,0.0511,0.0219
160.841,0.000,0,,,,,,GLOBAL,1.000,clear,0,20.7,127,79.063,0,0,-1.000,21.40,3.32,0.0439,0.0153
160.861,0.000,0,,,,,,GLOBAL,1.000,clear,0,20.7,127,79.083,0,0,-1.000,21.40,3.32,0.0399,0.0066
160.881,0.000,0,,,,,,GLOBAL,1.000,clear,0,20.7,127,79.103,0,0,-1.000,21.40,3.32,0.0342,0.0046
160.901,0.000,0,,,,,,GLOBAL,1.000,clear,0,20.7,127,79.123,0,0,-1.000,21.40,3.32,0.0300,0.0246
160.921,0.011,0,,,,,,GLOBAL,1.000,clear,0,20.7,127,79.143,0,0,-1.000,21.40,3.32,0.0501,0.0193
160.941,0.021,0,,,,,,GLOBAL,1.000,clear,0,20.7,127,79.163,0,0,-1.000,21.40,3.32,0.0431,0.0143
160.961,0.045,0,,,,,,GLOBAL,1.000,clear,0,20.7,127,79.183,0,0,-1.000,21.40,3.32,0.0401,0.0111
160.992,0.088,0,,,,,,GLOBAL,1.000,clear,0,20.7,127,79.213,0,0,-1.000,21.40,3.32,0.0447,0.0414
161.005,0.124,0,,,,,,GLOBAL,1.000,clear,0,20.7,127,79.227,0,0,-1.000,21.40,3.32,0.0342,0.0037
161.031,0.110,0,,,,,,GLOBAL,1.000,clear,0,20.7,127,79.253,0,0,-1.000,21.40,3.32,0.0603,0.0299
161.041,0.001,0,,,,,,GLOBAL,1.000,clear,0,20.7,127,79.263,0,0,-1.000,21.40,3.32,0.0464,0.0093
161.061,0.011,0,,,,,,GLOBAL,1.000,clear,0,20.7,127,79.283,0,0,-1.000,21.40,3.32,0.0406,0.0119
161.081,0.022,0,,,,,,GLOBAL,1.000,clear,0,20.7,127,79.303,0,0,-1.000,21.40,3.32,0.0363,0.0079
161.101,0.043,0,,,,,,GLOBAL,1.000,clear,0,20.7,127,79.323,0,0,-1.000,21.40,3.32,0.0306,0.0036
161.122,0.064,0,,,,,,GLOBAL,1.000,clear,0,20.7,127,79.343,0,0,-1.000,21.40,3.32,0.0270,0.0241
161.141,0.088,0,,,,,,GLOBAL,1.000,clear,0,20.7,127,79.363,0,0,-1.000,21.40,3.32,0.0466,0.0181
161.161,0.093,0,,,,,,GLOBAL,1.000,clear,0,20.7,127,79.383,0,0,-1.000,21.40,3.32,0.0408,0.0138
161.181,0.102,0,,,,,,GLOBAL,1.000,clear,0,20.7,127,79.403,0,0,-1.000,21.40,3.32,0.0366,0.0077
161.201,0.115,0,,,,,,GLOBAL,1.000,clear,0,20.7,127,79.423,0,0,-1.000,21.40,3.32,0.0303,0.0040
161.222,0.136,0,,,,,,GLOBAL,1.000,clear,0,20.7,127,79.443,0,0,-1.000,21.40,3.32,0.0273,0.0244
161.241,0.147,0,,,,,,GLOBAL,1.000,clear,0,20.7,127,79.463,0,0,-1.000,21.40,3.30,0.0469,0.0180
161.261,0.152,0,,,,,,GLOBAL,1.000,clear,0,20.7,127,79.483,0,0,-1.000,21.40,3.30,0.0412,0.0143
161.281,0.159,0,,,,,,GLOBAL,1.000,clear,0,20.7,127,79.503,0,0,-1.000,21.40,3.30,0.0370,0.0041
161.301,0.202,0,,,,,,GLOBAL,1.000,clear,0,20.7,127,79.523,0,0,-1.000,21.40,3.30,0.0304,0.0040
161.321,0.187,0,,,,,,GLOBAL,1.000,clear,0,20.7,127,79.543,0,0,-1.000,21.40,3.30,0.0271,0.0241
161.341,0.199,0,,,,,,GLOBAL,1.000,clear,0,20.7,127,79.563,0,0,-1.000,20.71,3.30,0.0471,0.0186
161.362,0.220,0,,,,,,GLOBAL,1.000,clear,0,20.7,127,79.583,0,0,-1.000,20.22,3.30,0.0416,0.0147
161.381,0.224,0,,,,,,GLOBAL,1.000,clear,0,20.7,127,79.603,0,0,-1.000,20.22,3.30,0.0372,0.0088
161.401,0.240,0,,,,,,GLOBAL,1.000,clear,0,20.7,127,79.623,0,0,-1.000,19.10,3.30,0.0313,0.0047
161.421,0.232,0,,,,,,GLOBAL,1.000,clear,0,20.7,127,79.643,0,0,-1.000,19.60,3.30,0.0271,0.0247
161.441,0.251,0,,,,,,GLOBAL,1.000,clear,0,20.7,127,79.663,0,0,-1.000,19.60,3.30,0.0472,0.0190
161.461,0.255,0,,,,,,GLOBAL,1.000,clear,0,20.7,127,79.683,0,0,-1.000,18.91,3.28,0.0398,0.0139
161.481,0.263,0,,,,,,GLOBAL,1.000,clear,0,20.7,127,79.703,0,0,-1.000,18.97,3.28,0.0373,0.0049
161.502,0.285,0,,,,,,GLOBAL,1.000,clear,0,20.7,127,79.723,0,0,-1.000,18.97,3.28,0.0303,0.0012
161.521,0.269,0,,,,,,GLOBAL,1.000,clear,0,20.7,127,79.743,0,0,-1.000,18.45,3.28,0.0273,0.0209
161.541,0.294,0,,,,,,GLOBAL,1.000,clear,0,20.7,127,79.763,0,0,-1.000,18.69,3.28,0.0474,0.0192
161.561,0.282,0,,,,,,GLOBAL,1.000,clear,0,20.7,127,79.783,0,0,-1.000,18.69,3.28,0.0421,0.0143
161.581,0.306,0,,,,,,GLOBAL,1.000,clear,0,20.7,127,79.803,0,0,-1.000,18.58,3.28,0.0371,0.0076
161.601,0.305,0,,,,,,GLOBAL,1.000,clear,0,20.7,127,79.823,0,0,-1.000,18.49,3.28,0.0303,0.0047
161.621,0.342,0,,,,,,GLOBAL,1.000,clear,0,20.7,127,79.843,0,0,-1.000,18.49,3.28,0.0261,0.0248
161.641,0.336,0,,,,,,GLOBAL,1.000,clear,0,20.7,127,79.863,0,0,-1.000,17.50,3.25,0.0460,0.0195
161.661,0.355,0,,,,,,GLOBAL,1.000,clear,0,20.7,127,79.883,0,0,-1.000,17.94,3.25,0.0409,0.0148
161.681,0.375,0,,,,,,GLOBAL,1.000,clear,0,20.7,127,79.903,0,0,-1.000,17.94,3.25,0.0357,0.0093
161.701,0.389,0,,,,,,GLOBAL,1.000,clear,0,20.7,127,79.923,0,0,-1.000,17.31,3.25,0.0325,0.0046
161.722,0.414,0,,,,,,GLOBAL,1.000,clear,0,20.7,127,79.943,0,0,-1.000,17.40,3.25,0.0531,0.0252
161.741,0.460,0,,,,,,GLOBAL,1.000,clear,0,20.7,127,79.963,0,0,-1.000,17.40,3.25,0.0471,0.0159
161.762,0.477,0,,,,,,GLOBAL,1.000,clear,0,20.7,127,79.983,0,0,-1.000,16.48,3.25,0.0406,0.0125
161.782,0.496,0,,,,,,GLOBAL,1.000,clear,0,20.7,127,80.003,0,0,-1.000,16.48,3.25,0.0362,0.0328
161.802,0.523,0,,,,,,GLOBAL,1.000,clear,0,20.7,127,80.023,0,0,-1.000,16.53,3.23,0.0332,0.0019
161.821,0.550,0,,,,,,GLOBAL,1.000,clear,0,20.7,127,80.043,0,0,-1.000,15.68,3.23,0.0272,0.0215
161.841,0.576,0,,,,,,GLOBAL,1.000,clear,0,20.7,127,80.063,0,0,-1.000,15.97,3.20,0.0471,0.0157
161.862,0.599,0,,,,,,GLOBAL,1.000,clear,0,20.7,127,80.083,0,0,-1.000,15.97,3.20,0.0431,0.0114
161.881,0.621,0,,,,,,GLOBAL,1.000,clear,0,20.7,127,80.103,0,0,-1.000,15.16,3.20,0.0374,0.0101
161.901,0.648,0,,,,,,GLOBAL,1.000,clear,0,20.7,127,80.123,0,0,-1.000,15.00,3.20,0.0331,0.0023
161.921,0.679,0,,,,,,GLOBAL,1.000,clear,0,20.7,127,80.143,0,0,-1.000,15.00,3.20,0.0274,0.0223
161.941,0.699,0,,,,,,GLOBAL,1.000,clear,0,20.7,127,80.163,0,0,-1.000,14.51,3.18,0.0474,0.0160
161.961,0.709,0,,,,,,GLOBAL,1.000,clear,0,20.7,127,80.183,0,0,-1.000,14.21,3.18,0.0432,0.0161
161.981,0.721,0,,,,,,GLOBAL,1.000,clear,0,20.7,127,80.203,0,0,-1.000,14.21,3.18,0.0375,0.0109
162.001,0.743,0,,,,,,GLOBAL,1.000,clear,0,20.7,127,80.223,0,0,-1.000,13.90,3.18,0.0280,0.0059
162.021,0.771,0,,,,,,GLOBAL,1.000,clear,0,20.7,127,80.243,0,0,-1.000,13.76,3.18,0.0276,0.0259
162.041,0.789,0,,,,,,GLOBAL,1.000,clear,0,20.7,127,80.263,0,0,-1.000,13.76,3.18,0.0476,0.0172
162.061,0.786,0,,,,,,GLOBAL,1.000,clear,0,20.7,127,80.283,0,0,-1.000,13.85,3.18,0.0437,0.0137
162.081,0.802,0,,,,,,GLOBAL,1.000,clear,0,20.7,127,80.303,0,0,-1.000,13.61,3.15,0.0376,0.0060
162.101,0.833,0,,,,,,GLOBAL,1.000,clear,0,20.7,127,80.323,0,0,-1.000,13.61,3.15,0.0339,0.0055
162.121,0.826,0,,,,,,GLOBAL,1.000,clear,0,20.7,127,80.343,0,0,-1.000,13.95,3.15,0.0281,0.0255
162.141,0.828,0,,,,,,GLOBAL,1.000,clear,0,20.7,127,80.363,0,0,-1.000,13.12,3.13,0.0481,0.0078
162.162,0.855,0,,,,,3.419,GLOBAL,1.000,clear,0,20.7,127,80.383,0,0,-1.000,13.12,3.13,0.0437,0.0152
162.181,0.848,0,,,,,3.409,GLOBAL,1.000,clear,0,20.7,127,80.403,0,0,-1.000,13.50,3.13,0.0381,0.0050
162.202,0.851,0,,,,,3.398,GLOBAL,1.000,clear,0,20.7,127,80.423,0,0,-1.000,13.50,3.13,0.0345,0.0039
162.222,0.880,0,,,,,3.363,GLOBAL,1.000,clear,0,20.7,127,80.443,0,0,-1.000,13.43,3.10,0.0305,0.0006
162.243,0.870,0,,,,,3.363,GLOBAL,1.000,clear,0,20.7,127,80.465,0,0,-1.000,13.37,3.10,0.0518,0.0219
162.261,0.863,1,3.330,3.459,-0.358,0.147,,GLOBAL,1.000,clear,0,20.7,127,80.483,0,0,-1.000,13.23,3.10,0.0443,0.0145
162.281,0.888,0,,,,,3.051,GLOBAL,1.000,clear,0,20.7,127,80.503,0,0,-1.000,13.23,3.10,0.0399,0.0098
162.301,0.870,0,,,,,3.016,GLOBAL,1.000,clear,0,20.7,127,80.523,0,0,-1.000,13.08,3.08,0.0344,0.0059
162.321,0.862,0,,,,,,GLOBAL,1.000,clear,0,20.7,127,80.543,0,0,-1.000,12.64,3.05,0.0304,0.0015
162.342,0.886,0,,,,,,GLOBAL,1.000,clear,0,20.7,127,80.563,0,0,-1.000,12.64,3.05,0.0506,0.0217
162.362,0.870,0,,,,,,GLOBAL,1.000,clear,0,20.7,127,80.583,0,0,-1.000,12.82,3.05,0.0452,0.0151
162.381,0.861,0,,,,,,GLOBAL,1.000,clear,0,20.7,127,80.603,0,0,-1.000,12.76,3.03,0.0406,0.0103
162.401,0.881,0,,,,,2.930,GLOBAL,1.000,clear,0,20.7,127,80.623,0,0,-1.000,12.76,3.03,0.0347,0.0064
162.421,0.865,0,,,,,,GLOBAL,1.000,clear,0,20.7,127,80.643,0,0,-1.000,12.70,3.03,0.0298,0.0020
162.444,0.857,0,,,,,,GLOBAL,1.000,clear,0,20.7,127,80.665,0,0,-1.000,12.81,3.00,0.0270,0.0244
162.461,0.876,0,,,,,2.899,GLOBAL,1.000,clear,0,20.7,127,80.683,0,0,-1.000,12.81,3.00,0.0445,0.0164
162.481,0.868,0,,,,,3.165,GLOBAL,1.000,clear,0,20.7,127,80.703,0,0,-1.000,12.68,3.00,0.0405,0.0083
162.501,0.860,0,,,,,,GLOBAL,1.000,clear,0,20.7,127,80.723,0,0,-1.000,12.68,3.00,0.0348,0.0074
162.521,0.872,0,,,,,,GLOBAL,1.000,clear,0,20.7,127,80.743,0,0,-1.000,12.72,3.00,0.0309,0.0009
162.541,0.863,0,,,,,,GLOBAL,1.000,clear,0,20.7,127,80.763,0,0,-1.000,12.81,3.00,0.0508,0.0208
162.561,0.845,0,,,,,,GLOBAL,1.000,clear,0,20.7,127,80.783,0,0,-1.000,12.80,3.00,0.0452,0.0164
162.581,0.858,0,,,,,,GLOBAL,1.000,clear,0,20.7,127,80.803,0,0,-1.000,12.80,3.00,0.0400,0.0110
162.601,0.868,0,,,,,2.804,GLOBAL,1.000,clear,0,20.7,127,80.823,0,0,-1.000,12.66,3.00,0.0353,0.0073
162.621,0.851,0,,,,,,GLOBAL,1.000,clear,0,20.7,127,80.843,0,0,-1.000,12.68,3.00,0.0307,0.0022
162.641,0.862,0,,,,,,GLOBAL,1.000,clear,0,20.7,127,80.863,0,0,-1.000,12.68,3.00,0.0257,0.0224
162.662,0.864,0,,,,,,GLOBAL,1.000,clear,0,20.7,127,80.883,0,0,-1.000,12.61,3.00,0.0460,0.0190
162.681,0.846,0,,,,,,GLOBAL,1.000,clear,0,20.7,127,80.903,0,0,-1.000,12.59,3.00,0.0415,0.0104
162.701,0.827,0,,,,,,GLOBAL,1.000,clear,0,20.7,127,80.923,0,0,-1.000,12.59,3.00,0.0357,0.0062
162.722,0.829,0,,,,,3.002,GLOBAL,1.000,clear,0,20.7,127,80.943,0,0,-1.000,12.49,3.00,0.0292,0.0031
162.742,0.834,0,,,,,3.002,GLOBAL,1.000,clear,0,20.7,127,80.963,0,0,-1.000,12.43,3.00,0.0248,0.0232
162.763,0.829,0,,,,,,GLOBAL,1.000,clear,0,20.7,127,80.984,0,0,-1.000,12.43,3.00,0.0458,0.0195
162.781,0.828,0,,,,,2.961,GLOBAL,1.000,clear,0,20.7,127,81.003,0,0,-1.000,12.59,3.00,0.0418,0.0116
162.802,0.848,0,,,,,2.966,GLOBAL,1.000,clear,0,20.7,127,81.023,0,0,-1.000,12.40,3.00,0.0364,0.0076
162.821,0.838,0,,,,,2.966,GLOBAL,1.000,clear,0,20.7,127,81.043,0,0,-1.000,12.40,3.00,0.0301,0.0012
162.842,0.823,0,,,,,2.931,GLOBAL,1.000,clear,0,20.7,127,81.064,0,0,-1.000,12.86,3.00,0.0273,0.0221
162.861,0.825,0,,,,,2.921,GLOBAL,1.000,clear,0,20.7,127,81.083,0,0,-1.000,12.05,3.00,0.0463,0.0172
162.881,0.842,0,,,,,2.890,GLOBAL,1.000,clear,0,20.7,127,81.103,0,0,-1.000,12.05,3.00,0.0405,0.0132
162.901,0.823,1,2.879,2.976,-0.416,0.126,,GLOBAL,1.000,clear,0,20.7,127,81.123,0,0,-1.000,12.46,3.00,0.0364,0.0067
162.921,0.806,0,,,,,,GLOBAL,1.000,clear,0,20.7,127,81.143,0,0,-1.000,11.81,3.00,0.0303,0.0018
162.941,0.804,0,,,,,,GLOBAL,1.000,clear,0,20.7,127,81.163,0,0,-1.000,11.81,3.00,0.0259,0.0219
162.961,0.815,0,,,,,,GLOBAL,1.000,clear,0,20.7,127,81.183,0,0,-1.000,12.33,3.00,0.0459,0.0151
162.981,0.813,0,,,,,,GLOBAL,1.000,clear,0,20.7,127,81.203,0,0,-1.000,11.87,3.00,0.0408,0.0132
163.001,0.800,1,2.808,2.908,-0.419,0.129,,GLOBAL,1.000,clear,0,20.7,127,81.223,0,0,-1.000,11.87,3.00,0.0368,0.0077
163.021,0.785,0,,,,,,GLOBAL,1.000,clear,0,20.7,127,81.243,0,0,-1.000,11.68,3.00,0.0310,0.0018
163.042,0.797,0,,,,,,GLOBAL,1.000,clear,0,20.7,127,81.263,0,0,-1.000,12.23,3.00,0.0262,0.0225
163.061,0.806,0,,,,,,GLOBAL,1.000,clear,0,20.7,127,81.283,0,0,-1.000,12.23,3.00,0.0455,0.0179
163.081,0.791,0,,,,,,GLOBAL,1.000,clear,0,20.7,127,81.303,0,0,-1.000,11.66,3.00,0.0411,0.0140
163.101,0.777,0,,,,,,GLOBAL,1.000,clear,0,20.7,127,81.323,0,0,-1.000,11.88,3.00,0.0371,0.0077
163.121,0.766,0,,,,,,GLOBAL,1.000,clear,0,20.7,127,81.343,0,0,-1.000,11.88,3.00,0.0300,0.0037
163.142,0.769,0,,,,,,GLOBAL,1.000,clear,0,20.7,127,81.363,0,0,-1.000,12.00,3.00,0.0280,0.0244
163.162,0.776,0,,,,,,GLOBAL,1.000,clear,0,20.7,127,81.383,0,0,-1.000,11.79,3.00,0.0478,0.0177
163.181,0.793,0,,,,,,GLOBAL,1.000,clear,0,20.7,127,81.403,0,0,-1.000,11.79,3.00,0.0416,0.0132
163.201,0.780,0,,,,,,GLOBAL,1.000,clear,0,20.7,127,81.423,0,0,-1.000,11.98,3.00,0.0368,0.0055
163.221,0.773,0,,,,,,GLOBAL,1.000,clear,0,20.7,127,81.443,0,0,-1.000,11.98,3.00,0.0289,0.0034
163.241,0.768,0,,,,,,GLOBAL,1.000,clear,0,20.7,127,81.463,0,0,-1.000,11.48,3.00,0.0275,0.0233
163.261,0.767,0,,,,,,GLOBAL,1.000,clear,0,20.7,127,81.483,0,0,-1.000,11.78,3.00,0.0476,0.0189
163.282,0.774,0,,,,,,GLOBAL,1.000,clear,0,20.7,127,81.503,0,0,-1.000,11.69,3.00,0.0424,0.0141
163.302,0.774,0,,,,,,GLOBAL,1.000,clear,0,20.7,127,81.523,0,0,-1.000,11.69,3.00,0.0375,0.0064
163.321,0.758,0,,,,,,GLOBAL,1.000,clear,0,20.7,127,81.543,0,0,-1.000,11.56,3.00,0.0319,0.0260
163.344,0.744,0,,,,,,GLOBAL,1.000,clear,0,20.7,127,81.565,0,0,-1.000,12.16,3.00,0.0281,0.0210
163.361,0.737,0,,,,,,GLOBAL,1.000,clear,0,20.7,127,81.583,0,0,-1.000,12.16,3.00,0.0458,0.0174
163.381,0.722,0,,,,,,GLOBAL,1.000,clear,0,20.7,127,81.603,0,0,-1.000,11.64,3.00,0.0414,0.0126
163.401,0.716,0,,,,,,GLOBAL,1.000,clear,0,20.7,127,81.623,0,0,-1.000,12.86,3.00,0.0361,0.0073
163.421,0.711,0,,,,,,GLOBAL,1.000,clear,0,20.7,127,81.643,0,0,-1.000,12.86,3.00,0.0325,0.0272
163.442,0.701,0,,,,,,GLOBAL,1.000,clear,0,20.7,127,81.663,0,0,-1.000,12.11,3.00,0.0529,0.0191
163.461,0.692,0,,,,,,GLOBAL,1.000,clear,0,20.7,127,81.683,0,0,-1.000,12.09,3.00,0.0469,0.0181
163.481,0.680,0,,,,,,GLOBAL,1.000,clear,0,20.7,127,81.703,0,0,-1.000,12.09,3.00,0.0428,0.0142
163.501,0.666,0,,,,,,GLOBAL,1.000,clear,0,20.7,127,81.723,0,0,-1.000,13.05,3.00,0.0370,0.0031
163.521,0.647,0,,,,,,GLOBAL,1.000,clear,0,20.7,127,81.743,0,0,-1.000,13.05,3.00,0.0308,0.0038
163.542,0.633,0,,,,,,GLOBAL,1.000,clear,0,20.7,127,81.763,0,0,-1.000,13.09,3.00,0.0275,0.0240
163.561,0.625,0,,,,,,GLOBAL,1.000,clear,0,20.7,127,81.783,0,0,-1.000,13.22,3.00,0.0473,0.0188
163.581,0.622,0,,,,,,GLOBAL,1.000,clear,0,20.7,127,81.803,0,0,-1.000,14.33,3.00,0.0425,0.0141
163.601,0.610,0,,,,,,GLOBAL,1.000,clear,0,20.7,127,81.823,0,0,-1.000,14.33,3.00,0.0373,0.0096
163.621,0.606,0,,,,,,GLOBAL,1.000,clear,0,20.7,127,81.843,0,0,-1.000,14.13,3.00,0.0332,0.0008
163.678,0.603,0,,,,,,GLOBAL,1.000,clear,0,20.7,127,81.899,0,0,-1.000,14.38,3.00,0.0637,0.0576
163.681,0.557,0,,,,,,GLOBAL,1.000,clear,0,20.7,127,81.903,0,0,-1.000,15.58,3.00,0.0433,0.0010
163.702,0.543,0,,,,,,GLOBAL,1.000,clear,0,20.7,127,81.923,0,0,-1.000,15.58,3.00,0.0369,0.0105
163.722,0.535,0,,,,,,GLOBAL,1.000,clear,0,20.7,127,81.943,0,0,-1.000,15.36,3.00,0.0573,0.0308
163.741,0.522,0,,,,,,GLOBAL,1.000,clear,0,20.7,127,81.963,0,0,-1.000,15.73,3.00,0.0265,0.0186
163.762,0.486,0,,,,,,GLOBAL,1.000,clear,0,20.7,127,81.983,0,0,-1.000,16.59,3.00,0.0469,0.0195
163.781,0.481,0,,,,,,GLOBAL,1.000,clear,0,20.7,127,82.003,0,0,-1.000,16.59,3.00,0.0409,0.0141
163.801,0.466,0,,,,,,GLOBAL,1.000,clear,0,20.7,127,82.023,0,0,-1.000,16.85,3.00,0.0368,0.0097
163.821,0.434,0,,,,,,GLOBAL,1.000,clear,0,20.7,127,82.043,0,0,-1.000,16.85,3.00,0.0324,0.0046
163.842,0.435,0,,,,,,GLOBAL,1.000,clear,0,20.7,127,82.064,0,0,-1.000,16.63,3.00,0.0281,0.0008
163.861,0.400,0,,,,,,GLOBAL,1.000,clear,0,20.7,127,82.083,0,0,-1.000,17.31,3.00,0.0473,0.0200
163.881,0.399,0,,,,,,GLOBAL,1.000,clear,0,20.7,127,82.103,0,0,-1.000,17.34,3.00,0.0427,0.0121
163.901,0.387,0,,,,,,GLOBAL,1.000,clear,0,20.7,127,82.123,0,0,-1.000,17.34,3.00,0.0372,0.0084
163.922,0.377,0,,,,,,GLOBAL,1.000,clear,0,20.7,127,82.143,0,0,-1.000,19.08,3.00,0.0331,0.0008
163.941,0.362,0,,,,,,GLOBAL,1.000,clear,0,20.7,127,82.163,0,0,-1.000,18.88,3.00,0.0270,0.0204
163.962,0.348,0,,,,,,GLOBAL,1.000,clear,0,20.7,127,82.183,0,0,-1.000,18.88,3.00,0.0473,0.0166
163.981,0.328,0,,,,,,GLOBAL,1.000,clear,0,20.7,127,82.203,0,0,-1.000,19.45,3.00,0.0433,0.0103
164.002,0.328,0,,,,,,GLOBAL,1.000,clear,0,20.7,127,82.223,0,0,-1.000,19.46,3.00,0.0382,0.0105
164.021,0.295,0,,,,,,GLOBAL,1.000,clear,0,20.7,127,82.243,0,0,-1.000,19.46,3.00,0.0333,0.0031
164.042,0.302,0,,,,,,GLOBAL,1.000,clear,0,20.7,127,82.263,0,0,-1.000,20.89,3.00,0.0294,0.0011
164.061,0.279,0,,,,,,GLOBAL,1.000,clear,0,20.7,127,82.283,0,0,-1.000,20.47,3.00,0.0493,0.0209
164.081,0.256,0,,,,,,GLOBAL,1.000,clear,0,20.7,127,82.303,0,0,-1.000,20.47,3.00,0.0434,0.0164
164.102,0.259,0,,,,,,GLOBAL,1.000,clear,0,20.7,127,82.323,0,0,-1.000,21.40,3.00,0.0378,0.0085
164.122,0.234,0,,,,,,GLOBAL,1.000,clear,0,20.7,127,82.343,0,0,-1.000,21.40,3.00,0.0345,0.0028
164.143,0.208,0,,,,,,GLOBAL,1.000,clear,0,20.7,127,82.364,0,0,-1.000,21.40,3.00,0.0288,0.0238
164.162,0.206,0,,,,,,GLOBAL,1.000,clear,0,20.7,127,82.384,0,0,-1.000,21.40,3.00,0.0480,0.0175
164.181,0.193,0,,,,,,GLOBAL,1.000,clear,0,20.7,127,82.403,0,0,-1.000,21.40,3.00,0.0427,0.0128
164.201,0.181,0,,,,,,GLOBAL,1.000,clear,0,20.7,127,82.423,0,0,-1.000,21.40,3.00,0.0364,0.0103
164.221,0.140,0,,,,,,GLOBAL,1.000,clear,0,20.7,127,82.443,0,0,-1.000,21.40,3.00,0.0336,0.0304
164.241,0.037,0,,,,,,GLOBAL,1.000,clear,0,20.7,127,82.463,0,0,-1.000,21.40,3.00,0.0266,0.0184
164.261,0.068,0,,,,,,GLOBAL,1.000,clear,0,20.7,127,82.483,0,0,-1.000,21.40,3.00,0.0466,0.0182
164.281,0.077,0,,,,,,GLOBAL,1.000,clear,0,20.7,127,82.503,0,0,-1.000,21.40,3.00,0.0432,0.0117
164.301,0.073,0,,,,,,GLOBAL,1.000,clear,0,20.7,127,82.523,0,0,-1.000,21.40,3.00,0.0379,0.0115
164.321,0.072,0,,,,,,GLOBAL,1.000,clear,0,20.7,127,82.543,0,0,-1.000,21.40,3.00,0.0343,0.0009
164.342,0.070,0,,,,,,GLOBAL,1.000,clear,0,20.7,127,82.564,0,0,-1.000,21.40,3.00,0.0281,0.0009
164.361,0.068,0,,,,,,GLOBAL,1.000,clear,0,20.7,127,82.583,0,0,-1.000,21.40,3.00,0.0471,0.0199
164.381,-0.011,0,,,,,,GLOBAL,1.000,clear,0,20.7,127,82.603,0,0,-1.000,21.40,3.00,0.0427,0.0157
164.401,0.008,0,,,,,,GLOBAL,1.000,clear,0,20.7,127,82.623,0,0,-1.000,21.40,3.00,0.0372,0.0051
164.421,-0.005,0,,,,,,GLOBAL,1.000,clear,0,20.7,127,82.643,0,0,-1.000,21.40,3.00,0.0346,0.0020
164.443,-0.001,0,,,,,,GLOBAL,1.000,clear,0,20.7,127,82.665,0,0,-1.000,21.40,3.00,0.0309,0.0021
164.462,0.000,0,,,,,,GLOBAL,1.000,clear,0,20.7,127,82.683,0,0,-1.000,21.40,3.00,0.0495,0.0208
164.481,0.000,0,,,,,,GLOBAL,1.000,clear,0,20.7,127,82.703,0,0,-1.000,21.40,3.00,0.0446,0.0108
164.502,0.000,0,,,,,,GLOBAL,1.000,clear,0,20.7,127,82.723,0,0,-1.000,21.40,3.00,0.0362,0.0094
164.521,0.000,0,,,,,,GLOBAL,1.000,clear,0,20.7,127,82.743,0,0,-1.000,21.40,3.00,0.0351,0.0062
164.541,0.000,0,,,,,,GLOBAL,1.000,clear,0,20.7,127,82.763,0,0,-1.000,21.40,3.00,0.0294,0.0261
164.561,0.000,0,,,,,,GLOBAL,1.000,clear,0,20.7,127,82.783,0,0,-1.000,21.40,3.00,0.0493,0.0160
164.581,0.000,0,,,,,,GLOBAL,1.000,clear,0,20.7,127,82.803,0,0,-1.000,21.40,3.00,0.0453,0.0167
164.602,0.000,0,,,,,,GLOBAL,1.000,clear,0,20.7,127,82.823,0,0,-1.000,21.40,3.00,0.0398,0.0053
164.621,0.000,0,,,,,,GLOBAL,1.000,clear,0,20.7,127,82.843,0,0,-1.000,21.40,3.00,0.0347,0.0064
164.641,0.000,0,,,,,,GLOBAL,1.000,clear,0,20.7,127,82.863,0,0,-1.000,21.40,3.00,0.0298,0.0264
164.663,0.000,0,,,,,,GLOBAL,1.000,clear,0,20.7,127,82.884,0,0,-1.000,21.40,3.00,0.0510,0.0198
164.681,0.000,0,,,,,,GLOBAL,1.000,clear,0,20.7,127,82.903,0,0,-1.000,21.40,3.00,0.0457,0.0150
164.701,0.000,0,,,,,,GLOBAL,1.000,clear,0,20.7,127,82.923,0,0,-1.000,21.40,3.00,0.0402,0.0055
164.722,0.000,0,,,,,,GLOBAL,1.000,clear,0,20.7,127,82.943,0,0,-1.000,21.40,3.00,0.0351,0.0022
164.742,0.000,0,,,,,,GLOBAL,1.000,clear,0,20.7,127,82.964,0,0,-1.000,21.40,3.00,0.0313,0.0019
164.766,0.000,0,,,,,,GLOBAL,1.000,clear,0,20.7,127,82.987,0,0,-1.000,21.40,3.00,0.0548,0.0254
164.782,0.000,0,,,,,,GLOBAL,1.000,clear,0,20.7,127,83.003,0,0,-1.000,21.40,3.00,0.0450,0.0141
164.801,0.000,0,,,,,,GLOBAL,1.000,clear,0,20.7,127,83.023,0,0,-1.000,21.40,3.00,0.0401,0.0101
164.821,0.000,0,,,,,,GLOBAL,1.000,clear,0,20.7,127,83.043,0,0,-1.000,21.40,3.00,0.0347,0.0038
164.841,0.000,0,,,,,,GLOBAL,1.000,clear,0,20.7,127,83.063,0,0,-1.000,21.40,3.00,0.0303,0.0007
164.862,0.000,0,,,,,,GLOBAL,1.000,clear,0,20.7,127,83.083,0,0,-1.000,21.40,3.00,0.0256,0.0211
164.881,0.000,0,,,,,,GLOBAL,1.000,clear,0,20.7,127,83.103,0,0,-1.000,21.40,3.00,0.0451,0.0128
164.901,0.000,0,,,,,,GLOBAL,1.000,clear,0,20.7,127,83.123,0,0,-1.000,21.40,3.00,0.0409,0.0119
164.921,0.000,0,,,,,,GLOBAL,1.000,clear,0,20.7,127,83.143,0,0,-1.000,21.40,3.00,0.0352,0.0062
164.942,0.000,0,,,,,,GLOBAL,1.000,clear,0,20.7,127,83.163,0,0,-1.000,21.40,3.00,0.0308,0.0006
164.961,0.000,0,,,,,,GLOBAL,1.000,clear,0,20.7,127,83.183,0,0,-1.000,21.40,3.00,0.0499,0.0198
164.982,0.000,0,,,,,,GLOBAL,1.000,clear,0,20.7,127,83.203,0,0,-1.000,21.40,3.00,0.0457,0.0154
165.002,0.000,0,,,,,,GLOBAL,1.000,clear,0,20.7,127,83.223,0,0,-1.000,21.40,3.00,0.0419,0.0124
165.021,0.000,0,,,,,,GLOBAL,1.000,clear,0,20.7,127,83.243,0,0,-1.000,21.40,3.00,0.0355,0.0051
165.041,0.000,0,,,,,,GLOBAL,1.000,clear,0,20.7,127,83.263,0,0,-1.000,21.40,3.00,0.0314,0.0016
165.062,0.000,0,,,,,,GLOBAL,1.000,clear,0,20.7,127,83.283,0,0,-1.000,21.40,3.00,0.0265,0.0224
165.081,0.000,0,,,,,,GLOBAL,1.000,clear,0,20.7,127,83.303,0,0,-1.000,21.40,3.00,0.0459,0.0157
165.101,0.000,0,,,,,,GLOBAL,1.000,clear,0,20.7,127,83.323,0,0,-1.000,21.40,3.00,0.0416,0.0054
165.125,0.000,0,,,,,,GLOBAL,1.000,clear,0,20.7,127,83.347,0,0,-1.000,21.40,3.00,0.0375,0.0021
165.141,0.000,0,,,,,,GLOBAL,1.000,clear,0,20.7,127,83.363,0,0,-1.000,21.40,3.00,0.0318,0.0183
165.161,0.000,0,,,,,,GLOBAL,1.000,clear,0,20.7,127,83.383,0,0,-1.000,21.40,3.00,0.0250,0.0134
165.182,0.000,0,,,,,,GLOBAL,1.000,clear,0,20.7,127,83.403,0,0,-1.000,21.40,3.00,0.0454,0.0190
165.201,0.000,0,,,,,,GLOBAL,1.000,clear,0,20.7,127,83.423,0,0,-1.000,21.40,3.00,0.0405,0.0130
165.221,0.000,0,,,,,,GLOBAL,1.000,clear,0,20.7,127,83.443,0,0,-1.000,21.40,3.00,0.0364,0.0075
165.242,0.000,0,,,,,,GLOBAL,1.000,clear,0,20.7,127,83.463,0,0,-1.000,21.40,3.00,0.0308,0.0034
165.261,0.000,0,,,,,,GLOBAL,1.000,clear,0,20.7,127,83.483,0,0,-1.000,21.40,3.00,0.0265,0.0230
165.281,0.000,0,,,,,,GLOBAL,1.000,clear,0,20.7,127,83.503,0,0,-1.000,21.40,3.00,0.0465,0.0197
165.301,0.000,0,,,,,,GLOBAL,1.000,clear,0,20.7,127,83.523,0,0,-1.000,21.40,3.00,0.0425,0.0104
165.321,0.000,0,,,,,,GLOBAL,1.000,clear,0,20.7,127,83.543,0,0,-1.000,21.40,3.00,0.0366,0.0027
165.341,0.000,0,,,,,,GLOBAL,1.000,clear,0,20.7,127,83.563,0,0,-1.000,21.40,3.00,0.0265,0.0022
165.362,0.000,0,,,,,,GLOBAL,1.000,clear,0,20.7,127,83.583,0,0,-1.000,21.40,3.00,0.0471,0.0228
165.382,0.000,0,,,,,,GLOBAL,1.000,clear,0,20.7,127,83.604,0,0,-1.000,21.40,3.00,0.0480,0.0185
165.401,0.000,0,,,,,,GLOBAL,1.000,clear,0,20.7,127,83.623,0,0,-1.000,21.40,3.00,0.0413,0.0117
165.421,0.000,0,,,,,,GLOBAL,1.000,clear,0,20.7,127,83.643,0,0,-1.000,21.40,3.00,0.0354,0.0068
165.441,0.000,0,,,,,,GLOBAL,1.000,clear,0,20.7,127,83.663,0,0,-1.000,21.40,3.00,0.0307,0.0016
165.463,0.000,0,,,,,,GLOBAL,1.000,clear,0,20.7,127,83.685,0,0,-1.000,21.40,3.00,0.0292,0.0236
165.481,0.000,0,,,,,,GLOBAL,1.000,clear,0,20.7,127,83.703,0,0,-1.000,21.40,3.00,0.0474,0.0141
165.501,0.000,0,,,,,,GLOBAL,1.000,clear,0,20.7,127,83.723,0,0,-1.000,21.40,3.00,0.0414,0.0123
165.522,0.000,0,,,,,,GLOBAL,1.000,clear,0,20.7,127,83.743,0,0,-1.000,21.40,3.00,0.0373,0.0050
165.541,0.000,0,,,,,,GLOBAL,1.000,clear,0,20.7,127,83.763,0,0,-1.000,21.40,3.00,0.0300,0.0015
165.561,0.000,0,,,,,,GLOBAL,1.000,clear,0,20.7,127,83.783,0,0,-1.000,21.40,3.00,0.0270,0.0215
165.581,0.000,0,,,,,,GLOBAL,1.000,clear,0,20.7,127,83.803,0,0,-1.000,21.40,3.00,0.0471,0.0158
165.602,0.000,0,,,,,,GLOBAL,1.000,clear,0,20.7,127,83.823,0,0,-1.000,21.40,3.00,0.0420,0.0076
165.621,0.000,0,,,,,,GLOBAL,1.000,clear,0,20.7,127,83.843,0,0,-1.000,21.40,3.00,0.0372,0.0028
165.642,0.000,0,,,,,,GLOBAL,1.000,clear,0,20.7,127,83.863,0,0,-1.000,21.40,3.00,0.0306,0.0010
165.662,0.000,0,,,,,,GLOBAL,1.000,clear,0,20.7,127,83.883,0,0,-1.000,21.40,3.00,0.0508,0.0212
165.682,0.000,0,,,,,,GLOBAL,1.000,clear,0,20.7,127,83.904,0,0,-1.000,21.40,3.00,0.0486,0.0161
165.702,0.000,0,,,,,,GLOBAL,1.000,clear,0,20.7,127,83.923,0,0,-1.000,21.40,3.00,0.0414,0.0134
165.721,0.000,0,,,,,,GLOBAL,1.000,clear,0,20.7,127,83.943,0,0,-1.000,21.40,3.00,0.0368,0.0075
165.741,0.000,0,,,,,,GLOBAL,1.000,clear,0,20.7,127,83.963,0,0,-1.000,21.40,3.00,0.0305,0.0045
165.764,0.000,0,,,,,,GLOBAL,1.000,clear,0,20.7,127,83.985,0,0,-1.000,21.40,3.00,0.0306,0.0268
165.781,0.000,0,,,,,,GLOBAL,1.000,clear,0,20.7,127,84.003,0,0,-1.000,21.40,3.00,0.0484,0.0168
165.801,0.000,0,,,,,,GLOBAL,1.000,clear,0,20.7,127,84.023,0,0,-1.000,21.40,3.00,0.0412,0.0146
165.821,0.000,0,,,,,,GLOBAL,1.000,clear,0,20.7,127,84.043,0,0,-1.000,21.40,3.00,0.0362,0.0067
165.842,0.000,0,,,,,,GLOBAL,1.000,clear,0,20.7,127,84.063,0,0,-1.000,21.40,3.00,0.0309,0.0036
165.862,0.000,0,,,,,,GLOBAL,1.000,clear,0,20.7,127,84.083,0,0,-1.000,21.40,3.00,0.0507,0.0234
165.881,0.000,0,,,,,,GLOBAL,1.000,clear,0,20.7,127,84.103,0,0,-1.000,21.40,3.00,0.0453,0.0182
165.901,0.000,0,,,,,,GLOBAL,1.000,clear,0,20.7,127,84.123,0,0,-1.000,21.40,3.00,0.0427,0.0139
165.921,0.000,0,,,,,,GLOBAL,1.000,clear,0,20.7,127,84.143,0,0,-1.000,21.40,3.00,0.0372,0.0102
165.941,0.000,0,,,,,,GLOBAL,1.000,clear,0,20.7,127,84.163,0,0,-1.000,21.40,3.00,0.0328,0.0049
165.962,0.000,0,,,,,,GLOBAL,1.000,clear,0,20.7,127,84.183,0,0,-1.000,21.40,3.00,0.0276,0.0256
165.981,0.000,0,,,,,,GLOBAL,1.000,clear,0,20.7,127,84.203,0,0,-1.000,21.40,3.00,0.0471,0.0191
166.001,0.000,0,,,,,,GLOBAL,1.000,clear,0,20.7,127,84.223,0,0,-1.000,21.40,3.00,0.0428,0.0129
166.021,0.000,0,,,,,,GLOBAL,1.000,clear,0,20.7,127,84.243,0,0,-1.000,21.40,3.00,0.0375,0.0018
166.041,0.000,0,,,,,,GLOBAL,1.000,clear,0,20.7,127,84.263,0,0,-1.000,21.40,3.00,0.0331,0.0040
166.062,0.000,0,,,,,,GLOBAL,1.000,clear,0,20.7,127,84.283,0,0,-1.000,21.40,3.00,0.0295,0.0008
166.081,0.000,0,,,,,,GLOBAL,1.000,clear,0,20.7,127,84.303,0,0,-1.000,21.40,3.00,0.0493,0.0206
166.102,0.000,0,,,,,,GLOBAL,1.000,clear,0,20.7,127,84.324,0,0,-1.000,21.40,3.00,0.0441,0.0149
166.121,0.000,0,,,,,,GLOBAL,1.000,clear,0,20.7,127,84.343,0,0,-1.000,21.40,3.00,0.0393,0.0100
166.141,0.000,0,,,,,,GLOBAL,1.000,clear,0,20.7,127,84.363,0,0,-1.000,21.40,3.00,0.0335,0.0039
166.161,0.000,0,,,,,,GLOBAL,1.000,clear,0,20.7,127,84.383,0,0,-1.000,21.40,3.00,0.0296,0.0010
166.182,0.000,0,,,,,,GLOBAL,1.000,clear,0,20.7,127,84.403,0,0,-1.000,21.40,3.00,0.0497,0.0211
166.201,0.000,0,,,,,,GLOBAL,1.000,clear,0,20.7,127,84.423,0,0,-1.000,21.40,3.00,0.0436,0.0135
166.222,0.000,0,,,,,,GLOBAL,1.000,clear,0,20.7,127,84.443,0,0,-1.000,21.40,3.00,0.0400,0.0062
166.241,0.000,0,,,,,,GLOBAL,1.000,clear,0,20.7,127,84.463,0,0,-1.000,21.40,3.00,0.0325,0.0068
166.261,0.000,0,,,,,,GLOBAL,1.000,clear,0,20.7,127,84.483,0,0,-1.000,21.40,3.00,0.0234,0.0265
166.281,0.000,0,,,,,,GLOBAL,1.000,clear,0,20.7,127,84.503,0,0,-1.000,21.40,3.00,0.0436,0.0179
166.301,0.000,0,,,,,,GLOBAL,1.000,clear,0,20.7,127,84.523,0,0,-1.000,21.40,3.00,0.0438,0.0155
166.321,0.000,0,,,,,,GLOBAL,1.000,clear,0,20.7,127,84.543,0,0,-1.000,21.40,3.00,0.0401,0.0108
166.346,0.000,0,,,,,,GLOBAL,1.000,clear,0,20.7,127,84.567,0,0,-1.000,21.40,3.00,0.0386,0.0059
166.399,0.000,0,,,,,,GLOBAL,1.000,clear,0,20.7,127,84.620,0,0,-1.000,21.40,3.00,0.0917,0.0590
166.402,0.000,0,,,,,,GLOBAL,1.000,clear,0,20.7,127,84.623,0,0,-1.000,21.40,3.00,0.0675,0.0021
166.426,0.000,0,,,,,,GLOBAL,1.000,clear,0,20.7,127,84.648,0,0,-1.000,21.40,3.00,0.0693,0.0241
166.451,0.000,0,,,,,,GLOBAL,1.000,clear,0,20.7,127,84.672,0,0,-1.000,21.40,3.00,0.0700,0.0241
166.462,0.000,0,,,,,,GLOBAL,1.000,clear,0,20.7,127,84.684,0,0,-1.000,21.40,3.00,0.0314,0.0107
166.481,0.000,0,,,,,,GLOBAL,1.000,clear,0,20.7,127,84.703,0,0,-1.000,21.40,3.00,0.0505,0.0176
166.501,0.000,0,,,,,,GLOBAL,1.000,clear,0,20.7,127,84.723,0,0,-1.000,21.40,3.00,0.0437,0.0103
166.521,0.000,0,,,,,,GLOBAL,1.000,clear,0,20.7,127,84.743,0,0,-1.000,21.40,3.00,0.0370,0.0005
166.542,0.000,0,,,,,,GLOBAL,1.000,clear,0,20.7,127,84.763,0,0,-1.000,21.40,3.00,0.0274,0.0036
166.562,0.000,0,,,,,,GLOBAL,1.000,clear,0,20.7,127,84.783,0,0,-1.000,21.40,3.00,0.0315,0.0011
166.581,0.000,0,,,,,,GLOBAL,1.000,clear,0,20.7,127,84.803,0,0,-1.000,21.40,3.00,0.0512,0.0208
166.601,0.000,0,,,,,,GLOBAL,1.000,clear,0,20.7,127,84.823,0,0,-1.000,21.40,3.00,0.0452,0.0159
166.621,0.000,0,,,,,,GLOBAL,1.000,clear,0,20.7,127,84.843,0,0,-1.000,21.40,3.00,0.0411,0.0122
166.641,0.000,0,,,,,,GLOBAL,1.000,clear,0,20.7,127,84.863,0,0,-1.000,21.40,3.00,0.0328,0.0060
166.662,0.000,0,,,,,,GLOBAL,1.000,clear,0,20.7,127,84.883,0,0,-1.000,21.40,3.00,0.0304,0.0267
166.681,0.000,0,,,,,,GLOBAL,1.000,clear,0,20.7,127,84.903,0,0,-1.000,21.40,3.00,0.0497,0.0169
166.701,0.000,0,,,,,,GLOBAL,1.000,clear,0,20.7,127,84.923,0,0,-1.000,21.40,3.00,0.0455,0.0128
166.721,0.000,0,,,,,,GLOBAL,1.000,clear,0,20.7,127,84.943,0,0,-1.000,21.40,3.00,0.0400,0.0119
166.741,0.000,0,,,,,,GLOBAL,1.000,clear,0,20.7,127,84.963,0,0,-1.000,21.40,3.00,0.0359,0.0062
166.761,0.000,0,,,,,,GLOBAL,1.000,clear,0,20.7,127,84.983,0,0,-1.000,21.40,3.00,0.0301,0.0031
166.781,0.000,0,,,,,,GLOBAL,1.000,clear,0,20.7,127,85.003,0,0,-1.000,21.40,3.00,0.0500,0.0229
166.801,0.000,0,,,,,,GLOBAL,1.000,clear,0,20.7,127,85.023,0,0,-1.000,21.40,3.00,0.0460,0.0148
166.821,0.000,0,,,,,,GLOBAL,1.000,clear,0,20.7,127,85.043,0,0,-1.000,21.40,3.00,0.0386,0.0132
166.841,0.000,0,,,,,,GLOBAL,1.000,clear,0,20.7,127,85.063,0,0,-1.000,21.40,3.00,0.0361,0.0059
166.861,0.000,0,,,,,,GLOBAL,1.000,clear,0,20.7,127,85.083,0,0,-1.000,21.40,3.00,0.0299,0.0013
166.883,0.000,0,,,,,,GLOBAL,1.000,clear,0,20.7,127,85.104,0,0,-1.000,21.40,3.00,0.0276,0.0227
166.901,0.000,0,,,,,,GLOBAL,1.000,clear,0,20.7,127,85.123,0,0,-1.000,21.40,3.00,0.0464,0.0176
166.921,0.000,0,,,,,,GLOBAL,1.000,clear,0,20.7,127,85.143,0,0,-1.000,21.40,3.00,0.0407,0.0127
166.941,0.000,0,,,,,,GLOBAL,1.000,clear,0,20.7,127,85.163,0,0,-1.000,21.40,3.00,0.0367,0.0032
166.961,0.000,0,,,,,,GLOBAL,1.000,clear,0,20.7,127,85.183,0,0,-1.000,21.40,3.00,0.0306,0.0232
166.982,0.000,0,,,,,,GLOBAL,1.000,clear,0,20.7,127,85.203,0,0,-1.000,21.40,3.00,0.0272,0.0173
167.001,0.000,0,,,,,,GLOBAL,1.000,clear,0,20.7,127,85.223,0,0,-1.000,21.40,3.00,0.0468,0.0153
167.021,0.000,0,,,,,,GLOBAL,1.000,clear,0,20.7,127,85.243,0,0,-1.000,21.40,3.00,0.0411,0.0103
167.041,0.000,0,,,,,,GLOBAL,1.000,clear,0,20.7,127,85.263,0,0,-1.000,21.40,3.00,0.0370,0.0063
167.061,0.000,0,,,,,,GLOBAL,1.000,clear,0,20.7,127,85.283,0,0,-1.000,21.40,3.00,0.0296,0.0038
167.081,0.000,0,,,,,,GLOBAL,1.000,clear,0,20.7,127,85.303,0,0,-1.000,21.40,3.00,0.0270,0.0239
167.101,0.000,0,,,,,,GLOBAL,1.000,clear,0,20.7,127,85.323,0,0,-1.000,21.40,3.00,0.0471,0.0184
167.121,0.000,0,,,,,,GLOBAL,1.000,clear,0,20.7,127,85.343,0,0,-1.000,21.40,3.00,0.0415,0.0137
167.141,0.000,0,,,,,,GLOBAL,1.000,clear,0,20.7,127,85.363,0,0,-1.000,21.40,3.00,0.0372,0.0071
167.161,0.000,0,,,,,,GLOBAL,1.000,clear,0,20.7,127,85.383,0,0,-1.000,21.40,3.00,0.0303,0.0037
167.181,0.000,0,,,,,,GLOBAL,1.000,clear,0,20.7,127,85.403,0,0,-1.000,21.40,3.00,0.0271,0.0236
167.201,0.000,0,,,,,,GLOBAL,1.000,clear,0,20.7,127,85.423,0,0,-1.000,21.40,3.00,0.0470,0.0156
167.222,0.000,0,,,,,,GLOBAL,1.000,clear,0,20.7,127,85.443,0,0,-1.000,21.40,3.00,0.0422,0.0141
167.241,0.000,0,,,,,,GLOBAL,1.000,clear,0,20.7,127,85.463,0,0,-1.000,21.40,3.00,0.0369,0.0034
167.262,0.000,0,,,,,,GLOBAL,1.000,clear,0,20.7,127,85.483,0,0,-1.000,21.40,3.00,0.0303,0.0041
167.282,0.000,0,,,,,,GLOBAL,1.000,clear,0,20.7,127,85.504,0,0,-1.000,21.40,3.00,0.0280,0.0249
167.301,0.000,0,,,,,,GLOBAL,1.000,clear,0,20.7,127,85.523,0,0,-1.000,21.40,3.00,0.0469,0.0171
167.321,0.000,0,,,,,,GLOBAL,1.000,clear,0,20.7,127,85.543,0,0,-1.000,21.40,3.00,0.0422,0.0092
167.341,0.000,0,,,,,,GLOBAL,1.000,clear,0,20.7,127,85.563,0,0,-1.000,21.40,3.00,0.0370,0.0056
167.362,0.000,0,,,,,,GLOBAL,1.000,clear,0,20.7,127,85.583,0,0,-1.000,21.40,3.00,0.0327,0.0016
167.381,0.000,0,,,,,,GLOBAL,1.000,clear,0,20.7,127,85.603,0,0,-1.000,21.40,3.00,0.0269,0.0211
167.401,0.000,0,,,,,,GLOBAL,1.000,clear,0,20.7,127,85.623,0,0,-1.000,21.40,3.00,0.0469,0.0157
167.421,0.000,0,,,,,,GLOBAL,1.000,clear,0,20.7,127,85.643,0,0,-1.000,21.40,3.00,0.0415,0.0130
167.441,0.000,0,,,,,,GLOBAL,1.000,clear,0,20.7,127,85.663,0,0,-1.000,21.40,3.00,0.0371,0.0018
167.461,0.000,0,,,,,,GLOBAL,1.000,clear,0,20.7,127,85.683,0,0,-1.000,21.40,3.00,0.0327,0.0038
167.481,0.000,0,,,,,,GLOBAL,1.000,clear,0,20.7,127,85.703,0,0,-1.000,21.40,3.00,0.0272,0.0005
167.501,0.000,0,,,,,,GLOBAL,1.000,clear,0,20.7,127,85.723,0,0,-1.000,21.40,3.00,0.0471,0.0204
167.521,0.000,0,,,,,,GLOBAL,1.000,clear,0,20.7,127,85.743,0,0,-1.000,21.40,3.00,0.0429,0.0157
167.541,0.000,0,,,,,,GLOBAL,1.000,clear,0,20.7,127,85.763,0,0,-1.000,21.40,3.00,0.0373,0.0081
167.561,0.000,0,,,,,,GLOBAL,1.000,clear,0,20.7,127,85.783,0,0,-1.000,21.40,3.00,0.0331,0.0046
167.581,0.000,0,,,,,,GLOBAL,1.000,clear,0,20.7,127,85.803,0,0,-1.000,21.40,3.00,0.0273,0.0246
167.602,0.000,0,,,,,,GLOBAL,1.000,clear,0,20.7,127,85.823,0,0,-1.000,21.40,3.00,0.0476,0.0179
167.621,0.000,0,,,,,,GLOBAL,1.000,clear,0,20.7,127,85.843,0,0,-1.000,21.40,3.00,0.0434,0.0124
167.641,0.000,0,,,,,,GLOBAL,1.000,clear,0,20.7,127,85.863,0,0,-1.000,21.40,3.00,0.0376,0.0087
167.661,0.000,0,,,,,,GLOBAL,1.000,clear,0,20.7,127,85.883,0,0,-1.000,21.40,3.00,0.0336,0.0030
167.681,0.000,0,,,,,,GLOBAL,1.000,clear,0,20.7,127,85.903,0,0,-1.000,21.40,3.00,0.0277,0.0230
167.701,0.000,0,,,,,,GLOBAL,1.000,clear,0,20.7,127,85.923,0,0,-1.000,21.40,3.00,0.0478,0.0191
167.721,0.000,0,,,,,,GLOBAL,1.000,clear,0,20.7,127,85.943,0,0,-1.000,21.40,3.00,0.0437,0.0149
167.741,0.000,0,,,,,,GLOBAL,1.000,clear,0,20.7,127,85.963,0,0,-1.000,21.40,3.00,0.0380,0.0112
167.761,0.000,0,,,,,,GLOBAL,1.000,clear,0,20.7,127,85.983,0,0,-1.000,21.40,3.00,0.0338,0.0039
167.781,0.000,0,,,,,,GLOBAL,1.000,clear,0,20.7,127,86.003,0,0,-1.000,21.40,3.00,0.0295,0.0239
167.801,0.000,0,,,,,,GLOBAL,1.000,clear,0,20.7,127,86.023,0,0,-1.000,21.40,3.00,0.0498,0.0180
167.821,0.000,0,,,,,,GLOBAL,1.000,clear,0,20.7,127,86.043,0,0,-1.000,21.40,3.00,0.0431,0.0168
167.841,0.000,0,,,,,,GLOBAL,1.000,clear,0,20.7,127,86.063,0,0,-1.000,21.40,3.00,0.0381,0.0124
167.862,0.000,0,,,,,,GLOBAL,1.000,clear,0,20.7,127,86.083,0,0,-1.000,21.40,3.00,0.0363,0.0055
167.881,0.000,0,,,,,,GLOBAL,1.000,clear,0,20.7,127,86.103,0,0,-1.000,21.40,3.00,0.0300,0.0025
167.902,0.000,0,,,,,,GLOBAL,1.000,clear,0,20.7,127,86.124,0,0,-1.000,21.40,3.00,0.0268,0.0233
167.921,0.000,0,,,,,,GLOBAL,1.000,clear,0,20.7,127,86.143,0,0,-1.000,21.40,3.00,0.0459,0.0176
167.941,0.000,0,,,,,,GLOBAL,1.000,clear,0,20.7,127,86.163,0,0,-1.000,21.40,3.00,0.0403,0.0110
167.961,0.000,0,,,,,,GLOBAL,1.000,clear,0,20.7,127,86.183,0,0,-1.000,21.40,3.00,0.0331,0.0074
167.981,0.000,0,,,,,,GLOBAL,1.000,clear,0,20.7,127,86.203,0,0,-1.000,21.40,3.00,0.0299,0.0014
168.002,0.000,0,,,,,,GLOBAL,1.000,clear,0,20.7,127,86.224,0,0,-1.000,21.40,3.00,0.0223,0.0224
168.022,0.000,0,,,,,,GLOBAL,1.000,clear,0,20.7,127,86.243,0,0,-1.000,21.40,3.00,0.0416,0.0177
168.041,0.000,0,,,,,,GLOBAL,1.000,clear,0,20.7,127,86.263,0,0,-1.000,21.40,3.00,0.0407,0.0109
168.061,0.000,0,,,,,,GLOBAL,1.000,clear,0,20.7,127,86.283,0,0,-1.000,21.40,3.00,0.0362,0.0077
168.081,0.000,0,,,,,,GLOBAL,1.000,clear,0,20.7,127,86.303,0,0,-1.000,21.40,3.00,0.0246,0.0029
168.102,0.000,0,,,,,,GLOBAL,1.000,clear,0,20.7,127,86.323,0,0,-1.000,21.40,3.00,0.0273,0.0231
168.121,0.000,0,,,,,,GLOBAL,1.000,clear,0,20.7,127,86.343,0,0,-1.000,21.40,3.00,0.0469,0.0158
168.142,0.000,0,,,,,,GLOBAL,1.000,clear,0,20.7,127,86.363,0,0,-1.000,21.40,3.00,0.0410,0.0125
168.161,0.000,0,,,,,,GLOBAL,1.000,clear,0,20.7,127,86.383,0,0,-1.000,21.40,3.00,0.0332,0.0063
168.181,0.000,0,,,,,,GLOBAL,1.000,clear,0,20.7,127,86.403,0,0,-1.000,21.40,3.00,0.0313,0.0026
168.201,0.000,0,,,,,,GLOBAL,1.000,clear,0,20.7,127,86.423,0,0,-1.000,21.40,3.00,0.0274,0.0228
168.221,0.000,0,,,,,,GLOBAL,1.000,clear,0,20.7,127,86.443,0,0,-1.000,21.40,3.00,0.0472,0.0168
168.241,0.000,0,,,,,,GLOBAL,1.000,clear,0,20.7,127,86.463,0,0,-1.000,21.40,3.00,0.0414,0.0089
168.261,0.000,0,,,,,,GLOBAL,1.000,clear,0,20.7,127,86.483,0,0,-1.000,21.40,3.00,0.0373,0.0053
168.281,0.000,0,,,,,,GLOBAL,1.000,clear,0,20.7,127,86.503,0,0,-1.000,21.40,3.00,0.0303,0.0012
168.303,0.000,0,,,,,,GLOBAL,1.000,clear,0,20.7,127,86.525,0,0,-1.000,21.40,3.00,0.0286,0.0232
168.321,0.000,0,,,,,,GLOBAL,1.000,clear,0,20.7,127,86.543,0,0,-1.000,21.40,3.00,0.0466,0.0170
168.341,0.000,0,,,,,,GLOBAL,1.000,clear,0,20.7,127,86.563,0,0,-1.000,21.40,3.00,0.0408,0.0144
168.361,0.000,0,,,,,,GLOBAL,1.000,clear,0,20.7,127,86.583,0,0,-1.000,21.40,3.00,0.0368,0.0091
168.381,0.000,0,,,,,,GLOBAL,1.000,clear,0,20.7,127,86.603,0,0,-1.000,21.40,3.00,0.0260,0.0018
168.401,0.000,0,,,,,,GLOBAL,1.000,clear,0,20.7,127,86.623,0,0,-1.000,21.40,3.00,0.0254,0.0218
168.421,0.000,0,,,,,,GLOBAL,1.000,clear,0,20.7,127,86.643,0,0,-1.000,21.40,3.00,0.0454,0.0170
168.441,0.000,0,,,,,,GLOBAL,1.000,clear,0,20.7,127,86.663,0,0,-1.000,21.40,3.00,0.0421,0.0142
168.461,0.000,0,,,,,,GLOBAL,1.000,clear,0,20.7,127,86.683,0,0,-1.000,21.40,3.00,0.0371,0.0082
168.481,0.000,0,,,,,,GLOBAL,1.000,clear,0,20.7,127,86.703,0,0,-1.000,21.40,3.00,0.0320,0.0026
168.501,0.000,0,,,,,,GLOBAL,1.000,clear,0,20.7,127,86.723,0,0,-1.000,21.40,3.00,0.0270,0.0226
168.521,0.000,0,,,,,,GLOBAL,1.000,clear,0,20.7,127,86.743,0,0,-1.000,21.40,3.00,0.0468,0.0186
168.542,0.000,0,,,,,,GLOBAL,1.000,clear,0,20.7,127,86.763,0,0,-1.000,21.40,3.00,0.0424,0.0146
168.561,0.000,0,,,,,,GLOBAL,1.000,clear,0,20.7,127,86.783,0,0,-1.000,21.40,3.00,0.0368,0.0081
168.581,0.000,0,,,,,,GLOBAL,1.000,clear,0,20.7,127,86.803,0,0,-1.000,21.40,3.00,0.0325,0.0038
168.601,0.000,0,,,,,,GLOBAL,1.000,clear,0,20.7,127,86.823,0,0,-1.000,21.40,3.00,0.0269,0.0008
168.622,0.000,0,,,,,,GLOBAL,1.000,clear,0,20.7,127,86.843,0,0,-1.000,21.40,3.00,0.0473,0.0212
168.641,0.000,0,,,,,,GLOBAL,1.000,clear,0,20.7,127,86.863,0,0,-1.000,21.40,3.00,0.0441,0.0142
168.662,0.000,0,,,,,,GLOBAL,1.000,clear,0,20.7,127,86.883,0,0,-1.000,21.40,3.00,0.0379,0.0109
168.681,0.000,0,,,,,,GLOBAL,1.000,clear,0,20.7,127,86.903,0,0,-1.000,21.40,3.00,0.0338,0.0022
168.703,0.000,0,,,,,,GLOBAL,1.000,clear,0,20.7,127,86.924,0,0,-1.000,21.40,3.00,0.0284,0.0235
168.721,0.000,0,,,,,,GLOBAL,1.000,clear,0,20.7,127,86.943,0,0,-1.000,21.40,3.00,0.0470,0.0181
168.741,0.000,0,,,,,,GLOBAL,1.000,clear,0,20.7,127,86.963,0,0,-1.000,21.40,3.00,0.0446,0.0136
168.762,0.000,0,,,,,,GLOBAL,1.000,clear,0,20.7,127,86.983,0,0,-1.000,21.40,3.00,0.0375,0.0106
168.781,0.000,0,,,,,,GLOBAL,1.000,clear,0,20.7,127,87.003,0,0,-1.000,21.40,3.00,0.0308,0.0038
168.801,0.000,0,,,,,,GLOBAL,1.000,clear,0,20.7,127,87.023,0,0,-1.000,21.40,3.00,0.0243,0.0008
168.821,0.000,0,,,,,,GLOBAL,1.000,clear,0,20.7,127,87.043,0,0,-1.000,21.40,3.00,0.0444,0.0209
168.841,0.000,0,,,,,,GLOBAL,1.000,clear,0,20.7,127,87.063,0,0,-1.000,21.40,3.00,0.0450,0.0142
168.862,0.000,0,,,,,,GLOBAL,1.000,clear,0,20.7,127,87.083,0,0,-1.000,21.40,3.00,0.0380,0.0127
168.881,0.000,0,,,,,,GLOBAL,1.000,clear,0,20.7,127,87.103,0,0,-1.000,21.40,3.00,0.0353,0.0051
168.901,0.000,0,,,,,,GLOBAL,1.000,clear,0,20.7,127,87.123,0,0,-1.000,21.40,3.00,0.0263,0.0019
168.921,0.000,0,,,,,,GLOBAL,1.000,clear,0,20.7,127,87.143,0,0,-1.000,21.40,3.00,0.0463,0.0219
168.941,0.000,0,,,,,,GLOBAL,1.000,clear,0,20.7,127,87.163,0,0,-1.000,21.40,3.00,0.0440,0.0157
168.961,0.000,0,,,,,,GLOBAL,1.000,clear,0,20.7,127,87.183,0,0,-1.000,21.40,3.00,0.0379,0.0123
168.981,0.000,0,,,,,,GLOBAL,1.000,clear,0,20.7,127,87.203,0,0,-1.000,21.40,3.00,0.0356,0.0070
169.001,0.000,0,,,,,,GLOBAL,1.000,clear,0,20.7,127,87.223,0,0,-1.000,21.40,3.00,0.0298,0.0031
169.021,0.000,0,,,,,,GLOBAL,1.000,clear,0,20.7,127,87.243,0,0,-1.000,21.40,3.00,0.0499,0.0232
169.101,0.000,0,,,,,,GLOBAL,1.000,clear,0,20.7,127,87.322,0,0,-1.000,21.40,3.00,0.1052,0.0764
169.104,0.000,0,,,,,,GLOBAL,1.000,clear,0,20.7,127,87.325,0,0,-1.000,21.40,3.00,0.0825,0.0025
169.122,0.000,0,,,,,,GLOBAL,1.000,clear,0,20.7,127,87.344,0,0,-1.000,21.40,3.00,0.0490,0.0148
169.142,0.000,0,,,,,,GLOBAL,1.000,clear,0,20.7,127,87.363,0,0,-1.000,21.40,3.00,0.0468,0.0178
169.161,0.000,0,,,,,,GLOBAL,1.000,clear,0,20.7,127,87.383,0,0,-1.000,21.40,3.00,0.0401,0.0122
169.181,0.000,0,,,,,,GLOBAL,1.000,clear,0,20.7,127,87.403,0,0,-1.000,21.40,3.00,0.0351,0.0078
169.201,0.000,0,,,,,,GLOBAL,1.000,clear,0,20.7,127,87.423,0,0,-1.000,21.40,3.00,0.0306,0.0028
169.222,0.000,0,,,,,,GLOBAL,1.000,clear,0,20.7,127,87.443,0,0,-1.000,21.40,3.00,0.0271,0.0233
169.241,0.000,0,,,,,,GLOBAL,1.000,clear,0,20.7,127,87.463,0,0,-1.000,21.40,3.00,0.0467,0.0177
169.261,0.000,0,,,,,,GLOBAL,1.000,clear,0,20.7,127,87.483,0,0,-1.000,21.40,3.00,0.0409,0.0129
169.281,0.000,0,,,,,,GLOBAL,1.000,clear,0,20.7,127,87.503,0,0,-1.000,21.40,3.00,0.0366,0.0083
169.301,0.000,0,,,,,,GLOBAL,1.000,clear,0,20.7,127,87.523,0,0,-1.000,21.40,3.00,0.0309,0.0025
169.321,0.000,0,,,,,,GLOBAL,1.000,clear,0,20.7,127,87.543,0,0,-1.000,21.40,3.00,0.0257,0.0225
169.342,0.000,0,,,,,,GLOBAL,1.000,clear,0,20.7,127,87.563,0,0,-1.000,21.40,3.00,0.0460,0.0189
169.361,0.000,0,,,,,,GLOBAL,1.000,clear,0,20.7,127,87.583,0,0,-1.000,21.40,3.00,0.0371,0.0126
169.381,0.000,0,,,,,,GLOBAL,1.000,clear,0,20.7,127,87.603,0,0,-1.000,21.40,3.00,0.0372,0.0062
169.401,0.000,0,,,,,,GLOBAL,1.000,clear,0,20.7,127,87.623,0,0,-1.000,21.40,3.00,0.0267,0.0023
169.421,0.000,0,,,,,,GLOBAL,1.000,clear,0,20.7,127,87.643,0,0,-1.000,21.40,3.00,0.0273,0.0223
169.441,0.000,0,,,,,,GLOBAL,1.000,clear,0,20.7,127,87.663,0,0,-1.000,21.40,3.00,0.0473,0.0176
169.462,0.000,0,,,,,,GLOBAL,1.000,clear,0,20.7,127,87.683,0,0,-1.000,21.40,3.00,0.0423,0.0144
169.481,0.000,0,,,,,,GLOBAL,1.000,clear,0,20.7,127,87.703,0,0,-1.000,21.40,3.00,0.0376,0.0069
169.501,0.000,0,,,,,,GLOBAL,1.000,clear,0,20.7,127,87.723,0,0,-1.000,21.40,3.00,0.0300,0.0042
169.521,0.000,0,,,,,,GLOBAL,1.000,clear,0,20.7,127,87.743,0,0,-1.000,21.40,3.00,0.0268,0.0241
169.541,0.000,0,,,,,,GLOBAL,1.000,clear,0,20.7,127,87.763,0,0,-1.000,21.40,3.00,0.0469,0.0185
169.561,0.000,0,,,,,,GLOBAL,1.000,clear,0,20.7,127,87.783,0,0,-1.000,21.40,3.00,0.0411,0.0107
169.581,0.000,0,,,,,,GLOBAL,1.000,clear,0,20.7,127,87.803,0,0,-1.000,21.40,3.00,0.0372,0.0057
169.601,0.000,0,,,,,,GLOBAL,1.000,clear,0,20.7,127,87.823,0,0,-1.000,21.40,3.00,0.0305,0.0036
169.621,0.000,0,,,,,,GLOBAL,1.000,clear,0,20.7,127,87.843,0,0,-1.000,21.40,3.00,0.0272,0.0236
169.641,0.000,0,,,,,,GLOBAL,1.000,clear,0,20.7,127,87.863,0,0,-1.000,21.40,3.00,0.0472,0.0166
169.661,0.000,0,,,,,,GLOBAL,1.000,clear,0,20.7,127,87.883,0,0,-1.000,21.40,3.00,0.0425,0.0131
169.681,0.000,0,,,,,,GLOBAL,1.000,clear,0,20.7,127,87.903,0,0,-1.000,21.40,3.00,0.0373,0.0062
169.701,0.000,0,,,,,,GLOBAL,1.000,clear,0,20.7,127,87.923,0,0,-1.000,21.40,3.00,0.0328,0.0037
169.721,0.000,0,,,,,,GLOBAL,1.000,clear,0,20.7,127,87.943,0,0,-1.000,21.40,3.00,0.0274,0.0237
169.741,0.000,0,,,,,,GLOBAL,1.000,clear,0,20.7,127,87.963,0,0,-1.000,21.40,3.00,0.0473,0.0170
169.761,0.000,0,,,,,,GLOBAL,1.000,clear,0,20.7,127,87.983,0,0,-1.000,21.40,3.00,0.0429,0.0122
169.781,0.000,0,,,,,,GLOBAL,1.000,clear,0,20.7,127,88.003,0,0,-1.000,21.40,3.00,0.0373,0.0082
169.801,0.000,0,,,,,,GLOBAL,1.000,clear,0,20.7,127,88.023,0,0,-1.000,21.40,3.00,0.0324,0.0017
169.821,0.000,0,,,,,,GLOBAL,1.000,clear,0,20.7,127,88.043,0,0,-1.000,21.40,3.00,0.0288,0.0216
169.841,0.000,0,,,,,,GLOBAL,1.000,clear,0,20.7,127,88.063,0,0,-1.000,21.40,3.00,0.0489,0.0168
169.861,0.000,0,,,,,,GLOBAL,1.000,clear,0,20.7,127,88.083,0,0,-1.000,21.40,3.00,0.0448,0.0134
169.881,0.000,0,,,,,,GLOBAL,1.000,clear,0,20.7,127,88.103,0,0,-1.000,21.40,3.00,0.0390,0.0092
169.901,0.000,0,,,,,,GLOBAL,1.000,clear,0,20.7,127,88.123,0,0,-1.000,21.40,3.00,0.0350,0.0027
169.921,0.000,0,,,,,,GLOBAL,1.000,clear,0,20.7,127,88.143,0,0,-1.000,21.40,3.00,0.0276,0.0019
169.941,0.000,0,,,,,,GLOBAL,1.000,clear,0,20.7,127,88.163,0,0,-1.000,21.40,3.00,0.0477,0.0220
169.961,0.000,0,,,,,,GLOBAL,1.000,clear,0,20.7,127,88.183,0,0,-1.000,21.40,3.00,0.0449,0.0161
169.981,0.000,0,,,,,,GLOBAL,1.000,clear,0,20.7,127,88.203,0,0,-1.000,21.40,3.00,0.0362,0.0122
170.001,0.000,0,,,,,,GLOBAL,1.000,clear,0,20.7,127,88.223,0,0,-1.000,21.40,3.00,0.0353,0.0061
170.021,0.000,0,,,,,,GLOBAL,1.000,clear,0,20.7,127,88.243,0,0,-1.000,21.40,3.00,0.0281,0.0028
170.041,0.000,0,,,,,,GLOBAL,1.000,clear,0,20.7,127,88.263,0,0,-1.000,21.40,3.00,0.0481,0.0228
170.061,0.000,0,,,,,,GLOBAL,1.000,clear,0,20.7,127,88.283,0,0,-1.000,21.40,3.00,0.0455,0.0157
170.081,0.000,0,,,,,,GLOBAL,1.000,clear,0,20.7,127,88.303,0,0,-1.000,21.40,3.00,0.0381,0.0101
170.101,0.000,0,,,,,,GLOBAL,1.000,clear,0,20.7,127,88.323,0,0,-1.000,21.40,3.00,0.0357,0.0069
170.122,0.000,0,,,,,,GLOBAL,1.000,clear,0,20.7,127,88.343,0,0,-1.000,21.40,3.00,0.0305,0.0005
170.142,0.000,0,,,,,,GLOBAL,1.000,clear,0,20.7,127,88.363,0,0,-1.000,21.40,3.00,0.0256,0.0209
170.162,0.000,0,,,,,,GLOBAL,1.000,clear,0,20.7,127,88.383,0,0,-1.000,21.40,3.00,0.0450,0.0145
170.181,0.000,0,,,,,,GLOBAL,1.000,clear,0,20.7,127,88.403,0,0,-1.000,21.40,3.00,0.0403,0.0128
170.201,0.000,0,,,,,,GLOBAL,1.000,clear,0,20.7,127,88.423,0,0,-1.000,21.40,3.00,0.0362,0.0061
170.221,0.000,0,,,,,,GLOBAL,1.000,clear,0,20.7,127,88.443,0,0,-1.000,21.40,3.00,0.0304,0.0012
170.242,0.000,0,,,,,,GLOBAL,1.000,clear,0,20.7,127,88.463,0,0,-1.000,21.40,3.00,0.0507,0.0215
170.261,0.000,0,,,,,,GLOBAL,1.000,clear,0,20.7,127,88.483,0,0,-1.000,21.40,3.00,0.0465,0.0153
170.281,0.000,0,,,,,,GLOBAL,1.000,clear,0,20.7,127,88.503,0,0,-1.000,21.40,3.00,0.0407,0.0129
170.301,0.000,0,,,,,,GLOBAL,1.000,clear,0,20.7,127,88.523,0,0,-1.000,21.40,3.00,0.0366,0.0057
170.322,0.000,0,,,,,,GLOBAL,1.000,clear,0,20.7,127,88.543,0,0,-1.000,21.40,3.00,0.0310,0.0012
170.343,0.000,0,,,,,,GLOBAL,1.000,clear,0,20.7,127,88.564,0,0,-1.000,21.40,3.00,0.0280,0.0223
170.361,0.000,0,,,,,,GLOBAL,1.000,clear,0,20.7,127,88.583,0,0,-1.000,21.40,3.00,0.0468,0.0133
170.381,0.000,0,,,,,,GLOBAL,1.000,clear,0,20.7,127,88.603,0,0,-1.000,21.40,3.00,0.0410,0.0333
170.403,0.000,0,,,,,,GLOBAL,1.000,clear,0,20.7,127,88.624,0,0,-1.000,21.40,3.00,0.0364,0.0061
170.421,0.000,0,,,,,,GLOBAL,1.000,clear,0,20.7,127,88.643,0,0,-1.000,21.40,3.00,0.0288,0.0010
170.442,0.000,0,,,,,,GLOBAL,1.000,clear,0,20.7,127,88.663,0,0,-1.000,21.40,3.00,0.0247,0.0213
170.461,0.000,0,,,,,,GLOBAL,1.000,clear,0,20.7,127,88.683,0,0,-1.000,21.40,3.00,0.0444,0.0178
170.481,0.000,0,,,,,,GLOBAL,1.000,clear,0,20.7,127,88.703,0,0,-1.000,21.40,3.00,0.0407,0.0124
170.501,0.000,0,,,,,,GLOBAL,1.000,clear,0,20.7,127,88.723,0,0,-1.000,21.40,3.00,0.0356,0.0070
170.521,0.000,0,,,,,,GLOBAL,1.000,clear,0,20.7,127,88.743,0,0,-1.000,21.40,3.00,0.0303,0.0027
170.541,0.000,0,,,,,,GLOBAL,1.000,clear,0,20.7,127,88.763,0,0,-1.000,21.40,3.00,0.0258,0.0225
170.561,0.000,0,,,,,,GLOBAL,1.000,clear,0,20.7,127,88.783,0,0,-1.000,21.40,3.00,0.0458,0.0186
170.581,0.000,0,,,,,,GLOBAL,1.000,clear,0,20.7,127,88.803,0,0,-1.000,21.40,3.00,0.0417,0.0115
170.601,0.000,0,,,,,,GLOBAL,1.000,clear,0,20.7,127,88.823,0,0,-1.000,21.40,3.00,0.0347,0.0072
170.622,0.000,0,,,,,,GLOBAL,1.000,clear,0,20.7,127,88.843,0,0,-1.000,21.40,3.00,0.0308,0.0023
170.641,0.000,0,,,,,,GLOBAL,1.000,clear,0,20.7,127,88.863,0,0,-1.000,21.40,3.00,0.0263,0.0218
170.661,0.000,0,,,,,,GLOBAL,1.000,clear,0,20.7,127,88.883,0,0,-1.000,21.40,3.00,0.0462,0.0154
170.681,0.000,0,,,,,,GLOBAL,1.000,clear,0,20.7,127,88.903,0,0,-1.000,21.40,3.00,0.0420,0.0075
170.701,0.000,0,,,,,,GLOBAL,1.000,clear,0,20.7,127,88.923,0,0,-1.000,21.40,3.00,0.0358,0.0073
170.721,0.000,0,,,,,,GLOBAL,1.000,clear,0,20.7,127,88.943,0,0,-1.000,21.40,3.00,0.0303,0.0037
170.741,0.000,0,,,,,,GLOBAL,1.000,clear,0,20.7,127,88.963,0,0,-1.000,21.40,3.00,0.0266,0.0237
170.762,0.000,0,,,,,,GLOBAL,1.000,clear,0,20.7,127,88.983,0,0,-1.000,21.40,3.00,0.0469,0.0171
170.781,0.000,0,,,,,,GLOBAL,1.000,clear,0,20.7,127,89.003,0,0,-1.000,21.40,3.00,0.0424,0.0123
170.801,0.000,0,,,,,,GLOBAL,1.000,clear,0,20.7,127,89.023,0,0,-1.000,21.40,3.00,0.0351,0.0082
170.821,0.000,0,,,,,,GLOBAL,1.000,clear,0,20.7,127,89.043,0,0,-1.000,21.40,3.00,0.0300,0.0024
170.841,0.000,0,,,,,,GLOBAL,1.000,clear,0,20.7,127,89.063,0,0,-1.000,21.40,3.00,0.0269,0.0225
170.862,0.000,0,,,,,,GLOBAL,1.000,clear,0,20.7,127,89.084,0,0,-1.000,21.40,3.00,0.0477,0.0196
170.881,0.000,0,,,,,,GLOBAL,1.000,clear,0,20.7,127,89.103,0,0,-1.000,21.40,3.00,0.0416,0.0141
170.901,0.000,0,,,,,,GLOBAL,1.000,clear,0,20.7,127,89.123,0,0,-1.000,21.40,3.00,0.0370,0.0088
170.921,0.000,0,,,,,,GLOBAL,1.000,clear,0,20.7,127,89.143,0,0,-1.000,21.40,3.00,0.0317,0.0039
170.942,0.000,0,,,,,,GLOBAL,1.000,clear,0,20.7,127,89.163,0,0,-1.000,21.40,3.00,0.0279,0.0006
170.961,0.000,0,,,,,,GLOBAL,1.000,clear,0,20.7,127,89.183,0,0,-1.000,21.40,3.00,0.0473,0.0200
170.981,0.000,0,,,,,,GLOBAL,1.000,clear,0,20.7,127,89.203,0,0,-1.000,21.40,3.00,0.0431,0.0137
171.001,0.000,0,,,,,,GLOBAL,1.000,clear,0,20.7,127,89.223,0,0,-1.000,21.40,3.00,0.0373,0.0089
171.021,0.000,0,,,,,,GLOBAL,1.000,clear,0,20.7,127,89.243,0,0,-1.000,21.40,3.00,0.0336,0.0048
171.043,0.000,0,,,,,,GLOBAL,1.000,clear,0,20.7,127,89.264,0,0,-1.000,21.40,3.00,0.0548,0.0260
171.061,0.000,0,,,,,,GLOBAL,1.000,clear,0,20.7,127,89.283,0,0,-1.000,21.40,3.00,0.0476,0.0180
171.081,0.000,0,,,,,,GLOBAL,1.000,clear,0,20.7,127,89.303,0,0,-1.000,21.40,3.00,0.0435,0.0134
171.101,0.000,0,,,,,,GLOBAL,1.000,clear,0,20.7,127,89.323,0,0,-1.000,21.40,3.00,0.0375,0.0097
171.121,0.000,0,,,,,,GLOBAL,1.000,clear,0,20.7,127,89.343,0,0,-1.000,21.40,3.00,0.0336,0.0039
171.142,0.000,0,,,,,,GLOBAL,1.000,clear,0,20.7,127,89.363,0,0,-1.000,21.40,3.00,0.0275,0.0009
171.161,0.000,0,,,,,,GLOBAL,1.000,clear,0,20.7,127,89.383,0,0,-1.000,21.40,3.00,0.0467,0.0200
171.181,0.000,0,,,,,,GLOBAL,1.000,clear,0,20.7,127,89.403,0,0,-1.000,21.40,3.00,0.0437,0.0140
171.201,0.000,0,,,,,,GLOBAL,1.000,clear,0,20.7,127,89.423,0,0,-1.000,21.40,3.00,0.0371,0.0108
171.221,0.000,0,,,,,,GLOBAL,1.000,clear,0,20.7,127,89.443,0,0,-1.000,21.40,3.00,0.0337,0.0032
171.242,0.000,0,,,,,,GLOBAL,1.000,clear,0,20.7,127,89.463,0,0,-1.000,21.40,3.00,0.0262,0.0013
171.261,0.000,0,,,,,,GLOBAL,1.000,clear,0,20.7,127,89.483,0,0,-1.000,21.40,3.00,0.0457,0.0208
171.281,0.000,0,,,,,,GLOBAL,1.000,clear,0,20.7,127,89.503,0,0,-1.000,21.40,3.00,0.0440,0.0133
171.301,0.000,0,,,,,,GLOBAL,1.000,clear,0,20.7,127,89.523,0,0,-1.000,21.40,3.00,0.0372,0.0058
171.321,0.000,0,,,,,,GLOBAL,1.000,clear,0,20.7,127,89.543,0,0,-1.000,21.40,3.00,0.0341,0.0022
171.341,0.000,0,,,,,,GLOBAL,1.000,clear,0,20.7,127,89.563,0,0,-1.000,21.40,3.00,0.0287,0.0222
171.361,0.000,0,,,,,,GLOBAL,1.000,clear,0,20.7,127,89.583,0,0,-1.000,21.40,3.00,0.0487,0.0136
171.381,0.000,0,,,,,,GLOBAL,1.000,clear,0,20.7,127,89.603,0,0,-1.000,21.40,3.00,0.0439,0.0155
171.402,0.000,0,,,,,,GLOBAL,1.000,clear,0,20.7,127,89.623,0,0,-1.000,21.40,3.00,0.0375,0.0113
171.421,0.000,0,,,,,,GLOBAL,1.000,clear,0,20.7,127,89.643,0,0,-1.000,21.40,3.00,0.0339,0.0059
171.441,0.000,0,,,,,,GLOBAL,1.000,clear,0,20.7,127,89.663,0,0,-1.000,21.40,3.00,0.0290,0.0007
171.462,0.000,0,,,,,,GLOBAL,1.000,clear,0,20.7,127,89.683,0,0,-1.000,21.40,3.00,0.0495,0.0212
171.481,0.000,0,,,,,,GLOBAL,1.000,clear,0,20.7,127,89.703,0,0,-1.000,21.40,3.00,0.0435,0.0117
171.501,0.000,0,,,,,,GLOBAL,1.000,clear,0,20.7,127,89.723,0,0,-1.000,21.40,3.00,0.0375,0.0073
171.521,0.000,0,,,,,,GLOBAL,1.000,clear,0,20.7,127,89.743,0,0,-1.000,21.40,3.00,0.0352,0.0046
171.542,0.000,0,,,,,,GLOBAL,1.000,clear,0,20.7,127,89.763,0,0,-1.000,21.40,3.00,0.0280,0.0021
171.561,0.000,0,,,,,,GLOBAL,1.000,clear,0,20.7,127,89.783,0,0,-1.000,21.40,3.00,0.0477,0.0217
171.581,0.000,0,,,,,,GLOBAL,1.000,clear,0,20.7,127,89.803,0,0,-1.000,21.40,3.00,0.0453,0.0161
171.601,0.000,0,,,,,,GLOBAL,1.000,clear,0,20.7,127,89.823,0,0,-1.000,21.40,3.00,0.0378,0.0105
171.621,0.000,0,,,,,,GLOBAL,1.000,clear,0,20.7,127,89.843,0,0,-1.000,21.40,3.00,0.0355,0.0033
171.642,0.000,0,,,,,,GLOBAL,1.000,clear,0,20.7,127,89.863,0,0,-1.000,21.40,3.00,0.0561,0.0238
171.663,0.000,0,,,,,,GLOBAL,1.000,clear,0,20.7,127,89.884,0,0,-1.000,21.40,3.00,0.0493,0.0027
171.693,0.000,0,,,,,,GLOBAL,1.000,clear,0,20.7,127,89.914,0,0,-1.000,21.40,3.00,0.0588,0.0261
171.701,0.000,0,,,,,,GLOBAL,1.000,clear,0,20.7,127,89.923,0,0,-1.000,21.40,3.00,0.0388,0.0038
171.722,0.000,0,,,,,,GLOBAL,1.000,clear,0,20.7,127,89.944,0,0,-1.000,21.40,3.00,0.0365,0.0026
171.743,0.000,0,,,,,,GLOBAL,1.000,clear,0,20.7,127,89.964,0,0,-1.000,21.40,3.00,0.0312,0.0007
171.763,0.000,0,,,,,,GLOBAL,1.000,clear,0,20.7,127,89.984,0,0,-1.000,21.40,3.00,0.0516,0.0211
171.782,0.000,0,,,,,,GLOBAL,1.000,clear,0,20.7,127,90.003,0,0,-1.000,21.40,3.00,0.0466,0.0108
171.801,0.000,0,,,,,,GLOBAL,1.000,clear,0,20.7,127,90.023,0,0,-1.000,21.40,3.00,0.0401,0.0044
171.821,0.000,0,,,,,,GLOBAL,1.000,clear,0,20.7,127,90.043,0,0,-1.000,21.40,3.00,0.0346,0.0034
171.841,0.000,0,,,,,,GLOBAL,1.000,clear,0,20.7,127,90.063,0,0,-1.000,21.40,3.00,0.0305,0.0234
171.861,0.000,0,,,,,,GLOBAL,1.000,clear,0,20.7,127,90.083,0,0,-1.000,21.40,3.00,0.0503,0.0167
171.882,0.000,0,,,,,,GLOBAL,1.000,clear,0,20.7,127,90.103,0,0,-1.000,21.40,3.00,0.0451,0.0133
171.902,0.000,0,,,,,,GLOBAL,1.000,clear,0,20.7,127,90.123,0,0,-1.000,21.40,3.00,0.0408,0.0329
171.922,0.000,0,,,,,,GLOBAL,1.000,clear,0,20.7,127,90.143,0,0,-1.000,21.40,3.00,0.0351,0.0161
171.941,0.000,0,,,,,,GLOBAL,1.000,clear,0,20.7,127,90.163,0,0,-1.000,21.40,3.00,0.0302,0.0163
171.961,0.000,0,,,,,,GLOBAL,1.000,clear,0,20.7,127,90.183,0,0,-1.000,21.40,3.00,0.0501,0.0186
171.982,0.000,0,,,,,,GLOBAL,1.000,clear,0,20.7,127,90.203,0,0,-1.000,21.40,3.00,0.0437,0.0178
172.001,0.000,0,,,,,,GLOBAL,1.000,clear,0,20.7,127,90.223,0,0,-1.000,21.40,3.00,0.0370,0.0113
172.021,0.000,0,,,,,,GLOBAL,1.000,clear,0,20.7,127,90.243,0,0,-1.000,21.40,3.00,0.0349,0.0073
172.041,0.000,0,,,,,,GLOBAL,1.000,clear,0,20.7,127,90.263,0,0,-1.000,21.40,3.00,0.0262,0.0007
172.062,0.000,0,,,,,,GLOBAL,1.000,clear,0,20.7,127,90.283,0,0,-1.000,21.40,3.00,0.0256,0.0211
172.082,0.000,0,,,,,,GLOBAL,1.000,clear,0,20.7,127,90.304,0,0,-1.000,21.40,3.00,0.0461,0.0166
172.102,0.000,0,,,,,,GLOBAL,1.000,clear,0,20.7,127,90.323,0,0,-1.000,21.40,3.00,0.0412,0.0096
172.121,0.000,0,,,,,,GLOBAL,1.000,clear,0,20.7,127,90.343,0,0,-1.000,21.40,3.00,0.0334,0.0072
172.142,0.000,0,,,,,,GLOBAL,1.000,clear,0,20.7,127,90.363,0,0,-1.000,21.40,3.00,0.0297,0.0029
172.162,0.000,0,,,,,,GLOBAL,1.000,clear,0,20.7,127,90.384,0,0,-1.000,21.40,3.00,0.0263,0.0236
172.182,0.000,0,,,,,,GLOBAL,1.000,clear,0,20.7,127,90.403,0,0,-1.000,21.40,3.00,0.0455,0.0178
172.201,0.000,0,,,,,,GLOBAL,1.000,clear,0,20.7,127,90.423,0,0,-1.000,21.40,3.00,0.0416,0.0108
172.221,0.000,0,,,,,,GLOBAL,1.000,clear,0,20.7,127,90.443,0,0,-1.000,21.40,3.00,0.0357,0.0068
172.242,0.000,0,,,,,,GLOBAL,1.000,clear,0,20.7,127,90.463,0,0,-1.000,21.40,3.00,0.0301,0.0031
172.262,0.000,0,,,,,,GLOBAL,1.000,clear,0,20.7,127,90.483,0,0,-1.000,21.40,3.00,0.0501,0.0232
172.281,0.000,0,,,,,,GLOBAL,1.000,clear,0,20.7,127,90.503,0,0,-1.000,21.40,3.00,0.0460,0.0170
172.302,0.000,0,,,,,,GLOBAL,1.000,clear,0,20.7,127,90.523,0,0,-1.000,21.40,3.00,0.0420,0.0103
172.322,0.000,0,,,,,,GLOBAL,1.000,clear,0,20.7,127,90.543,0,0,-1.000,21.40,3.00,0.0362,0.0094
172.342,0.000,0,,,,,,GLOBAL,1.000,clear,0,20.7,127,90.563,0,0,-1.000,21.40,3.00,0.0323,0.0016
172.363,0.000,0,,,,,,GLOBAL,1.000,clear,0,20.7,127,90.584,0,0,-1.000,21.40,3.00,0.0249,0.0223
172.382,0.000,0,,,,,,GLOBAL,1.000,clear,0,20.7,127,90.603,0,0,-1.000,21.40,3.00,0.0441,0.0184
172.401,0.000,0,,,,,,GLOBAL,1.000,clear,0,20.7,127,90.623,0,0,-1.000,21.40,3.00,0.0423,0.0117
172.422,0.000,0,,,,,,GLOBAL,1.000,clear,0,20.7,127,90.644,0,0,-1.000,21.40,3.00,0.0374,0.0103
172.441,0.000,0,,,,,,GLOBAL,1.000,clear,0,20.7,127,90.663,0,0,-1.000,21.40,3.00,0.0324,0.0295
172.462,0.000,0,,,,,,GLOBAL,1.000,clear,0,20.7,127,90.683,0,0,-1.000,21.40,3.00,0.0265,0.0183
172.482,0.000,0,,,,,,GLOBAL,1.000,clear,0,20.7,127,90.703,0,0,-1.000,21.40,3.00,0.0465,0.0182
172.501,0.000,0,,,,,,GLOBAL,1.000,clear,0,20.7,127,90.723,0,0,-1.000,21.40,3.00,0.0423,0.0123
172.521,0.000,0,,,,,,GLOBAL,1.000,clear,0,20.7,127,90.743,0,0,-1.000,21.40,3.00,0.0355,0.0064
172.542,0.000,0,,,,,,GLOBAL,1.000,clear,0,20.7,127,90.763,0,0,-1.000,21.40,3.00,0.0305,0.0044
172.563,0.000,0,,,,,,GLOBAL,1.000,clear,0,20.7,127,90.784,0,0,-1.000,21.40,3.00,0.0287,0.0013
172.581,0.000,0,,,,,,GLOBAL,1.000,clear,0,20.7,127,90.803,0,0,-1.000,21.40,3.00,0.0471,0.0197
172.601,0.000,0,,,,,,GLOBAL,1.000,clear,0,20.7,127,90.823,0,0,-1.000,21.40,3.00,0.0425,0.0105
172.621,0.000,0,,,,,,GLOBAL,1.000,clear,0,20.7,127,90.843,0,0,-1.000,21.40,3.00,0.0361,0.0096
172.642,0.000,0,,,,,,GLOBAL,1.000,clear,0,20.7,127,90.863,0,0,-1.000,21.40,3.00,0.0335,0.0050
172.662,0.000,0,,,,,,GLOBAL,1.000,clear,0,20.7,127,90.883,0,0,-1.000,21.40,3.00,0.0276,0.0006
172.682,0.000,0,,,,,,GLOBAL,1.000,clear,0,20.7,127,90.903,0,0,-1.000,21.40,3.00,0.0482,0.0207
172.701,0.000,0,,,,,,GLOBAL,1.000,clear,0,20.7,127,90.923,0,0,-1.000,21.40,3.00,0.0432,0.0139
172.722,0.000,0,,,,,,GLOBAL,1.000,clear,0,20.7,127,90.943,0,0,-1.000,21.40,3.00,0.0377,0.0345
172.742,0.000,0,,,,,,GLOBAL,1.000,clear,0,20.7,127,90.963,0,0,-1.000,21.40,3.00,0.0299,0.0029
172.762,0.000,0,,,,,,GLOBAL,1.000,clear,0,20.7,127,90.983,0,0,-1.000,21.40,3.00,0.0262,0.0231
172.782,0.000,0,,,,,,GLOBAL,1.000,clear,0,20.7,127,91.003,0,0,-1.000,21.40,3.00,0.0463,0.0192
172.802,0.000,0,,,,,,GLOBAL,1.000,clear,0,20.7,127,91.023,0,0,-1.000,21.40,3.00,0.0429,0.0147
172.821,0.000,0,,,,,,GLOBAL,1.000,clear,0,20.7,127,91.043,0,0,-1.000,21.40,3.00,0.0382,0.0095
172.842,0.000,0,,,,,,GLOBAL,1.000,clear,0,20.7,127,91.063,0,0,-1.000,21.40,3.00,0.0324,0.0050
172.862,0.000,0,,,,,,GLOBAL,1.000,clear,0,20.7,127,91.083,0,0,-1.000,21.40,3.00,0.0290,0.0254
172.882,0.000,0,,,,,,GLOBAL,1.000,clear,0,20.7,127,91.103,0,0,-1.000,21.40,3.00,0.0488,0.0195
172.902,0.000,0,,,,,,GLOBAL,1.000,clear,0,20.7,127,91.123,0,0,-1.000,21.40,3.00,0.0429,0.0073
172.921,0.000,0,,,,,,GLOBAL,1.000,clear,0,20.7,127,91.143,0,0,-1.000,21.40,3.00,0.0383,0.0066
172.941,0.000,0,,,,,,GLOBAL,1.000,clear,0,20.7,127,91.163,0,0,-1.000,21.40,3.00,0.0327,0.0040
172.962,0.000,0,,,,,,GLOBAL,1.000,clear,0,20.7,127,91.183,0,0,-1.000,21.40,3.00,0.0289,0.0243
172.982,0.000,0,,,,,,GLOBAL,1.000,clear,0,20.7,127,91.203,0,0,-1.000,21.40,3.00,0.0489,0.0167
173.002,0.000,0,,,,,,GLOBAL,1.000,clear,0,20.7,127,91.223,0,0,-1.000,21.40,3.00,0.0434,0.0151
173.021,0.000,0,,,,,,GLOBAL,1.000,clear,0,20.7,127,91.243,0,0,-1.000,21.40,3.00,0.0372,0.0093
173.041,0.000,0,,,,,,GLOBAL,1.000,clear,0,20.7,127,91.263,0,0,-1.000,21.40,3.00,0.0306,0.0046
173.063,0.000,0,,,,,,GLOBAL,1.000,clear,0,20.7,127,91.284,0,0,-1.000,21.40,3.00,0.0286,0.0006
173.082,0.000,0,,,,,,GLOBAL,1.000,clear,0,20.7,127,91.303,0,0,-1.000,21.40,3.00,0.0477,0.0198
173.101,0.000,0,,,,,,GLOBAL,1.000,clear,0,20.7,127,91.323,0,0,-1.000,21.40,3.00,0.0433,0.0158
173.121,0.000,0,,,,,,GLOBAL,1.000,clear,0,20.7,127,91.343,0,0,-1.000,21.40,3.00,0.0390,0.0105
173.142,0.000,0,,,,,,GLOBAL,1.000,clear,0,20.7,127,91.363,0,0,-1.000,21.40,3.00,0.0341,0.0050
173.163,0.000,0,,,,,,GLOBAL,1.000,clear,0,20.7,127,91.384,0,0,-1.000,21.40,3.00,0.0310,0.0016
173.185,0.000,0,,,,,,GLOBAL,1.000,clear,0,20.7,127,91.407,0,0,-1.000,21.40,3.00,0.0533,0.0240
173.201,0.000,0,,,,,,GLOBAL,1.000,clear,0,20.7,127,91.423,0,0,-1.000,21.40,3.00,0.0437,0.0138
173.221,0.000,0,,,,,,GLOBAL,1.000,clear,0,20.7,127,91.443,0,0,-1.000,21.40,3.00,0.0376,0.0061
173.241,0.000,0,,,,,,GLOBAL,1.000,clear,0,20.7,127,91.463,0,0,-1.000,21.40,3.00,0.0338,0.0025
173.263,0.000,0,,,,,,GLOBAL,1.000,clear,0,20.7,127,91.484,0,0,-1.000,21.40,3.00,0.0296,0.0240
173.284,0.000,0,,,,,,GLOBAL,1.000,clear,0,20.7,127,91.505,0,0,-1.000,21.40,3.00,0.0503,0.0202
173.301,0.000,0,,,,,,GLOBAL,1.000,clear,0,20.7,127,91.523,0,0,-1.000,21.40,3.00,0.0434,0.0161
173.321,0.000,0,,,,,,GLOBAL,1.000,clear,0,20.7,127,91.543,0,0,-1.000,21.40,3.00,0.0372,0.0077
173.342,0.000,0,,,,,,GLOBAL,1.000,clear,0,20.7,127,91.563,0,0,-1.000,21.40,3.00,0.0347,0.0038
173.361,0.000,0,,,,,,GLOBAL,1.000,clear,0,20.7,127,91.583,0,0,-1.000,21.40,3.00,0.0271,0.0233
173.381,0.000,0,,,,,,GLOBAL,1.000,clear,0,20.7,127,91.603,0,0,-1.000,21.40,3.00,0.0470,0.0192
173.401,0.000,0,,,,,,GLOBAL,1.000,clear,0,20.7,127,91.623,0,0,-1.000,21.40,3.00,0.0442,0.0049
173.421,0.000,0,,,,,,GLOBAL,1.000,clear,0,20.7,127,91.643,0,0,-1.000,21.40,3.00,0.0368,0.0087
173.441,0.000,0,,,,,,GLOBAL,1.000,clear,0,20.7,127,91.663,0,0,-1.000,21.40,3.00,0.0346,0.0022
173.461,0.000,0,,,,,,GLOBAL,1.000,clear,0,20.7,127,91.683,0,0,-1.000,21.40,3.00,0.0291,0.0224
173.481,0.000,0,,,,,,GLOBAL,1.000,clear,0,20.7,127,91.703,0,0,-1.000,21.40,3.00,0.0491,0.0196
173.502,0.000,0,,,,,,GLOBAL,1.000,clear,0,20.7,127,91.723,0,0,-1.000,21.40,3.00,0.0453,0.0122
173.521,0.000,0,,,,,,GLOBAL,1.000,clear,0,20.7,127,91.743,0,0,-1.000,21.40,3.00,0.0391,0.0111
173.542,0.000,0,,,,,,GLOBAL,1.000,clear,0,20.7,127,91.763,0,0,-1.000,21.40,3.00,0.0338,0.0031
173.561,0.000,0,,,,,,GLOBAL,1.000,clear,0,20.7,127,91.783,0,0,-1.000,21.40,3.00,0.0250,0.0021
173.581,0.000,0,,,,,,GLOBAL,1.000,clear,0,20.7,127,91.803,0,0,-1.000,21.40,3.00,0.0451,0.0222
173.601,0.000,0,,,,,,GLOBAL,1.000,clear,0,20.7,127,91.823,0,0,-1.000,21.40,3.00,0.0440,0.0157
173.621,0.000,0,,,,,,GLOBAL,1.000,clear,0,20.7,127,91.843,0,0,-1.000,21.40,3.00,0.0397,0.0107
173.641,0.000,0,,,,,,GLOBAL,1.000,clear,0,20.7,127,91.863,0,0,-1.000,21.40,3.00,0.0357,0.0064
173.662,0.000,0,,,,,,GLOBAL,1.000,clear,0,20.7,127,91.883,0,0,-1.000,21.40,3.00,0.0283,0.0264
173.683,0.000,0,,,,,,GLOBAL,1.000,clear,0,20.7,127,91.905,0,0,-1.000,21.40,3.00,0.0500,0.0204
173.702,0.000,0,,,,,,GLOBAL,1.000,clear,0,20.7,127,91.923,0,0,-1.000,21.40,3.00,0.0459,0.0133
173.721,0.000,0,,,,,,GLOBAL,1.000,clear,0,20.7,127,91.943,0,0,-1.000,21.40,3.00,0.0361,0.0104
173.741,0.000,0,,,,,,GLOBAL,1.000,clear,0,20.7,127,91.963,0,0,-1.000,21.40,3.00,0.0343,0.0071
173.762,0.000,0,,,,,,GLOBAL,1.000,clear,0,20.7,127,91.983,0,0,-1.000,21.40,3.00,0.0305,0.0023
173.785,0.000,0,,,,,,GLOBAL,1.000,clear,0,20.7,127,92.007,0,0,-1.000,21.40,3.00,0.0543,0.0261
173.802,0.000,0,,,,,,GLOBAL,1.000,clear,0,20.7,127,92.024,0,0,-1.000,21.40,3.00,0.0469,0.0151
173.821,0.000,0,,,,,,GLOBAL,1.000,clear,0,20.7,127,92.043,0,0,-1.000,21.40,3.00,0.0405,0.0105
173.842,0.000,0,,,,,,GLOBAL,1.000,clear,0,20.7,127,92.063,0,0,-1.000,21.40,3.00,0.0350,0.0076
173.862,0.000,0,,,,,,GLOBAL,1.000,clear,0,20.7,127,92.083,0,0,-1.000,21.40,3.00,0.0307,0.0024
173.883,0.000,0,,,,,,GLOBAL,1.000,clear,0,20.7,127,92.104,0,0,-1.000,21.40,3.00,0.0279,0.0237
173.903,0.000,0,,,,,,GLOBAL,1.000,clear,0,20.7,127,92.124,0,0,-1.000,21.40,3.00,0.0478,0.0173
173.921,0.000,0,,,,,,GLOBAL,1.000,clear,0,20.7,127,92.143,0,0,-1.000,21.40,3.00,0.0393,0.0133
173.942,0.000,0,,,,,,GLOBAL,1.000,clear,0,20.7,127,92.163,0,0,-1.000,21.40,3.00,0.0371,0.0036
173.962,0.000,0,,,,,,GLOBAL,1.000,clear,0,20.7,127,92.183,0,0,-1.000,21.40,3.00,0.0279,0.0007
173.983,0.000,0,,,,,,GLOBAL,1.000,clear,0,20.7,127,92.204,0,0,-1.000,21.40,3.00,0.0281,0.0219
174.002,0.000,0,,,,,,GLOBAL,1.000,clear,0,20.7,127,92.223,0,0,-1.000,21.40,3.00,0.0474,0.0185
174.021,0.000,0,,,,,,GLOBAL,1.000,clear,0,20.7,127,92.243,0,0,-1.000,21.40,3.00,0.0408,0.0120
174.042,0.000,0,,,,,,GLOBAL,1.000,clear,0,20.7,127,92.263,0,0,-1.000,21.40,3.00,0.0355,0.0073
174.061,0.000,0,,,,,,GLOBAL,1.000,clear,0,20.7,127,92.283,0,0,-1.000,21.40,3.00,0.0302,0.0031
174.082,0.000,0,,,,,,GLOBAL,1.000,clear,0,20.7,127,92.303,0,0,-1.000,21.40,3.00,0.0272,0.0233
174.102,0.000,0,,,,,,GLOBAL,1.000,clear,0,20.7,127,92.323,0,0,-1.000,21.40,3.00,0.0472,0.0177
174.121,0.000,0,,,,,,GLOBAL,1.000,clear,0,20.7,127,92.343,0,0,-1.000,21.40,3.00,0.0413,0.0094
174.143,0.000,0,,,,,,GLOBAL,1.000,clear,0,20.7,127,92.364,0,0,-1.000,21.40,3.00,0.0382,0.0084
174.161,0.000,0,,,,,,GLOBAL,1.000,clear,0,20.7,127,92.383,0,0,-1.000,21.40,3.00,0.0302,0.0019
174.182,0.000,0,,,,,,GLOBAL,1.000,clear,0,20.7,127,92.403,0,0,-1.000,21.40,3.00,0.0277,0.0223
174.202,0.000,0,,,,,,GLOBAL,1.000,clear,0,20.7,127,92.424,0,0,-1.000,21.40,3.00,0.0483,0.0170
174.221,0.000,0,,,,,,GLOBAL,1.000,clear,0,20.7,127,92.443,0,0,-1.000,21.40,3.00,0.0419,0.0107
174.241,0.000,0,,,,,,GLOBAL,1.000,clear,0,20.7,127,92.463,0,0,-1.000,21.40,3.00,0.0376,0.0025
174.261,0.000,0,,,,,,GLOBAL,1.000,clear,0,20.7,127,92.483,0,0,-1.000,21.40,3.00,0.0320,0.0030
174.282,0.000,0,,,,,,GLOBAL,1.000,clear,0,20.7,127,92.503,0,0,-1.000,21.40,3.00,0.0274,0.0233
174.301,0.000,0,,,,,,GLOBAL,1.000,clear,0,20.7,127,92.523,0,0,-1.000,21.40,3.00,0.0472,0.0175
174.321,0.000,0,,,,,,GLOBAL,1.000,clear,0,20.7,127,92.543,0,0,-1.000,21.40,3.00,0.0423,0.0099
174.341,0.000,0,,,,,,GLOBAL,1.000,clear,0,20.7,127,92.563,0,0,-1.000,21.40,3.00,0.0381,0.0041
174.362,0.000,0,,,,,,GLOBAL,1.000,clear,0,20.7,127,92.583,0,0,-1.000,21.40,3.00,0.0328,0.0038
174.381,0.000,0,,,,,,GLOBAL,1.000,clear,0,20.7,127,92.603,0,0,-1.000,21.40,3.00,0.0268,0.0236
174.401,0.000,0,,,,,,GLOBAL,1.000,clear,0,20.7,127,92.623,0,0,-1.000,21.40,3.00,0.0468,0.0191
174.421,0.000,0,,,,,,GLOBAL,1.000,clear,0,20.7,127,92.643,0,0,-1.000,21.40,3.00,0.0427,0.0140
174.441,0.000,0,,,,,,GLOBAL,1.000,clear,0,20.7,127,92.663,0,0,-1.000,21.40,3.00,0.0368,0.0085
174.462,0.000,0,,,,,,GLOBAL,1.000,clear,0,20.7,127,92.683,0,0,-1.000,21.40,3.00,0.0329,0.0045
174.482,0.000,0,,,,,,GLOBAL,1.000,clear,0,20.7,127,92.703,0,0,-1.000,21.40,3.00,0.0274,0.0248
174.513,0.000,0,,,,,,GLOBAL,1.000,clear,0,20.7,127,92.735,0,0,-1.000,21.40,3.00,0.0589,0.0255
174.522,0.000,0,,,,,,GLOBAL,1.000,clear,0,20.7,127,92.743,0,0,-1.000,21.40,3.00,0.0401,0.0069
174.567,0.000,0,,,,,,GLOBAL,1.000,clear,0,20.7,127,92.788,0,0,-1.000,21.40,3.00,0.0852,0.0520
174.581,0.000,0,,,,,,GLOBAL,1.000,clear,0,20.7,127,92.803,0,0,-1.000,21.40,3.00,0.0274,0.0110
174.601,0.000,0,,,,,,GLOBAL,1.000,clear,0,20.7,127,92.823,0,0,-1.000,21.40,3.00,0.0474,0.0164
174.622,0.000,0,,,,,,GLOBAL,1.000,clear,0,20.7,127,92.843,0,0,-1.000,21.40,3.00,0.0437,0.0141
174.641,0.000,0,,,,,,GLOBAL,1.000,clear,0,20.7,127,92.863,0,0,-1.000,21.40,3.00,0.0372,0.0076
174.661,0.000,0,,,,,,GLOBAL,1.000,clear,0,20.7,127,92.883,0,0,-1.000,21.40,3.00,0.0322,0.0040
174.682,0.000,0,,,,,,GLOBAL,1.000,clear,0,20.7,127,92.903,0,0,-1.000,21.40,3.00,0.0263,0.0007
174.701,0.000,0,,,,,,GLOBAL,1.000,clear,0,20.7,127,92.923,0,0,-1.000,21.40,3.00,0.0456,0.0200
174.721,0.000,0,,,,,,GLOBAL,1.000,clear,0,20.7,127,92.943,0,0,-1.000,21.40,3.00,0.0439,0.0146
174.741,0.000,0,,,,,,GLOBAL,1.000,clear,0,20.7,127,92.963,0,0,-1.000,21.40,3.00,0.0371,0.0029
174.762,0.000,0,,,,,,GLOBAL,1.000,clear,0,20.7,127,92.983,0,0,-1.000,21.40,3.00,0.0329,0.0019
174.783,0.000,0,,,,,,GLOBAL,1.000,clear,0,20.7,127,93.005,0,0,-1.000,21.40,3.00,0.0293,0.0236
174.801,0.000,0,,,,,,GLOBAL,1.000,clear,0,20.7,127,93.023,0,0,-1.000,21.40,3.00,0.0472,0.0174
174.821,0.000,0,,,,,,GLOBAL,1.000,clear,0,20.7,127,93.043,0,0,-1.000,21.40,3.00,0.0445,0.0131
174.841,0.000,0,,,,,,GLOBAL,1.000,clear,0,20.7,127,93.063,0,0,-1.000,21.40,3.00,0.0369,0.0100
174.861,0.000,0,,,,,,GLOBAL,1.000,clear,0,20.7,127,93.083,0,0,-1.000,21.40,3.00,0.0344,0.0071
174.882,0.000,0,,,,,,GLOBAL,1.000,clear,0,20.7,127,93.103,0,0,-1.000,21.40,3.00,0.0305,0.0013
174.902,0.000,0,,,,,,GLOBAL,1.000,clear,0,20.7,127,93.124,0,0,-1.000,21.40,3.00,0.0254,0.0217
174.921,0.000,0,,,,,,GLOBAL,1.000,clear,0,20.7,127,93.143,0,0,-1.000,21.40,3.00,0.0446,0.0174
174.941,0.000,0,,,,,,GLOBAL,1.000,clear,0,20.7,127,93.163,0,0,-1.000,21.40,3.00,0.0375,0.0109
174.961,0.000,0,,,,,,GLOBAL,1.000,clear,0,20.7,127,93.183,0,0,-1.000,21.40,3.00,0.0348,0.0079
174.981,0.000,0,,,,,,GLOBAL,1.000,clear,0,20.7,127,93.203,0,0,-1.000,21.40,3.00,0.0308,0.0012
175.003,0.000,0,,,,,,GLOBAL,1.000,clear,0,20.7,127,93.224,0,0,-1.000,21.40,3.00,0.0266,0.0227
175.022,0.000,0,,,,,,GLOBAL,1.000,clear,0,20.7,127,93.243,0,0,-1.000,21.40,3.00,0.0455,0.0158
175.041,0.000,0,,,,,,GLOBAL,1.000,clear,0,20.7,127,93.263,0,0,-1.000,21.40,3.00,0.0408,0.0065
175.061,0.000,0,,,,,,GLOBAL,1.000,clear,0,20.7,127,93.283,0,0,-1.000,21.40,3.00,0.0350,0.0072
175.081,0.000,0,,,,,,GLOBAL,1.000,clear,0,20.7,127,93.303,0,0,-1.000,21.40,3.00,0.0304,0.0272
175.101,0.000,0,,,,,,GLOBAL,1.000,clear,0,20.7,127,93.323,0,0,-1.000,21.40,3.00,0.0233,0.0192
175.121,0.000,0,,,,,,GLOBAL,1.000,clear,0,20.7,127,93.343,0,0,-1.000,21.40,3.00,0.0432,0.0156
175.141,0.000,0,,,,,,GLOBAL,1.000,clear,0,20.7,127,93.363,0,0,-1.000,21.40,3.00,0.0412,0.0058
175.161,0.000,0,,,,,,GLOBAL,1.000,clear,0,20.7,127,93.383,0,0,-1.000,21.40,3.00,0.0355,0.0028
175.181,0.000,0,,,,,,GLOBAL,1.000,clear,0,20.7,127,93.403,0,0,-1.000,21.40,3.00,0.0304,0.0007
175.201,0.000,0,,,,,,GLOBAL,1.000,clear,0,20.7,127,93.423,0,0,-1.000,21.40,3.00,0.0257,0.0207
175.221,0.000,0,,,,,,GLOBAL,1.000,clear,0,20.7,127,93.443,0,0,-1.000,21.40,3.00,0.0457,0.0167
175.241,0.000,0,,,,,,GLOBAL,1.000,clear,0,20.7,127,93.463,0,0,-1.000,21.40,3.00,0.0416,0.0127
175.261,0.000,0,,,,,,GLOBAL,1.000,clear,0,20.7,127,93.483,0,0,-1.000,21.40,3.00,0.0359,0.0060
175.281,0.000,0,,,,,,GLOBAL,1.000,clear,0,20.7,127,93.503,0,0,-1.000,21.40,3.00,0.0317,0.0027
175.301,0.000,0,,,,,,GLOBAL,1.000,clear,0,20.7,127,93.523,0,0,-1.000,21.40,3.00,0.0261,0.0228
175.321,0.000,0,,,,,,GLOBAL,1.000,clear,0,20.7,127,93.543,0,0,-1.000,21.40,3.00,0.0462,0.0155
175.341,0.000,0,,,,,,GLOBAL,1.000,clear,0,20.7,127,93.563,0,0,-1.000,21.40,3.00,0.0418,0.0109
175.361,0.000,0,,,,,,GLOBAL,1.000,clear,0,20.7,127,93.583,0,0,-1.000,21.40,3.00,0.0364,0.0081
175.381,0.000,0,,,,,,GLOBAL,1.000,clear,0,20.7,127,93.603,0,0,-1.000,21.40,3.00,0.0319,0.0034
175.401,0.000,0,,,,,,GLOBAL,1.000,clear,0,20.7,127,93.623,0,0,-1.000,21.40,3.00,0.0264,0.0235
175.421,0.000,0,,,,,,GLOBAL,1.000,clear,0,20.7,127,93.643,0,0,-1.000,21.40,3.00,0.0464,0.0187
175.441,0.000,0,,,,,,GLOBAL,1.000,clear,0,20.7,127,93.663,0,0,-1.000,21.40,3.00,0.0422,0.0125
175.461,0.000,0,,,,,,GLOBAL,1.000,clear,0,20.7,127,93.683,0,0,-1.000,21.40,3.00,0.0367,0.0064
175.481,0.000,0,,,,,,GLOBAL,1.000,clear,0,20.7,127,93.703,0,0,-1.000,21.40,3.00,0.0322,0.0034
175.501,0.000,0,,,,,,GLOBAL,1.000,clear,0,20.7,127,93.723,0,0,-1.000,21.40,3.00,0.0267,0.0234
175.521,0.000,0,,,,,,GLOBAL,1.000,clear,0,20.7,127,93.743,0,0,-1.000,21.40,3.00,0.0467,0.0158
175.541,0.000,0,,,,,,GLOBAL,1.000,clear,0,20.7,127,93.763,0,0,-1.000,21.40,3.00,0.0425,0.0144
175.561,0.000,0,,,,,,GLOBAL,1.000,clear,0,20.7,127,93.783,0,0,-1.000,21.40,3.00,0.0359,0.0092
175.581,0.000,0,,,,,,GLOBAL,1.000,clear,0,20.7,127,93.803,0,0,-1.000,21.40,3.00,0.0304,0.0037
175.601,0.000,0,,,,,,GLOBAL,1.000,clear,0,20.7,127,93.823,0,0,-1.000,21.40,3.00,0.0261,0.0237
175.621,0.000,0,,,,,,GLOBAL,1.000,clear,0,20.7,127,93.843,0,0,-1.000,21.40,3.00,0.0462,0.0197
175.642,0.000,0,,,,,,GLOBAL,1.000,clear,0,20.7,127,93.863,0,0,-1.000,21.40,3.00,0.0434,0.0163
175.661,0.000,0,,,,,,GLOBAL,1.000,clear,0,20.7,127,93.883,0,0,-1.000,21.40,3.00,0.0385,0.0096
175.681,0.000,0,,,,,,GLOBAL,1.000,clear,0,20.7,127,93.903,0,0,-1.000,21.40,3.00,0.0330,0.0050
175.701,0.000,0,,,,,,GLOBAL,1.000,clear,0,20.7,127,93.923,0,0,-1.000,21.40,3.00,0.0273,0.0251
175.721,0.000,0,,,,,,GLOBAL,1.000,clear,0,20.7,127,93.943,0,0,-1.000,21.40,3.00,0.0475,0.0176
175.741,0.000,0,,,,,,GLOBAL,1.000,clear,0,20.7,127,93.963,0,0,-1.000,21.40,3.00,0.0434,0.0079
175.761,0.000,0,,,,,,GLOBAL,1.000,clear,0,20.7,127,93.983,0,0,-1.000,21.40,3.00,0.0391,0.0052
175.782,0.000,0,,,,,,GLOBAL,1.000,clear,0,20.7,127,94.003,0,0,-1.000,21.40,3.00,0.0338,0.0015
175.801,0.000,0,,,,,,GLOBAL,1.000,clear,0,20.7,127,94.023,0,0,-1.000,21.40,3.00,0.0293,0.0212
175.821,0.000,0,,,,,,GLOBAL,1.000,clear,0,20.7,127,94.043,0,0,-1.000,21.40,3.00,0.0494,0.0179
175.841,0.000,0,,,,,,GLOBAL,1.000,clear,0,20.7,127,94.063,0,0,-1.000,21.40,3.00,0.0435,0.0146
175.861,0.000,0,,,,,,GLOBAL,1.000,clear,0,20.7,127,94.083,0,0,-1.000,21.40,3.00,0.0379,0.0076
175.881,0.000,0,,,,,,GLOBAL,1.000,clear,0,20.7,127,94.103,0,0,-1.000,21.40,3.00,0.0338,0.0033
175.901,0.000,0,,,,,,GLOBAL,1.000,clear,0,20.7,127,94.123,0,0,-1.000,21.40,3.00,0.0283,0.0234
175.921,0.000,0,,,,,,GLOBAL,1.000,clear,0,20.7,127,94.143,0,0,-1.000,21.40,3.00,0.0483,0.0157
175.942,0.000,0,,,,,,GLOBAL,1.000,clear,0,20.7,127,94.163,0,0,-1.000,21.40,3.00,0.0440,0.0165
175.961,0.000,0,,,,,,GLOBAL,1.000,clear,0,20.7,127,94.183,0,0,-1.000,21.40,3.00,0.0400,0.0082
175.982,0.000,0,,,,,,GLOBAL,1.000,clear,0,20.7,127,94.203,0,0,-1.000,21.40,3.00,0.0345,0.0071
176.002,0.000,0,,,,,,GLOBAL,1.000,clear,0,20.7,127,94.223,0,0,-1.000,21.40,3.00,0.0305,0.0012
176.022,0.000,0,,,,,,GLOBAL,1.000,clear,0,20.7,127,94.244,0,0,-1.000,21.40,3.00,0.0252,0.0218
176.041,0.000,0,,,,,,GLOBAL,1.000,clear,0,20.7,127,94.263,0,0,-1.000,21.40,3.00,0.0444,0.0172
176.061,0.000,0,,,,,,GLOBAL,1.000,clear,0,20.7,127,94.283,0,0,-1.000,21.40,3.00,0.0403,0.0111
176.081,0.000,0,,,,,,GLOBAL,1.000,clear,0,20.7,127,94.303,0,0,-1.000,21.40,3.00,0.0345,0.0075
176.102,0.000,0,,,,,,GLOBAL,1.000,clear,0,20.7,127,94.323,0,0,-1.000,21.40,3.00,0.0307,0.0278
176.122,0.000,0,,,,,,GLOBAL,1.000,clear,0,20.7,127,94.343,0,0,-1.000,21.40,3.00,0.0511,0.0199
176.141,0.000,0,,,,,,GLOBAL,1.000,clear,0,20.7,127,94.363,0,0,-1.000,21.40,3.00,0.0448,0.0167
176.163,0.000,0,,,,,,GLOBAL,1.000,clear,0,20.7,127,94.385,0,0,-1.000,21.40,3.00,0.0427,0.0104
176.182,0.000,0,,,,,,GLOBAL,1.000,clear,0,20.7,127,94.403,0,0,-1.000,21.40,3.00,0.0355,0.0058
176.201,0.000,0,,,,,,GLOBAL,1.000,clear,0,20.7,127,94.423,0,0,-1.000,21.40,3.00,0.0309,0.0012
176.222,0.000,0,,,,,,GLOBAL,1.000,clear,0,20.7,127,94.443,0,0,-1.000,21.40,3.00,0.0257,0.0218
176.241,0.000,0,,,,,,GLOBAL,1.000,clear,0,20.7,127,94.463,0,0,-1.000,21.40,3.00,0.0451,0.0178
176.261,0.000,0,,,,,,GLOBAL,1.000,clear,0,20.7,127,94.483,0,0,-1.000,21.40,3.00,0.0411,0.0121
176.281,0.000,0,,,,,,GLOBAL,1.000,clear,0,20.7,127,94.503,0,0,-1.000,21.40,3.00,0.0354,0.0059
176.301,0.000,0,,,,,,GLOBAL,1.000,clear,0,20.7,127,94.523,0,0,-1.000,21.40,3.00,0.0310,0.0028
176.323,0.000,0,,,,,,GLOBAL,1.000,clear,0,20.7,127,94.544,0,0,-1.000,21.40,3.00,0.0269,0.0244
176.341,0.000,0,,,,,,GLOBAL,1.000,clear,0,20.7,127,94.563,0,0,-1.000,21.40,3.00,0.0453,0.0180
176.361,0.000,0,,,,,,GLOBAL,1.000,clear,0,20.7,127,94.583,0,0,-1.000,21.40,3.00,0.0413,0.0143
176.381,0.000,0,,,,,,GLOBAL,1.000,clear,0,20.7,127,94.603,0,0,-1.000,21.40,3.00,0.0359,0.0070
176.401,0.000,0,,,,,,GLOBAL,1.000,clear,0,20.7,127,94.623,0,0,-1.000,21.40,3.00,0.0301,0.0029
176.421,0.000,0,,,,,,GLOBAL,1.000,clear,0,20.7,127,94.643,0,0,-1.000,21.40,3.00,0.0245,0.0229
176.441,0.000,0,,,,,,GLOBAL,1.000,clear,0,20.7,127,94.663,0,0,-1.000,21.40,3.00,0.0446,0.0191
176.461,0.000,0,,,,,,GLOBAL,1.000,clear,0,20.7,127,94.683,0,0,-1.000,21.40,3.00,0.0417,0.0142
176.481,0.000,0,,,,,,GLOBAL,1.000,clear,0,20.7,127,94.703,0,0,-1.000,21.40,3.00,0.0369,0.0065
176.501,0.000,0,,,,,,GLOBAL,1.000,clear,0,20.7,127,94.723,0,0,-1.000,21.40,3.00,0.0300,0.0033
176.521,0.000,0,,,,,,GLOBAL,1.000,clear,0,20.7,127,94.743,0,0,-1.000,21.40,3.00,0.0268,0.0234
176.541,0.000,0,,,,,,GLOBAL,1.000,clear,0,20.7,127,94.763,0,0,-1.000,21.40,3.00,0.0469,0.0189
176.561,0.000,0,,,,,,GLOBAL,1.000,clear,0,20.7,127,94.783,0,0,-1.000,21.40,3.00,0.0425,0.0141
176.581,0.000,0,,,,,,GLOBAL,1.000,clear,0,20.7,127,94.803,0,0,-1.000,21.40,3.00,0.0373,0.0077
176.601,0.000,0,,,,,,GLOBAL,1.000,clear,0,20.7,127,94.823,0,0,-1.000,21.40,3.00,0.0325,0.0031
176.622,0.000,0,,,,,,GLOBAL,1.000,clear,0,20.7,127,94.843,0,0,-1.000,21.40,3.00,0.0276,0.0235
176.642,0.000,0,,,,,,GLOBAL,1.000,clear,0,20.7,127,94.863,0,0,-1.000,21.40,3.00,0.0479,0.0178
176.661,0.000,0,,,,,,GLOBAL,1.000,clear,0,20.7,127,94.883,0,0,-1.000,21.40,3.00,0.0426,0.0110
176.681,0.000,0,,,,,,GLOBAL,1.000,clear,0,20.7,127,94.903,0,0,-1.000,21.40,3.00,0.0374,0.0059
176.701,0.000,0,,,,,,GLOBAL,1.000,clear,0,20.7,127,94.923,0,0,-1.000,21.40,3.00,0.0328,0.0031
176.721,0.000,0,,,,,,GLOBAL,1.000,clear,0,20.7,127,94.943,0,0,-1.000,21.40,3.00,0.0271,0.0231
176.741,0.000,0,,,,,,GLOBAL,1.000,clear,0,20.7,127,94.963,0,0,-1.000,21.40,3.00,0.0472,0.0156
176.762,0.000,0,,,,,,GLOBAL,1.000,clear,0,20.7,127,94.983,0,0,-1.000,21.40,3.00,0.0433,0.0143
176.781,0.000,0,,,,,,GLOBAL,1.000,clear,0,20.7,127,95.003,0,0,-1.000,21.40,3.00,0.0373,0.0080
176.802,0.000,0,,,,,,GLOBAL,1.000,clear,0,20.7,127,95.023,0,0,-1.000,21.40,3.00,0.0311,0.0055
176.821,0.000,0,,,,,,GLOBAL,1.000,clear,0,20.7,127,95.043,0,0,-1.000,21.40,3.00,0.0272,0.0006
176.841,0.000,0,,,,,,GLOBAL,1.000,clear,0,20.7,127,95.063,0,0,-1.000,21.40,3.00,0.0471,0.0205
176.861,0.000,0,,,,,,GLOBAL,1.000,clear,0,20.7,127,95.083,0,0,-1.000,21.40,3.00,0.0434,0.0165
176.881,0.000,0,,,,,,GLOBAL,1.000,clear,0,20.7,127,95.103,0,0,-1.000,21.40,3.00,0.0374,0.0104
176.901,0.000,0,,,,,,GLOBAL,1.000,clear,0,20.7,127,95.123,0,0,-1.000,21.40,3.00,0.0319,0.0062
176.922,0.000,0,,,,,,GLOBAL,1.000,clear,0,20.7,127,95.143,0,0,-1.000,21.40,3.00,0.0281,0.0007
176.941,0.000,0,,,,,,GLOBAL,1.000,clear,0,20.7,127,95.163,0,0,-1.000,21.40,3.00,0.0479,0.0205
176.961,0.000,0,,,,,,GLOBAL,1.000,clear,0,20.7,127,95.183,0,0,-1.000,21.40,3.00,0.0430,0.0145
176.981,0.000,0,,,,,,GLOBAL,1.000,clear,0,20.7,127,95.203,0,0,-1.000,21.40,3.00,0.0374,0.0043
177.001,0.000,0,,,,,,GLOBAL,1.000,clear,0,20.7,127,95.223,0,0,-1.000,21.40,3.00,0.0341,0.0017
177.025,0.000,0,,,,,,GLOBAL,1.000,clear,0,20.7,127,95.247,0,0,-1.000,21.40,3.00,0.0309,0.0256
177.041,0.000,0,,,,,,GLOBAL,1.000,clear,0,20.7,127,95.263,0,0,-1.000,21.40,3.00,0.0472,0.0146
177.061,0.000,0,,,,,,GLOBAL,1.000,clear,0,20.7,127,95.283,0,0,-1.000,21.40,3.00,0.0431,0.0144
177.081,0.000,0,,,,,,GLOBAL,1.000,clear,0,20.7,127,95.303,0,0,-1.000,21.40,3.00,0.0369,0.0102
177.101,0.000,0,,,,,,GLOBAL,1.000,clear,0,20.7,127,95.323,0,0,-1.000,21.40,3.00,0.0344,0.0036
177.121,0.000,0,,,,,,GLOBAL,1.000,clear,0,20.7,127,95.343,0,0,-1.000,21.40,3.00,0.0269,0.0015
177.141,0.000,0,,,,,,GLOBAL,1.000,clear,0,20.7,127,95.363,0,0,-1.000,21.40,3.00,0.0468,0.0215
177.161,0.000,0,,,,,,GLOBAL,1.000,clear,0,20.7,127,95.383,0,0,-1.000,21.40,3.00,0.0435,0.0166
177.195,0.000,0,,,,,,GLOBAL,1.000,clear,0,20.7,127,95.416,0,0,-1.000,21.40,3.00,0.0511,0.0244
177.222,0.000,0,,,,,,GLOBAL,1.000,clear,0,20.7,127,95.443,0,0,-1.000,21.40,3.00,0.0556,0.0513
177.241,0.000,0,,,,,,GLOBAL,1.000,clear,0,20.7,127,95.463,0,0,-1.000,21.40,3.00,0.0474,0.0173
177.261,0.000,0,,,,,,GLOBAL,1.000,clear,0,20.7,127,95.483,0,0,-1.000,21.40,3.00,0.0451,0.0154
177.281,0.000,0,,,,,,GLOBAL,1.000,clear,0,20.7,127,95.503,0,0,-1.000,21.40,3.00,0.0377,0.0104
177.301,0.000,0,,,,,,GLOBAL,1.000,clear,0,20.7,127,95.523,0,0,-1.000,21.40,3.00,0.0350,0.0024
177.321,0.000,0,,,,,,GLOBAL,1.000,clear,0,20.7,127,95.543,0,0,-1.000,21.40,3.00,0.0278,0.0225
177.341,0.000,0,,,,,,GLOBAL,1.000,clear,0,20.7,127,95.563,0,0,-1.000,21.40,3.00,0.0478,0.0179
177.361,0.000,0,,,,,,GLOBAL,1.000,clear,0,20.7,127,95.583,0,0,-1.000,21.40,3.00,0.0437,0.0100
177.382,0.000,0,,,,,,GLOBAL,1.000,clear,0,20.7,127,95.603,0,0,-1.000,21.40,3.00,0.0399,0.0116
177.401,0.000,0,,,,,,GLOBAL,1.000,clear,0,20.7,127,95.623,0,0,-1.000,21.40,3.00,0.0357,0.0051
177.421,0.000,0,,,,,,GLOBAL,1.000,clear,0,20.7,127,95.643,0,0,-1.000,21.40,3.00,0.0300,0.0008
177.442,0.000,0,,,,,,GLOBAL,1.000,clear,0,20.7,127,95.663,0,0,-1.000,21.40,3.00,0.0501,0.0210
177.462,0.000,0,,,,,,GLOBAL,1.000,clear,0,20.7,127,95.683,0,0,-1.000,21.40,3.00,0.0462,0.0155
177.482,0.000,0,,,,,,GLOBAL,1.000,clear,0,20.7,127,95.703,0,0,-1.000,21.40,3.00,0.0407,0.0134
177.501,0.000,0,,,,,,GLOBAL,1.000,clear,0,20.7,127,95.723,0,0,-1.000,21.40,3.00,0.0360,0.0020
177.522,0.000,0,,,,,,GLOBAL,1.000,clear,0,20.7,127,95.743,0,0,-1.000,21.40,3.00,0.0311,0.0006
177.542,0.000,0,,,,,,GLOBAL,1.000,clear,0,20.7,127,95.763,0,0,-1.000,21.40,3.00,0.0267,0.0203
177.561,0.000,0,,,,,,GLOBAL,1.000,clear,0,20.7,127,95.783,0,0,-1.000,21.40,3.00,0.0463,0.0146
177.581,0.000,0,,,,,,GLOBAL,1.000,clear,0,20.7,127,95.803,0,0,-1.000,21.40,3.00,0.0406,0.0119
177.601,0.000,0,,,,,,GLOBAL,1.000,clear,0,20.7,127,95.823,0,0,-1.000,21.40,3.00,0.0364,0.0078
177.622,0.000,0,,,,,,GLOBAL,1.000,clear,0,20.7,127,95.843,0,0,-1.000,21.40,3.00,0.0312,0.0043
177.642,0.000,0,,,,,,GLOBAL,1.000,clear,0,20.7,127,95.863,0,0,-1.000,21.40,3.00,0.0510,0.0241
177.661,0.000,0,,,,,,GLOBAL,1.000,clear,0,20.7,127,95.883,0,0,-1.000,21.40,3.00,0.0465,0.0133
177.681,0.000,0,,,,,,GLOBAL,1.000,clear,0,20.7,127,95.903,0,0,-1.000,21.40,3.00,0.0408,0.0108
177.701,0.000,0,,,,,,GLOBAL,1.000,clear,0,20.7,127,95.923,0,0,-1.000,21.40,3.00,0.0367,0.0054
177.722,0.003,0,,,,,,GLOBAL,1.000,clear,0,20.7,127,95.943,0,0,-1.000,21.40,3.00,0.0312,0.0035
177.741,0.016,0,,,,,,GLOBAL,1.000,clear,0,20.7,127,95.963,0,0,-1.000,21.40,3.00,0.0270,0.0233
177.762,0.003,0,,,,,,GLOBAL,1.000,clear,0,20.7,127,95.983,0,0,-1.000,21.40,3.00,0.0475,0.0189
177.781,0.009,0,,,,,,GLOBAL,1.000,clear,0,20.7,127,96.003,0,0,-1.000,21.40,3.00,0.0411,0.0128
177.801,0.036,0,,,,,,GLOBAL,1.000,clear,0,20.7,127,96.023,0,0,-1.000,21.40,3.00,0.0371,0.0024
177.821,0.062,0,,,,,,GLOBAL,1.000,clear,0,20.7,127,96.043,0,0,-1.000,21.40,3.00,0.0301,0.0014
177.841,0.009,0,,,,,,GLOBAL,1.000,clear,0,20.7,127,96.063,0,0,-1.000,21.40,3.00,0.0270,0.0212
177.861,0.046,0,,,,,,GLOBAL,1.000,clear,0,20.7,127,96.083,0,0,-1.000,21.40,3.00,0.0471,0.0162
177.881,0.082,0,,,,,,GLOBAL,1.000,clear,0,20.7,127,96.103,0,0,-1.000,21.40,3.00,0.0414,0.0133
177.901,0.044,0,,,,,,GLOBAL,1.000,clear,0,20.7,127,96.123,0,0,-1.000,21.40,3.00,0.0373,0.0037
177.922,0.080,0,,,,,,GLOBAL,1.000,clear,0,20.7,127,96.143,0,0,-1.000,21.40,3.00,0.0308,0.0011
177.942,0.142,0,,,,,,GLOBAL,1.000,clear,0,20.7,127,96.163,0,0,-1.000,21.40,3.00,0.0273,0.0212
177.962,0.181,0,,,,,,GLOBAL,1.000,clear,0,20.7,127,96.183,0,0,-1.000,21.40,3.00,0.0474,0.0156
177.981,0.235,0,,,,,,GLOBAL,1.000,clear,0,20.7,127,96.203,0,0,-1.000,21.40,3.00,0.0418,0.0103
178.001,0.252,0,,,,,,GLOBAL,1.000,clear,0,20.7,127,96.223,0,0,-1.000,21.40,3.00,0.0371,0.0047
178.021,0.282,0,,,,,,GLOBAL,1.000,clear,0,20.7,127,96.243,0,0,-1.000,21.40,3.00,0.0303,0.0247
178.041,0.319,0,,,,,,GLOBAL,1.000,clear,0,20.7,127,96.263,0,0,-1.000,21.40,3.00,0.0271,0.0194
178.061,0.344,0,,,,,,GLOBAL,1.000,clear,0,20.7,127,96.283,0,0,-1.000,21.40,3.00,0.0471,0.0189
178.081,0.384,0,,,,,,GLOBAL,1.000,clear,0,20.7,127,96.303,0,0,-1.000,21.40,3.00,0.0420,0.0141
178.101,0.424,0,,,,,,GLOBAL,1.000,clear,0,20.7,127,96.323,0,0,-1.000,21.40,3.00,0.0372,0.0084
178.122,0.440,0,,,,,,GLOBAL,1.000,clear,0,20.7,127,96.343,0,0,-1.000,21.40,3.00,0.0326,0.0038
178.143,0.461,0,,,,,,GLOBAL,1.000,clear,0,20.7,127,96.364,0,0,-1.000,18.53,3.00,0.0282,0.0247
178.161,0.485,0,,,,,,GLOBAL,1.000,clear,0,20.7,127,96.383,0,0,-1.000,18.03,3.00,0.0470,0.0154
178.181,0.506,0,,,,,,GLOBAL,1.000,clear,0,20.7,127,96.403,0,0,-1.000,18.03,3.00,0.0414,0.0106
178.201,0.534,0,,,,,,GLOBAL,1.000,clear,0,20.7,127,96.423,0,0,-1.000,17.76,3.00,0.0369,0.0081
178.222,0.552,0,,,,,,GLOBAL,1.000,clear,0,20.7,127,96.443,0,0,-1.000,17.76,3.00,0.0332,0.0062
178.241,0.577,0,,,,,,GLOBAL,1.000,clear,0,20.7,127,96.463,0,0,-1.000,16.81,3.00,0.0287,0.0259
178.261,0.588,0,,,,,,GLOBAL,1.000,clear,0,20.7,127,96.483,0,0,-1.000,17.38,3.00,0.0488,0.0188
178.281,0.588,0,,,,,,GLOBAL,1.000,clear,0,20.7,127,96.503,0,0,-1.000,16.33,3.00,0.0428,0.0134
178.302,0.590,0,,,,,,GLOBAL,1.000,clear,0,20.7,127,96.523,0,0,-1.000,16.33,3.00,0.0379,0.0080
178.321,0.592,0,,,,,,GLOBAL,1.000,clear,0,20.7,127,96.543,0,0,-1.000,15.40,3.00,0.0313,0.0036
178.346,0.594,0,,,,,,GLOBAL,1.000,clear,0,20.7,127,96.568,0,0,-1.000,15.71,3.00,0.0563,0.0286
178.361,0.593,0,,,,,,GLOBAL,1.000,clear,0,20.7,127,96.583,0,0,-1.000,15.71,3.00,0.0489,0.0144
178.381,0.585,0,,,,,,GLOBAL,1.000,clear,0,20.7,127,96.603,0,0,-1.000,16.14,3.00,0.0415,0.0127
178.401,0.589,0,,,,,,GLOBAL,1.000,clear,0,20.7,127,96.623,0,0,-1.000,15.45,3.00,0.0357,0.0079
178.422,0.587,0,,,,,,GLOBAL,1.000,clear,0,20.7,127,96.643,0,0,-1.000,15.45,3.00,0.0337,0.0038
178.441,0.589,0,,,,,,GLOBAL,1.000,clear,0,20.7,127,96.663,0,0,-1.000,16.21,3.00,0.0270,0.0236
178.461,0.590,0,,,,,,GLOBAL,1.000,clear,0,20.7,127,96.683,0,0,-1.000,15.57,3.00,0.0470,0.0190
178.481,0.582,0,,,,,,GLOBAL,1.000,clear,0,20.7,127,96.703,0,0,-1.000,15.57,3.00,0.0435,0.0142
178.501,0.571,0,,,,,,GLOBAL,1.000,clear,0,20.7,127,96.723,0,0,-1.000,15.00,3.00,0.0373,0.0095
178.521,0.567,0,,,,,,GLOBAL,1.000,clear,0,20.7,127,96.743,0,0,-1.000,14.47,3.00,0.0339,0.0053
178.542,0.557,0,,,,,,GLOBAL,1.000,clear,0,20.7,127,96.763,0,0,-1.000,14.47,3.00,0.0290,0.0022
178.561,0.553,0,,,,,,GLOBAL,1.000,clear,0,20.7,127,96.783,0,0,-1.000,15.83,3.00,0.0484,0.0217
178.581,0.557,0,,,,,,GLOBAL,1.000,clear,0,20.7,127,96.803,0,0,-1.000,14.93,3.00,0.0442,0.0077
178.601,0.533,0,,,,,,GLOBAL,1.000,clear,0,20.7,127,96.823,0,0,-1.000,14.93,3.00,0.0385,0.0108
178.622,0.504,0,,,,,,GLOBAL,1.000,clear,0,20.7,127,96.843,0,0,-1.000,14.79,3.00,0.0345,0.0013
178.642,0.501,0,,,,,,GLOBAL,1.000,clear,0,20.7,127,96.863,0,0,-1.000,15.78,3.00,0.0267,0.0213
178.661,0.500,0,,,,,,GLOBAL,1.000,clear,0,20.7,127,96.883,0,0,-1.000,15.78,3.00,0.0465,0.0170
178.681,0.467,0,,,,,,GLOBAL,1.000,clear,0,20.7,127,96.903,0,0,-1.000,15.32,3.00,0.0445,0.0067
178.701,0.459,0,,,,,,GLOBAL,1.000,clear,0,20.7,127,96.923,0,0,-1.000,14.70,3.00,0.0372,0.0089
178.721,0.466,0,,,,,,GLOBAL,1.000,clear,0,20.7,127,96.943,0,0,-1.000,14.70,3.00,0.0349,0.0051
178.741,0.439,0,,,,,,GLOBAL,1.000,clear,0,20.7,127,96.963,0,0,-1.000,14.61,3.00,0.0268,0.0016
178.762,0.444,0,,,,,,GLOBAL,1.000,clear,0,20.7,127,96.983,0,0,-1.000,15.43,3.00,0.0471,0.0219
178.782,0.441,0,,,,,,GLOBAL,1.000,clear,0,20.7,127,97.003,0,0,-1.000,15.43,3.00,0.0451,0.0111
178.801,0.412,0,,,,,,GLOBAL,1.000,clear,0,20.7,127,97.023,0,0,-1.000,15.27,3.00,0.0388,0.0106
178.821,0.415,0,,,,,,GLOBAL,1.000,clear,0,20.7,127,97.043,0,0,-1.000,15.27,3.00,0.0312,0.0040
178.842,0.378,0,,,,,,GLOBAL,1.000,clear,0,20.7,127,97.063,0,0,-1.000,14.63,3.00,0.0516,0.0244
178.861,0.378,0,,,,,,GLOBAL,1.000,clear,0,20.7,127,97.083,0,0,-1.000,15.15,3.00,0.0468,0.0170
178.881,0.342,0,,,,,,GLOBAL,1.000,clear,0,20.7,127,97.103,0,0,-1.000,14.96,3.00,0.0430,0.0164
178.901,0.345,0,,,,,,GLOBAL,1.000,clear,0,20.7,127,97.123,0,0,-1.000,14.96,3.00,0.0379,0.0113
178.921,0.305,0,,,,,,GLOBAL,1.000,clear,0,20.7,127,97.143,0,0,-1.000,15.15,3.00,0.0339,0.0042
178.941,0.298,0,,,,,,GLOBAL,1.000,clear,0,20.7,127,97.163,0,0,-1.000,15.24,3.00,0.0300,0.0013
178.962,0.283,0,,,,,,GLOBAL,1.000,clear,0,20.7,127,97.183,0,0,-1.000,15.24,3.00,0.0503,0.0216
178.981,0.247,0,,,,,,GLOBAL,1.000,clear,0,20.7,127,97.203,0,0,-1.000,16.48,3.00,0.0443,0.0152
179.002,0.243,0,,,,,,GLOBAL,1.000,clear,0,20.7,127,97.223,0,0,-1.000,16.44,3.00,0.0404,0.0110
179.021,0.230,0,,,,,,GLOBAL,1.000,clear,0,20.7,127,97.243,0,0,-1.000,16.44,3.00,0.0341,0.0069
179.041,0.202,0,,,,,,GLOBAL,1.000,clear,0,20.7,127,97.263,0,0,-1.000,17.09,3.00,0.0299,0.0010
179.062,0.116,0,,,,,,GLOBAL,1.000,clear,0,20.7,127,97.284,0,0,-1.000,17.45,3.00,0.0241,0.0219
179.081,0.129,0,,,,,,GLOBAL,1.000,clear,0,20.7,127,97.303,0,0,-1.000,17.45,3.00,0.0432,0.0149
179.101,0.137,0,,,,,,GLOBAL,1.000,clear,0,20.7,127,97.323,0,0,-1.000,19.73,3.00,0.0402,0.0078
179.121,0.132,0,,,,,,GLOBAL,1.000,clear,0,20.7,127,97.343,0,0,-1.000,19.73,3.00,0.0333,0.0278
179.142,0.128,0,,,,,,GLOBAL,1.000,clear,0,20.7,127,97.363,0,0,-1.000,19.69,3.00,0.0310,0.0006
179.161,0.098,0,,,,,,GLOBAL,1.000,clear,0,20.7,127,97.383,0,0,-1.000,20.68,3.00,0.0506,0.0202
179.181,0.094,0,,,,,,GLOBAL,1.000,clear,0,20.7,127,97.403,0,0,-1.000,20.66,3.00,0.0436,0.0151
179.201,0.108,0,,,,,,GLOBAL,1.000,clear,0,20.7,127,97.423,0,0,-1.000,20.66,3.00,0.0391,0.0082
179.221,0.115,0,,,,,,GLOBAL,1.000,clear,0,20.7,127,97.443,0,0,-1.000,21.40,3.00,0.0348,0.0026
179.241,0.102,0,,,,,,GLOBAL,1.000,clear,0,20.7,127,97.463,0,0,-1.000,21.40,3.00,0.0277,0.0021
179.261,0.088,0,,,,,,GLOBAL,1.000,clear,0,20.7,127,97.483,0,0,-1.000,21.40,3.00,0.0477,0.0220
179.281,0.083,0,,,,,,GLOBAL,1.000,clear,0,20.7,127,97.503,0,0,-1.000,21.40,3.00,0.0454,0.0158
179.301,-0.010,0,,,,,,GLOBAL,1.000,clear,0,20.7,127,97.523,0,0,-1.000,21.40,3.00,0.0390,0.0127
179.321,0.012,0,,,,,,GLOBAL,1.000,clear,0,20.7,127,97.543,0,0,-1.000,21.40,3.00,0.0354,0.0059
179.343,0.013,0,,,,,,GLOBAL,1.000,clear,0,20.7,127,97.564,0,0,-1.000,21.40,3.00,0.0309,0.0034
179.364,0.001,0,,,,,,GLOBAL,1.000,clear,0,20.7,127,97.585,0,0,-1.000,21.40,3.00,0.0524,0.0248
179.381,0.000,0,,,,,,GLOBAL,1.000,clear,0,20.7,127,97.603,0,0,-1.000,21.40,3.00,0.0456,0.0136
179.401,0.000,0,,,,,,GLOBAL,1.000,clear,0,20.7,127,97.623,0,0,-1.000,21.40,3.00,0.0365,0.0114
179.421,0.000,0,,,,,,GLOBAL,1.000,clear,0,20.7,127,97.643,0,0,-1.000,21.40,3.00,0.0355,0.0071
179.441,0.000,0,,,,,,GLOBAL,1.000,clear,0,20.7,127,97.663,0,0,-1.000,21.40,3.00,0.0295,0.0030
179.462,0.000,0,,,,,,GLOBAL,1.000,clear,0,20.7,127,97.683,0,0,-1.000,21.40,3.00,0.0496,0.0231
179.482,0.000,0,,,,,,GLOBAL,1.000,clear,0,20.7,127,97.703,0,0,-1.000,21.40,3.00,0.0463,0.0141
179.501,0.000,0,,,,,,GLOBAL,1.000,clear,0,20.7,127,97.723,0,0,-1.000,21.40,3.00,0.0395,0.0075
179.521,0.000,0,,,,,,GLOBAL,1.000,clear,0,20.7,127,97.743,0,0,-1.000,21.40,3.00,0.0348,0.0053
179.542,0.000,0,,,,,,GLOBAL,1.000,clear,0,20.7,127,97.764,0,0,-1.000,21.40,3.00,0.0313,0.0010
179.563,-0.017,0,,,,,,GLOBAL,1.000,clear,0,20.7,127,97.784,0,0,-1.000,21.40,3.00,0.0241,0.0216
179.581,-0.014,0,,,,,,GLOBAL,1.000,clear,0,20.7,127,97.803,0,0,-1.000,21.40,3.00,0.0426,0.0172
179.602,-0.001,0,,,,,,GLOBAL,1.000,clear,0,20.7,127,97.823,0,0,-1.000,21.40,3.00,0.0411,0.0112
179.621,0.000,0,,,,,,GLOBAL,1.000,clear,0,20.7,127,97.843,0,0,-1.000,21.40,3.00,0.0351,0.0042
179.641,0.000,0,,,,,,GLOBAL,1.000,clear,0,20.7,127,97.863,0,0,-1.000,21.40,3.00,0.0308,0.0241
179.663,0.000,0,,,,,,GLOBAL,1.000,clear,0,20.7,127,97.884,0,0,-1.000,21.40,3.00,0.0263,0.0204
179.682,0.000,0,,,,,,GLOBAL,1.000,clear,0,20.7,127,97.903,0,0,-1.000,21.40,3.00,0.0454,0.0155
179.701,0.000,0,,,,,,GLOBAL,1.000,clear,0,20.7,127,97.923,0,0,-1.000,21.40,3.00,0.0410,0.0074
179.721,0.017,0,,,,,,GLOBAL,1.000,clear,0,20.7,127,97.943,0,0,-1.000,21.40,3.00,0.0344,0.0016
179.741,0.014,0,,,,,,GLOBAL,1.000,clear,0,20.7,127,97.963,0,0,-1.000,21.40,3.00,0.0302,0.0019
179.762,0.009,0,,,,,,GLOBAL,1.000,clear,0,20.7,127,97.984,0,0,-1.000,21.40,3.00,0.0512,0.0228
179.782,0.039,0,,,,,,GLOBAL,1.000,clear,0,20.7,127,98.003,0,0,-1.000,21.40,3.00,0.0459,0.0118
179.801,0.062,0,,,,,,GLOBAL,1.000,clear,0,20.7,127,98.023,0,0,-1.000,21.40,3.00,0.0415,0.0130
179.822,0.013,0,,,,,,GLOBAL,1.000,clear,0,20.7,127,98.043,0,0,-1.000,21.40,3.00,0.0363,0.0050
179.841,0.057,0,,,,,,GLOBAL,1.000,clear,0,20.7,127,98.063,0,0,-1.000,21.40,3.00,0.0298,0.0026
179.862,0.078,0,,,,,,GLOBAL,1.000,clear,0,20.7,127,98.083,0,0,-1.000,21.40,3.00,0.0243,0.0230
179.881,0.047,0,,,,,,GLOBAL,1.000,clear,0,20.7,127,98.103,0,0,-1.000,21.40,3.00,0.0442,0.0159
179.942,0.077,0,,,,,,GLOBAL,1.000,clear,0,20.7,127,98.163,0,0,-1.000,21.40,3.00,0.0826,0.0521
179.961,0.185,0,,,,,,GLOBAL,1.000,clear,0,20.7,127,98.183,0,0,-1.000,21.40,3.00,0.0456,0.0141
179.981,0.198,0,,,,,,GLOBAL,1.000,clear,0,20.7,127,98.203,0,0,-1.000,20.36,3.00,0.0465,0.0140
180.001,0.232,0,,,,,,GLOBAL,1.000,clear,0,20.7,127,98.223,0,0,-1.000,15.58,3.00,0.0408,0.0102
180.021,0.248,0,,,,,,GLOBAL,1.000,clear,0,20.7,127,98.243,0,0,-1.000,15.58,3.00,0.0345,0.0019
180.041,0.267,0,,,,,,GLOBAL,1.000,clear,0,20.7,127,98.263,0,0,-1.000,12.96,3.00,0.0308,0.0221
180.062,0.284,0,,,,,,GLOBAL,1.000,clear,0,20.7,127,98.283,0,0,-1.000,10.48,3.00,0.0514,0.0185
180.081,0.305,0,,,,,,GLOBAL,1.000,clear,0,20.7,127,98.303,0,0,-1.000,10.58,3.00,0.0467,0.0175
180.101,0.316,0,,,,,,GLOBAL,1.000,clear,0,20.7,127,98.323,0,0,-1.000,10.58,3.00,0.0411,0.0139
180.121,0.335,0,,,,,,GLOBAL,1.000,clear,0,20.7,127,98.343,0,0,-1.000,9.69,3.00,0.0354,0.0035
180.142,0.331,0,,,,,,GLOBAL,1.000,clear,0,20.7,127,98.363,0,0,-1.000,9.69,3.00,0.0301,0.0041
180.162,0.368,0,,,,,,GLOBAL,1.000,clear,0,20.7,127,98.384,0,0,-1.000,10.17,3.00,0.0280,0.0246
180.182,0.355,0,,,,,,GLOBAL,1.000,clear,0,20.7,127,98.403,0,0,-1.000,8.70,3.00,0.0474,0.0184
180.201,0.369,0,,,,,,GLOBAL,1.000,clear,0,20.7,127,98.423,0,0,-1.000,7.71,3.00,0.0417,0.0145
180.221,0.368,0,,,,,,GLOBAL,1.000,clear,0,20.7,127,98.443,0,0,-1.000,7.71,3.00,0.0377,0.0056
180.242,0.365,0,,,,,,GLOBAL,1.000,clear,0,20.7,127,98.463,0,0,-1.000,6.70,3.00,0.0306,0.0027
180.262,0.386,0,,,,,,GLOBAL,1.000,clear,0,20.7,127,98.483,0,0,-1.000,5.53,3.00,0.0264,0.0227
180.281,0.380,0,,,,,,GLOBAL,1.000,clear,0,20.7,127,98.503,0,0,-1.000,5.53,3.00,0.0464,0.0174
180.301,0.396,0,,,,,,GLOBAL,1.000,clear,0,20.7,127,98.523,0,0,-1.000,5.58,3.00,0.0421,0.0111
180.327,0.411,0,,,,,,GLOBAL,1.000,clear,0,20.7,127,98.548,0,0,-1.000,5.21,3.00,0.0418,0.0116
180.342,0.408,0,,,,,,GLOBAL,1.000,clear,0,20.7,127,98.563,0,0,-1.000,5.21,3.00,0.0325,0.0028
180.364,0.426,0,,,,,,GLOBAL,1.000,clear,0,20.7,127,98.585,0,0,-1.000,3.63,3.00,0.0286,0.0249
180.381,0.445,0,,,,,,GLOBAL,1.000,clear,0,20.7,127,98.603,0,0,-1.000,2.72,3.00,0.0461,0.0172
180.401,0.441,0,,,,,,GLOBAL,1.000,clear,0,20.7,127,98.623,0,0,-1.000,2.72,3.00,0.0426,0.0134
180.422,0.436,0,,,,,,GLOBAL,1.000,clear,0,20.7,127,98.643,0,0,-1.000,0.81,3.00,0.0370,0.0077
180.441,0.454,0,,,,,,GLOBAL,1.000,clear,0,20.7,127,98.663,0,0,-1.000,1.82,3.00,0.0259,0.0033
180.462,0.434,0,,,,,,GLOBAL,1.000,clear,0,20.7,127,98.684,0,0,-1.000,1.82,3.00,0.0279,0.0245
180.481,0.428,0,,,,,,GLOBAL,1.000,clear,0,20.7,127,98.703,0,0,-1.000,0.94,3.00,0.0468,0.0184
180.501,0.432,0,,,,,,GLOBAL,1.000,clear,0,20.7,127,98.723,0,0,-1.000,0.40,3.00,0.0423,0.0141
180.521,0.405,0,,,,,,GLOBAL,1.000,clear,0,20.7,127,98.743,0,0,-1.000,0.40,3.00,0.0359,0.0070
180.541,0.411,0,,,,,,GLOBAL,1.000,clear,0,20.7,127,98.763,0,0,-1.000,0.07,3.00,0.0332,0.0040
180.561,0.379,0,,,,,,GLOBAL,1.000,clear,0,20.7,127,98.783,0,0,-1.000,-1.76,3.00,0.0530,0.0239
180.581,0.388,0,,,,,,GLOBAL,1.000,clear,0,20.7,127,98.803,0,0,-1.000,-1.76,3.00,0.0471,0.0166
180.601,0.371,0,,,,,,GLOBAL,1.000,clear,0,20.7,127,98.823,0,0,-1.000,-0.85,3.00,0.0404,0.0127
180.621,0.368,0,,,,,,GLOBAL,1.000,clear,0,20.7,127,98.843,0,0,-1.000,-1.39,3.00,0.0360,0.0079
180.641,0.377,0,,,,,,GLOBAL,1.000,clear,0,20.7,127,98.863,0,0,-1.000,-1.39,3.00,0.0319,0.0009
180.662,0.370,0,,,,,,GLOBAL,1.000,clear,0,20.7,127,98.883,0,0,-1.000,-1.16,3.00,0.0275,0.0215
180.681,0.411,0,,,,,,GLOBAL,1.000,clear,0,20.7,127,98.903,0,0,-1.000,-2.95,3.00,0.0467,0.0181
180.701,0.413,0,,,,,,GLOBAL,1.000,clear,0,20.7,127,98.923,0,0,-1.000,-2.95,3.00,0.0420,0.0144
180.721,0.420,0,,,,,,GLOBAL,1.000,clear,0,20.7,127,98.943,0,0,-1.000,-2.79,3.00,0.0378,0.0032
180.742,0.445,0,,,,,,GLOBAL,1.000,clear,0,20.7,127,98.963,0,0,-1.000,-3.70,3.00,0.0309,0.0045
180.762,0.480,0,,,,,,GLOBAL,1.000,clear,0,20.7,127,98.983,0,0,-1.000,-3.70,3.00,0.0274,0.0247
180.781,0.487,0,,,,,,GLOBAL,1.000,clear,0,20.7,127,99.003,0,0,-1.000,-3.30,3.00,0.0470,0.0188
180.802,0.490,0,,,,,,GLOBAL,1.000,clear,0,20.7,127,99.023,0,0,-1.000,-3.77,3.00,0.0423,0.0138
180.822,0.494,0,,,,,,GLOBAL,1.000,clear,0,20.7,127,99.043,0,0,-1.000,-3.77,3.00,0.0389,0.0068
180.841,0.504,0,,,,,,GLOBAL,1.000,clear,0,20.7,127,99.063,0,0,-1.000,-4.31,3.00,0.0325,0.0036
180.861,0.524,0,,,,,,GLOBAL,1.000,clear,0,20.7,127,99.083,0,0,-1.000,-4.87,3.00,0.0272,0.0236
180.881,0.517,0,,,,,,GLOBAL,1.000,clear,0,20.7,127,99.103,0,0,-1.000,-4.87,3.00,0.0473,0.0185
180.901,0.503,0,,,,,,GLOBAL,1.000,clear,0,20.7,127,99.123,0,0,-1.000,-5.29,3.00,0.0426,0.0143
180.921,0.502,0,,,,,,GLOBAL,1.000,clear,0,20.7,127,99.143,0,0,-1.000,-5.95,3.00,0.0371,0.0062
180.941,0.511,0,,,,,,GLOBAL,1.000,clear,0,20.7,127,99.163,0,0,-1.000,-5.95,3.00,0.0297,0.0039
180.962,0.521,0,,,,,,GLOBAL,1.000,clear,0,20.7,127,99.183,0,0,-1.000,-5.92,3.00,0.0273,0.0242
180.981,0.507,0,,,,,,GLOBAL,1.000,clear,0,20.7,127,99.203,0,0,-1.000,-6.33,3.00,0.0470,0.0167
181.001,0.496,0,,,,,,GLOBAL,1.000,clear,0,20.7,127,99.223,0,0,-1.000,-6.33,3.00,0.0415,0.0118
181.021,0.503,0,,,,,,GLOBAL,1.000,clear,0,20.7,127,99.243,0,0,-1.000,-6.11,3.00,0.0348,0.0084
181.041,0.516,0,,,,,,GLOBAL,1.000,clear,0,20.7,127,99.263,0,0,-1.000,-6.11,3.00,0.0332,0.0014
181.061,0.497,0,,,,,,GLOBAL,1.000,clear,0,20.7,127,99.283,0,0,-1.000,-5.77,3.00,0.0272,0.0215
181.081,0.481,0,,,,,,GLOBAL,1.000,clear,0,20.7,127,99.303,0,0,-1.000,-5.80,3.00,0.0473,0.0174
181.101,0.483,0,,,,,,GLOBAL,1.000,clear,0,20.7,127,99.323,0,0,-1.000,-6.40,3.00,0.0431,0.0141
181.121,0.478,0,,,,,,GLOBAL,1.000,clear,0,20.7,127,99.343,0,0,-1.000,-6.40,3.00,0.0378,0.0061
181.142,0.451,0,,,,,,GLOBAL,1.000,clear,0,20.7,127,99.363,0,0,-1.000,-5.93,3.00,0.0319,0.0019
181.161,0.452,0,,,,,,GLOBAL,1.000,clear,0,20.7,127,99.383,0,0,-1.000,-6.69,3.00,0.0269,0.0010
181.181,0.440,0,,,,,,GLOBAL,1.000,clear,0,20.7,127,99.403,0,0,-1.000,-6.69,3.00,0.0468,0.0209
181.201,0.420,0,,,,,,GLOBAL,1.000,clear,0,20.7,127,99.423,0,0,-1.000,-6.58,3.00,0.0438,0.0127
181.221,0.425,0,,,,,,GLOBAL,1.000,clear,0,20.7,127,99.443,0,0,-1.000,-6.86,3.00,0.0382,0.0077
181.241,0.392,0,,,,,,GLOBAL,1.000,clear,0,20.7,127,99.463,0,0,-1.000,-6.86,3.00,0.0340,0.0044
181.262,0.399,0,,,,,,GLOBAL,1.000,clear,0,20.7,127,99.484,0,0,-1.000,-6.53,3.00,0.0549,0.0252
181.281,0.367,0,,,,,,GLOBAL,1.000,clear,0,20.7,127,99.503,0,0,-1.000,-7.25,3.00,0.0484,0.0176
181.301,0.371,0,,,,,,GLOBAL,1.000,clear,0,20.7,127,99.523,0,0,-1.000,-7.25,3.00,0.0444,0.0092
181.321,0.339,0,,,,,,GLOBAL,1.000,clear,0,20.7,127,99.543,0,0,-1.000,-8.12,3.00,0.0334,0.0111
181.341,0.342,0,,,,,,GLOBAL,1.000,clear,0,20.7,127,99.563,0,0,-1.000,-8.12,3.00,0.0280,0.0314
181.362,0.311,0,,,,,,GLOBAL,1.000,clear,0,20.7,127,99.583,0,0,-1.000,-8.38,3.00,0.0272,0.0018
181.381,0.316,0,,,,,,GLOBAL,1.000,clear,0,20.7,127,99.603,0,0,-1.000,-8.91,3.00,0.0470,0.0216
181.401,0.292,0,,,,,,GLOBAL,1.000,clear,0,20.7,127,99.623,0,0,-1.000,-9.11,3.00,0.0448,0.0156
181.421,0.269,0,,,,,,GLOBAL,1.000,clear,0,20.7,127,99.643,0,0,-1.000,-9.11,3.00,0.0373,0.0062
181.441,0.274,0,,,,,,GLOBAL,1.000,clear,0,20.7,127,99.663,0,0,-1.000,-9.10,3.00,0.0333,0.0263
181.463,0.245,0,,,,,,GLOBAL,1.000,clear,0,20.7,127,99.684,0,0,-1.000,-9.58,3.00,0.0287,0.0202
181.481,0.233,0,,,,,,GLOBAL,1.000,clear,0,20.7,127,99.703,0,0,-1.000,-9.58,3.00,0.0474,0.0178
181.501,0.234,0,,,,,,GLOBAL,1.000,clear,0,20.7,127,99.723,0,0,-1.000,-11.01,3.00,0.0432,0.0075
181.521,0.213,0,,,,,,GLOBAL,1.000,clear,0,20.7,127,99.743,0,0,-1.000,-10.94,3.00,0.0393,0.0059
181.541,0.152,0,,,,,,GLOBAL,1.000,clear,0,20.7,127,99.763,0,0,-1.000,-10.94,3.00,0.0327,0.0053
181.561,0.160,0,,,,,,GLOBAL,1.000,clear,0,20.7,127,99.783,0,0,-1.000,-13.05,3.00,0.0275,0.0254
181.581,0.159,0,,,,,,GLOBAL,1.000,clear,0,20.7,127,99.803,0,0,-1.000,-13.07,3.00,0.0474,0.0159
181.601,0.156,0,,,,,,GLOBAL,1.000,clear,0,20.7,127,99.823,0,0,-1.000,-13.07,3.00,0.0437,0.0158
181.621,0.030,0,,,,,,GLOBAL,1.000,clear,0,20.7,127,99.843,0,0,-1.000,-14.58,3.00,0.0380,0.0110
181.641,0.039,0,,,,,,GLOBAL,1.000,clear,0,20.7,127,99.863,0,0,-1.000,-17.01,3.00,0.0338,0.0065
181.662,0.049,0,,,,,,GLOBAL,1.000,clear,0,20.7,127,99.883,0,0,-1.000,-17.01,3.00,0.0542,0.0269
181.683,0.064,0,,,,,,GLOBAL,1.000,clear,0,20.7,127,99.904,0,0,-1.000,-21.40,3.00,0.0506,0.0172
181.701,0.005,0,,,,,,GLOBAL,1.000,clear,0,20.7,127,99.923,0,0,-1.000,-20.96,3.00,0.0431,0.0127
181.721,0.026,0,,,,,,GLOBAL,1.000,clear,0,20.7,127,99.943,0,0,-1.000,-20.96,3.00,0.0387,0.0045
181.741,0.009,0,,,,,,GLOBAL,1.000,clear,0,20.7,127,99.963,0,0,-1.000,-21.40,3.00,0.0342,0.0033
181.761,0.000,0,,,,,,GLOBAL,1.000,clear,0,20.7,127,99.983,0,0,-1.000,-21.40,3.00,0.0302,0.0234
181.781,0.000,0,,,,,,GLOBAL,1.000,clear,0,20.7,127,100.003,0,0,-1.000,-21.40,3.00,0.0502,0.0197
181.801,0.000,0,,,,,,GLOBAL,1.000,clear,0,20.7,127,100.023,0,0,-1.000,-21.40,3.00,0.0442,0.0163
181.821,0.000,0,,,,,,GLOBAL,1.000,clear,0,20.7,127,100.043,0,0,-1.000,-21.40,3.00,0.0402,0.0113
181.841,0.000,0,,,,,,GLOBAL,1.000,clear,0,20.7,127,100.063,0,0,-1.000,-21.40,3.00,0.0345,0.0061
181.861,0.000,0,,,,,,GLOBAL,1.000,clear,0,20.7,127,100.083,0,0,-1.000,-21.40,3.00,0.0304,0.0016
181.883,0.000,0,,,,,,GLOBAL,1.000,clear,0,20.7,127,100.104,0,0,-1.000,-21.40,3.00,0.0264,0.0234
181.902,0.000,0,,,,,,GLOBAL,1.000,clear,0,20.7,127,100.124,0,0,-1.000,-21.40,3.00,0.0457,0.0168
181.921,0.000,0,,,,,,GLOBAL,1.000,clear,0,20.7,127,100.143,0,0,-1.000,-21.40,3.00,0.0407,0.0107
181.941,-0.000,0,,,,,,GLOBAL,1.000,clear,0,20.7,127,100.163,0,0,-1.000,-21.40,3.00,0.0336,0.0056
181.961,-0.026,0,,,,,,GLOBAL,1.000,clear,0,20.7,127,100.183,0,0,-1.000,-21.40,3.00,0.0305,0.0016
181.982,-0.031,0,,,,,,GLOBAL,1.000,clear,0,20.7,127,100.203,0,0,-1.000,-21.40,3.00,0.0255,0.0222
182.001,-0.003,0,,,,,,GLOBAL,1.000,clear,0,20.7,127,100.223,0,0,-1.000,-21.40,3.00,0.0451,0.0162
182.021,0.000,0,,,,,,GLOBAL,1.000,clear,0,20.7,127,100.243,0,0,-1.000,-21.40,3.00,0.0410,0.0117
182.041,0.000,0,,,,,,GLOBAL,1.000,clear,0,20.7,127,100.263,0,0,-1.000,-21.40,3.00,0.0352,0.0042
182.061,-0.008,0,,,,,,GLOBAL,1.000,clear,0,20.7,127,100.283,0,0,-1.000,-21.40,3.00,0.0311,0.0242
182.081,-0.032,0,,,,,,GLOBAL,1.000,clear,0,20.7,127,100.303,0,0,-1.000,-21.40,3.00,0.0253,0.0191
182.101,-0.017,0,,,,,,GLOBAL,1.000,clear,0,20.7,127,100.323,0,0,-1.000,-21.40,3.00,0.0453,0.0186
182.121,-0.001,0,,,,,,GLOBAL,1.000,clear,0,20.7,127,100.343,0,0,-1.000,-21.40,3.00,0.0416,0.0095
182.141,0.000,0,,,,,,GLOBAL,1.000,clear,0,20.7,127,100.363,0,0,-1.000,-21.40,3.00,0.0356,0.0085
182.161,0.000,0,,,,,,GLOBAL,1.000,clear,0,20.7,127,100.383,0,0,-1.000,-21.40,3.00,0.0314,0.0025
182.181,0.000,0,,,,,,GLOBAL,1.000,clear,0,20.7,127,100.403,0,0,-1.000,-21.40,3.00,0.0258,0.0225
182.201,0.000,0,,,,,,GLOBAL,1.000,clear,0,20.7,127,100.423,0,0,-1.000,-21.40,3.00,0.0458,0.0157
182.221,0.000,0,,,,,,GLOBAL,1.000,clear,0,20.7,127,100.443,0,0,-1.000,-21.40,3.00,0.0418,0.0117
182.242,0.000,0,,,,,,GLOBAL,1.000,clear,0,20.7,127,100.463,0,0,-1.000,-21.40,3.00,0.0365,0.0092
182.261,0.000,0,,,,,,GLOBAL,1.000,clear,0,20.7,127,100.483,0,0,-1.000,-21.40,3.00,0.0262,0.0026
182.281,0.000,0,,,,,,GLOBAL,1.000,clear,0,20.7,127,100.503,0,0,-1.000,-21.40,3.00,0.0241,0.0226
182.302,0.000,0,,,,,,GLOBAL,1.000,clear,0,20.7,127,100.523,0,0,-1.000,-21.40,3.00,0.0445,0.0164
182.321,0.000,0,,,,,,GLOBAL,1.000,clear,0,20.7,127,100.543,0,0,-1.000,-21.40,3.00,0.0422,0.0110
182.341,0.000,0,,,,,,GLOBAL,1.000,clear,0,20.7,127,100.563,0,0,-1.000,-21.40,3.00,0.0363,0.0086
182.361,0.000,0,,,,,,GLOBAL,1.000,clear,0,20.7,127,100.583,0,0,-1.000,-21.40,3.00,0.0321,0.0029
182.381,0.000,0,,,,,,GLOBAL,1.000,clear,0,20.7,127,100.603,0,0,-1.000,-21.40,3.00,0.0266,0.0230
182.401,0.000,0,,,,,,GLOBAL,1.000,clear,0,20.7,127,100.623,0,0,-1.000,-21.40,3.00,0.0466,0.0172
182.421,0.000,0,,,,,,GLOBAL,1.000,clear,0,20.7,127,100.643,0,0,-1.000,-21.40,3.00,0.0425,0.0139
182.441,0.000,0,,,,,,GLOBAL,1.000,clear,0,20.7,127,100.663,0,0,-1.000,-21.40,3.00,0.0367,0.0092
182.462,0.000,0,,,,,,GLOBAL,1.000,clear,0,20.7,127,100.683,0,0,-1.000,-21.40,3.00,0.0330,0.0038
182.481,0.000,0,,,,,,GLOBAL,1.000,clear,0,20.7,127,100.703,0,0,-1.000,-21.40,3.00,0.0272,0.0005
182.501,0.000,0,,,,,,GLOBAL,1.000,clear,0,20.7,127,100.723,0,0,-1.000,-21.40,3.00,0.0470,0.0204
182.521,0.000,0,,,,,,GLOBAL,1.000,clear,0,20.7,127,100.743,0,0,-1.000,-21.40,3.00,0.0430,0.0144
182.541,0.000,0,,,,,,GLOBAL,1.000,clear,0,20.7,127,100.763,0,0,-1.000,-21.40,3.00,0.0371,0.0104
182.561,0.000,0,,,,,,GLOBAL,1.000,clear,0,20.7,127,100.783,0,0,-1.000,-21.40,3.00,0.0330,0.0039
182.582,0.000,0,,,,,,GLOBAL,1.000,clear,0,20.7,127,100.803,0,0,-1.000,-21.40,3.00,0.0275,0.0005
182.601,0.000,0,,,,,,GLOBAL,1.000,clear,0,20.7,127,100.823,0,0,-1.000,-21.40,3.00,0.0472,0.0202
182.621,0.000,0,,,,,,GLOBAL,1.000,clear,0,20.7,127,100.843,0,0,-1.000,-21.40,3.00,0.0433,0.0148
182.641,0.000,0,,,,,,GLOBAL,1.000,clear,0,20.7,127,100.863,0,0,-1.000,-21.40,3.00,0.0375,0.0102
182.661,0.000,0,,,,,,GLOBAL,1.000,clear,0,20.7,127,100.883,0,0,-1.000,-21.40,3.00,0.0333,0.0036
182.681,0.000,0,,,,,,GLOBAL,1.000,clear,0,20.7,127,100.903,0,0,-1.000,-21.40,3.00,0.0276,0.0236
182.735,0.000,0,,,,,,GLOBAL,1.000,clear,0,20.7,127,100.957,0,0,-1.000,-21.40,3.00,0.0816,0.0537
182.742,-0.009,0,,,,,,GLOBAL,1.000,clear,0,20.7,127,100.964,0,0,-1.000,-21.40,3.00,0.0381,0.0019
182.761,-0.005,0,,,,,,GLOBAL,1.000,clear,0,20.7,127,100.983,0,0,-1.000,-21.40,3.00,0.0246,0.0039
182.782,-0.020,0,,,,,,GLOBAL,1.000,clear,0,20.7,127,101.003,0,0,-1.000,-21.40,3.00,0.0232,0.0010
182.801,-0.005,0,,,,,,GLOBAL,1.000,clear,0,20.7,127,101.023,0,0,-1.000,-21.40,3.00,0.0429,0.0207
182.821,-0.027,0,,,,,,GLOBAL,1.000,clear,0,20.7,127,101.043,0,0,-1.000,-21.40,3.00,0.0440,0.0139
182.841,-0.041,0,,,,,,GLOBAL,1.000,clear,0,20.7,127,101.063,0,0,-1.000,-21.40,3.00,0.0331,0.0111
182.861,-0.072,0,,,,,,GLOBAL,1.000,clear,0,20.7,127,101.083,0,0,-1.000,-21.40,3.00,0.0343,0.0043
182.881,-0.076,0,,,,,,GLOBAL,1.000,clear,0,20.7,127,101.103,0,0,-1.000,-21.40,3.00,0.0237,0.0005
182.902,-0.104,0,,,,,,GLOBAL,1.000,clear,0,20.7,127,101.123,0,0,-1.000,-21.40,3.00,0.0441,0.0209
182.921,-0.105,0,,,,,,GLOBAL,1.000,clear,0,20.7,127,101.143,0,0,-1.000,-21.40,3.00,0.0429,0.0157
182.941,-0.006,0,,,,,,GLOBAL,1.000,clear,0,20.7,127,101.163,0,0,-1.000,-18.44,3.00,0.0353,0.0113
182.961,-0.069,0,,,,,,GLOBAL,1.000,clear,0,20.7,127,101.183,0,0,-1.000,-21.40,3.00,0.0348,0.0041
182.981,-0.099,0,,,,,,GLOBAL,1.000,clear,0,20.7,127,101.203,0,0,-1.000,-21.40,3.00,0.0289,0.0013
183.001,-0.125,0,,,,,,GLOBAL,1.000,clear,0,20.7,127,101.223,0,0,-1.000,-18.26,3.00,0.0490,0.0215
183.021,-0.094,0,,,,,,GLOBAL,1.000,clear,0,20.7,127,101.243,0,0,-1.000,-16.04,3.00,0.0449,0.0153
183.041,-0.160,0,,,,,,GLOBAL,1.000,clear,0,20.7,127,101.263,0,0,-1.000,-16.04,3.00,0.0369,0.0101
183.061,-0.176,0,,,,,,GLOBAL,1.000,clear,0,20.7,127,101.283,0,0,-1.000,-13.75,3.00,0.0349,0.0063
183.081,-0.166,0,,,,,,GLOBAL,1.000,clear,0,20.7,127,101.303,0,0,-1.000,-14.09,3.00,0.0276,0.0024
183.101,-0.224,0,,,,,,GLOBAL,1.000,clear,0,20.7,127,101.323,0,0,-1.000,-14.09,3.00,0.0477,0.0225
183.121,-0.207,0,,,,,,GLOBAL,1.000,clear,0,20.7,127,101.343,0,0,-1.000,-11.45,3.00,0.0449,0.0155
183.141,-0.258,0,,,,,,GLOBAL,1.000,clear,0,20.7,127,101.363,0,0,-1.000,-11.28,3.00,0.0378,0.0120
183.161,-0.250,0,,,,,,GLOBAL,1.000,clear,0,20.7,127,101.383,0,0,-1.000,-11.28,3.00,0.0351,0.0061
183.181,-0.287,0,,,,,,GLOBAL,1.000,clear,0,20.7,127,101.403,0,0,-1.000,-9.63,3.00,0.0294,0.0027
183.201,-0.286,0,,,,,,GLOBAL,1.000,clear,0,20.7,127,101.423,0,0,-1.000,-9.84,3.00,0.0495,0.0228
183.221,-0.334,0,,,,,,GLOBAL,1.000,clear,0,20.7,127,101.443,0,0,-1.000,-9.84,3.00,0.0452,0.0157
183.241,-0.324,0,,,,,,GLOBAL,1.000,clear,0,20.7,127,101.463,0,0,-1.000,-8.80,3.00,0.0379,0.0123
183.261,-0.374,0,,,,,,GLOBAL,1.000,clear,0,20.7,127,101.483,0,0,-1.000,-9.77,3.00,0.0338,0.0047
183.281,-0.396,0,,,,,,GLOBAL,1.000,clear,0,20.7,127,101.503,0,0,-1.000,-9.77,3.00,0.0265,0.0017
183.301,-0.392,0,,,,,,GLOBAL,1.000,clear,0,20.7,127,101.523,0,0,-1.000,-8.44,3.00,0.0466,0.0218
183.321,-0.430,0,,,,,,GLOBAL,1.000,clear,0,20.7,127,101.543,0,0,-1.000,-8.46,3.00,0.0457,0.0173
183.341,-0.467,0,,,,,,GLOBAL,1.000,clear,0,20.7,127,101.563,0,0,-1.000,-8.46,3.00,0.0400,0.0122
183.361,-0.497,0,,,,,,GLOBAL,1.000,clear,0,20.7,127,101.583,0,0,-1.000,-8.22,3.00,0.0358,0.0067
183.381,-0.519,0,,,,,,GLOBAL,1.000,clear,0,20.7,127,101.603,0,0,-1.000,-8.50,3.00,0.0281,0.0023
183.402,-0.535,0,,,,,,GLOBAL,1.000,clear,0,20.7,127,101.623,0,0,-1.000,-8.50,3.00,0.0489,0.0230
183.421,-0.559,0,,,,,,GLOBAL,1.000,clear,0,20.7,127,101.643,0,0,-1.000,-7.67,3.00,0.0460,0.0172
183.442,-0.573,0,,,,,,GLOBAL,1.000,clear,0,20.7,127,101.663,0,0,-1.000,-8.61,3.00,0.0409,0.0140
183.461,-0.595,0,,,,,,GLOBAL,1.000,clear,0,20.7,127,101.683,0,0,-1.000,-8.61,3.00,0.0364,0.0068
183.481,-0.613,0,,,,,,GLOBAL,1.000,clear,0,20.7,127,101.703,0,0,-1.000,-8.53,3.00,0.0305,0.0009
183.502,-0.640,0,,,,,,GLOBAL,1.000,clear,0,20.7,127,101.723,0,0,-1.000,-8.58,3.00,0.0509,0.0213
183.521,-0.669,0,,,,,,GLOBAL,1.000,clear,0,20.7,127,101.743,0,0,-1.000,-8.58,3.00,0.0465,0.0172
183.541,-0.690,0,,,,,,GLOBAL,1.000,clear,0,20.7,127,101.763,0,0,-1.000,-8.65,3.00,0.0345,0.0122
183.561,-0.702,0,,,,,,GLOBAL,1.000,clear,0,20.7,127,101.783,0,0,-1.000,-8.84,3.00,0.0360,0.0045
183.582,-0.716,0,,,,,,GLOBAL,1.000,clear,0,20.7,127,101.803,0,0,-1.000,-8.84,3.00,0.0312,0.0006
183.603,-0.735,0,,,,,,GLOBAL,1.000,clear,0,20.7,127,101.824,0,0,-1.000,-10.01,3.00,0.0283,0.0217
183.621,-0.774,0,,,,,,GLOBAL,1.000,clear,0,20.7,127,101.843,0,0,-1.000,-9.69,3.00,0.0469,0.0174
183.641,-0.787,0,,,,,,GLOBAL,1.000,clear,0,20.7,127,101.863,0,0,-1.000,-9.69,3.00,0.0383,0.0141
183.662,-0.778,0,,,,,,GLOBAL,1.000,clear,0,20.7,127,101.883,0,0,-1.000,-8.42,3.00,0.0376,0.0055
183.682,-0.782,0,,,,,,GLOBAL,1.000,clear,0,20.7,127,101.903,0,0,-1.000,-8.42,3.00,0.0310,0.0050
183.701,-0.808,0,,,,,,GLOBAL,1.000,clear,0,20.7,127,101.923,0,0,-1.000,-9.21,3.00,0.0235,0.0244
183.724,-0.819,0,,,,,,GLOBAL,1.000,clear,0,20.7,127,101.945,0,0,-1.000,-9.41,3.00,0.0458,0.0184
183.741,-0.821,0,,,,,,GLOBAL,1.000,clear,0,20.7,127,101.963,0,0,-1.000,-10.42,3.00,0.0419,0.0138
183.762,-0.835,0,,,,,,GLOBAL,1.000,clear,0,20.7,127,101.983,0,0,-1.000,-10.42,3.00,0.0378,0.0051
183.781,-0.853,0,,,,,,GLOBAL,1.000,clear,0,20.7,127,102.003,0,0,-1.000,-10.33,3.00,0.0321,0.0034
183.802,-0.847,0,,,,,,GLOBAL,1.000,clear,0,20.7,127,102.023,0,0,-1.000,-11.27,3.00,0.0523,0.0236
183.821,-0.853,0,,,,,,GLOBAL,1.000,clear,0,20.7,127,102.043,0,0,-1.000,-11.27,3.00,0.0719,0.0432
183.841,-0.869,0,,,,,,GLOBAL,1.000,clear,0,20.7,127,102.063,0,0,-1.000,-10.44,3.00,0.0670,0.0134
183.861,-0.858,0,,,,,,GLOBAL,1.000,clear,0,20.7,127,102.083,0,0,-1.000,-9.17,3.00,0.0369,0.0068
183.882,-0.876,0,,,,,,GLOBAL,1.000,clear,0,20.7,127,102.104,0,0,-1.000,-9.17,3.00,0.0331,0.0009
183.901,-0.883,0,,,,,,GLOBAL,1.000,clear,0,20.7,127,102.123,0,0,-1.000,-6.57,3.00,0.0280,0.0199
183.921,-0.876,0,,,,,,GLOBAL,1.000,clear,0,20.7,127,102.143,0,0,-1.000,-7.63,3.00,0.0481,0.0198
183.941,-0.897,0,,,,,,GLOBAL,1.000,clear,0,20.7,127,102.163,0,0,-1.000,-7.63,3.00,0.0423,0.0137
183.961,-0.885,0,,,,,,GLOBAL,1.000,clear,0,20.7,127,102.183,0,0,-1.000,-6.68,3.00,0.0380,0.0063
183.981,-0.870,0,,,,,,GLOBAL,1.000,clear,0,20.7,127,102.203,0,0,-1.000,-6.38,3.00,0.0325,0.0014
184.001,-0.896,0,,,,,,GLOBAL,1.000,clear,0,20.7,127,102.223,0,0,-1.000,-6.38,3.00,0.0285,0.0215
184.021,-0.878,0,,,,,,GLOBAL,1.000,clear,0,20.7,127,102.243,0,0,-1.000,-5.00,3.00,0.0486,0.0189
184.043,-0.861,0,,,,,,GLOBAL,1.000,clear,0,20.7,127,102.264,0,0,-1.000,-1.88,3.00,0.0439,0.0166
184.061,-0.883,0,,,,,,GLOBAL,1.000,clear,0,20.7,127,102.283,0,0,-1.000,-1.88,3.00,0.0387,0.0079
184.081,-0.861,0,,,,,,GLOBAL,1.000,clear,0,20.7,127,102.303,0,0,-1.000,-1.71,3.00,0.0327,0.0035
184.102,-0.839,0,,,,,,GLOBAL,1.000,clear,0,20.7,127,102.323,0,0,-1.000,-1.71,3.00,0.0532,0.0240
184.121,-0.814,0,,,,,,GLOBAL,1.000,clear,0,20.7,127,102.343,0,0,-1.000,-1.08,3.00,0.0486,0.0178
184.141,-0.784,0,,,,,,GLOBAL,1.000,clear,0,20.7,127,102.363,0,0,-1.000,0.04,3.00,0.0430,0.0161
184.161,-0.760,0,,,,,,GLOBAL,1.000,clear,0,20.7,127,102.383,0,0,-1.000,2.20,3.00,0.0390,0.0087
184.181,-0.742,0,,,,,,GLOBAL,1.000,clear,0,20.7,127,102.403,0,0,-1.000,2.20,3.00,0.0334,0.0037
184.201,-0.744,0,,,,,,GLOBAL,1.000,clear,0,20.7,127,102.423,0,0,1.943,2.71,3.00,0.0291,0.0236
184.221,-0.747,0,,,,,,GLOBAL,1.000,clear,0,20.7,127,102.443,0,0,1.968,4.47,3.00,0.0492,0.0197
184.241,-0.728,0,,,,,,GLOBAL,1.000,clear,0,20.7,127,102.463,0,0,1.956,4.47,3.00,0.0433,0.0169
184.261,-0.711,0,,,,,,GLOBAL,1.000,clear,0,20.7,127,102.483,0,0,2.005,4.83,3.00,0.0394,0.0080
184.281,-0.700,0,,,,,,GLOBAL,1.000,clear,0,20.7,127,102.503,0,0,2.071,5.15,3.00,0.0336,0.0034
184.304,-0.689,0,,,,,,GLOBAL,1.000,clear,0,20.7,127,102.526,0,0,2.105,5.15,3.00,0.0565,0.0263
184.322,-0.680,0,,,,,,GLOBAL,1.000,clear,0,20.7,127,102.543,0,0,2.152,6.90,3.00,0.0476,0.0167
184.341,-0.651,0,,,,,,GLOBAL,1.000,clear,0,20.7,127,102.563,0,0,2.259,9.90,3.00,0.0421,0.0148
184.361,-0.616,0,,,,,,GLOBAL,1.000,clear,0,20.7,127,102.583,0,0,2.416,9.90,3.00,0.0402,0.0110
184.381,-0.588,0,,,,,,GLOBAL,1.000,clear,0,20.7,127,102.603,0,0,2.540,11.09,3.00,0.0309,0.0069
184.401,-0.563,0,,,,,,GLOBAL,1.000,clear,0,20.7,127,102.623,0,0,2.655,10.76,3.00,0.0302,0.0005
184.422,-0.555,0,,,,,,GLOBAL,1.000,clear,0,20.7,127,102.643,0,0,2.732,10.76,3.00,0.0250,0.0210
184.441,-0.506,0,,,,,,GLOBAL,1.000,clear,0,20.7,127,102.663,0,0,-1.000,13.11,3.00,0.0445,0.0150
184.462,-0.482,0,,,,,,GLOBAL,1.000,clear,0,20.7,127,102.683,0,0,-1.000,13.22,3.00,0.0409,0.0056
184.481,-0.472,0,,,,,,GLOBAL,1.000,clear,0,20.7,127,102.703,0,0,-1.000,13.22,3.00,0.0348,0.0049
184.501,-0.430,0,,,,,,GLOBAL,1.000,clear,0,20.7,127,102.723,0,0,-1.000,14.56,3.00,0.0306,0.0014
184.521,-0.428,0,,,,,,GLOBAL,1.000,clear,0,20.7,127,102.743,0,0,-1.000,15.69,3.00,0.0506,0.0214
184.541,-0.389,0,,,,,,GLOBAL,1.000,clear,0,20.7,127,102.763,0,0,-1.000,15.69,3.00,0.0449,0.0142
184.561,-0.389,0,,,,,,GLOBAL,1.000,clear,0,20.7,127,102.783,0,0,-1.000,17.44,3.00,0.0406,0.0118
184.581,-0.351,0,,,,,,GLOBAL,1.000,clear,0,20.7,127,102.803,0,0,-1.000,18.66,3.00,0.0349,0.0076
184.601,-0.352,0,,,,,,GLOBAL,1.000,clear,0,20.7,127,102.823,0,0,-1.000,18.66,3.00,0.0309,0.0026
184.621,-0.318,0,,,,,,GLOBAL,1.000,clear,0,20.7,127,102.843,0,0,-1.000,19.45,3.00,0.0252,0.0226
184.641,-0.316,0,,,,,,GLOBAL,1.000,clear,0,20.7,127,102.863,0,0,-1.000,21.40,3.00,0.0452,0.0183
184.661,-0.297,0,,,,,,GLOBAL,1.000,clear,0,20.7,127,102.883,0,0,-1.000,21.40,3.00,0.0412,0.0127
184.681,-0.271,0,,,,,,GLOBAL,1.000,clear,0,20.7,127,102.903,0,0,-1.000,21.40,3.00,0.0356,0.0049
184.701,-0.279,0,,,,,,GLOBAL,1.000,clear,0,20.7,127,102.923,0,0,-1.000,21.40,3.00,0.0313,0.0022
184.722,-0.249,0,,,,,,GLOBAL,1.000,clear,0,20.7,127,102.943,0,0,-1.000,21.40,3.00,0.0260,0.0225
184.741,-0.231,0,,,,,,GLOBAL,1.000,clear,0,20.7,127,102.963,0,0,-1.000,21.40,3.00,0.0458,0.0118
184.761,-0.233,0,,,,,,GLOBAL,1.000,clear,0,20.7,127,102.983,0,0,-1.000,21.40,3.00,0.0409,0.0105
184.781,-0.212,0,,,,,,GLOBAL,1.000,clear,0,20.7,127,103.003,0,0,-1.000,21.40,3.00,0.0361,0.0079
184.801,-0.193,0,,,,,,GLOBAL,1.000,clear,0,20.7,127,103.023,0,0,-1.000,21.40,3.00,0.0318,0.0032
184.821,-0.172,0,,,,,,GLOBAL,1.000,clear,0,20.7,127,103.043,0,0,-1.000,21.40,3.00,0.0261,0.0231
184.841,-0.185,0,,,,,,GLOBAL,1.000,clear,0,20.7,127,103.063,0,0,-1.000,21.40,3.00,0.0461,0.0190
184.861,-0.164,0,,,,,,GLOBAL,1.000,clear,0,20.7,127,103.083,0,0,-1.000,21.40,3.00,0.0422,0.0129
184.881,-0.151,0,,,,,,GLOBAL,1.000,clear,0,20.7,127,103.103,0,0,-1.000,21.40,3.00,0.0363,0.0087
184.901,-0.054,0,,,,,,GLOBAL,1.000,clear,0,20.7,127,103.123,0,0,-1.000,21.40,3.00,0.0324,0.0037
184.921,-0.064,0,,,,,,GLOBAL,1.000,clear,0,20.7,127,103.143,0,0,-1.000,21.40,3.00,0.0268,0.0237
184.941,-0.074,0,,,,,,GLOBAL,1.000,clear,0,20.7,127,103.163,0,0,-1.000,21.40,3.00,0.0468,0.0194
184.961,-0.086,0,,,,,,GLOBAL,1.000,clear,0,20.7,127,103.183,0,0,-1.000,21.40,3.00,0.0426,0.0137
184.981,-0.007,0,,,,,,GLOBAL,1.000,clear,0,20.7,127,103.203,0,0,-1.000,21.40,3.00,0.0370,0.0072
185.001,-0.021,0,,,,,,GLOBAL,1.000,clear,0,20.7,127,103.223,0,0,-1.000,21.40,3.00,0.0328,0.0028
185.022,-0.019,0,,,,,,GLOBAL,1.000,clear,0,20.7,127,103.243,0,0,-1.000,21.40,3.00,0.0275,0.0005
185.041,-0.029,0,,,,,,GLOBAL,1.000,clear,0,20.7,127,103.263,0,0,-1.000,21.40,3.00,0.0469,0.0200
185.061,-0.004,0,,,,,,GLOBAL,1.000,clear,0,20.7,127,103.283,0,0,-1.000,21.40,3.00,0.0431,0.0142
185.081,0.000,0,,,,,,GLOBAL,1.000,clear,0,20.7,127,103.303,0,0,-1.000,21.40,3.00,0.0375,0.0100
185.101,0.000,0,,,,,,GLOBAL,1.000,clear,0,20.7,127,103.323,0,0,-1.000,21.40,3.00,0.0311,0.0040
185.121,0.000,0,,,,,,GLOBAL,1.000,clear,0,20.7,127,103.343,0,0,-1.000,21.40,3.00,0.0275,0.0240
185.141,0.000,0,,,,,,GLOBAL,1.000,clear,0,20.7,127,103.363,0,0,-1.000,21.40,3.00,0.0474,0.0188
185.161,0.000,0,,,,,,GLOBAL,1.000,clear,0,20.7,127,103.383,0,0,-1.000,21.40,3.00,0.0420,0.0141
185.181,0.000,0,,,,,,GLOBAL,1.000,clear,0,20.7,127,103.403,0,0,-1.000,21.40,3.00,0.0373,0.0056
185.201,0.000,0,,,,,,GLOBAL,1.000,clear,0,20.7,127,103.423,0,0,-1.000,21.40,3.00,0.0322,0.0028
185.221,0.000,0,,,,,,GLOBAL,1.000,clear,0,20.7,127,103.443,0,0,-1.000,21.40,3.00,0.0273,0.0013
185.241,0.000,0,,,,,,GLOBAL,1.000,clear,0,20.7,127,103.463,0,0,-1.000,21.40,3.00,0.0473,0.0213
185.261,0.000,0,,,,,,GLOBAL,1.000,clear,0,20.7,127,103.483,0,0,-1.000,21.40,3.00,0.0440,0.0145
185.281,0.000,0,,,,,,GLOBAL,1.000,clear,0,20.7,127,103.503,0,0,-1.000,21.40,3.00,0.0372,0.0109
185.301,0.000,0,,,,,,GLOBAL,1.000,clear,0,20.7,127,103.523,0,0,-1.000,21.40,3.00,0.0575,0.0312
185.321,0.000,0,,,,,,GLOBAL,1.000,clear,0,20.7,127,103.543,0,0,-1.000,21.40,3.00,0.0275,0.0015
185.341,0.000,0,,,,,,GLOBAL,1.000,clear,0,20.7,127,103.563,0,0,-1.000,21.40,3.00,0.0474,0.0214
185.362,0.000,0,,,,,,GLOBAL,1.000,clear,0,20.7,127,103.583,0,0,-1.000,21.40,3.00,0.0449,0.0164
185.381,0.000,0,,,,,,GLOBAL,1.000,clear,0,20.7,127,103.603,0,0,-1.000,21.40,3.00,0.0385,0.0104
185.401,0.000,0,,,,,,GLOBAL,1.000,clear,0,20.7,127,103.623,0,0,-1.000,21.40,3.00,0.0345,0.0058
185.421,0.000,0,,,,,,GLOBAL,1.000,clear,0,20.7,127,103.643,0,0,-1.000,21.40,3.00,0.0288,0.0019
185.441,0.000,0,,,,,,GLOBAL,1.000,clear,0,20.7,127,103.663,0,0,-1.000,21.40,3.00,0.0488,0.0219
185.461,0.000,0,,,,,,GLOBAL,1.000,clear,0,20.7,127,103.683,0,0,-1.000,21.40,3.00,0.0445,0.0145
185.481,0.000,0,,,,,,GLOBAL,1.000,clear,0,20.7,127,103.703,0,0,-1.000,21.40,3.00,0.0375,0.0112
185.501,0.000,0,,,,,,GLOBAL,1.000,clear,0,20.7,127,103.723,0,0,-1.000,21.40,3.00,0.0350,0.0056
185.521,0.000,0,,,,,,GLOBAL,1.000,clear,0,20.7,127,103.743,0,0,-1.000,21.40,3.00,0.0294,0.0017
185.541,0.000,0,,,,,,GLOBAL,1.000,clear,0,20.7,127,103.763,0,0,-1.000,21.40,3.00,0.0492,0.0215
185.561,0.000,0,,,,,,GLOBAL,1.000,clear,0,20.7,127,103.783,0,0,-1.000,21.40,3.00,0.0449,0.0159
185.581,0.000,0,,,,,,GLOBAL,1.000,clear,0,20.7,127,103.803,0,0,-1.000,21.40,3.00,0.0393,0.0104
185.601,0.000,0,,,,,,GLOBAL,1.000,clear,0,20.7,127,103.823,0,0,-1.000,21.40,3.00,0.0281,0.0053
185.621,0.000,0,,,,,,GLOBAL,1.000,clear,0,20.7,127,103.843,0,0,-1.000,21.40,3.00,0.0296,0.0006
185.643,0.000,0,,,,,,GLOBAL,1.000,clear,0,20.7,127,103.865,0,0,-1.000,21.40,3.00,0.0515,0.0224
185.661,0.000,0,,,,,,GLOBAL,1.000,clear,0,20.7,127,103.883,0,0,-1.000,21.40,3.00,0.0426,0.0169
185.758,0.000,0,,,,,,GLOBAL,1.000,clear,0,20.7,127,103.979,0,0,-1.000,21.40,3.00,0.1159,0.0781
185.769,0.000,0,,,,,,GLOBAL,1.000,clear,0,20.7,127,103.990,0,0,-1.000,21.40,3.00,0.0515,0.0074
185.782,0.000,0,,,,,,GLOBAL,1.000,clear,0,20.7,127,104.003,0,0,-1.000,21.40,3.00,0.0406,0.0090
185.803,-0.008,0,,,,,,GLOBAL,1.000,clear,0,20.7,127,104.024,0,0,-1.000,21.40,3.00,0.0356,0.0082
185.821,-0.016,0,,,,,,GLOBAL,1.000,clear,0,20.7,127,104.043,0,0,-1.000,21.40,3.00,0.0304,0.0006
185.842,-0.002,0,,,,,,GLOBAL,1.000,clear,0,20.7,127,104.063,0,0,-1.000,21.40,3.00,0.0252,0.0211
185.862,0.000,0,,,,,,GLOBAL,1.000,clear,0,20.7,127,104.083,0,0,-1.000,21.40,3.00,0.0449,0.0178
185.881,-0.017,0,,,,,,GLOBAL,1.000,clear,0,20.7,127,104.103,0,0,-1.000,21.40,3.00,0.0407,0.0090
185.901,-0.019,0,,,,,,GLOBAL,1.000,clear,0,20.7,127,104.123,0,0,-1.000,21.40,3.00,0.0348,0.0020
185.922,-0.034,0,,,,,,GLOBAL,1.000,clear,0,20.7,127,104.143,0,0,-1.000,21.40,3.00,0.0550,0.0224
185.941,-0.064,0,,,,,,GLOBAL,1.000,clear,0,20.7,127,104.163,0,0,-1.000,21.40,3.00,0.0249,0.0188
185.961,-0.071,0,,,,,,GLOBAL,1.000,clear,0,20.7,127,104.183,0,0,-1.000,21.40,3.00,0.0449,0.0177
185.981,-0.079,0,,,,,,GLOBAL,1.000,clear,0,20.7,127,104.203,0,0,-1.000,21.40,3.00,0.0410,0.0093
186.001,-0.089,0,,,,,,GLOBAL,1.000,clear,0,20.7,127,104.223,0,0,-1.000,21.40,3.00,0.0351,0.0073
186.021,-0.016,0,,,,,,GLOBAL,1.000,clear,0,20.7,127,104.243,0,0,-1.000,21.40,3.00,0.0311,0.0274
186.041,-0.043,0,,,,,,GLOBAL,1.000,clear,0,20.7,127,104.263,0,0,-1.000,21.40,3.00,0.0256,0.0182
186.061,-0.095,0,,,,,,GLOBAL,1.000,clear,0,20.7,127,104.283,0,0,-1.000,21.40,3.00,0.0455,0.0146
186.081,-0.089,0,,,,,,GLOBAL,1.000,clear,0,20.7,127,104.303,0,0,-1.000,21.40,3.00,0.0415,0.0113
186.103,-0.130,0,,,,,,GLOBAL,1.000,clear,0,20.7,127,104.324,0,0,-1.000,21.40,3.00,0.0371,0.0096
186.121,-0.048,0,,,,,,GLOBAL,1.000,clear,0,20.7,127,104.343,0,0,-1.000,21.40,3.00,0.0315,0.0014
186.141,-0.120,0,,,,,,GLOBAL,1.000,clear,0,20.7,127,104.363,0,0,-1.000,21.40,3.00,0.0260,0.0214
186.161,-0.157,0,,,,,,GLOBAL,1.000,clear,0,20.7,127,104.383,0,0,-1.000,21.40,3.00,0.0461,0.0187
186.181,-0.152,0,,,,,,GLOBAL,1.000,clear,0,20.7,127,104.403,0,0,-1.000,21.40,3.00,0.0411,0.0129
186.201,-0.207,0,,,,,,GLOBAL,1.000,clear,0,20.7,127,104.423,0,0,-1.000,21.40,3.00,0.0363,0.0064
186.221,-0.208,0,,,,,,GLOBAL,1.000,clear,0,20.7,127,104.443,0,0,-1.000,21.40,3.00,0.0320,0.0037
186.241,-0.250,0,,,,,,GLOBAL,1.000,clear,0,20.7,127,104.463,0,0,-1.000,21.40,3.00,0.0228,0.0237
186.261,-0.254,0,,,,,,GLOBAL,1.000,clear,0,20.7,127,104.483,0,0,-1.000,21.40,3.00,0.0427,0.0193
186.281,-0.290,0,,,,,,GLOBAL,1.000,clear,0,20.7,127,104.503,0,0,-1.000,21.40,3.00,0.0375,0.0138
186.301,-0.294,0,,,,,,GLOBAL,1.000,clear,0,20.7,127,104.523,0,0,-1.000,21.40,3.00,0.0330,0.0072
186.321,-0.332,0,,,,,,GLOBAL,1.000,clear,0,20.7,127,104.543,0,0,-1.000,21.40,3.00,0.0325,0.0009
186.341,-0.314,0,,,,,,GLOBAL,1.000,clear,0,20.7,127,104.563,0,0,-1.000,21.40,3.00,0.0271,0.0004
186.362,-0.350,0,,,,,,GLOBAL,1.000,clear,0,20.7,127,104.583,0,0,-1.000,21.40,3.00,0.0477,0.0211
186.381,-0.326,0,,,,,,GLOBAL,1.000,clear,0,20.7,127,104.603,0,0,-1.000,21.40,3.00,0.0419,0.0146
186.401,-0.353,0,,,,,,GLOBAL,1.000,clear,0,20.7,127,104.623,0,0,-1.000,21.40,3.00,0.0372,0.0087
186.422,-0.335,0,,,,,,GLOBAL,1.000,clear,0,20.7,127,104.643,0,0,-1.000,21.40,3.00,0.0337,0.0012
186.442,-0.353,0,,,,,,GLOBAL,1.000,clear,0,20.7,127,104.663,0,0,-1.000,21.40,3.00,0.0275,0.0004
186.461,-0.336,0,,,,,,GLOBAL,1.000,clear,0,20.7,127,104.683,0,0,-1.000,21.40,3.00,0.0470,0.0200
186.481,-0.334,0,,,,,,GLOBAL,1.000,clear,0,20.7,127,104.703,0,0,-1.000,21.40,3.00,0.0428,0.0135
186.501,-0.305,0,,,,,,GLOBAL,1.000,clear,0,20.7,127,104.723,0,0,-1.000,21.40,3.00,0.0373,0.0101
186.521,-0.335,0,,,,,,GLOBAL,1.000,clear,0,20.7,127,104.743,0,0,-1.000,21.40,3.00,0.0333,0.0043
186.541,-0.315,0,,,,,,GLOBAL,1.000,clear,0,20.7,127,104.763,0,0,-1.000,21.40,3.00,0.0275,0.0009
186.561,-0.327,0,,,,,,GLOBAL,1.000,clear,0,20.7,127,104.783,0,0,-1.000,21.40,3.00,0.0474,0.0208
186.581,-0.299,0,,,,,,GLOBAL,1.000,clear,0,20.7,127,104.803,0,0,-1.000,21.40,3.00,0.0424,0.0144
186.601,-0.298,0,,,,,,GLOBAL,1.000,clear,0,20.7,127,104.823,0,0,-1.000,21.40,3.00,0.0375,0.0070
186.621,-0.279,0,,,,,,GLOBAL,1.000,clear,0,20.7,127,104.843,0,0,-1.000,21.40,3.00,0.0323,0.0015
186.641,-0.256,0,,,,,,GLOBAL,1.000,clear,0,20.7,127,104.863,0,0,-1.000,21.40,3.00,0.0271,0.0215
186.661,-0.257,0,,,,,,GLOBAL,1.000,clear,0,20.7,127,104.883,0,0,-1.000,21.40,3.00,0.0470,0.0176
186.681,-0.235,0,,,,,,GLOBAL,1.000,clear,0,20.7,127,104.903,0,0,-1.000,21.40,3.00,0.0425,0.0147
186.701,-0.206,0,,,,,,GLOBAL,1.000,clear,0,20.7,127,104.923,0,0,-1.000,21.40,3.00,0.0384,0.0068
186.721,-0.161,0,,,,,,GLOBAL,1.000,clear,0,20.7,127,104.943,0,0,-1.000,21.40,3.00,0.0327,0.0024
186.741,-0.070,0,,,,,,GLOBAL,1.000,clear,0,20.7,127,104.963,0,0,-1.000,21.40,3.00,0.0286,0.0224
186.762,0.012,0,,,,,,GLOBAL,1.000,clear,0,20.7,127,104.983,0,0,-1.000,21.40,3.00,0.0489,0.0185
186.781,0.003,0,,,,,,GLOBAL,1.000,clear,0,20.7,127,105.003,0,0,-1.000,21.40,3.00,0.0426,0.0133
186.801,0.000,0,,,,,,GLOBAL,1.000,clear,0,20.7,127,105.023,0,0,-1.000,21.40,3.00,0.0364,0.0079
186.821,0.017,0,,,,,,GLOBAL,1.000,clear,0,20.7,127,105.043,0,0,-1.000,21.40,3.00,0.0330,0.0029
186.843,0.040,0,,,,,,GLOBAL,1.000,clear,0,20.7,127,105.065,0,0,-1.000,21.40,3.00,0.0551,0.0250
186.861,0.002,0,,,,,,GLOBAL,1.000,clear,0,20.7,127,105.083,0,0,-1.000,21.40,3.00,0.0489,0.0172
186.881,0.043,0,,,,,,GLOBAL,1.000,clear,0,20.7,127,105.103,0,0,-1.000,21.40,3.00,0.0432,0.0152
186.901,0.008,0,,,,,,GLOBAL,1.000,clear,0,20.7,127,105.123,0,0,-1.000,21.40,3.00,0.0378,0.0068
186.921,0.074,0,,,,,,GLOBAL,1.000,clear,0,20.7,127,105.143,0,0,-1.000,21.40,3.00,0.0335,0.0017
186.942,0.081,0,,,,,,GLOBAL,1.000,clear,0,20.7,127,105.164,0,0,-1.000,21.40,3.00,0.0287,0.0229
186.961,0.135,0,,,,,,GLOBAL,1.000,clear,0,20.7,127,105.183,0,0,-1.000,21.40,3.00,0.0476,0.0179
186.981,0.174,0,,,,,,GLOBAL,1.000,clear,0,20.7,127,105.203,0,0,-1.000,21.40,3.00,0.0432,0.0140
187.001,0.226,0,,,,,,GLOBAL,1.000,clear,0,20.7,127,105.223,0,0,-1.000,21.40,3.00,0.0384,0.0074
187.023,0.239,0,,,,,,GLOBAL,1.000,clear,0,20.7,127,105.244,0,0,-1.000,21.40,3.00,0.0358,0.0060
187.041,0.280,0,,,,,,GLOBAL,1.000,clear,0,20.7,127,105.263,0,0,-1.000,21.40,3.00,0.0284,0.0245
187.062,0.312,0,,,,,,GLOBAL,1.000,clear,0,20.7,127,105.283,0,0,-1.000,21.40,3.00,0.0485,0.0193
187.081,0.354,0,,,,,,GLOBAL,1.000,clear,0,20.7,127,105.303,0,0,-1.000,21.40,3.00,0.0436,0.0133
187.101,0.392,0,,,,,,GLOBAL,1.000,clear,0,20.7,127,105.323,0,0,-1.000,21.40,3.00,0.0372,0.0110
187.121,0.442,0,,,,,,GLOBAL,1.000,clear,0,20.7,127,105.343,0,0,-1.000,21.40,3.00,0.0346,0.0024
187.141,0.491,0,,,,,,GLOBAL,1.000,clear,0,20.7,127,105.363,0,0,-1.000,21.40,3.00,0.0287,0.0224
187.162,0.534,0,,,,,,GLOBAL,1.000,clear,0,20.7,127,105.383,0,0,-1.000,19.80,3.00,0.0489,0.0194
187.182,0.580,0,,,,,,GLOBAL,1.000,clear,0,20.7,127,105.403,0,0,-1.000,19.80,3.00,0.0445,0.0133
187.201,0.613,0,,,,,,GLOBAL,1.000,clear,0,20.7,127,105.423,0,0,-1.000,15.02,3.00,0.0389,0.0059
187.222,0.646,0,,,,,,GLOBAL,1.000,clear,0,20.7,127,105.443,0,0,-1.000,15.02,3.00,0.0330,0.0019
187.242,0.670,0,,,,,,GLOBAL,1.000,clear,0,20.7,127,105.463,0,0,-1.000,12.90,3.00,0.0285,0.0223
187.261,0.703,0,,,,,,GLOBAL,1.000,clear,0,20.7,127,105.483,0,0,-1.000,9.54,3.00,0.0480,0.0190
187.281,0.746,0,,,,,,GLOBAL,1.000,clear,0,20.7,127,105.503,0,0,-1.000,10.77,3.00,0.0433,0.0151
187.301,0.766,0,,,,,,GLOBAL,1.000,clear,0,20.7,127,105.523,0,0,-1.000,10.77,3.00,0.0387,0.0096
187.324,0.788,0,,,,,,GLOBAL,1.000,clear,0,20.7,127,105.545,0,0,-1.000,5.99,3.00,0.0359,0.0072
187.341,0.823,0,,,,,,GLOBAL,1.000,clear,0,20.7,127,105.563,0,0,-1.000,1.21,3.00,0.0280,0.0251
187.363,0.838,0,,,,,,GLOBAL,1.000,clear,0,20.7,127,105.584,0,0,-1.000,1.21,3.00,0.0491,0.0208
187.381,0.845,0,,,,,,GLOBAL,1.000,clear,0,20.7,127,105.603,0,0,-1.000,-2.32,3.00,0.0438,0.0130
187.401,0.878,0,,,,,,GLOBAL,1.000,clear,0,20.7,127,105.623,0,0,-1.000,-4.27,3.00,0.0390,0.0102
187.421,0.868,0,,,,,,GLOBAL,1.000,clear,0,20.7,127,105.643,0,0,-1.000,-4.27,3.00,0.0334,0.0048
187.441,0.866,0,,,,,,GLOBAL,1.000,clear,0,20.7,127,105.663,0,0,-1.000,-5.76,3.00,0.0299,0.0010
187.462,0.889,0,,,,,,GLOBAL,1.000,clear,0,20.7,127,105.683,0,0,-1.000,-8.05,3.00,0.0506,0.0217
187.482,0.871,0,,,,,,GLOBAL,1.000,clear,0,20.7,127,105.703,0,0,-1.000,-8.05,3.00,0.0445,0.0171
187.502,0.894,0,,,,,,GLOBAL,1.000,clear,0,20.7,127,105.723,0,0,-1.000,-12.83,3.00,0.0402,0.0114
187.522,0.894,0,,,,,,GLOBAL,1.000,clear,0,20.7,127,105.744,0,0,-1.000,-15.52,3.00,0.0354,0.0047
187.542,0.882,0,,,,,,GLOBAL,1.000,clear,0,20.7,127,105.763,0,0,-1.000,-15.52,3.00,0.0271,0.0009
187.561,0.899,0,,,,,,GLOBAL,1.000,clear,0,20.7,127,105.783,0,0,-1.000,-15.70,3.00,0.0468,0.0206
187.581,0.884,0,,,,,,GLOBAL,1.000,clear,0,20.7,127,105.803,0,0,-1.000,-17.22,3.00,0.0434,0.0142
187.601,0.868,0,,,,,,GLOBAL,1.000,clear,0,20.7,127,105.823,0,0,-1.000,-17.22,3.00,0.0387,0.0110
187.627,0.880,0,,,,,,GLOBAL,1.000,clear,0,20.7,127,105.848,0,0,-1.000,-19.58,3.00,0.0400,0.0109
187.642,0.870,0,,,,,,GLOBAL,1.000,clear,0,20.7,127,105.863,0,0,-1.000,-21.40,3.00,0.0549,0.0257
187.661,0.845,0,,,,,,GLOBAL,1.000,clear,0,20.7,127,105.883,0,0,-1.000,-21.40,3.00,0.0475,0.0179
187.681,0.839,0,,,,,,GLOBAL,1.000,clear,0,20.7,127,105.903,0,0,-1.000,-21.40,3.00,0.0429,0.0134
187.701,0.841,0,,,,,,GLOBAL,1.000,clear,0,20.7,127,105.923,0,0,-1.000,-21.40,3.00,0.0377,0.0071
187.721,0.819,0,,,,,,GLOBAL,1.000,clear,0,20.7,127,105.943,0,0,-1.000,-21.40,3.00,0.0352,0.0056
187.742,0.793,0,,,,,,GLOBAL,1.000,clear,0,20.7,127,105.963,0,0,-1.000,-21.40,3.00,0.0297,0.0258
187.761,0.768,0,,,,,,GLOBAL,1.000,clear,0,20.7,127,105.983,0,0,-1.000,-21.40,3.00,0.0494,0.0184
187.781,0.749,0,,,,,,GLOBAL,1.000,clear,0,20.7,127,106.003,0,0,-1.000,-21.40,3.00,0.0453,0.0085
187.801,0.726,0,,,,,,GLOBAL,1.000,clear,0,20.7,127,106.023,0,0,-1.000,-21.40,3.00,0.0397,0.0078
187.821,0.710,0,,,,,,GLOBAL,1.000,clear,0,20.7,127,106.043,0,0,-1.000,-21.40,3.00,0.0355,0.0059
187.841,0.697,0,,,,,,GLOBAL,1.000,clear,0,20.7,127,106.063,0,0,-1.000,-21.40,3.00,0.0299,0.0010
187.862,0.695,0,,,,,,GLOBAL,1.000,clear,0,20.7,127,106.083,0,0,-1.000,-21.40,3.00,0.0247,0.0217
187.881,0.702,0,,,,,,GLOBAL,1.000,clear,0,20.7,127,106.103,0,0,-1.000,-21.40,3.00,0.0441,0.0157
187.901,0.706,0,,,,,,GLOBAL,1.000,clear,0,20.7,127,106.123,0,0,-1.000,-21.40,3.00,0.0345,0.0111
187.921,0.709,0,,,,,,GLOBAL,1.000,clear,0,20.7,127,106.143,0,0,-1.000,-21.40,3.00,0.0345,0.0072
187.942,0.709,0,,,,,,GLOBAL,1.000,clear,0,20.7,127,106.163,0,0,-1.000,-21.40,3.00,0.0305,0.0007
187.961,0.704,0,,,,,,GLOBAL,1.000,clear,0,20.7,127,106.183,0,0,-1.000,-21.40,3.00,0.0502,0.0203
187.981,0.690,0,,,,,,GLOBAL,1.000,clear,0,20.7,127,106.203,0,0,-1.000,-21.40,3.00,0.0425,0.0166
188.001,0.670,0,,,,,,GLOBAL,1.000,clear,0,20.7,127,106.223,0,0,-1.000,-21.40,3.00,0.0404,0.0112
188.022,0.644,0,,,,,,GLOBAL,1.000,clear,0,20.7,127,106.244,0,0,-1.000,-21.40,3.00,0.0358,0.0084
188.041,0.625,0,,,,,,GLOBAL,1.000,clear,0,20.7,127,106.263,0,0,-1.000,-21.40,3.00,0.0308,0.0019
188.061,0.600,0,,,,,,GLOBAL,1.000,clear,0,20.7,127,106.283,0,0,-1.000,-21.40,3.00,0.0508,0.0219
188.081,0.589,0,,,,,,GLOBAL,1.000,clear,0,20.7,127,106.303,0,0,-1.000,-21.40,3.00,0.0451,0.0164
188.101,0.581,0,,,,,,GLOBAL,1.000,clear,0,20.7,127,106.323,0,0,-1.000,-21.40,3.00,0.0406,0.0120
188.121,0.571,0,,,,,,GLOBAL,1.000,clear,0,20.7,127,106.343,0,0,-1.000,-21.40,3.00,0.0353,0.0058
188.142,0.540,0,,,,,,GLOBAL,1.000,clear,0,20.7,127,106.363,0,0,-1.000,-21.40,3.00,0.0554,0.0259
188.161,0.518,0,,,,,,GLOBAL,1.000,clear,0,20.7,127,106.383,0,0,-1.000,-21.40,3.00,0.0500,0.0193
188.181,0.511,0,,,,,,GLOBAL,1.000,clear,0,20.7,127,106.403,0,0,-1.000,-21.40,3.00,0.0452,0.0180
188.201,0.493,0,,,,,,GLOBAL,1.000,clear,0,20.7,127,106.423,0,0,-1.000,-21.40,3.00,0.0413,0.0059
188.222,0.461,0,,,,,,GLOBAL,1.000,clear,0,20.7,127,106.443,0,0,-1.000,-21.40,3.00,0.0360,0.0035
188.242,0.461,0,,,,,,GLOBAL,1.000,clear,0,20.7,127,106.463,0,0,-1.000,-21.40,3.00,0.0306,0.0233
188.266,0.425,0,,,,,,GLOBAL,1.000,clear,0,20.7,127,106.487,0,0,-1.000,-21.40,3.00,0.0547,0.0237
188.282,0.414,0,,,,,,GLOBAL,1.000,clear,0,20.7,127,106.503,0,0,-1.000,-21.40,3.00,0.0449,0.0156
188.301,0.394,0,,,,,,GLOBAL,1.000,clear,0,20.7,127,106.523,0,0,-1.000,-21.40,3.00,0.0419,0.0055
188.322,0.374,0,,,,,,GLOBAL,1.000,clear,0,20.7,127,106.543,0,0,-1.000,-21.40,3.00,0.0339,0.0069
188.342,0.357,0,,,,,,GLOBAL,1.000,clear,0,20.7,127,106.563,0,0,-1.000,-21.40,3.00,0.0310,0.0272
188.362,0.346,0,,,,,,GLOBAL,1.000,clear,0,20.7,127,106.584,0,0,-1.000,-21.40,3.00,0.0512,0.0182
188.381,0.312,0,,,,,,GLOBAL,1.000,clear,0,20.7,127,106.603,0,0,-1.000,-21.40,3.00,0.0455,0.0046
188.459,0.312,0,,,,,,GLOBAL,1.000,clear,0,20.7,127,106.680,0,0,-1.000,-21.40,3.00,0.1226,0.0818
188.469,0.280,0,,,,,,GLOBAL,1.000,clear,0,20.7,127,106.691,0,0,-1.000,-21.40,3.00,0.0842,0.0084
188.481,0.239,0,,,,,,GLOBAL,1.000,clear,0,20.7,127,106.703,0,0,-1.000,-21.40,3.00,0.0465,0.0101
188.501,0.202,0,,,,,,GLOBAL,1.000,clear,0,20.7,127,106.723,0,0,-1.000,-21.40,3.00,0.0352,0.0089
188.522,0.205,0,,,,,,GLOBAL,1.000,clear,0,20.7,127,106.743,0,0,-1.000,-21.40,3.00,0.0359,0.0025
188.543,0.189,0,,,,,,GLOBAL,1.000,clear,0,20.7,127,106.764,0,0,-1.000,-21.40,3.00,0.0315,0.0013
188.561,0.113,0,,,,,,GLOBAL,1.000,clear,0,20.7,127,106.783,0,0,-1.000,-21.40,3.00,0.0271,0.0200
188.583,0.031,0,,,,,,GLOBAL,1.000,clear,0,20.7,127,106.805,0,0,-1.000,-21.40,3.00,0.0488,0.0187
188.601,0.046,0,,,,,,GLOBAL,1.000,clear,0,20.7,127,106.823,0,0,-1.000,-21.40,3.00,0.0413,0.0139
188.621,0.062,0,,,,,,GLOBAL,1.000,clear,0,20.7,127,106.843,0,0,-1.000,-21.40,3.00,0.0371,0.0077
188.641,-0.007,0,,,,,,GLOBAL,1.000,clear,0,20.7,127,106.863,0,0,-1.000,-21.40,3.00,0.0315,0.0030
188.662,0.022,0,,,,,,GLOBAL,1.000,clear,0,20.7,127,106.884,0,0,-1.000,-21.40,3.00,0.0281,0.0238
188.682,0.024,0,,,,,,GLOBAL,1.000,clear,0,20.7,127,106.903,0,0,-1.000,-21.40,3.00,0.0475,0.0161
188.701,0.002,0,,,,,,GLOBAL,1.000,clear,0,20.7,127,106.923,0,0,-1.000,-21.40,3.00,0.0417,0.0095
188.721,0.000,0,,,,,,GLOBAL,1.000,clear,0,20.7,127,106.943,0,0,-1.000,-21.40,3.00,0.0375,0.0058
188.741,-0.020,0,,,,,,GLOBAL,1.000,clear,0,20.7,127,106.963,0,0,-1.000,-21.40,3.00,0.0283,0.0043
188.763,-0.034,0,,,,,,GLOBAL,1.000,clear,0,20.7,127,106.985,0,0,-1.000,-21.40,3.00,0.0294,0.0261
188.781,-0.007,0,,,,,,GLOBAL,1.000,clear,0,20.7,127,107.003,0,0,-1.000,-21.40,3.00,0.0479,0.0167
188.801,-0.000,0,,,,,,GLOBAL,1.000,clear,0,20.7,127,107.023,0,0,-1.000,-21.40,3.00,0.0419,0.0115
188.821,0.000,0,,,,,,GLOBAL,1.000,clear,0,20.7,127,107.043,0,0,-1.000,-21.40,3.00,0.0369,0.0059
188.841,0.000,0,,,,,,GLOBAL,1.000,clear,0,20.7,127,107.063,0,0,-1.000,-21.40,3.00,0.0307,0.0044
188.862,0.000,0,,,,,,GLOBAL,1.000,clear,0,20.7,127,107.083,0,0,-1.000,-21.40,3.00,0.0271,0.0245
188.881,0.000,0,,,,,,GLOBAL,1.000,clear,0,20.7,127,107.103,0,0,-1.000,-21.40,3.00,0.0468,0.0188
188.901,0.000,0,,,,,,GLOBAL,1.000,clear,0,20.7,127,107.123,0,0,-1.000,-21.40,3.00,0.0424,0.0132
188.921,0.000,0,,,,,,GLOBAL,1.000,clear,0,20.7,127,107.143,0,0,-1.000,-21.40,3.00,0.0382,0.0085
188.941,0.000,0,,,,,,GLOBAL,1.000,clear,0,20.7,127,107.163,0,0,-1.000,-21.40,3.00,0.0320,0.0027
188.963,0.000,0,,,,,,GLOBAL,1.000,clear,0,20.7,127,107.184,0,0,-1.000,-21.40,3.00,0.0535,0.0241
188.981,0.000,0,,,,,,GLOBAL,1.000,clear,0,20.7,127,107.203,0,0,-1.000,-21.40,3.00,0.0470,0.0145
189.001,0.000,0,,,,,,GLOBAL,1.000,clear,0,20.7,127,107.223,0,0,-1.000,-21.40,3.00,0.0394,0.0079
189.025,0.000,0,,,,,,GLOBAL,1.000,clear,0,20.7,127,107.247,0,0,-1.000,-21.40,3.00,0.0409,0.0089
189.041,0.000,0,,,,,,GLOBAL,1.000,clear,0,20.7,127,107.263,0,0,-1.000,-21.40,3.00,0.0304,0.0023
189.062,0.000,0,,,,,,GLOBAL,1.000,clear,0,20.7,127,107.283,0,0,-1.000,-21.40,3.00,0.0270,0.0006
189.081,0.000,0,,,,,,GLOBAL,1.000,clear,0,20.7,127,107.303,0,0,-1.000,-21.40,3.00,0.0468,0.0204
189.107,0.000,0,,,,,,GLOBAL,1.000,clear,0,20.7,127,107.328,0,0,-1.000,-21.40,3.00,0.0485,0.0193
189.121,0.000,0,,,,,,GLOBAL,1.000,clear,0,20.7,127,107.343,0,0,-1.000,-21.40,3.00,0.0332,0.0087
189.141,0.000,0,,,,,,GLOBAL,1.000,clear,0,20.7,127,107.363,0,0,-1.000,-21.40,3.00,0.0280,0.0031
189.162,0.000,0,,,,,,GLOBAL,1.000,clear,0,20.7,127,107.384,0,0,-1.000,-21.40,3.00,0.0285,0.0239
189.181,0.000,0,,,,,,GLOBAL,1.000,clear,0,20.7,127,107.403,0,0,-1.000,-21.40,3.00,0.0476,0.0164
189.201,0.000,0,,,,,,GLOBAL,1.000,clear,0,20.7,127,107.423,0,0,-1.000,-21.40,3.00,0.0435,0.0096
189.227,0.000,0,,,,,,GLOBAL,1.000,clear,0,20.7,127,107.448,0,0,-1.000,-21.40,3.00,0.0436,0.0149
189.242,0.000,0,,,,,,GLOBAL,1.000,clear,0,20.7,127,107.463,0,0,-1.000,-21.40,3.00,0.0344,0.0024
189.262,0.000,0,,,,,,GLOBAL,1.000,clear,0,20.7,127,107.483,0,0,-1.000,-21.40,3.00,0.0271,0.0011
189.282,0.000,0,,,,,,GLOBAL,1.000,clear,0,20.7,127,107.503,0,0,-1.000,-21.40,3.00,0.0471,0.0211
189.302,0.000,0,,,,,,GLOBAL,1.000,clear,0,20.7,127,107.523,0,0,-1.000,-21.40,3.00,0.0442,0.0045
189.321,0.000,0,,,,,,GLOBAL,1.000,clear,0,20.7,127,107.543,0,0,-1.000,-21.40,3.00,0.0358,0.0053
189.341,0.000,0,,,,,,GLOBAL,1.000,clear,0,20.7,127,107.563,0,0,-1.000,-21.40,3.00,0.0326,0.0251
189.368,0.000,0,,,,,,GLOBAL,1.000,clear,0,20.7,127,107.590,0,0,-1.000,-21.40,3.00,0.0595,0.0252
189.382,0.000,0,,,,,,GLOBAL,1.000,clear,0,20.7,127,107.604,0,0,-1.000,-21.40,3.00,0.0479,0.0134
189.401,0.000,0,,,,,,GLOBAL,1.000,clear,0,20.7,127,107.623,0,0,-1.000,-21.40,3.00,0.0421,0.0136
189.421,0.000,0,,,,,,GLOBAL,1.000,clear,0,20.7,127,107.643,0,0,-1.000,-21.40,3.00,0.0353,0.0108
189.442,0.000,0,,,,,,GLOBAL,1.000,clear,0,20.7,127,107.663,0,0,-1.000,-21.40,3.00,0.0352,0.0046
189.463,0.000,0,,,,,,GLOBAL,1.000,clear,0,20.7,127,107.684,0,0,-1.000,-21.40,3.00,0.0557,0.0251
189.482,0.000,0,,,,,,GLOBAL,1.000,clear,0,20.7,127,107.703,0,0,-1.000,-21.40,3.00,0.0466,0.0154
189.501,0.000,0,,,,,,GLOBAL,1.000,clear,0,20.7,127,107.723,0,0,-1.000,-21.40,3.00,0.0448,0.0159
189.521,0.000,0,,,,,,GLOBAL,1.000,clear,0,20.7,127,107.743,0,0,-1.000,-21.40,3.00,0.0390,0.0089
189.541,0.000,0,,,,,,GLOBAL,1.000,clear,0,20.7,127,107.763,0,0,-1.000,-21.40,3.00,0.0339,0.0024
189.561,0.000,0,,,,,,GLOBAL,1.000,clear,0,20.7,127,107.783,0,0,-1.000,-21.40,3.00,0.0290,0.0223
189.582,0.000,0,,,,,,GLOBAL,1.000,clear,0,20.7,127,107.803,0,0,-1.000,-21.40,3.00,0.0493,0.0163
189.601,0.000,0,,,,,,GLOBAL,1.000,clear,0,20.7,127,107.823,0,0,-1.000,-21.40,3.00,0.0436,0.0107
189.621,0.000,0,,,,,,GLOBAL,1.000,clear,0,20.7,127,107.843,0,0,-1.000,-21.40,3.00,0.0393,0.0068
189.641,0.000,0,,,,,,GLOBAL,1.000,clear,0,20.7,127,107.863,0,0,-1.000,-21.40,3.00,0.0335,0.0031
189.662,0.000,0,,,,,,GLOBAL,1.000,clear,0,20.7,127,107.883,0,0,-1.000,-21.40,3.00,0.0287,0.0234
189.681,0.000,0,,,,,,GLOBAL,1.000,clear,0,20.7,127,107.903,0,0,-1.000,-21.40,3.00,0.0484,0.0157
189.701,0.000,0,,,,,,GLOBAL,1.000,clear,0,20.7,127,107.923,0,0,-1.000,-21.40,3.00,0.0437,0.0151
189.721,0.000,0,,,,,,GLOBAL,1.000,clear,0,20.7,127,107.943,0,0,-1.000,-21.40,3.00,0.0399,0.0104
189.742,0.000,0,,,,,,GLOBAL,1.000,clear,0,20.7,127,107.963,0,0,-1.000,-21.40,3.00,0.0344,0.0022
189.763,0.000,0,,,,,,GLOBAL,1.000,clear,0,20.7,127,107.984,0,0,-1.000,-21.40,3.00,0.0300,0.0028
189.789,0.000,0,,,,,,GLOBAL,1.000,clear,0,20.7,127,108.010,0,0,-1.000,-21.40,3.00,0.0317,0.0287
189.801,0.000,0,,,,,,GLOBAL,1.000,clear,0,20.7,127,108.023,0,0,-1.000,-21.40,3.00,0.0445,0.0120
189.821,0.000,0,,,,,,GLOBAL,1.000,clear,0,20.7,127,108.043,0,0,-1.000,-21.40,3.00,0.0402,0.0099
189.841,0.000,0,,,,,,GLOBAL,1.000,clear,0,20.7,127,108.063,0,0,-1.000,-21.40,3.00,0.0346,0.0057
189.861,0.000,0,,,,,,GLOBAL,1.000,clear,0,20.7,127,108.083,0,0,-1.000,-21.40,3.00,0.0307,0.0259
189.882,0.000,0,,,,,,GLOBAL,1.000,clear,0,20.7,127,108.103,0,0,-1.000,-21.40,3.00,0.0511,0.0197
189.906,0.000,0,,,,,,GLOBAL,1.000,clear,0,20.7,127,108.128,0,0,-1.000,-21.40,3.00,0.0495,0.0227
189.921,0.000,0,,,,,,GLOBAL,1.000,clear,0,20.7,127,108.143,0,0,-1.000,-21.40,3.00,0.0406,0.0108
189.941,0.000,0,,,,,,GLOBAL,1.000,clear,0,20.7,127,108.163,0,0,-1.000,-21.40,3.00,0.0349,0.0079
189.961,0.000,0,,,,,,GLOBAL,1.000,clear,0,20.7,127,108.183,0,0,-1.000,-21.40,3.00,0.0308,0.0023
189.982,0.000,0,,,,,,GLOBAL,1.000,clear,0,20.7,127,108.204,0,0,-1.000,-21.40,3.00,0.0519,0.0235
190.002,0.000,0,,,,,,GLOBAL,1.000,clear,0,20.7,127,108.223,0,0,-1.000,-21.40,3.00,0.0456,0.0182
190.021,0.000,0,,,,,,GLOBAL,1.000,clear,0,20.7,127,108.243,0,0,-1.000,-21.40,3.00,0.0411,0.0090
190.041,0.000,0,,,,,,GLOBAL,1.000,clear,0,20.7,127,108.263,0,0,-1.000,-21.40,3.00,0.0352,0.0073
190.061,0.000,0,,,,,,GLOBAL,1.000,clear,0,20.7,127,108.283,0,0,-1.000,-21.40,3.00,0.0311,0.0018
190.082,0.000,0,,,,,,GLOBAL,1.000,clear,0,20.7,127,108.304,0,0,-1.000,-21.40,3.00,0.0265,0.0227
190.101,0.000,0,,,,,,GLOBAL,1.000,clear,0,20.7,127,108.323,0,0,-1.000,-21.40,3.00,0.0455,0.0179
190.121,0.000,0,,,,,,GLOBAL,1.000,clear,0,20.7,127,108.343,0,0,-1.000,-21.40,3.00,0.0416,0.0112
190.141,0.000,0,,,,,,GLOBAL,1.000,clear,0,20.7,127,108.363,0,0,-1.000,-21.40,3.00,0.0360,0.0085
190.161,0.000,0,,,,,,GLOBAL,1.000,clear,0,20.7,127,108.383,0,0,-1.000,-21.40,3.00,0.0317,0.0032
190.181,0.000,0,,,,,,GLOBAL,1.000,clear,0,20.7,127,108.403,0,0,-1.000,-21.40,3.00,0.0259,0.0231
190.201,0.000,0,,,,,,GLOBAL,1.000,clear,0,20.7,127,108.423,0,0,-1.000,-21.40,3.00,0.0459,0.0186
190.221,0.000,0,,,,,,GLOBAL,1.000,clear,0,20.7,127,108.443,0,0,-1.000,-21.40,3.00,0.0416,0.0131
190.241,0.000,0,,,,,,GLOBAL,1.000,clear,0,20.7,127,108.463,0,0,-1.000,-21.40,3.00,0.0362,0.0072
190.261,0.000,0,,,,,,GLOBAL,1.000,clear,0,20.7,127,108.483,0,0,-1.000,-21.40,3.00,0.0301,0.0032
190.282,0.000,0,,,,,,GLOBAL,1.000,clear,0,20.7,127,108.503,0,0,-1.000,-21.40,3.00,0.0271,0.0239
190.301,0.000,0,,,,,,GLOBAL,1.000,clear,0,20.7,127,108.523,0,0,-1.000,-21.40,3.00,0.0464,0.0177
190.321,0.000,0,,,,,,GLOBAL,1.000,clear,0,20.7,127,108.543,0,0,-1.000,-21.40,3.00,0.0393,0.0127
190.341,0.000,0,,,,,,GLOBAL,1.000,clear,0,20.7,127,108.563,0,0,-1.000,-21.40,3.00,0.0366,0.0038
190.361,0.000,0,,,,,,GLOBAL,1.000,clear,0,20.7,127,108.583,0,0,-1.000,-21.40,3.00,0.0307,0.0020
190.382,0.000,0,,,,,,GLOBAL,1.000,clear,0,20.7,127,108.604,0,0,-1.000,-21.40,3.00,0.0277,0.0228
190.401,0.000,0,,,,,,GLOBAL,1.000,clear,0,20.7,127,108.623,0,0,-1.000,-21.40,3.00,0.0469,0.0167
190.421,0.000,0,,,,,,GLOBAL,1.000,clear,0,20.7,127,108.643,0,0,-1.000,-21.40,3.00,0.0411,0.0134
190.441,0.000,0,,,,,,GLOBAL,1.000,clear,0,20.7,127,108.663,0,0,-1.000,-21.40,3.00,0.0370,0.0056
190.462,0.000,0,,,,,,GLOBAL,1.000,clear,0,20.7,127,108.684,0,0,-1.000,-21.40,3.00,0.0316,0.0007
190.481,0.000,0,,,,,,GLOBAL,1.000,clear,0,20.7,127,108.703,0,0,-1.000,-21.40,3.00,0.0272,0.0195
190.501,0.000,0,,,,,,GLOBAL,1.000,clear,0,20.7,127,108.723,0,0,-1.000,-21.40,3.00,0.0472,0.0172
190.521,0.000,0,,,,,,GLOBAL,1.000,clear,0,20.7,127,108.743,0,0,-1.000,-21.40,3.00,0.0417,0.0143
190.541,0.000,0,,,,,,GLOBAL,1.000,clear,0,20.7,127,108.763,0,0,-1.000,-21.40,3.00,0.0376,0.0085
190.561,0.000,0,,,,,,GLOBAL,1.000,clear,0,20.7,127,108.783,0,0,-1.000,-21.40,3.00,0.0317,0.0040
190.581,0.000,0,,,,,,GLOBAL,1.000,clear,0,20.7,127,108.803,0,0,-1.000,-21.40,3.00,0.0272,0.0240
190.601,0.000,0,,,,,,GLOBAL,1.000,clear,0,20.7,127,108.823,0,0,-1.000,-21.40,3.00,0.0472,0.0188
190.621,0.000,0,,,,,,GLOBAL,1.000,clear,0,20.7,127,108.843,0,0,-1.000,-21.40,3.00,0.0419,0.0110
190.641,0.000,0,,,,,,GLOBAL,1.000,clear,0,20.7,127,108.863,0,0,-1.000,-21.40,3.00,0.0372,0.0062
190.661,0.000,0,,,,,,GLOBAL,1.000,clear,0,20.7,127,108.883,0,0,-1.000,-21.40,3.00,0.0319,0.0041
190.681,0.000,0,,,,,,GLOBAL,1.000,clear,0,20.7,127,108.903,0,0,-1.000,-21.40,3.00,0.0271,0.0241
190.701,0.000,0,,,,,,GLOBAL,1.000,clear,0,20.7,127,108.923,0,0,-1.000,-21.40,3.00,0.0471,0.0190
190.721,0.000,0,,,,,,GLOBAL,1.000,clear,0,20.7,127,108.943,0,0,-1.000,-21.40,3.00,0.0417,0.0142
190.741,0.000,0,,,,,,GLOBAL,1.000,clear,0,20.7,127,108.963,0,0,-1.000,-21.40,3.00,0.0379,0.0087
190.761,0.000,0,,,,,,GLOBAL,1.000,clear,0,20.7,127,108.983,0,0,-1.000,-21.40,3.00,0.0580,0.0288
190.782,0.000,0,,,,,,GLOBAL,1.000,clear,0,20.7,127,109.003,0,0,-1.000,-21.40,3.00,0.0171,0.0137
190.801,0.000,0,,,,,,GLOBAL,1.000,clear,0,20.7,127,109.023,0,0,-1.000,-21.40,3.00,0.0368,0.0168
190.821,0.000,0,,,,,,GLOBAL,1.000,clear,0,20.7,127,109.043,0,0,-1.000,-21.40,3.00,0.0426,0.0098
190.841,0.000,0,,,,,,GLOBAL,1.000,clear,0,20.7,127,109.063,0,0,-1.000,-21.40,3.00,0.0372,0.0076
190.861,-0.011,0,,,,,,GLOBAL,1.000,clear,0,20.7,127,109.083,0,0,-1.000,-21.40,3.00,0.0304,0.0038
190.882,-0.043,0,,,,,,GLOBAL,1.000,clear,0,20.7,127,109.103,0,0,-1.000,-21.40,3.00,0.0276,0.0005
190.901,-0.105,0,,,,,,GLOBAL,1.000,clear,0,20.7,127,109.123,0,0,-1.000,-21.40,3.00,0.0473,0.0202
190.921,-0.151,0,,,,,,GLOBAL,1.000,clear,0,20.7,127,109.143,0,0,-1.000,-21.40,3.00,0.0431,0.0150
190.941,-0.139,0,,,,,,GLOBAL,1.000,clear,0,20.7,127,109.163,0,0,-1.000,-21.40,3.00,0.0366,0.0082
190.961,0.013,0,,,,,,GLOBAL,1.000,clear,0,20.7,127,109.183,0,0,-1.000,-21.40,3.00,0.0331,0.0033
190.981,-0.020,0,,,,,,GLOBAL,1.000,clear,0,20.7,127,109.203,0,0,-1.000,-21.40,3.00,0.0250,0.0233
191.012,-0.038,0,,,,,,GLOBAL,1.000,clear,0,20.7,127,109.233,0,0,-1.000,-21.40,3.00,0.0554,0.0278
191.055,-0.053,0,,,,,,GLOBAL,1.000,clear,0,20.7,127,109.276,0,0,-1.000,-21.40,3.00,0.0757,0.0424
191.062,-0.102,0,,,,,,GLOBAL,1.000,clear,0,20.7,127,109.283,0,0,-1.000,-21.40,3.00,0.0340,0.0022
191.082,-0.126,0,,,,,,GLOBAL,1.000,clear,0,20.7,127,109.303,0,0,-1.000,-21.40,3.00,0.0297,0.0011
191.101,-0.120,0,,,,,,GLOBAL,1.000,clear,0,20.7,127,109.323,0,0,-1.000,-21.40,3.00,0.0494,0.0208
191.121,-0.165,0,,,,,,GLOBAL,1.000,clear,0,20.7,127,109.343,0,0,-1.000,-21.40,3.00,0.0437,0.0166
191.142,-0.183,0,,,,,,GLOBAL,1.000,clear,0,20.7,127,109.363,0,0,-1.000,-21.40,3.00,0.0397,0.0083
191.161,-0.166,0,,,,,,GLOBAL,1.000,clear,0,20.7,127,109.383,0,0,-1.000,-21.40,3.00,0.0337,0.0065
191.182,-0.211,0,,,,,,GLOBAL,1.000,clear,0,20.7,127,109.403,0,0,-1.000,-21.40,3.00,0.0298,0.0009
191.202,-0.233,0,,,,,,GLOBAL,1.000,clear,0,20.7,127,109.423,0,0,-1.000,-21.40,3.00,0.0499,0.0210
191.221,-0.233,0,,,,,,GLOBAL,1.000,clear,0,20.7,127,109.443,0,0,-1.000,-21.40,3.00,0.0442,0.0150
191.241,-0.268,0,,,,,,GLOBAL,1.000,clear,0,20.7,127,109.463,0,0,-1.000,-21.40,3.00,0.0402,0.0105
191.261,-0.268,0,,,,,,GLOBAL,1.000,clear,0,20.7,127,109.483,0,0,-1.000,-21.40,3.00,0.0344,0.0064
191.282,-0.312,0,,,,,,GLOBAL,1.000,clear,0,20.7,127,109.503,0,0,-1.000,-21.40,3.00,0.0306,0.0017
191.302,-0.327,0,,,,,,GLOBAL,1.000,clear,0,20.7,127,109.523,0,0,-1.000,-21.40,3.00,0.0505,0.0216
191.321,-0.335,0,,,,,,GLOBAL,1.000,clear,0,20.7,127,109.543,0,0,-1.000,-21.40,3.00,0.0444,0.0174
191.342,-0.382,0,,,,,,GLOBAL,1.000,clear,0,20.7,127,109.564,0,0,-1.000,-21.40,3.00,0.0415,0.0069
191.362,-0.395,0,,,,,,GLOBAL,1.000,clear,0,20.7,127,109.583,0,0,-1.000,-21.40,3.00,0.0353,0.0065
191.381,-0.403,0,,,,,,GLOBAL,1.000,clear,0,20.7,127,109.603,0,0,-1.000,-21.40,3.00,0.0272,0.0011
191.402,-0.437,0,,,,,,GLOBAL,1.000,clear,0,20.7,127,109.623,0,0,-1.000,-21.40,3.00,0.0256,0.0216
191.421,-0.473,0,,,,,,GLOBAL,1.000,clear,0,20.7,127,109.643,0,0,-1.000,-21.40,3.00,0.0450,0.0167
191.441,-0.494,0,,,,,,GLOBAL,1.000,clear,0,20.7,127,109.663,0,0,-1.000,-21.40,3.00,0.0412,0.0124
191.461,-0.509,0,,,,,,GLOBAL,1.000,clear,0,20.7,127,109.683,0,0,-1.000,-21.40,3.00,0.0353,0.0044
191.481,-0.524,0,,,,,,GLOBAL,1.000,clear,0,20.7,127,109.703,0,0,-1.000,-21.40,3.00,0.0310,0.0244
191.502,-0.549,0,,,,,,GLOBAL,1.000,clear,0,20.7,127,109.723,0,0,-1.000,-21.40,3.00,0.0259,0.0199
191.522,-0.573,0,,,,,,GLOBAL,1.000,clear,0,20.7,127,109.743,0,0,-1.000,-21.40,3.00,0.0456,0.0178
191.541,-0.595,0,,,,,,GLOBAL,1.000,clear,0,20.7,127,109.763,0,0,-1.000,-21.40,3.00,0.0411,0.0100
191.561,-0.624,0,,,,,,GLOBAL,1.000,clear,0,20.7,127,109.783,0,0,-1.000,-21.40,3.00,0.0353,0.0042
191.581,-0.663,0,,,,,,GLOBAL,1.000,clear,0,20.7,127,109.803,0,0,-1.000,-21.40,3.00,0.0301,0.0009
191.601,-0.700,0,,,,,,GLOBAL,1.000,clear,0,20.7,127,109.823,0,0,-1.000,-21.40,3.00,0.0244,0.0211
191.621,-0.711,0,,,,,,GLOBAL,1.000,clear,0,20.7,127,109.843,0,0,-1.000,-21.40,3.00,0.0442,0.0171
191.641,-0.720,0,,,,,,GLOBAL,1.000,clear,0,20.7,127,109.863,0,0,-1.000,-21.40,3.00,0.0416,0.0096
191.661,-0.739,0,,,,,,GLOBAL,1.000,clear,0,20.7,127,109.883,0,0,-1.000,-21.40,3.00,0.0354,0.0062
191.681,-0.772,0,,,,,,GLOBAL,1.000,clear,0,20.7,127,109.903,0,0,-1.000,-21.40,3.00,0.0300,0.0014
191.709,-0.791,0,,,,,,GLOBAL,1.000,clear,0,20.7,127,109.930,0,0,-1.000,-21.40,3.00,0.0332,0.0286
191.721,-0.790,0,,,,,,GLOBAL,1.000,clear,0,20.7,127,109.943,0,0,-1.000,-21.40,3.00,0.0461,0.0112
191.741,-0.792,0,,,,,,GLOBAL,1.000,clear,0,20.7,127,109.963,0,0,-1.000,-21.40,3.00,0.0421,0.0127
191.761,-0.829,0,,,,,,GLOBAL,1.000,clear,0,20.7,127,109.983,0,0,-1.000,-21.40,3.00,0.0363,0.0049
191.782,-0.828,0,,,,,,GLOBAL,1.000,clear,0,20.7,127,110.003,0,0,-1.000,-21.40,3.00,0.0328,0.0036
191.802,-0.831,0,,,,,,GLOBAL,1.000,clear,0,20.7,127,110.023,0,0,-1.000,-21.40,3.00,0.0269,0.0234
191.821,-0.853,0,,,,,,GLOBAL,1.000,clear,0,20.7,127,110.043,0,0,-1.000,-21.40,3.00,0.0466,0.0193
191.841,-0.857,0,,,,,,GLOBAL,1.000,clear,0,20.7,127,110.063,0,0,-1.000,-21.37,3.00,0.0421,0.0103
191.862,-0.855,0,,,,,,GLOBAL,1.000,clear,0,20.7,127,110.083,0,0,-1.000,-21.37,3.00,0.0373,0.0055
191.881,-0.880,0,,,,,,GLOBAL,1.000,clear,0,20.7,127,110.103,0,0,-1.000,-17.70,3.00,0.0326,0.0037
191.901,-0.872,0,,,,,,GLOBAL,1.000,clear,0,20.7,127,110.123,0,0,-1.000,-15.91,3.00,0.0270,0.0237
191.921,-0.860,0,,,,,,GLOBAL,1.000,clear,0,20.7,127,110.143,0,0,-1.000,-15.91,3.00,0.0472,0.0188
191.942,-0.882,0,,,,,,GLOBAL,1.000,clear,0,20.7,127,110.164,0,0,-1.000,-11.13,3.00,0.0437,0.0117
191.963,-0.870,0,,,,,,GLOBAL,1.000,clear,0,20.7,127,110.185,0,0,-1.000,-10.27,3.00,0.0393,0.0085
191.981,-0.861,0,,,,,,GLOBAL,1.000,clear,0,20.7,127,110.203,0,0,-1.000,-10.27,3.00,0.0330,0.0029
192.002,-0.883,0,,,,,,GLOBAL,1.000,clear,0,20.7,127,110.223,0,0,-1.000,-8.89,3.00,0.0276,0.0234
192.021,-0.877,0,,,,,,GLOBAL,1.000,clear,0,20.7,127,110.243,0,0,-1.000,-5.76,3.00,0.0473,0.0192
192.041,-0.889,0,,,,,,GLOBAL,1.000,clear,0,20.7,127,110.263,0,0,-1.000,-5.76,3.00,0.0433,0.0145
192.061,-0.899,0,,,,,,GLOBAL,1.000,clear,0,20.7,127,110.283,0,0,-1.000,-5.41,3.00,0.0377,0.0051
192.086,-0.867,0,,,,,,GLOBAL,1.000,clear,0,20.7,127,110.307,0,0,-1.000,-5.41,3.00,0.0622,0.0296
192.103,-0.894,0,,,,,,GLOBAL,1.000,clear,0,20.7,127,110.325,0,0,-1.000,-3.58,3.00,0.0291,0.0168
192.121,-0.891,0,,,,,,GLOBAL,1.000,clear,0,20.7,127,110.343,0,0,-1.000,-1.08,3.00,0.0472,0.0093
192.141,-0.879,0,,,,,,GLOBAL,1.000,clear,0,20.7,127,110.363,0,0,-1.000,-1.08,3.00,0.0438,0.0138
192.162,-0.884,0,,,,,,GLOBAL,1.000,clear,0,20.7,127,110.383,0,0,-1.000,1.64,3.00,0.0384,0.0102
192.186,-0.885,0,,,,,,GLOBAL,1.000,clear,0,20.7,127,110.407,0,0,-1.000,5.06,3.00,0.0623,0.0340
192.202,-0.882,0,,,,,,GLOBAL,1.000,clear,0,20.7,127,110.423,0,0,-1.000,7.61,3.00,0.0278,0.0013
192.221,-0.877,0,,,,,,GLOBAL,1.000,clear,0,20.7,127,110.443,0,0,-1.000,7.61,3.00,0.0472,0.0208
192.241,-0.879,0,,,,,,GLOBAL,1.000,clear,0,20.7,127,110.463,0,0,-1.000,9.48,3.00,0.0443,0.0106
192.262,-0.865,0,,,,,,GLOBAL,1.000,clear,0,20.7,127,110.483,0,0,-1.000,12.70,3.00,0.0380,0.0113
192.282,-0.863,0,,,,,,GLOBAL,1.000,clear,0,20.7,127,110.503,0,0,-1.000,12.70,3.00,0.0349,0.0046
192.301,-0.870,0,,,,,,GLOBAL,1.000,clear,0,20.7,127,110.523,0,0,-1.000,11.11,3.00,0.0234,0.0005
192.321,-0.869,0,,,,,,GLOBAL,1.000,clear,0,20.7,127,110.543,0,0,-1.000,11.11,3.00,0.0433,0.0205
192.341,-0.873,0,,,,,,GLOBAL,1.000,clear,0,20.7,127,110.563,0,0,-1.000,10.03,3.00,0.0447,0.0111
192.365,-0.884,0,,,,,,GLOBAL,1.000,clear,0,20.7,127,110.586,0,0,-1.000,10.17,3.00,0.0405,0.0135
192.381,-0.890,0,,,,,,GLOBAL,1.000,clear,0,20.7,127,110.603,0,0,-1.000,10.45,3.00,0.0347,0.0010
192.402,-0.892,0,,,,,,GLOBAL,1.000,clear,0,20.7,127,110.623,0,0,-1.000,10.45,3.00,0.0293,0.0211
192.421,-0.887,0,,,,,,GLOBAL,1.000,clear,0,20.7,127,110.643,0,0,-1.000,10.72,3.00,0.0492,0.0189
192.445,-0.880,0,,,,,,GLOBAL,1.000,clear,0,20.7,127,110.666,0,0,-1.000,10.72,3.00,0.0485,0.0183
192.462,-0.869,0,,,,,,GLOBAL,1.000,clear,0,20.7,127,110.684,0,0,-1.000,11.28,3.00,0.0403,0.0079
192.482,-0.862,0,,,,,,GLOBAL,1.000,clear,0,20.7,127,110.704,0,0,-1.000,11.47,3.00,0.0364,0.0043
192.501,-0.865,0,,,,,,GLOBAL,1.000,clear,0,20.7,127,110.723,0,0,-1.000,12.24,3.00,0.0297,0.0021
192.522,-0.846,0,,,,,,GLOBAL,1.000,clear,0,20.7,127,110.743,0,0,-1.000,12.24,3.00,0.0499,0.0223
192.542,-0.832,0,,,,,,GLOBAL,1.000,clear,0,20.7,127,110.763,0,0,-1.000,13.04,3.00,0.0458,0.0143
192.562,-0.811,0,,,,,,GLOBAL,1.000,clear,0,20.7,127,110.783,0,0,-1.000,13.04,3.00,0.0401,0.0083
192.582,-0.793,0,,,,,,GLOBAL,1.000,clear,0,20.7,127,110.803,0,0,-1.000,13.12,3.00,0.0361,0.0016
192.601,-0.754,0,,,,,,GLOBAL,1.000,clear,0,20.7,127,110.823,0,0,-1.000,14.12,3.00,0.0300,0.0006
192.622,-0.728,0,,,,,,GLOBAL,1.000,clear,0,20.7,127,110.844,0,0,-1.000,14.12,3.00,0.0507,0.0214
192.642,-0.703,0,,,,,,GLOBAL,1.000,clear,0,20.7,127,110.863,0,0,-1.000,14.67,3.00,0.0463,0.0138
192.661,-0.682,0,,,,,,GLOBAL,1.000,clear,0,20.7,127,110.883,0,0,-1.000,17.18,3.00,0.0372,0.0066
192.682,-0.671,0,,,,,,GLOBAL,1.000,clear,0,20.7,127,110.903,0,0,-1.000,17.04,3.00,0.0363,0.0057
192.702,-0.659,0,,,,,,GLOBAL,1.000,clear,0,20.7,127,110.923,0,0,-1.000,17.04,3.00,0.0306,0.0017
192.721,-0.654,0,,,,,,GLOBAL,1.000,clear,0,20.7,127,110.943,0,0,-1.000,19.55,3.00,0.0503,0.0213
192.741,-0.651,0,,,,,,GLOBAL,1.000,clear,0,20.7,127,110.963,0,0,-1.000,19.55,3.00,0.0446,0.0162
192.762,-0.640,0,,,,,,GLOBAL,1.000,clear,0,20.7,127,110.983,0,0,-1.000,19.16,3.00,0.0410,0.0108
192.784,-0.627,0,,,,,,GLOBAL,1.000,clear,0,20.7,127,111.005,0,0,-1.000,19.66,3.00,0.0375,0.0331
192.801,-0.588,0,,,,,,GLOBAL,1.000,clear,0,20.7,127,111.023,0,0,-1.000,21.40,3.00,0.0305,0.0007
192.821,-0.543,0,,,,,,GLOBAL,1.000,deviation,0,20.7,127,111.043,0,0,-1.000,21.40,3.00,0.0242,0.0207
192.841,-0.526,0,,,,,,GLOBAL,1.000,deviation,0,20.7,127,111.063,0,0,-1.000,21.40,3.00,0.0442,0.0126
192.861,-0.499,0,,,,,,GLOBAL,1.000,deviation,0,20.7,127,111.083,0,0,-1.000,21.40,3.00,0.0411,0.0092
192.881,-0.456,0,,,,,,GLOBAL,1.000,deviation,0,20.7,127,111.103,0,0,-1.000,21.40,3.00,0.0353,0.0072
192.901,-0.462,0,,,,,,GLOBAL,1.000,deviation,0,20.7,127,111.123,0,0,-1.000,21.40,3.00,0.0301,0.0024
192.921,-0.432,0,,,,,,GLOBAL,1.000,deviation,0,20.7,127,111.143,0,0,-1.000,21.40,3.00,0.0255,0.0225
192.941,-0.423,0,,,,,,GLOBAL,1.000,deviation,0,20.7,127,111.163,0,0,-1.000,21.40,3.00,0.0456,0.0183
192.961,-0.441,0,,,,,,GLOBAL,1.000,deviation,0,20.7,127,111.183,0,0,-1.000,21.40,3.00,0.0414,0.0117
192.981,-0.421,0,,,,,,GLOBAL,1.000,deviation,0,20.7,127,111.203,0,0,-1.000,21.40,3.00,0.0355,0.0068
193.001,-0.429,0,,,,,,GLOBAL,1.000,deviation,0,20.7,127,111.223,0,0,-1.000,21.40,3.00,0.0301,0.0021
193.021,-0.455,0,,,,,,GLOBAL,1.000,deviation,0,20.7,127,111.243,0,0,-1.000,21.40,3.00,0.0259,0.0223
193.041,-0.441,0,,,,,,GLOBAL,1.000,deviation,0,20.7,127,111.263,0,0,-1.000,21.40,3.00,0.0459,0.0164
193.061,-0.444,0,,,,,,GLOBAL,1.000,deviation,0,20.7,127,111.283,0,0,-1.000,21.40,3.00,0.0418,0.0122
193.081,-0.463,0,,,,,,GLOBAL,1.000,deviation,0,20.7,127,111.303,0,0,-1.000,21.40,3.00,0.0360,0.0032
193.101,-0.460,0,,,,,,GLOBAL,1.000,deviation,0,20.7,127,111.323,0,0,-1.000,21.40,3.00,0.0302,0.0031
193.122,-0.447,0,,,,,,GLOBAL,1.000,deviation,0,20.7,127,111.343,0,0,-1.000,21.40,3.00,0.0267,0.0234
193.141,-0.460,0,,,,,,GLOBAL,1.000,deviation,0,20.7,127,111.363,0,0,-1.000,21.40,3.00,0.0463,0.0166
193.161,-0.468,0,,,,,,GLOBAL,1.000,deviation,0,20.7,127,111.383,0,0,-1.000,21.40,3.00,0.0421,0.0133
193.181,-0.435,0,,,,,,GLOBAL,1.000,deviation,0,20.7,127,111.403,0,0,-1.000,21.40,3.00,0.0365,0.0071
193.201,-0.439,0,,,,,,GLOBAL,1.000,deviation,0,20.7,127,111.423,0,0,-1.000,21.40,3.00,0.0324,0.0031
193.221,-0.414,0,,,,,,GLOBAL,1.000,deviation,0,20.7,127,111.443,0,0,-1.000,21.40,3.00,0.0267,0.0231
193.241,-0.391,0,,,,,,GLOBAL,1.000,deviation,0,20.7,127,111.463,0,0,-1.000,21.40,3.00,0.0467,0.0178
193.261,-0.387,0,,,,,,GLOBAL,1.000,deviation,0,20.7,127,111.483,0,0,-1.000,21.40,3.00,0.0425,0.0132
193.281,-0.359,0,,,,,,GLOBAL,1.000,deviation,0,20.7,127,111.503,0,0,-1.000,21.40,3.00,0.0369,0.0072
193.301,-0.359,0,,,,,,GLOBAL,1.000,deviation,0,20.7,127,111.523,0,0,-1.000,21.40,3.00,0.0330,0.0016
193.322,-0.340,0,,,,,,GLOBAL,1.000,deviation,0,20.7,127,111.543,0,0,-1.000,21.40,3.00,0.0273,0.0006
193.341,-0.337,0,,,,,,GLOBAL,1.000,deviation,0,20.7,127,111.563,0,0,-1.000,21.40,3.00,0.0470,0.0202
193.361,-0.330,0,,,,,,GLOBAL,1.000,deviation,0,20.7,127,111.583,0,0,-1.000,21.40,3.00,0.0430,0.0135
193.381,-0.319,0,,,,,,GLOBAL,1.000,deviation,0,20.7,127,111.603,0,0,-1.000,21.40,3.00,0.0366,0.0086
193.401,-0.317,0,,,,,,GLOBAL,1.000,deviation,0,20.7,127,111.623,0,0,-1.000,21.40,3.00,0.0332,0.0008
193.422,-0.282,0,,,,,,GLOBAL,1.000,deviation,0,20.7,127,111.643,0,0,-1.000,21.40,3.00,0.0276,0.0004
193.441,-0.285,0,,,,,,GLOBAL,1.000,deviation,0,20.7,127,111.663,0,0,-1.000,21.40,3.00,0.0472,0.0200
193.461,-0.262,0,,,,,,GLOBAL,1.000,deviation,0,20.7,127,111.683,0,0,-1.000,21.40,3.00,0.0431,0.0130
193.481,-0.231,0,,,,,,GLOBAL,1.000,deviation,0,20.7,127,111.703,0,0,-1.000,21.40,3.00,0.0375,0.0102
193.501,-0.224,0,,,,,,GLOBAL,1.000,deviation,0,20.7,127,111.723,0,0,-1.000,21.40,3.00,0.0334,0.0049
193.522,-0.207,0,,,,,,GLOBAL,1.000,deviation,0,20.7,127,111.743,0,0,-1.000,21.40,3.00,0.0283,0.0006
193.541,-0.179,0,,,,,,GLOBAL,1.000,deviation,0,20.7,127,111.763,0,0,-1.000,21.40,3.00,0.0477,0.0199
193.561,0.000,0,,,,,,GLOBAL,1.000,deviation,0,20.7,127,111.783,0,0,-1.000,21.40,3.00,0.0428,0.0141
193.581,-0.019,0,,,,,,GLOBAL,1.000,deviation,0,20.7,127,111.803,0,0,-1.000,21.40,3.00,0.0376,0.0106
193.601,0.013,0,,,,,,GLOBAL,1.000,deviation,0,20.7,127,111.823,0,0,-1.000,21.40,3.00,0.0335,0.0051
193.621,0.010,0,,,,,,GLOBAL,1.000,deviation,0,20.7,127,111.843,0,0,-1.000,21.40,3.00,0.0281,0.0009
193.641,0.029,0,,,,,,GLOBAL,1.000,deviation,0,20.7,127,111.863,0,0,-1.000,21.40,3.00,0.0480,0.0209
193.661,-0.002,0,,,,,,GLOBAL,1.000,deviation,0,20.7,127,111.883,0,0,-1.000,21.40,3.00,0.0439,0.0154
193.681,-0.010,0,,,,,,GLOBAL,1.000,deviation,0,20.7,127,111.903,0,0,-1.000,21.40,3.00,0.0379,0.0086
193.701,0.016,0,,,,,,GLOBAL,1.000,deviation,0,20.7,127,111.923,0,0,-1.000,21.40,3.00,0.0339,0.0053
193.722,0.019,0,,,,,,GLOBAL,1.000,deviation,0,20.7,127,111.943,0,0,-1.000,21.40,3.00,0.0285,0.0010
193.741,0.002,0,,,,,,GLOBAL,1.000,deviation,0,20.7,127,111.963,0,0,-1.000,21.40,3.00,0.0482,0.0206
193.820,0.010,0,,,,,,GLOBAL,1.000,deviation,0,20.7,127,112.041,0,0,-1.000,21.40,3.00,0.1022,0.0719
193.822,0.033,0,,,,,,GLOBAL,1.000,deviation,0,20.7,127,112.044,0,0,-1.000,21.40,3.00,0.0779,0.0018
193.841,0.000,0,,,,,,GLOBAL,1.000,deviation,0,20.7,127,112.063,0,0,-1.000,21.40,3.00,0.0471,0.0168
193.861,0.000,0,,,,,,GLOBAL,1.000,deviation,0,20.7,127,112.083,0,0,-1.000,21.40,3.00,0.0434,0.0144
193.881,0.000,0,,,,,,GLOBAL,1.000,deviation,0,20.7,127,112.103,0,0,-1.000,21.40,3.00,0.0372,0.0093
193.901,0.000,0,,,,,,GLOBAL,1.000,deviation,0,20.7,127,112.123,0,0,-1.000,21.40,3.00,0.0344,0.0029
193.921,0.000,0,,,,,,GLOBAL,1.000,deviation,0,20.7,127,112.143,0,0,-1.000,21.40,3.00,0.0270,0.0009
193.941,0.000,0,,,,,,GLOBAL,1.000,deviation,0,20.7,127,112.163,0,0,-1.000,21.40,3.00,0.0470,0.0209
193.961,0.009,0,,,,,,GLOBAL,1.000,deviation,0,20.7,127,112.183,0,0,-1.000,21.40,3.00,0.0445,0.0151
193.981,0.032,0,,,,,,GLOBAL,1.000,deviation,0,20.7,127,112.203,0,0,-1.000,21.40,3.00,0.0373,0.0110
194.001,0.027,0,,,,,,GLOBAL,1.000,deviation,0,20.7,127,112.223,0,0,-1.000,21.40,3.00,0.0349,0.0063
194.021,0.011,0,,,,,,GLOBAL,1.000,deviation,0,20.7,127,112.243,0,0,-1.000,21.40,3.00,0.0291,0.0019
194.041,0.031,0,,,,,,GLOBAL,1.000,deviation,0,20.7,127,112.263,0,0,-1.000,21.40,3.00,0.0491,0.0219
194.061,0.039,0,,,,,,GLOBAL,1.000,deviation,0,20.7,127,112.283,0,0,-1.000,21.40,3.00,0.0451,0.0149
194.082,0.063,0,,,,,,GLOBAL,1.000,deviation,0,20.7,127,112.303,0,0,-1.000,21.40,3.00,0.0383,0.0105
194.101,0.114,0,,,,,,GLOBAL,1.000,deviation,0,20.7,127,112.323,0,0,-1.000,21.40,3.00,0.0580,0.0302
194.121,0.111,0,,,,,,GLOBAL,1.000,deviation,0,20.7,127,112.343,0,0,-1.000,21.40,3.00,0.0312,0.0009
194.142,0.149,0,,,,,,GLOBAL,1.000,deviation,0,20.7,127,112.364,0,0,-1.000,21.40,3.00,0.0520,0.0217
194.161,0.188,0,,,,,,GLOBAL,1.000,deviation,0,20.7,127,112.383,0,0,-1.000,21.40,3.00,0.0433,0.0174
194.181,0.235,0,,,,,,GLOBAL,1.000,deviation,0,20.7,127,112.403,0,0,-1.000,21.40,3.00,0.0398,0.0112
194.201,0.249,0,,,,,,GLOBAL,1.000,deviation,0,20.7,127,112.423,0,0,-1.000,21.40,3.00,0.0354,0.0083
194.221,0.281,0,,,,,,GLOBAL,1.000,deviation,0,20.7,127,112.443,0,0,-1.000,21.40,3.00,0.0298,0.0027
194.241,0.315,0,,,,,,GLOBAL,1.000,deviation,0,20.7,127,112.463,0,0,-1.000,21.40,3.00,0.0498,0.0227
194.261,0.351,0,,,,,,GLOBAL,1.000,deviation,0,20.7,127,112.483,0,0,-1.000,21.40,3.00,0.0456,0.0168
194.281,0.392,0,,,,,,GLOBAL,1.000,deviation,0,20.7,127,112.503,0,0,-1.000,21.40,3.00,0.0398,0.0126
194.301,0.447,0,,,,,,GLOBAL,1.000,deviation,0,20.7,127,112.523,0,0,-1.000,21.40,3.00,0.0355,0.0070
194.321,0.497,0,,,,,,GLOBAL,1.000,deviation,0,20.7,127,112.543,0,0,-1.000,21.40,3.00,0.0300,0.0027
194.342,0.543,0,,,,,,GLOBAL,1.000,deviation,0,20.7,127,112.563,0,0,-1.000,21.40,3.00,0.0266,0.0232
194.362,0.588,0,,,,,,GLOBAL,1.000,deviation,0,20.7,127,112.583,0,0,-1.000,21.40,3.00,0.0464,0.0172
194.381,0.636,0,,,,,,GLOBAL,1.000,deviation,0,20.7,127,112.603,0,0,-1.000,21.40,3.00,0.0403,0.0125
194.401,0.675,0,,,,,,GLOBAL,1.000,deviation,0,20.7,127,112.623,0,0,-1.000,21.40,3.00,0.0362,0.0069
194.422,0.718,0,,,,,,GLOBAL,1.000,deviation,0,20.7,127,112.644,0,0,-1.000,21.40,3.00,0.0312,0.0009
194.441,0.761,0,,,,,,GLOBAL,1.000,deviation,0,20.7,127,112.663,0,0,-1.000,21.40,3.00,0.0505,0.0202
194.462,0.797,0,,,,,,GLOBAL,1.000,deviation,0,20.7,127,112.684,0,0,-1.000,21.40,3.00,0.0459,0.0159
194.481,0.849,0,,,,,,GLOBAL,1.000,deviation,0,20.7,127,112.703,0,0,-1.000,21.40,3.00,0.0408,0.0133
194.501,0.875,0,,,,,,GLOBAL,1.000,deviation,0,20.7,127,112.723,0,0,-1.000,21.40,3.00,0.0369,0.0067
194.521,0.937,0,,,,,,GLOBAL,1.000,deviation,0,20.7,127,112.743,0,0,-1.000,21.40,3.00,0.0303,0.0026
194.543,0.983,0,,,,,,GLOBAL,1.000,deviation,0,20.7,127,112.764,0,0,-1.000,18.78,3.00,0.0518,0.0240
194.561,1.032,0,,,,,,GLOBAL,1.000,deviation,0,20.7,127,112.783,0,0,-1.000,18.78,3.00,0.0466,0.0157
194.581,1.081,0,,,,,,GLOBAL,1.000,deviation,0,20.7,127,112.803,0,0,-1.000,15.14,3.00,0.0412,0.0109
194.601,1.131,0,,,,,,GLOBAL,1.000,clear,0,20.7,127,112.823,0,0,-1.000,13.34,3.00,0.0373,0.0021
194.621,1.172,0,,,,,,GLOBAL,1.000,clear,0,20.7,127,112.843,0,0,-1.000,13.34,3.00,0.0271,0.0219
194.642,1.214,0,,,,,,GLOBAL,1.000,clear,0,20.7,127,112.863,0,0,1.529,11.55,3.00,0.0237,0.0194
194.662,1.258,0,,,,,,GLOBAL,1.000,clear,0,20.7,127,112.883,0,0,1.433,11.30,3.00,0.0432,0.0183
194.682,1.296,0,,,,,,GLOBAL,1.000,clear,0,20.7,127,112.903,0,0,1.367,11.30,3.00,0.0415,0.0131
194.701,1.325,0,,,,,,GLOBAL,1.000,clear,0,20.7,127,112.923,0,0,1.317,10.81,3.00,0.0374,0.0079
194.721,1.352,0,,,,,,GLOBAL,1.000,clear,0,20.7,127,112.943,0,0,1.290,10.30,3.00,0.0319,0.0279
194.741,1.398,0,,,,,,GLOBAL,1.000,clear,0,20.7,127,112.963,0,0,1.250,10.30,3.00,0.0261,0.0183
194.762,1.435,0,,,,,,GLOBAL,1.000,clear,0,20.7,127,112.983,0,0,1.250,9.63,3.00,0.0464,0.0180
194.782,1.449,0,,,,,,GLOBAL,1.000,clear,0,20.7,127,113.003,0,0,1.187,9.63,3.00,0.0424,0.0123
194.801,1.453,0,,,,,,GLOBAL,1.000,clear,0,20.7,127,113.023,0,0,-1.000,9.94,3.00,0.0363,0.0070
194.821,1.468,0,,,,,,GLOBAL,1.000,clear,0,20.7,127,113.043,0,0,1.110,9.24,3.00,0.0320,0.0022
194.844,1.493,0,,,,,,GLOBAL,1.000,clear,0,20.7,127,113.065,0,0,1.075,9.87,3.00,0.0285,0.0244
194.862,1.523,0,,,,,,GLOBAL,1.000,clear,0,20.7,127,113.083,0,0,1.079,9.87,3.00,0.0465,0.0168
194.883,1.544,0,,,,,,GLOBAL,1.000,clear,0,20.7,127,113.104,0,0,1.079,9.08,3.00,0.0421,0.0116
194.901,1.534,0,,,,,,GLOBAL,1.000,clear,0,20.7,127,113.123,0,0,-1.000,5.25,3.00,0.0366,0.0034
194.922,1.535,0,,,,,,GLOBAL,1.000,clear,0,20.7,127,113.143,0,0,-1.000,5.25,3.00,0.0313,0.0041
194.942,1.559,0,,,,,,GLOBAL,1.000,clear,0,20.7,127,113.163,0,0,-1.000,5.26,3.00,0.0272,0.0240
194.961,1.580,0,,,,,,GLOBAL,1.000,clear,0,20.7,127,113.183,0,0,-1.000,5.09,3.00,0.0467,0.0154
194.981,1.598,0,,,,,,GLOBAL,1.000,clear,0,20.7,127,113.203,0,0,-1.000,5.09,3.00,0.0412,0.0134
195.001,1.599,0,,,,,,GLOBAL,1.000,clear,0,20.7,127,113.223,0,0,-1.000,6.14,3.00,0.0373,0.0065
195.021,1.585,0,,,,,,GLOBAL,1.000,clear,0,20.7,127,113.243,0,0,-1.000,6.14,3.00,0.0303,0.0010
195.042,1.597,0,,,,,,GLOBAL,1.000,clear,0,20.7,127,113.263,0,0,-1.000,7.44,3.00,0.0510,0.0218
195.061,1.600,0,,,,,,GLOBAL,1.000,clear,0,20.7,127,113.283,0,0,-1.000,7.08,3.00,0.0459,0.0172
195.081,1.596,0,,,,,,GLOBAL,1.000,clear,0,20.7,127,113.303,0,0,-1.000,9.29,3.00,0.0416,0.0127
195.101,1.587,0,,,,,,GLOBAL,1.000,clear,0,20.7,127,113.323,0,0,-1.000,9.29,3.00,0.0360,0.0022
195.125,1.589,0,,,,,,GLOBAL,1.000,clear,0,20.7,127,113.346,0,0,-1.000,10.14,3.00,0.0339,0.0260
195.142,1.599,0,,,,,,GLOBAL,1.000,clear,0,20.7,127,113.364,0,0,-1.000,10.14,3.00,0.0513,0.0167
195.162,1.602,0,,,,,,GLOBAL,1.000,clear,0,20.7,127,113.383,0,0,-1.000,10.73,3.00,0.0469,0.0163
195.181,1.597,0,,,,,,GLOBAL,1.000,clear,0,20.7,127,113.403,0,0,-1.000,11.23,3.00,0.0409,0.0115
195.201,1.597,0,,,,,,GLOBAL,1.000,clear,0,20.7,127,113.423,0,0,-1.000,11.37,3.00,0.0363,0.0019
195.221,1.604,0,,,,,,GLOBAL,1.000,clear,0,20.7,127,113.443,0,0,-1.000,11.37,3.00,0.0301,0.0027
195.242,1.608,0,,,,,,GLOBAL,1.000,clear,0,20.7,127,113.464,0,0,-1.000,11.87,3.00,0.0509,0.0236
195.262,1.601,0,,,,,,GLOBAL,1.000,clear,0,20.7,127,113.483,0,0,-1.000,11.72,3.00,0.0457,0.0173
195.281,1.600,0,,,,,,GLOBAL,1.000,clear,0,20.7,127,113.503,0,0,-1.000,11.72,3.00,0.0425,0.0141
195.301,1.590,0,,,,,,GLOBAL,1.000,clear,0,20.7,127,113.523,0,0,-1.000,11.50,3.00,0.0370,0.0096
195.322,1.589,0,,,,,,GLOBAL,1.000,clear,0,20.7,127,113.543,0,0,-1.000,10.91,3.00,0.0330,0.0032
195.341,1.592,0,,,,,,GLOBAL,1.000,clear,0,20.7,127,113.563,0,0,-1.000,10.91,3.00,0.0269,0.0230
195.361,1.589,0,,,,,,GLOBAL,1.000,clear,0,20.7,127,113.583,0,0,-1.000,11.07,3.00,0.0468,0.0170
195.381,1.577,0,,,,,,GLOBAL,1.000,clear,0,20.7,127,113.603,0,0,-1.000,11.23,3.00,0.0423,0.0138
195.402,1.571,0,,,,,,GLOBAL,1.000,clear,0,20.7,127,113.623,0,0,-1.000,11.23,3.00,0.0375,0.0093
195.422,1.565,0,,,,,,GLOBAL,1.000,clear,0,20.7,127,113.643,0,0,-1.000,11.98,3.00,0.0337,0.0041
195.441,1.563,0,,,,,,GLOBAL,1.000,clear,0,20.7,127,113.663,0,0,-1.000,11.98,3.00,0.0272,0.0235
195.461,1.553,0,,,,,,GLOBAL,1.000,clear,0,20.7,127,113.683,0,0,-1.000,12.64,3.00,0.0473,0.0192
195.481,1.539,0,,,,,,GLOBAL,1.000,clear,0,20.7,127,113.703,0,0,-1.000,12.82,3.00,0.0408,0.0044
195.501,1.525,0,,,,,,GLOBAL,1.000,clear,0,20.7,127,113.723,0,0,-1.000,13.84,3.00,0.0350,0.0076
195.521,1.511,0,,,,,,GLOBAL,1.000,clear,0,20.7,127,113.743,0,0,-1.000,13.84,3.00,0.0315,0.0028
195.541,1.493,0,,,,,,GLOBAL,1.000,clear,0,20.7,127,113.763,0,0,-1.000,14.42,3.00,0.0263,0.0229
195.562,1.479,0,,,,,,GLOBAL,1.000,clear,0,20.7,127,113.783,0,0,-1.000,14.92,3.00,0.0466,0.0186
195.582,1.460,0,,,,,,GLOBAL,1.000,clear,0,20.7,127,113.804,0,0,-1.000,14.92,3.00,0.0442,0.0144
195.653,1.436,0,,,,,,GLOBAL,1.000,clear,0,20.7,127,113.874,0,0,-1.000,14.93,3.00,0.0885,0.0012
195.662,1.374,0,,,,,,GLOBAL,1.000,clear,0,20.7,127,113.883,0,0,-1.000,14.23,3.00,0.0487,0.0064
195.681,1.357,0,,,,,,GLOBAL,1.000,clear,0,20.7,127,113.903,0,0,-1.000,13.56,3.00,0.0443,0.0128
195.701,1.358,0,,,,,,GLOBAL,1.000,clear,0,20.7,127,113.923,0,0,-1.000,13.56,3.00,0.0350,0.0101
195.721,1.359,0,,,,,,GLOBAL,1.000,clear,0,20.7,127,113.943,0,0,-1.000,13.06,3.00,0.0342,0.0033
195.741,1.332,0,,,,,,GLOBAL,1.000,clear,0,20.7,127,113.963,0,0,-1.000,11.47,3.00,0.0271,0.0008
195.762,1.300,0,,,,,,GLOBAL,1.000,clear,0,20.7,127,113.983,0,0,-1.000,11.47,3.00,0.0473,0.0209
195.781,1.269,0,,,,,,GLOBAL,1.000,clear,0,20.7,127,114.003,0,0,-1.000,12.45,3.00,0.0434,0.0118
195.801,1.245,0,,,,,,GLOBAL,1.000,clear,0,20.7,127,114.023,0,0,-1.000,10.69,3.00,0.0366,0.0054
195.821,1.235,0,,,,,,GLOBAL,1.000,clear,0,20.7,127,114.043,0,0,-1.000,10.69,3.00,0.0348,0.0032
195.842,1.221,0,,,,,,GLOBAL,1.000,clear,0,20.7,127,114.063,0,0,-1.000,8.65,3.00,0.0291,0.0005
195.862,1.194,0,,,,,,GLOBAL,1.000,clear,0,20.7,127,114.083,0,0,-1.000,9.07,3.00,0.0491,0.0205
195.881,1.160,0,,,,,,GLOBAL,1.000,clear,0,20.7,127,114.103,0,0,-1.000,9.07,3.00,0.0442,0.0165
195.901,1.115,0,,,,,,GLOBAL,1.000,clear,0,20.7,127,114.123,0,0,-1.000,8.28,3.00,0.0374,0.0087
195.921,1.076,0,,,,,,GLOBAL,1.000,clear,0,20.7,127,114.143,0,0,-1.000,8.15,3.00,0.0349,0.0036
195.941,1.063,0,,,,,,GLOBAL,1.000,clear,0,20.7,127,114.163,0,0,-1.000,8.15,3.00,0.0274,0.0014
195.962,1.051,0,,,,,,GLOBAL,1.000,clear,0,20.7,127,114.183,0,0,-1.000,7.88,3.00,0.0476,0.0216
195.981,1.039,0,,,,,,GLOBAL,1.000,clear,0,20.7,127,114.203,0,0,-1.000,7.47,3.00,0.0452,0.0163
196.001,1.018,0,,,,,,GLOBAL,1.000,clear,0,20.7,127,114.223,0,0,-1.000,7.47,3.00,0.0380,0.0067
196.021,0.986,0,,,,,,GLOBAL,1.000,clear,0,20.7,127,114.243,0,0,-1.000,7.90,3.00,0.0354,0.0061
196.041,0.962,0,,,,,,GLOBAL,1.000,clear,0,20.7,127,114.263,0,0,-1.000,8.27,3.00,0.0279,0.0261
196.061,0.929,0,,,,,,GLOBAL,1.000,clear,0,20.7,127,114.283,0,0,-1.000,8.27,3.00,0.0479,0.0169
196.081,0.900,0,,,,,,GLOBAL,1.000,clear,0,20.7,127,114.303,0,0,-1.000,8.16,3.00,0.0443,0.0161
196.101,0.882,0,,,,,,GLOBAL,1.000,clear,0,20.7,127,114.323,0,0,-1.000,8.79,3.00,0.0400,0.0111
196.121,0.861,0,,,,,,GLOBAL,1.000,clear,0,20.7,127,114.343,0,0,-1.000,8.79,3.00,0.0346,0.0063
196.141,0.836,0,,,,,,GLOBAL,1.000,clear,0,20.7,127,114.363,0,0,-1.000,8.51,3.00,0.0302,0.0262
196.162,0.816,0,,,,,,GLOBAL,1.000,clear,0,20.7,127,114.383,0,0,-1.000,8.49,3.00,0.0504,0.0199
196.181,0.794,0,,,,,,GLOBAL,1.000,clear,0,20.7,127,114.403,0,0,-1.000,8.49,3.00,0.0446,0.0114
196.201,0.779,0,,,,,,GLOBAL,1.000,clear,0,20.7,127,114.423,0,0,-1.000,9.16,3.00,0.0405,0.0084
196.221,0.760,0,,,,,,GLOBAL,1.000,clear,0,20.7,127,114.443,0,0,-1.000,9.16,3.00,0.0349,0.0046
196.241,0.738,0,,,,,,GLOBAL,1.000,clear,0,20.7,127,114.463,0,0,-1.000,8.80,3.00,0.0268,0.0015
196.261,0.714,0,,,,,,GLOBAL,1.000,clear,0,20.7,127,114.483,0,0,-1.000,9.58,3.00,0.0466,0.0213
196.281,0.688,0,,,,,,GLOBAL,1.000,clear,0,20.7,127,114.503,0,0,-1.000,9.22,3.00,0.0446,0.0158
196.301,0.656,0,,,,,,GLOBAL,1.000,clear,0,20.7,127,114.523,0,0,-1.000,9.22,3.00,0.0378,0.0110
196.321,0.628,0,,,,,,GLOBAL,1.000,clear,0,20.7,127,114.543,0,0,-1.000,9.79,3.00,0.0351,0.0058
196.341,0.597,0,,,,,,GLOBAL,1.000,clear,0,20.7,127,114.563,0,0,-1.000,9.44,3.00,0.0296,0.0258
196.363,0.579,0,,,,,,GLOBAL,1.000,clear,0,20.7,127,114.584,0,0,-1.000,9.44,3.00,0.0510,0.0211
196.381,0.576,0,,,,,,GLOBAL,1.000,clear,0,20.7,127,114.603,0,0,-1.000,10.27,3.00,0.0440,0.0165
196.401,0.543,0,,,,,,GLOBAL,1.000,clear,0,20.7,127,114.623,0,0,-1.000,9.62,3.00,0.0398,0.0094
196.421,0.508,0,,,,,,GLOBAL,1.000,clear,0,20.7,127,114.643,0,0,-1.000,9.62,3.00,0.0341,0.0056
196.442,0.504,0,,,,,,GLOBAL,1.000,clear,0,20.7,127,114.664,0,0,-1.000,9.53,3.00,0.0307,0.0009
196.463,0.495,0,,,,,,GLOBAL,1.000,clear,0,20.7,127,114.684,0,0,-1.000,9.42,3.00,0.0513,0.0213
196.481,0.459,0,,,,,,GLOBAL,1.000,clear,0,20.7,127,114.703,0,0,-1.000,9.42,3.00,0.0431,0.0156
196.501,0.453,0,,,,,,GLOBAL,1.000,clear,0,20.7,127,114.723,0,0,-1.000,9.34,3.00,0.0402,0.0079
196.522,0.428,0,,,,,,GLOBAL,1.000,clear,0,20.7,127,114.743,0,0,-1.000,9.35,3.00,0.0346,0.0040
196.541,0.403,0,,,,,,GLOBAL,1.000,clear,0,20.7,127,114.763,0,0,-1.000,9.35,3.00,0.0302,0.0011
196.562,0.370,0,,,,,,GLOBAL,1.000,clear,0,20.7,127,114.783,0,0,-1.000,9.20,3.00,0.0506,0.0216
196.581,0.348,0,,,,,,GLOBAL,1.000,clear,0,20.7,127,114.803,0,0,-1.000,9.40,3.00,0.0447,0.0156
196.601,0.300,0,,,,,,GLOBAL,1.000,clear,0,20.7,127,114.823,0,0,-1.000,9.40,3.00,0.0379,0.0064
196.621,0.282,0,,,,,,GLOBAL,1.000,clear,0,20.7,127,114.843,0,0,-1.000,8.46,3.00,0.0347,0.0018
196.641,0.264,0,,,,,,GLOBAL,1.000,clear,0,20.7,127,114.863,0,0,-1.000,9.59,3.00,0.0257,0.0023
196.661,0.239,0,,,,,,GLOBAL,1.000,clear,0,20.7,127,114.883,0,0,-1.000,9.59,3.00,0.0455,0.0220
196.682,0.226,0,,,,,,GLOBAL,1.000,clear,0,20.7,127,114.903,0,0,-1.000,9.45,3.00,0.0452,0.0136
196.701,0.233,0,,,,,,GLOBAL,1.000,clear,0,20.7,127,114.923,0,0,-1.000,9.53,3.00,0.0376,0.0105
196.721,0.215,0,,,,,,GLOBAL,1.000,clear,0,20.7,127,114.943,0,0,-1.000,9.53,3.00,0.0352,0.0020
196.741,0.212,0,,,,,,GLOBAL,1.000,clear,0,20.7,127,114.963,0,0,-1.000,10.39,3.00,0.0277,0.0014
196.762,0.199,0,,,,,,GLOBAL,1.000,clear,0,20.7,127,114.983,0,0,-1.000,10.34,3.00,0.0480,0.0217
196.781,0.217,0,,,,,,GLOBAL,1.000,clear,0,20.7,127,115.003,0,0,-1.000,10.34,3.00,0.0457,0.0133
196.801,0.172,0,,,,,,GLOBAL,1.000,clear,0,20.7,127,115.023,0,0,-1.000,10.48,3.00,0.0396,0.0055
196.821,0.198,0,,,,,,GLOBAL,1.000,clear,0,20.7,127,115.043,0,0,-1.000,11.13,3.00,0.0342,0.0007
196.843,0.212,0,,,,,,GLOBAL,1.000,clear,0,20.7,127,115.065,0,0,-1.000,11.13,3.00,0.0297,0.0016
196.862,0.241,0,,,,,,GLOBAL,1.000,clear,0,20.7,127,115.083,0,0,-1.000,10.36,3.00,0.0483,0.0202
196.881,0.262,0,,,,,,GLOBAL,1.000,clear,0,20.7,127,115.103,0,0,-1.000,9.06,3.00,0.0441,0.0143
196.902,0.288,0,,,,,,GLOBAL,1.000,clear,0,20.7,127,115.123,0,0,-1.000,9.06,3.00,0.0360,0.0109
196.921,0.308,0,,,,,,GLOBAL,1.000,clear,0,20.7,127,115.143,0,0,-1.000,8.17,3.00,0.0274,0.0038
196.941,0.359,0,,,,,,GLOBAL,1.000,clear,0,20.7,127,115.163,0,0,-1.000,8.17,3.00,0.0299,0.0238
196.961,0.382,0,,,,,,GLOBAL,1.000,clear,0,20.7,127,115.183,0,0,-1.000,8.60,3.00,0.0500,0.0190
196.981,0.410,0,,,,,,GLOBAL,1.000,clear,0,20.7,127,115.203,0,0,-1.000,6.94,3.00,0.0433,0.0117
197.001,0.451,0,,,,,,GLOBAL,1.000,clear,0,20.7,127,115.223,0,0,-1.000,6.94,3.00,0.0390,0.0119
197.022,0.494,0,,,,,,GLOBAL,1.000,clear,0,20.7,127,115.243,0,0,-1.000,6.94,3.00,0.0354,0.0014
197.042,0.537,0,,,,,,GLOBAL,1.000,clear,0,20.7,127,115.263,0,0,-1.000,6.02,3.00,0.0295,0.0011
197.061,0.581,0,,,,,,GLOBAL,1.000,clear,0,20.7,127,115.283,0,0,-1.000,5.38,3.00,0.0491,0.0206
197.083,0.616,0,,,,,,GLOBAL,1.000,clear,0,20.7,127,115.304,0,0,-1.000,5.38,3.00,0.0464,0.0128
197.101,0.661,0,,,,,,GLOBAL,1.000,clear,0,20.7,127,115.323,0,0,-1.000,4.83,3.00,0.0377,0.0098
197.121,0.727,0,,,,,,GLOBAL,1.000,clear,0,20.7,127,115.343,0,0,-1.000,4.83,3.00,0.0353,0.0009
197.142,0.763,0,,,,,,GLOBAL,1.000,clear,0,20.7,127,115.364,0,0,-1.000,4.08,3.00,0.0306,0.0006
197.161,0.804,0,,,,,,GLOBAL,1.000,clear,0,20.7,127,115.383,0,0,-1.000,3.72,3.00,0.0497,0.0196
197.181,0.848,0,,,,,,GLOBAL,1.000,clear,0,20.7,127,115.403,0,0,-1.000,3.73,3.00,0.0450,0.0114
197.202,0.875,0,,,,,,GLOBAL,1.000,clear,0,20.7,127,115.423,0,0,-1.000,3.73,3.00,0.0396,0.0087
197.221,0.914,0,,,,,,GLOBAL,1.000,clear,0,20.7,127,115.443,0,0,-1.000,2.61,3.00,0.0331,0.0025
197.241,0.941,0,,,,,,GLOBAL,1.000,clear,0,20.7,127,115.463,0,0,-1.000,2.61,3.00,0.0300,0.0224
197.261,0.991,0,,,,,,GLOBAL,1.000,clear,0,20.7,127,115.483,0,0,-1.000,2.16,3.00,0.0500,0.0156
197.283,1.006,0,,,,,,GLOBAL,1.000,clear,0,20.7,127,115.504,0,0,-1.000,2.14,3.00,0.0458,0.0162
197.301,1.024,0,,,,,,GLOBAL,1.000,clear,0,20.7,127,115.523,0,0,-1.000,0.50,3.00,0.0402,0.0060
197.321,1.050,0,,,,,,GLOBAL,1.000,clear,0,20.7,127,115.543,0,0,-1.000,0.50,3.00,0.0344,0.0035
197.341,1.069,0,,,,,,GLOBAL,1.000,clear,0,20.7,127,115.563,0,0,-1.000,1.14,3.00,0.0304,0.0009
197.366,1.087,0,,,,,,GLOBAL,1.000,clear,0,20.7,127,115.587,0,0,-1.000,-0.04,3.00,0.0546,0.0251
197.381,1.099,0,,,,,,GLOBAL,1.000,clear,0,20.7,127,115.603,0,0,-1.000,-0.04,3.00,0.0448,0.0142
197.401,1.105,0,,,,,,GLOBAL,1.000,clear,0,20.7,127,115.623,0,0,-1.000,0.88,3.00,0.0406,0.0116
197.421,1.113,0,,,,,,GLOBAL,1.000,clear,0,20.7,127,115.643,0,0,-1.000,-0.23,3.00,0.0350,0.0011
197.442,1.120,0,,,,,,GLOBAL,1.000,clear,0,20.7,127,115.663,0,0,-1.000,-0.23,3.00,0.0295,0.0007
197.463,1.139,0,,,,,,GLOBAL,1.000,clear,0,20.7,127,115.684,0,0,-1.000,-0.34,3.00,0.0505,0.0217
197.482,1.149,0,,,,,,GLOBAL,1.000,clear,0,20.7,127,115.703,0,0,-1.000,-0.75,3.00,0.0453,0.0139
197.502,1.149,0,,,,,,GLOBAL,1.000,clear,0,20.7,127,115.723,0,0,-1.000,-0.75,3.00,0.0396,0.0080
197.521,1.148,0,,,,,,GLOBAL,1.000,clear,0,20.7,127,115.743,0,0,-1.000,-0.42,3.00,0.0350,0.0068
197.541,1.146,0,,,,,,GLOBAL,1.000,clear,0,20.7,127,115.763,0,0,-1.000,-0.42,3.00,0.0267,0.0023
