t,v,obs_n,obs_d,obs_x,obs_y,obs_r,raw_n,raw_d,raw_far,dyn_d,mode,scale,reason,fgm_en,fgm_ang,path_n,path_age,override,aeb,ttc,steer,cmd_v,scan_age,obs_age
0.066,0.000,0,,,,,0,,,,,1.000,,0,,0,,0,0,,0.00,0.00,,
0.077,0.000,0,,,,,0,,,,,1.000,,0,,0,,0,0,-1.000,0.00,0.00,,
0.097,0.000,0,,,,,0,,,,,1.000,,0,,0,,0,0,-1.000,0.00,0.00,,
0.117,0.000,0,,,,,0,,,,,1.000,,0,,0,,0,0,-1.000,0.00,0.00,,
0.137,0.000,0,,,,,0,,,,,1.000,,0,,0,,0,0,-1.000,0.00,0.00,,
0.157,0.000,0,,,,,0,,,,,1.000,,0,,0,,0,0,-1.000,0.00,0.00,,
0.177,0.000,0,,,,,0,,,,,1.000,,0,,0,,0,0,-1.000,0.00,0.00,,
0.197,0.000,0,,,,,0,,,,,1.000,,0,,0,,0,0,-1.000,0.00,0.00,,
0.217,0.000,0,,,,,0,,,,,1.000,,0,,0,,0,0,-1.000,0.00,0.00,,
0.237,0.000,0,,,,,0,,,,,1.000,,0,,0,,0,0,-1.000,0.00,0.00,,
0.257,0.000,0,,,,,0,,,,,1.000,,0,,0,,0,0,-1.000,0.00,0.00,,
0.277,0.000,0,,,,,0,,,,,1.000,,0,,0,,0,0,-1.000,0.00,0.00,,
0.297,0.000,0,,,,,0,,,,,1.000,,0,,0,,0,0,-1.000,0.00,0.00,,
0.317,0.000,0,,,,,0,,,,,1.000,,0,,0,,0,0,-1.000,0.00,0.00,,
0.338,0.000,0,,,,,0,,,,,1.000,,0,,0,,0,0,-1.000,0.00,0.00,,
0.357,0.000,0,,,,,0,,,,,1.000,,0,,0,,0,0,-1.000,0.00,0.00,,
0.377,0.000,0,,,,,0,,,,,1.000,,0,,0,,0,0,-1.000,0.00,0.00,,
0.397,0.000,0,,,,,0,,,,,1.000,,0,,0,,0,0,-1.000,0.00,0.00,,
0.419,0.000,0,,,,,0,,,,,1.000,,0,,0,,0,0,-1.000,0.00,0.00,,
0.437,0.000,0,,,,,0,,,,,1.000,,0,,0,,0,0,-1.000,0.00,0.00,,
0.457,0.000,0,,,,,0,,,,,1.000,,0,,0,,0,0,-1.000,0.00,0.00,,
0.478,0.000,0,,,,,0,,,,,1.000,,0,,0,,0,0,-1.000,0.00,0.00,,
0.497,0.000,0,,,,,0,,,,,1.000,,0,,0,,0,0,-1.000,0.00,0.00,,
0.517,0.000,0,,,,,0,,,,,1.000,,0,,0,,0,0,-1.000,0.00,0.00,,
0.538,0.000,0,,,,,0,,,,,1.000,,0,,0,,0,0,-1.000,0.00,0.00,,
0.557,0.000,0,,,,,0,,,,,1.000,,0,,0,,0,0,-1.000,0.00,0.00,,
0.577,0.000,0,,,,,0,,,,,1.000,,0,,0,,0,0,-1.000,0.00,0.00,,
0.597,0.000,0,,,,,0,,,,,1.000,,0,,0,,0,0,-1.000,0.00,0.00,,
0.633,0.000,0,,,,,0,,,,,1.000,,0,,0,,0,0,-1.000,0.00,0.00,,
0.644,0.000,0,,,,,0,,,,,1.000,,0,,0,,0,0,-1.000,0.00,0.00,,
0.669,0.000,0,,,,,0,,,,,1.000,,0,,0,,0,0,-1.000,0.00,0.00,,
0.679,0.000,0,,,,,0,,,,,1.000,,0,,0,,0,0,-1.000,0.00,0.00,,
0.704,0.000,0,,,,,0,,,,,1.000,,0,,0,,0,0,-1.000,0.00,0.00,,
0.723,0.000,0,,,,,0,,,,,1.000,,0,,0,,0,0,-1.000,0.00,0.00,,
0.738,0.000,0,,,,,0,,,,,1.000,,0,,0,,0,0,-1.000,0.00,0.00,,
0.757,0.000,0,,,,,0,,,,,1.000,,0,,0,,0,0,-1.000,0.00,0.00,,
0.777,0.000,0,,,,,0,,,,,1.000,,0,,0,,0,0,-1.000,0.00,0.00,,
0.797,0.000,0,,,,,0,,,,,1.000,,0,,0,,0,0,-1.000,0.00,0.00,,
0.817,0.000,0,,,,,0,,,,,1.000,,0,,0,,0,0,-1.000,0.00,0.00,,
0.837,0.000,0,,,,,0,,,,,1.000,,0,,0,,0,0,-1.000,0.00,0.00,,
0.857,0.000,0,,,,,0,,,,,1.000,,0,,0,,0,0,-1.000,0.00,0.00,,
0.877,0.000,0,,,,,0,,,,,1.000,,0,,0,,0,0,-1.000,0.00,0.00,,
0.897,0.000,0,,,,,0,,,,,1.000,,0,,0,,0,0,-1.000,0.00,0.00,,
0.917,0.000,0,,,,,0,,,,,1.000,,0,,0,,0,0,-1.000,0.00,0.00,,
0.937,0.000,0,,,,,0,,,,,1.000,,0,,0,,0,0,-1.000,0.00,0.00,,
0.957,0.000,0,,,,,0,,,,,1.000,,0,,0,,0,0,-1.000,0.00,0.00,,
0.979,0.000,0,,,,,0,,,,,1.000,,0,,0,,0,0,-1.000,0.00,0.00,,
0.997,0.000,0,,,,,0,,,,,1.000,,0,,0,,0,0,-1.000,0.00,0.00,,
1.017,0.000,0,,,,,0,,,,,1.000,,0,,0,,0,0,-1.000,0.00,0.00,,
1.043,0.000,0,,,,,0,,,,,1.000,,0,,0,,0,0,-1.000,0.00,0.00,,
1.058,0.000,0,,,,,0,,,,,1.000,,0,,0,,0,0,-1.000,0.00,0.00,,
1.077,0.000,0,,,,,0,,,,,1.000,,0,,0,,0,0,-1.000,0.00,0.00,,
1.097,0.000,0,,,,,0,,,,,1.000,,0,,0,,0,0,-1.000,0.00,0.00,,
1.117,0.000,0,,,,,0,,,,,1.000,,0,,0,,0,0,-1.000,0.00,0.00,,
1.137,0.000,0,,,,,0,,,,,1.000,,0,,0,,0,0,-1.000,0.00,0.00,,
1.158,0.000,0,,,,,0,,,,,1.000,,0,,0,,0,0,-1.000,0.00,0.00,,
1.177,0.000,0,,,,,0,,,,,1.000,,0,,0,,0,0,-1.000,0.00,0.00,,
1.197,0.000,0,,,,,0,,,,,1.000,,0,,0,,0,0,-1.000,0.00,0.00,,
1.217,0.000,0,,,,,0,,,,,1.000,,0,,0,,0,0,-1.000,0.00,0.00,,
1.237,0.000,0,,,,,0,,,,,1.000,,0,,0,,0,0,-1.000,0.00,0.00,,
1.258,0.000,0,,,,,0,,,,,1.000,,0,,0,,0,0,-1.000,0.00,0.00,,
1.277,0.000,0,,,,,0,,,,,1.000,,0,,0,,0,0,-1.000,0.00,0.00,,
1.297,0.000,0,,,,,0,,,,,1.000,,0,,0,,0,0,-1.000,0.00,0.00,,
1.317,0.000,0,,,,,0,,,,,1.000,,0,,0,,0,0,-1.000,0.00,0.00,,
1.337,0.000,0,,,,,0,,,,,1.000,,0,,0,,0,0,-1.000,0.00,0.00,,
1.357,0.000,0,,,,,0,,,,,1.000,,0,,0,,0,0,-1.000,0.00,0.00,,
1.377,0.000,0,,,,,0,,,,,1.000,,0,,0,,0,0,-1.000,0.00,0.00,,
1.397,0.000,0,,,,,0,,,,,1.000,,0,,0,,0,0,-1.000,0.00,0.00,,
1.421,0.000,0,,,,,0,,,,,1.000,,0,,0,,0,0,-1.000,0.00,0.00,,
1.445,0.000,0,,,,,0,,,,,1.000,,0,,0,,0,0,-1.000,0.00,0.00,,
1.458,0.000,0,,,,,0,,,,,1.000,,0,,0,,0,0,-1.000,0.00,0.00,,
1.478,0.000,0,,,,,0,,,,,1.000,,0,,0,,0,0,-1.000,0.00,0.00,,
1.497,0.000,0,,,,,0,,,,,1.000,,0,,0,,0,0,-1.000,0.00,0.00,,
1.517,0.000,0,,,,,0,,,,,1.000,,0,,0,,0,0,-1.000,0.00,0.00,,
1.537,0.000,0,,,,,0,,,,,1.000,,0,,0,,0,0,-1.000,0.00,0.00,,
1.557,0.000,0,,,,,0,,,,,1.000,,0,,0,,0,0,-1.000,0.00,0.00,,
1.577,0.000,0,,,,,0,,,,,1.000,,0,,0,,0,0,-1.000,0.00,0.00,,
1.601,0.000,0,,,,,0,,,,,1.000,,0,,0,,0,0,-1.000,0.00,0.00,,
1.629,0.000,0,,,,,0,,,,,1.000,,0,,0,,0,0,-1.000,0.00,0.00,,
1.637,0.000,0,,,,,0,,,,,1.000,,0,,0,,0,0,-1.000,0.00,0.00,,
1.657,0.000,0,,,,,0,,,,,1.000,,0,,0,,0,0,-1.000,0.00,0.00,,
1.677,0.000,0,,,,,0,,,,,1.000,,0,,0,,0,0,-1.000,0.00,0.00,,
1.697,0.000,0,,,,,0,,,,,1.000,,0,,0,,0,0,-1.000,0.00,0.00,,
1.717,0.000,0,,,,,0,,,,,1.000,,0,,0,,0,0,-1.000,0.00,0.00,,
1.737,0.000,0,,,,,0,,,,,1.000,,0,,0,,0,0,-1.000,0.00,0.00,,
1.757,0.000,0,,,,,0,,,,,1.000,,0,,0,,0,0,-1.000,0.00,0.00,,
1.779,0.000,0,,,,,0,,,,,1.000,,0,,0,,0,0,-1.000,0.00,0.00,,
1.797,0.000,0,,,,,0,,,,,1.000,,0,,0,,0,0,-1.000,0.00,0.00,,
1.817,0.000,0,,,,,0,,,,,1.000,,0,,0,,0,0,-1.000,0.00,0.00,,
1.837,0.000,0,,,,,0,,,,,1.000,,0,,0,,0,0,-1.000,0.00,0.00,,
1.857,0.000,0,,,,,0,,,,,1.000,,0,,0,,0,0,-1.000,0.00,0.00,,
1.877,0.000,0,,,,,0,,,,,1.000,,0,,0,,0,0,-1.000,0.00,0.00,,
1.897,0.000,0,,,,,0,,,,,1.000,,0,,0,,0,0,-1.000,0.00,0.00,,
1.917,0.000,0,,,,,0,,,,,1.000,,0,,0,,0,0,-1.000,0.00,0.00,,
1.937,0.000,0,,,,,0,,,,,1.000,,0,,0,,0,0,-1.000,0.00,0.00,,
1.957,0.000,0,,,,,0,,,,,1.000,,0,,0,,0,0,-1.000,0.00,0.00,,
1.978,0.000,0,,,,,0,,,,,1.000,,0,,0,,0,0,-1.000,0.00,0.00,,
2.001,0.000,0,,,,,0,,,,,1.000,,0,,0,,0,0,-1.000,18.41,3.00,0.0244,0.0101
2.017,0.000,0,,,,,0,,,,,1.000,,0,,0,,0,0,-1.000,18.85,3.00,0.0342,0.0016
2.037,0.000,0,,,,,0,,,,,1.000,,0,,0,,0,0,-1.000,18.85,3.00,0.0297,0.0213
2.058,0.000,0,,,,,0,,,,GLOBAL,1.000,clear,0,,0,,0,0,-1.000,18.61,3.00,0.0504,0.0168
2.077,0.000,0,,,,,0,,,,GLOBAL,1.000,clear,0,,0,,0,0,-1.000,18.61,3.00,0.0436,0.0134
2.097,0.000,0,,,,,1,0.545,0.545,,GLOBAL,1.000,clear,0,,0,,0,0,-1.000,18.59,3.00,0.0401,0.0064
2.117,0.000,0,,,,,0,,,,GLOBAL,1.000,clear,0,,0,,0,0,-1.000,18.59,3.00,0.0343,0.0005
2.137,0.000,0,,,,,0,,,,GLOBAL,1.000,clear,0,,0,,0,0,-1.000,18.45,3.00,0.0300,0.0203
2.158,0.000,0,,,,,0,,,,GLOBAL,1.000,clear,0,,0,,0,0,-1.000,19.73,3.00,0.0505,0.0125
2.178,0.000,0,,,,,1,0.549,0.549,,GLOBAL,1.000,clear,0,,0,,0,0,-1.000,19.73,3.00,0.0447,0.0107
2.197,0.000,0,,,,,0,,,,GLOBAL,1.000,clear,0,,0,,0,0,-1.000,18.34,3.00,0.0389,0.0057
2.217,0.000,0,,,,,0,,,,GLOBAL,1.000,clear,0,,0,,0,0,-1.000,18.34,3.00,0.0346,0.0253
2.238,0.000,0,,,,,0,,,,GLOBAL,1.000,clear,0,,0,,0,0,-1.000,18.11,3.00,0.0559,0.0155
2.257,0.000,0,,,,,0,,,,GLOBAL,1.000,clear,0,,0,,0,0,-1.000,18.11,3.00,0.0490,0.0129
2.277,0.000,0,,,,,0,,,,GLOBAL,1.000,clear,0,,0,,0,0,-1.000,18.38,3.00,0.0400,0.0327
2.300,0.000,0,,,,,0,,,,GLOBAL,1.000,clear,0,,0,,0,0,-1.000,18.38,3.00,0.0413,0.0045
2.326,0.000,0,,,,,0,,,,GLOBAL,1.000,clear,0,,0,,0,0,-1.000,18.38,3.00,0.0439,0.0148
2.343,0.000,0,,,,,0,,,,GLOBAL,1.000,clear,0,,0,,0,0,-1.000,18.85,3.00,0.0347,0.0316
2.357,0.000,0,,,,,1,0.559,0.559,,GLOBAL,1.000,clear,0,,0,,0,0,-1.000,18.61,3.00,0.0493,0.0140
2.377,0.000,0,,,,,0,,,,GLOBAL,1.000,clear,0,,0,,0,0,-1.000,18.61,3.00,0.0434,0.0163
2.397,0.000,0,,,,,0,,,,GLOBAL,1.000,clear,0,,0,,0,0,-1.000,18.57,3.00,0.0391,0.0096
2.421,0.000,0,,,,,0,,,,GLOBAL,1.000,clear,0,,0,,0,0,-1.000,18.57,3.00,0.0370,0.0082
2.438,0.000,0,,,,,0,,,,GLOBAL,1.000,clear,0,,0,,0,0,-1.000,18.68,3.00,0.0298,0.0005
2.457,0.000,0,,,,,0,,,,GLOBAL,1.000,clear,0,,0,,0,0,-1.000,19.69,3.00,0.0496,0.0203
2.477,0.000,0,,,,,0,,,,GLOBAL,1.000,clear,0,,0,,0,0,-1.000,19.69,3.00,0.0428,0.0126
2.499,0.000,0,,,,,0,,,,GLOBAL,1.000,clear,0,,0,,0,0,-1.000,16.55,3.00,0.0415,0.0132
2.517,0.000,0,,,,,1,0.566,0.566,,GLOBAL,1.000,clear,0,,0,,0,0,-1.000,16.55,3.00,0.0336,0.0026
2.537,0.000,0,,,,,1,0.566,0.566,,GLOBAL,1.000,clear,0,,0,,0,0,-1.000,18.41,3.00,0.0261,0.0228
2.557,0.000,0,,,,,0,,,,GLOBAL,1.000,clear,0,,0,,0,0,-1.000,18.55,3.00,0.0461,0.0191
2.577,0.000,0,,,,,1,0.555,0.555,,GLOBAL,1.000,clear,0,,0,,0,0,-1.000,17.32,3.00,0.0427,0.0149
2.597,0.000,0,,,,,0,,,,GLOBAL,1.000,clear,0,,0,,0,0,-1.000,17.32,3.00,0.0400,0.0110
2.624,0.000,0,,,,,0,,,,GLOBAL,1.000,clear,0,,0,,0,0,-1.000,18.38,3.00,0.0411,0.0381
2.639,0.000,0,,,,,0,,,,GLOBAL,1.000,clear,0,,0,,0,0,-1.000,18.38,3.00,0.0281,0.0009
2.657,0.000,0,,,,,0,,,,GLOBAL,1.000,clear,0,,0,,0,0,-1.000,18.26,3.00,0.0465,0.0193
2.677,0.000,0,,,,,0,,,,GLOBAL,1.000,clear,0,,0,,0,0,-1.000,20.50,3.00,0.0423,0.0136
2.697,0.000,0,,,,,0,,,,GLOBAL,1.000,clear,0,,0,,0,0,-1.000,18.97,3.00,0.0385,0.0119
2.718,0.000,0,,,,,0,,,,GLOBAL,1.000,clear,0,,0,,0,0,-1.000,18.97,3.00,0.0355,0.0065
2.737,0.000,0,,,,,0,,,,GLOBAL,1.000,clear,0,,0,,0,0,-1.000,18.78,3.00,0.0287,0.0255
2.758,0.000,0,,,,,0,,,,GLOBAL,1.000,clear,0,,0,,0,0,-1.000,18.78,3.00,0.0491,0.0193
2.777,0.000,0,,,,,0,,,,GLOBAL,1.000,clear,0,,0,,0,0,-1.000,18.26,3.00,0.0426,0.0153
2.797,0.000,0,,,,,0,,,,GLOBAL,1.000,clear,0,,0,,0,0,-1.000,18.09,3.00,0.0372,0.0113
2.818,0.000,0,,,,,0,,,,GLOBAL,1.000,clear,0,,0,,0,0,-1.000,18.09,3.00,0.0355,0.0068
2.837,0.000,0,,,,,0,,,,GLOBAL,1.000,clear,0,,0,,0,0,-1.000,18.63,3.00,0.0256,0.0261
2.857,0.000,0,,,,,0,,,,GLOBAL,1.000,clear,0,,0,,0,0,-1.000,18.10,3.00,0.0457,0.0193
2.877,0.000,0,,,,,0,,,,GLOBAL,1.000,clear,0,,0,,0,0,-1.000,18.51,3.00,0.0433,0.0137
2.897,0.000,0,,,,,0,,,,GLOBAL,1.000,clear,0,,0,,0,0,-1.000,18.51,3.00,0.0362,0.0107
2.918,0.000,0,,,,,0,,,,GLOBAL,1.000,clear,0,,0,,0,0,-1.000,17.77,3.00,0.0348,0.0077
2.937,0.000,0,,,,,0,,,,GLOBAL,1.000,clear,0,,0,,0,0,-1.000,17.77,3.00,0.0291,0.0264
2.958,0.000,0,,,,,0,,,,GLOBAL,1.000,clear,0,,0,,0,0,-1.000,18.25,3.00,0.0498,0.0204
2.977,0.000,0,,,,,0,,,,GLOBAL,1.000,clear,0,,0,,0,0,-1.000,18.20,3.00,0.0429,0.0137
2.997,0.000,0,,,,,0,,,,GLOBAL,1.000,clear,0,,0,,0,0,-1.000,18.68,3.00,0.0369,0.0109
3.017,0.000,0,,,,,0,,,,GLOBAL,1.000,clear,0,,0,,0,0,-1.000,18.68,3.00,0.0340,0.0060
3.039,0.000,0,,,,,0,,,,GLOBAL,1.000,clear,0,,0,,0,0,-1.000,18.43,3.00,0.0556,0.0276
3.057,0.000,0,,,,,0,,,,GLOBAL,1.000,clear,0,,0,,0,0,-1.000,18.40,3.00,0.0500,0.0171
3.077,0.000,0,,,,,0,,,,GLOBAL,1.000,clear,0,,0,,0,0,-1.000,18.40,3.00,0.0440,0.0123
3.097,0.000,0,,,,,0,,,,GLOBAL,1.000,clear,0,,0,,0,0,-1.000,18.44,3.00,0.0385,0.0079
3.117,0.000,0,,,,,0,,,,GLOBAL,1.000,clear,0,,0,,0,0,-1.000,18.44,3.00,0.0347,0.0281
3.137,0.000,0,,,,,1,0.563,0.563,,GLOBAL,1.000,clear,0,,0,,0,0,-1.000,18.24,3.00,0.0286,0.0194
3.158,0.000,0,,,,,0,,,,GLOBAL,1.000,clear,0,,0,,0,0,-1.000,18.95,3.00,0.0492,0.0195
3.177,0.000,0,,,,,0,,,,GLOBAL,1.000,clear,0,,0,,0,0,-1.000,18.30,3.00,0.0426,0.0156
3.197,0.000,0,,,,,0,,,,GLOBAL,1.000,clear,0,,0,,0,0,-1.000,18.30,3.00,0.0390,0.0095
3.217,0.000,0,,,,,0,,,,GLOBAL,1.000,clear,0,,0,,0,0,-1.000,18.24,3.00,0.0350,0.0007
3.237,0.000,0,,,,,0,,,,GLOBAL,1.000,clear,0,,0,,0,0,-1.000,18.38,3.00,0.0292,0.0205
3.257,0.000,0,,,,,0,,,,GLOBAL,1.000,clear,0,,0,,0,0,-1.000,18.38,3.00,0.0489,0.0116
3.277,0.000,0,,,,,0,,,,GLOBAL,1.000,clear,0,,0,,0,0,-1.000,17.18,3.00,0.0449,0.0108
3.297,0.000,0,,,,,0,,,,GLOBAL,1.000,clear,0,,0,,0,0,-1.000,18.09,3.00,0.0393,0.0066
3.317,0.000,0,,,,,0,,,,GLOBAL,1.000,clear,0,,0,,0,0,-1.000,18.09,3.00,0.0349,0.0266
3.338,0.000,0,,,,,0,,,,GLOBAL,1.000,clear,0,,0,,0,0,-1.000,21.40,3.00,0.0298,0.0073
3.357,0.000,0,,,,,0,,,,GLOBAL,1.000,clear,0,,0,,0,0,-1.000,16.62,3.00,0.0494,0.0162
3.377,0.000,0,,,,,0,,,,GLOBAL,1.000,clear,0,,0,,0,0,-1.000,16.62,3.00,0.0435,0.0152
3.398,0.000,0,,,,,0,,,,GLOBAL,1.000,clear,0,,0,,0,0,-1.000,19.39,3.00,0.0399,0.0099
3.418,0.000,0,,,,,0,,,,GLOBAL,1.000,clear,0,,0,,0,0,-1.000,19.39,3.00,0.0334,0.0047
3.438,0.000,0,,,,,0,,,,GLOBAL,1.000,clear,0,,0,,0,0,-1.000,17.97,3.00,0.0301,0.0006
3.457,0.000,0,,,,,0,,,,GLOBAL,1.000,clear,0,,0,,0,0,-1.000,18.46,3.00,0.0498,0.0203
3.477,0.000,0,,,,,0,,,,GLOBAL,1.000,clear,0,,0,,0,0,-1.000,18.36,3.00,0.0437,0.0163
3.497,0.000,0,,,,,0,,,,GLOBAL,1.000,clear,0,,0,,0,0,-1.000,18.36,3.00,0.0396,0.0102
3.517,0.000,0,,,,,0,,,,GLOBAL,1.000,clear,0,,0,,0,0,-1.000,18.39,3.00,0.0341,0.0060
3.537,0.000,0,,,,,0,,,,GLOBAL,1.000,clear,0,,0,,0,0,-1.000,18.39,3.00,0.0295,0.0006
3.558,0.000,0,,,,,0,,,,GLOBAL,1.000,clear,0,,0,,0,0,-1.000,19.07,3.00,0.0504,0.0215
3.577,0.000,0,,,,,0,,,,GLOBAL,1.000,clear,0,,0,,0,0,-1.000,18.48,3.00,0.0441,0.0143
3.597,0.000,0,,,,,0,,,,GLOBAL,1.000,clear,0,,0,,0,0,-1.000,18.61,3.00,0.0399,0.0105
3.617,0.000,0,,,,,0,,,,GLOBAL,1.000,clear,0,,0,,0,0,-1.000,18.61,3.00,0.0342,0.0034
3.637,0.000,0,,,,,1,0.547,0.547,,GLOBAL,1.000,clear,0,,0,,0,0,-1.000,18.48,3.00,0.0289,0.0021
3.657,0.000,0,,,,,1,0.547,0.547,,GLOBAL,1.000,clear,0,,0,,0,0,-1.000,18.49,3.00,0.0486,0.0218
3.677,0.000,0,,,,,1,0.554,0.554,,GLOBAL,1.000,clear,0,,0,,0,0,-1.000,18.49,3.00,0.0445,0.0142
3.697,0.000,0,,,,,0,,,,GLOBAL,1.000,clear,0,,0,,0,0,-1.000,18.60,3.00,0.0370,0.0118
3.717,0.000,0,,,,,0,,,,GLOBAL,1.000,clear,0,,0,,0,0,-1.000,20.41,3.00,0.0344,0.0023
3.737,0.000,0,,,,,0,,,,GLOBAL,1.000,clear,0,,0,,0,0,-1.000,20.41,3.00,0.0275,0.0224
3.757,0.000,0,,,,,0,,,,GLOBAL,1.000,clear,0,,0,,0,0,-1.000,18.26,3.00,0.0475,0.0173
3.778,0.000,0,,,,,0,,,,GLOBAL,1.000,clear,0,,0,,0,0,-1.000,18.26,3.00,0.0434,0.0155
3.798,0.000,0,,,,,0,,,,GLOBAL,1.000,clear,0,,0,,0,0,-1.000,16.85,3.00,0.0382,0.0125
3.817,0.000,0,,,,,0,,,,GLOBAL,1.000,clear,0,,0,,0,0,-1.000,18.39,3.00,0.0351,0.0015
3.837,0.000,0,,,,,0,,,,GLOBAL,1.000,clear,0,,0,,0,0,-1.000,17.95,3.00,0.0293,0.0212
3.857,0.000,0,,,,,0,,,,GLOBAL,1.000,clear,0,,0,,0,0,-1.000,17.95,3.00,0.0492,0.0189
3.877,0.000,0,,,,,0,,,,GLOBAL,1.000,clear,0,,0,,0,0,-1.000,18.36,3.00,0.0436,0.0140
3.897,0.000,0,,,,,0,,,,GLOBAL,1.000,clear,0,,0,,0,0,-1.000,18.34,3.00,0.0378,0.0104
3.917,0.000,0,,,,,0,,,,GLOBAL,1.000,clear,0,,0,,0,0,-1.000,18.34,3.00,0.0337,0.0042
3.938,0.000,0,,,,,0,,,,GLOBAL,1.000,clear,0,,0,,0,0,-1.000,19.75,3.00,0.0303,0.0008
3.957,0.000,0,,,,,0,,,,GLOBAL,1.000,clear,0,,0,,0,0,-1.000,18.14,3.00,0.0499,0.0204
3.977,0.000,0,,,,,0,,,,GLOBAL,1.000,clear,0,,0,,0,0,-1.000,18.14,3.00,0.0438,0.0153
3.997,0.000,0,,,,,0,,,,GLOBAL,1.000,clear,0,,0,,0,0,-1.000,19.62,3.00,0.0388,0.0088
4.017,0.000,0,,,,,1,0.554,0.554,,GLOBAL,1.000,clear,0,,0,,0,0,-1.000,18.35,3.00,0.0341,0.0043
4.037,0.000,0,,,,,0,,,,GLOBAL,1.000,clear,0,,0,,0,0,-1.000,18.35,3.00,0.0303,0.0007
4.057,0.000,0,,,,,0,,,,GLOBAL,1.000,clear,0,,0,,0,0,-1.000,17.74,3.00,0.0500,0.0204
4.077,0.000,0,,,,,0,,,,GLOBAL,1.000,clear,0,,0,,0,0,-1.000,18.60,3.00,0.0443,0.0133
4.098,0.000,0,,,,,0,,,,GLOBAL,1.000,clear,0,,0,,0,0,-1.000,18.60,3.00,0.0379,0.0112
4.117,0.000,0,,,,,0,,,,GLOBAL,1.000,clear,0,,0,,0,0,-1.000,18.66,3.00,0.0345,0.0028
4.138,0.000,0,,,,,0,,,,GLOBAL,1.000,clear,0,,0,,0,0,-1.000,17.41,3.00,0.0278,0.0009
4.157,0.000,0,,,,,0,,,,GLOBAL,1.000,clear,0,,0,,0,0,-1.000,17.41,3.00,0.0472,0.0203
4.177,0.000,0,,,,,0,,,,GLOBAL,1.000,clear,0,,0,,0,0,-1.000,18.37,3.00,0.0448,0.0163
4.197,0.000,0,,,,,0,,,,GLOBAL,1.000,clear,0,,0,,0,0,-1.000,19.67,3.00,0.0389,0.0112
4.217,0.000,0,,,,,0,,,,GLOBAL,1.000,clear,0,,0,,0,0,-1.000,19.67,3.00,0.0347,0.0044
4.238,0.000,0,,,,,0,,,,GLOBAL,1.000,clear,0,,0,,0,0,-1.000,19.62,3.00,0.0279,0.0249
4.257,0.000,0,,,,,0,,,,GLOBAL,1.000,clear,0,,0,,0,0,-1.000,18.90,3.00,0.0478,0.0194
4.278,0.000,0,,,,,0,,,,GLOBAL,1.000,clear,0,,0,,0,0,-1.000,18.90,3.00,0.0432,0.0162
4.297,0.000,0,,,,,0,,,,GLOBAL,1.000,clear,0,,0,,0,0,-1.000,17.77,3.00,0.0375,0.0104
4.317,0.000,0,,,,,0,,,,GLOBAL,1.000,clear,0,,0,,0,0,-1.000,18.67,3.00,0.0335,0.0050
4.338,0.000,0,,,,,0,,,,GLOBAL,1.000,clear,0,,0,,0,0,-1.000,18.67,3.00,0.0286,0.0258
4.357,0.000,0,,,,,1,0.559,0.559,,GLOBAL,1.000,clear,0,,0,,0,0,-1.000,19.37,3.00,0.0478,0.0187
4.377,0.000,0,,,,,0,,,,GLOBAL,1.000,clear,0,,0,,0,0,-1.000,18.90,3.00,0.0431,0.0167
4.397,0.000,0,,,,,1,0.559,0.559,,GLOBAL,1.000,clear,0,,0,,0,0,-1.000,18.90,3.00,0.0366,0.0106
4.417,0.000,0,,,,,0,,,,GLOBAL,1.000,clear,0,,0,,0,0,-1.000,18.85,3.00,0.0338,0.0046
4.439,0.000,0,,,,,1,0.554,0.554,,GLOBAL,1.000,clear,0,,0,,0,0,-1.000,18.95,3.00,0.0317,0.0008
4.459,0.000,0,,,,,1,0.554,0.554,,GLOBAL,1.000,clear,0,,0,,0,0,-1.000,18.95,3.00,0.0514,0.0205
4.477,0.000,0,,,,,0,,,,GLOBAL,1.000,clear,0,,0,,0,0,-1.000,18.07,3.00,0.0441,0.0158
4.497,0.000,0,,,,,0,,,,GLOBAL,1.000,clear,0,,0,,0,0,-1.000,18.07,3.00,0.0400,0.0115
4.517,0.000,0,,,,,0,,,,GLOBAL,1.000,clear,0,,0,,0,0,-1.000,19.43,3.00,0.0324,0.0046
4.537,0.000,0,,,,,0,,,,GLOBAL,1.000,clear,0,,0,,0,0,-1.000,18.89,3.00,0.0284,0.0005
4.557,0.000,0,,,,,0,,,,GLOBAL,1.000,clear,0,,0,,0,0,-1.000,18.89,3.00,0.0484,0.0204
4.577,0.000,0,,,,,0,,,,GLOBAL,1.000,clear,0,,0,,0,0,-1.000,18.31,3.00,0.0431,0.0117
4.597,0.000,0,,,,,0,,,,GLOBAL,1.000,clear,0,,0,,0,0,-1.000,17.86,3.00,0.0356,0.0098
4.617,0.000,0,,,,,0,,,,GLOBAL,1.000,clear,0,,0,,0,0,-1.000,16.58,3.00,0.0345,0.0050
4.637,0.000,0,,,,,0,,,,GLOBAL,1.000,clear,0,,0,,0,0,-1.000,16.58,3.00,0.0290,0.0253
4.657,0.000,0,,,,,0,,,,GLOBAL,1.000,clear,0,,0,,0,0,-1.000,19.20,3.00,0.0488,0.0194
4.678,0.000,0,,,,,0,,,,GLOBAL,1.000,clear,0,,0,,0,0,-1.000,18.49,3.00,0.0435,0.0147
4.698,0.000,0,,,,,0,,,,GLOBAL,1.000,clear,0,,0,,0,0,-1.000,18.49,3.00,0.0380,0.0115
4.717,0.000,0,,,,,0,,,,GLOBAL,1.000,clear,0,,0,,0,0,-1.000,18.96,3.00,0.0350,0.0312
4.738,0.000,0,,,,,0,,,,GLOBAL,1.000,clear,0,,0,,0,0,-1.000,18.52,3.00,0.0278,0.0008
4.758,0.000,0,,,,,0,,,,GLOBAL,1.000,clear,0,,0,,0,0,-1.000,18.52,3.00,0.0486,0.0215
4.777,0.000,0,,,,,1,0.590,0.590,,GLOBAL,1.000,clear,0,,0,,0,0,-1.000,18.36,3.00,0.0437,0.0127
4.797,0.000,0,,,,,0,,,,GLOBAL,1.000,clear,0,,0,,0,0,-1.000,18.42,3.00,0.0379,0.0113
4.818,0.000,0,,,,,0,,,,GLOBAL,1.000,clear,0,,0,,0,0,-1.000,18.42,3.00,0.0341,0.0073
4.837,0.000,0,,,,,0,,,,GLOBAL,1.000,clear,0,,0,,0,0,-1.000,18.28,3.00,0.0283,0.0009
4.858,0.000,0,,,,,0,,,,GLOBAL,1.000,clear,0,,0,,0,0,-1.000,18.85,3.00,0.0489,0.0215
4.877,0.000,0,,,,,0,,,,GLOBAL,1.000,clear,0,,0,,0,0,-1.000,18.85,3.00,0.0421,0.0164
4.897,0.000,0,,,,,0,,,,GLOBAL,1.000,clear,0,,0,,0,0,-1.000,18.94,3.00,0.0367,0.0114
4.917,0.000,0,,,,,0,,,,GLOBAL,1.000,clear,0,,0,,0,0,-1.000,18.42,3.00,0.0325,0.0028
4.937,0.000,0,,,,,0,,,,GLOBAL,1.000,clear,0,,0,,0,0,-1.000,18.42,3.00,0.0257,0.0005
4.957,0.000,0,,,,,0,,,,GLOBAL,1.000,clear,0,,0,,0,0,-1.000,17.19,3.00,0.0454,0.0202
4.977,0.000,0,,,,,1,0.560,0.560,,GLOBAL,1.000,clear,0,,0,,0,0,-1.000,19.29,3.00,0.0429,0.0129
4.997,0.000,0,,,,,0,,,,GLOBAL,1.000,clear,0,,0,,0,0,-1.000,19.29,3.00,0.0365,0.0115
5.017,0.000,0,,,,,0,,,,GLOBAL,1.000,clear,0,,0,,0,0,-1.000,16.83,3.00,0.0344,0.0038
5.038,0.000,0,,,,,0,,,,GLOBAL,1.000,clear,0,,0,,0,0,-1.000,20.16,3.00,0.0275,0.0022
5.057,0.000,0,,,,,0,,,,GLOBAL,1.000,clear,0,,0,,0,0,-1.000,20.16,3.00,0.0469,0.0216
5.077,0.000,0,,,,,0,,,,GLOBAL,1.000,clear,0,,0,,0,0,-1.000,18.50,3.00,0.0444,0.0129
5.097,0.000,0,,,,,0,,,,GLOBAL,1.000,clear,0,,0,,0,0,-1.000,18.66,3.00,0.0372,0.0091
5.118,0.000,0,,,,,0,,,,GLOBAL,1.000,clear,0,,0,,0,0,-1.000,18.66,3.00,0.0354,0.0052
5.137,0.000,0,,,,,0,,,,GLOBAL,1.000,clear,0,,0,,0,0,-1.000,18.79,3.00,0.0274,0.0245
5.157,0.000,0,,,,,0,,,,GLOBAL,1.000,clear,0,,0,,0,0,-1.000,18.17,3.00,0.0474,0.0189
5.177,0.000,0,,,,,0,,,,GLOBAL,1.000,clear,0,,0,,0,0,-1.000,18.17,3.00,0.0433,0.0150
5.197,0.000,0,,,,,0,,,,GLOBAL,1.000,clear,0,,0,,0,0,-1.000,18.17,3.00,0.0377,0.0060
5.217,0.000,0,,,,,0,,,,GLOBAL,1.000,clear,0,,0,,0,0,-1.000,18.49,3.00,0.0322,0.0029
5.237,0.000,0,,,,,0,,,,GLOBAL,1.000,clear,0,,0,,0,0,-1.000,18.49,3.00,0.0286,0.0231
5.257,0.000,0,,,,,0,,,,GLOBAL,1.000,clear,0,,0,,0,0,-1.000,17.02,3.00,0.0522,0.0159
5.277,0.000,0,,,,,0,,,,GLOBAL,1.000,clear,0,,0,,0,0,-1.000,18.53,3.00,0.0431,0.0124
5.298,0.000,0,,,,,0,,,,GLOBAL,1.000,clear,0,,0,,0,0,-1.000,18.53,3.00,0.0398,0.0096
5.318,0.000,0,,,,,0,,,,GLOBAL,1.000,clear,0,,0,,0,0,-1.000,18.35,3.00,0.0340,0.0042
5.337,0.000,0,,,,,0,,,,GLOBAL,1.000,clear,0,,0,,0,0,-1.000,18.35,3.00,0.0296,0.0239
5.357,0.000,0,,,,,0,,,,GLOBAL,1.000,clear,0,,0,,0,0,-1.000,19.23,3.00,0.0498,0.0147
5.377,0.000,0,,,,,0,,,,GLOBAL,1.000,clear,0,,0,,0,0,-1.000,18.44,3.00,0.0440,0.0140
5.397,0.000,0,,,,,0,,,,GLOBAL,1.000,clear,0,,0,,0,0,-1.000,18.44,3.00,0.0396,0.0100
5.420,0.000,0,,,,,0,,,,GLOBAL,1.000,clear,0,,0,,0,0,-1.000,18.96,3.00,0.0350,0.0018
5.437,0.000,0,,,,,0,,,,GLOBAL,1.000,clear,0,,0,,0,0,-1.000,18.57,3.00,0.0268,0.0194
5.457,0.000,0,,,,,0,,,,GLOBAL,1.000,clear,0,,0,,0,0,-1.000,18.57,3.00,0.0467,0.0195
5.477,0.000,0,,,,,0,,,,GLOBAL,1.000,clear,0,,0,,0,0,-1.000,18.40,3.00,0.0444,0.0135
5.497,0.000,0,,,,,0,,,,GLOBAL,1.000,clear,0,,0,,0,0,-1.000,19.66,3.00,0.0377,0.0119
5.517,0.000,0,,,,,1,0.551,0.551,,GLOBAL,1.000,clear,0,,0,,0,0,-1.000,19.50,3.00,0.0331,0.0058
5.538,0.000,0,,,,,0,,,,GLOBAL,1.000,clear,0,,0,,0,0,-1.000,19.50,3.00,0.0291,0.0006
5.557,0.000,0,,,,,0,,,,GLOBAL,1.000,clear,0,,0,,0,0,-1.000,18.77,3.00,0.0488,0.0203
5.577,0.000,0,,,,,1,0.541,0.541,,GLOBAL,1.000,clear,0,,0,,0,0,-1.000,18.64,3.00,0.0431,0.0159
5.597,0.000,0,,,,,1,0.569,0.569,,GLOBAL,1.000,clear,0,,0,,0,0,-1.000,18.64,3.00,0.0373,0.0115
5.617,0.000,0,,,,,0,,,,GLOBAL,1.000,clear,0,,0,,0,0,-1.000,16.70,3.00,0.0335,0.0038
5.637,0.000,0,,,,,0,,,,GLOBAL,1.000,clear,0,,0,,0,0,-1.000,19.23,3.00,0.0250,0.0237
5.657,0.000,0,,,,,0,,,,GLOBAL,1.000,clear,0,,0,,0,0,-1.000,19.23,3.00,0.0450,0.0155
5.677,0.000,0,,,,,0,,,,GLOBAL,1.000,clear,0,,0,,0,0,-1.000,17.01,3.00,0.0450,0.0124
5.697,0.000,0,,,,,0,,,,GLOBAL,1.000,clear,0,,0,,0,0,-1.000,17.01,3.00,0.0377,0.0103
5.717,0.000,0,,,,,0,,,,GLOBAL,1.000,clear,0,,0,,0,0,-1.000,17.96,3.00,0.0336,0.0051
5.737,0.000,0,,,,,0,,,,GLOBAL,1.000,clear,0,,0,,0,0,-1.000,18.54,3.00,0.0279,0.0008
5.757,0.000,0,,,,,0,,,,GLOBAL,1.000,clear,0,,0,,0,0,-1.000,17.98,3.00,0.0477,0.0207
5.777,0.000,0,,,,,0,,,,GLOBAL,1.000,clear,0,,0,,0,0,-1.000,17.98,3.00,0.0436,0.0158
5.797,0.000,0,,,,,0,,,,GLOBAL,1.000,clear,0,,0,,0,0,-1.000,19.17,3.00,0.0380,0.0104
5.817,0.000,0,,,,,0,,,,GLOBAL,1.000,clear,0,,0,,0,0,-1.000,19.68,3.00,0.0338,0.0066
5.837,0.000,0,,,,,0,,,,GLOBAL,1.000,clear,0,,0,,0,0,-1.000,19.68,3.00,0.0297,0.0264
5.857,0.000,0,,,,,0,,,,GLOBAL,1.000,clear,0,,0,,0,0,-1.000,17.52,3.00,0.0498,0.0189
5.877,0.000,0,,,,,0,,,,GLOBAL,1.000,clear,0,,0,,0,0,-1.000,18.88,3.00,0.0420,0.0163
5.897,0.000,0,,,,,0,,,,GLOBAL,1.000,clear,0,,0,,0,0,-1.000,18.88,3.00,0.0397,0.0113
5.918,0.000,0,,,,,0,,,,GLOBAL,1.000,clear,0,,0,,0,0,-1.000,17.56,3.00,0.0346,0.0019
5.937,0.000,0,,,,,0,,,,GLOBAL,1.000,clear,0,,0,,0,0,-1.000,18.45,3.00,0.0270,0.0215
5.958,0.000,0,,,,,1,0.545,0.545,,GLOBAL,1.000,clear,0,,0,,0,0,-1.000,18.45,3.00,0.0475,0.0201
5.977,0.000,0,,,,,0,,,,GLOBAL,1.000,clear,0,,0,,0,0,-1.000,18.97,3.00,0.0444,0.0132
5.997,0.000,0,,,,,1,0.558,0.558,,GLOBAL,1.000,clear,0,,0,,0,0,-1.000,19.27,3.00,0.0385,0.0103
6.017,0.000,0,,,,,0,,,,GLOBAL,1.000,clear,0,,0,,0,0,-1.000,19.27,3.00,0.0345,0.0056
6.037,0.000,0,,,,,0,,,,GLOBAL,1.000,clear,0,,0,,0,0,-1.000,17.86,3.00,0.0271,0.0257
6.057,0.000,0,,,,,0,,,,GLOBAL,1.000,clear,0,,0,,0,0,-1.000,17.86,3.00,0.0469,0.0194
6.078,0.000,0,,,,,0,,,,GLOBAL,1.000,clear,0,,0,,0,0,-1.000,18.37,3.00,0.0451,0.0164
6.097,0.000,0,,,,,0,,,,GLOBAL,1.000,clear,0,,0,,0,0,-1.000,19.75,3.00,0.0371,0.0115
6.118,0.000,0,,,,,0,,,,GLOBAL,1.000,clear,0,,0,,0,0,-1.000,18.21,3.00,0.0338,0.0052
6.138,0.000,0,,,,,0,,,,GLOBAL,1.000,clear,0,,0,,0,0,-1.000,18.21,3.00,0.0281,0.0021
6.158,0.000,0,,,,,0,,,,GLOBAL,1.000,clear,0,,0,,0,0,-1.000,17.44,3.00,0.0480,0.0220
6.177,0.000,0,,,,,0,,,,GLOBAL,1.000,clear,0,,0,,0,0,-1.000,16.79,3.00,0.0435,0.0157
6.197,0.000,0,,,,,0,,,,GLOBAL,1.000,clear,0,,0,,0,0,-1.000,16.79,3.00,0.0360,0.0099
6.217,0.000,0,,,,,0,,,,GLOBAL,1.000,clear,0,,0,,0,0,-1.000,18.38,3.00,0.0334,0.0046
6.237,0.000,0,,,,,0,,,,GLOBAL,1.000,clear,0,,0,,0,0,-1.000,18.38,3.00,0.0275,0.0247
6.257,0.000,0,,,,,0,,,,GLOBAL,1.000,clear,0,,0,,0,0,-1.000,18.10,3.00,0.0474,0.0186
6.277,0.000,0,,,,,0,,,,GLOBAL,1.000,clear,0,,0,,0,0,-1.000,18.20,3.00,0.0429,0.0124
6.297,0.000,0,,,,,0,,,,GLOBAL,1.000,clear,0,,0,,0,0,-1.000,17.66,3.00,0.0380,0.0088
6.318,0.000,0,,,,,0,,,,GLOBAL,1.000,clear,0,,0,,0,0,-1.000,17.66,3.00,0.0346,0.0073
6.338,0.000,0,,,,,0,,,,GLOBAL,1.000,clear,0,,0,,0,0,-1.000,17.89,3.00,0.0298,0.0269
6.357,0.000,0,,,,,0,,,,GLOBAL,1.000,clear,0,,0,,0,0,-1.000,17.77,3.00,0.0495,0.0174
6.377,0.000,0,,,,,0,,,,GLOBAL,1.000,clear,0,,0,,0,0,-1.000,17.77,3.00,0.0433,0.0151
6.397,0.000,0,,,,,0,,,,GLOBAL,1.000,clear,0,,0,,0,0,-1.000,17.85,3.00,0.0398,0.0081
6.417,0.000,0,,,,,0,,,,GLOBAL,1.000,clear,0,,0,,0,0,-1.000,17.99,3.00,0.0336,0.0031
6.439,0.000,0,,,,,0,,,,GLOBAL,1.000,clear,0,,0,,0,0,-1.000,17.99,3.00,0.0313,0.0247
6.457,0.000,0,,,,,0,,,,GLOBAL,1.000,clear,0,,0,,0,0,-1.000,18.00,3.00,0.0499,0.0176
6.477,0.000,0,,,,,0,,,,GLOBAL,1.000,clear,0,,0,,0,0,-1.000,18.00,3.00,0.0441,0.0108
6.497,0.000,0,,,,,0,,,,GLOBAL,1.000,clear,0,,0,,0,0,-1.000,17.41,3.00,0.0371,0.0117
6.518,0.000,0,,,,,0,,,,GLOBAL,1.000,clear,0,,0,,0,0,-1.000,17.70,3.00,0.0348,0.0064
6.537,0.000,0,,,,,0,,,,GLOBAL,1.000,clear,0,,0,,0,0,-1.000,17.09,3.00,0.0271,0.0019
6.557,0.000,0,,,,,0,,,,GLOBAL,1.000,clear,0,,0,,0,0,-1.000,17.09,3.00,0.0469,0.0217
6.577,0.000,0,,,,,0,,,,GLOBAL,1.000,clear,0,,0,,0,0,-1.000,19.37,3.00,0.0442,0.0158
6.597,0.000,0,,,,,0,,,,GLOBAL,1.000,clear,0,,0,,0,0,-1.000,16.08,3.00,0.0373,0.0107
6.617,0.000,0,,,,,0,,,,GLOBAL,1.000,clear,0,,0,,0,0,-1.000,16.08,3.00,0.0334,0.0042
6.638,0.000,0,,,,,0,,,,GLOBAL,1.000,clear,0,,0,,0,0,-1.000,18.21,3.00,0.0278,0.0247
6.657,0.000,0,,,,,0,,,,GLOBAL,1.000,clear,0,,0,,0,0,-1.000,18.83,3.00,0.0472,0.0183
6.677,0.000,0,,,,,0,,,,GLOBAL,1.000,clear,0,,0,,0,0,-1.000,18.83,3.00,0.0429,0.0136
6.698,0.000,0,,,,,0,,,,GLOBAL,1.000,clear,0,,0,,0,0,-1.000,19.17,3.00,0.0369,0.0094
6.717,0.000,0,,,,,0,,,,GLOBAL,1.000,clear,0,,0,,0,0,-1.000,19.17,3.00,0.0336,0.0050
6.739,0.000,0,,,,,0,,,,GLOBAL,1.000,clear,0,,0,,0,0,-1.000,17.37,3.00,0.0294,0.0265
6.758,0.000,0,,,,,0,,,,GLOBAL,1.000,clear,0,,0,,0,0,-1.000,17.89,3.00,0.0483,0.0163
6.777,0.000,0,,,,,0,,,,GLOBAL,1.000,clear,0,,0,,0,0,-1.000,17.99,3.00,0.0439,0.0153
6.798,0.000,0,,,,,0,,,,GLOBAL,1.000,clear,0,,0,,0,0,-1.000,17.99,3.00,0.0403,0.0105
6.817,0.000,0,,,,,0,,,,GLOBAL,1.000,clear,0,,0,,0,0,-1.000,17.26,3.00,0.0337,0.0042
6.837,0.000,0,,,,,0,,,,GLOBAL,1.000,clear,0,,0,,0,0,-1.000,17.26,3.00,0.0298,0.0244
6.857,0.000,0,,,,,0,,,,GLOBAL,1.000,clear,0,,0,,0,0,-1.000,16.81,3.00,0.0504,0.0172
6.878,0.000,0,,,,,0,,,,GLOBAL,1.000,clear,0,,0,,0,0,-1.000,18.18,3.00,0.0434,0.0047
6.898,0.000,0,,,,,0,,,,GLOBAL,1.000,clear,0,,0,,0,0,-1.000,17.75,3.00,0.0405,0.0091
6.921,0.000,0,,,,,0,,,,GLOBAL,1.000,clear,0,,0,,0,0,-1.000,17.75,3.00,0.0377,0.0052
6.940,0.000,0,,,,,0,,,,GLOBAL,1.000,clear,0,,0,,0,0,-1.000,17.83,3.00,0.0292,0.0240
6.957,0.000,0,,,,,0,,,,GLOBAL,1.000,clear,0,,0,,0,0,-1.000,18.37,3.00,0.0469,0.0148
6.978,0.000,0,,,,,0,,,,GLOBAL,1.000,clear,0,,0,,0,0,-1.000,18.37,3.00,0.0454,0.0147
6.997,0.000,0,,,,,0,,,,GLOBAL,1.000,clear,0,,0,,0,0,-1.000,18.20,3.00,0.0367,0.0082
7.017,0.000,0,,,,,0,,,,GLOBAL,1.000,clear,0,,0,,0,0,-1.000,17.30,3.00,0.0344,0.0043
7.037,0.000,0,,,,,0,,,,GLOBAL,1.000,clear,0,,0,,0,0,-1.000,17.30,3.00,0.0269,0.0243
7.057,0.000,0,,,,,0,,,,GLOBAL,1.000,clear,0,,0,,0,0,-1.000,18.40,3.00,0.0470,0.0189
7.077,0.000,0,,,,,0,,,,GLOBAL,1.000,clear,0,,0,,0,0,-1.000,17.25,3.00,0.0436,0.0130
7.097,0.000,0,,,,,0,,,,GLOBAL,1.000,clear,0,,0,,0,0,-1.000,17.25,3.00,0.0372,0.0110
7.117,0.000,0,,,,,0,,,,GLOBAL,1.000,clear,0,,0,,0,0,-1.000,18.73,3.00,0.0346,0.0055
7.137,0.000,0,,,,,0,,,,GLOBAL,1.000,clear,0,,0,,0,0,-1.000,18.14,3.00,0.0274,0.0256
7.157,0.000,0,,,,,0,,,,GLOBAL,1.000,clear,0,,0,,0,0,-1.000,18.14,3.00,0.0473,0.0195
7.177,0.000,0,,,,,0,,,,GLOBAL,1.000,clear,0,,0,,0,0,-1.000,18.03,3.00,0.0426,0.0163
7.198,0.000,0,,,,,0,,,,GLOBAL,1.000,clear,0,,0,,0,0,-1.000,18.03,3.00,0.0380,0.0104
7.217,0.000,0,,,,,0,,,,GLOBAL,1.000,clear,0,,0,,0,0,-1.000,17.32,3.00,0.0335,0.0036
7.237,0.000,0,,,,,0,,,,GLOBAL,1.000,clear,0,,0,,0,0,-1.000,17.36,3.00,0.0279,0.0238
7.257,0.000,0,,,,,0,,,,GLOBAL,1.000,clear,0,,0,,0,0,-1.000,20.30,3.00,0.0480,0.0190
7.277,0.000,0,,,,,0,,,,GLOBAL,1.000,clear,0,,0,,0,0,-1.000,20.30,3.00,0.0437,0.0136
7.297,0.000,0,,,,,0,,,,GLOBAL,1.000,clear,0,,0,,0,0,-1.000,18.35,3.00,0.0378,0.0098
7.317,0.000,0,,,,,1,0.579,0.579,,GLOBAL,1.000,clear,0,,0,,0,0,-1.000,18.35,3.00,0.0339,0.0038
7.337,0.000,0,,,,,1,0.579,0.579,,GLOBAL,1.000,clear,0,,0,,0,0,-1.000,18.34,3.00,0.0295,0.0236
7.357,0.000,0,,,,,0,,,,GLOBAL,1.000,clear,0,,0,,0,0,-1.000,17.01,3.00,0.0495,0.0186
7.378,0.000,0,,,,,0,,,,GLOBAL,1.000,clear,0,,0,,0,0,-1.000,17.01,3.00,0.0426,0.0148
7.397,0.000,0,,,,,0,,,,GLOBAL,1.000,clear,0,,0,,0,0,-1.000,17.50,3.00,0.0374,0.0109
7.418,0.000,0,,,,,0,,,,GLOBAL,1.000,clear,0,,0,,0,0,-1.000,19.07,3.00,0.0348,0.0318
7.437,0.000,0,,,,,1,0.563,0.563,,GLOBAL,1.000,clear,0,,0,,0,0,-1.000,19.07,3.00,0.0273,0.0189
7.457,0.000,0,,,,,0,,,,GLOBAL,1.000,clear,0,,0,,0,0,-1.000,17.27,3.00,0.0470,0.0193
7.477,0.000,0,,,,,0,,,,GLOBAL,1.000,clear,0,,0,,0,0,-1.000,18.13,3.00,0.0445,0.0133
7.497,0.000,0,,,,,0,,,,GLOBAL,1.000,clear,0,,0,,0,0,-1.000,17.95,3.00,0.0372,0.0107
7.517,0.000,0,,,,,0,,,,GLOBAL,1.000,clear,0,,0,,0,0,-1.000,17.95,3.00,0.0345,0.0059
7.538,0.000,0,,,,,0,,,,GLOBAL,1.000,clear,0,,0,,0,0,-1.000,17.79,3.00,0.0284,0.0010
7.557,0.000,0,,,,,0,,,,GLOBAL,1.000,clear,0,,0,,0,0,-1.000,19.31,3.00,0.0472,0.0199
7.577,0.000,0,,,,,0,,,,GLOBAL,1.000,clear,0,,0,,0,0,-1.000,19.31,3.00,0.0435,0.0080
7.597,0.000,0,,,,,1,0.559,0.559,,GLOBAL,1.000,clear,0,,0,,0,0,-1.000,18.66,3.00,0.0391,0.0122
7.618,0.000,0,,,,,0,,,,GLOBAL,1.000,clear,0,,0,,0,0,-1.000,18.66,3.00,0.0349,0.0010
7.637,0.000,0,,,,,0,,,,GLOBAL,1.000,clear,0,,0,,0,0,-1.000,17.73,3.00,0.0289,0.0206
7.657,0.000,0,,,,,0,,,,GLOBAL,1.000,clear,0,,0,,0,0,-1.000,17.10,3.00,0.0491,0.0167
7.678,0.000,0,,,,,0,,,,GLOBAL,1.000,clear,0,,0,,0,0,-1.000,17.10,3.00,0.0441,0.0153
7.698,0.000,0,,,,,0,,,,GLOBAL,1.000,clear,0,,0,,0,0,-1.000,18.97,3.00,0.0400,0.0083
7.717,0.000,0,,,,,0,,,,GLOBAL,1.000,clear,0,,0,,0,0,-1.000,18.31,3.00,0.0321,0.0066
7.737,0.000,0,,,,,0,,,,GLOBAL,1.000,clear,0,,0,,0,0,-1.000,18.31,3.00,0.0522,0.0268
7.761,0.000,0,,,,,0,,,,GLOBAL,1.000,clear,0,,0,,0,0,-1.000,18.34,3.00,0.0528,0.0178
7.777,0.000,0,,,,,0,,,,GLOBAL,1.000,clear,0,,0,,0,0,-1.000,18.43,3.00,0.0428,0.0113
7.797,0.000,0,,,,,0,,,,GLOBAL,1.000,clear,0,,0,,0,0,-1.000,14.67,3.00,0.0384,0.0109
7.817,0.000,0,,,,,0,,,,GLOBAL,1.000,clear,0,,0,,0,0,-1.000,14.67,3.00,0.0320,0.0066
7.839,0.000,0,,,,,0,,,,GLOBAL,1.000,clear,0,,0,,0,0,-1.000,19.03,3.00,0.0311,0.0282
7.857,0.000,0,,,,,0,,,,GLOBAL,1.000,clear,0,,0,,0,0,-1.000,19.03,3.00,0.0496,0.0181
7.877,0.000,0,,,,,0,,,,GLOBAL,1.000,clear,0,,0,,0,0,-1.000,17.87,3.00,0.0429,0.0135
7.897,0.000,0,,,,,0,,,,GLOBAL,1.000,clear,0,,0,,0,0,-1.000,17.94,3.00,0.0373,0.0112
7.917,0.000,0,,,,,0,,,,GLOBAL,1.000,clear,0,,0,,0,0,-1.000,18.63,3.00,0.0345,0.0034
7.937,0.000,0,,,,,1,0.565,0.565,,GLOBAL,1.000,clear,0,,0,,0,0,-1.000,18.63,3.00,0.0254,0.0016
7.957,0.000,0,,,,,1,0.565,0.565,,GLOBAL,1.000,clear,0,,0,,0,0,-1.000,18.21,3.00,0.0456,0.0218
7.977,0.000,0,,,,,0,,,,GLOBAL,1.000,clear,0,,0,,0,0,-1.000,18.21,3.00,0.0443,0.0139
7.997,0.000,0,,,,,0,,,,GLOBAL,1.000,clear,0,,0,,0,0,-1.000,18.30,3.00,0.0374,0.0116
8.017,0.000,0,,,,,0,,,,GLOBAL,1.000,clear,0,,0,,0,0,-1.000,18.19,3.00,0.0348,0.0062
8.037,0.000,0,,,,,0,,,,GLOBAL,1.000,clear,0,,0,,0,0,-1.000,17.44,3.00,0.0272,0.0259
8.058,0.000,0,,,,,0,,,,GLOBAL,1.000,clear,0,,0,,0,0,-1.000,17.44,3.00,0.0478,0.0202
8.077,0.000,0,,,,,0,,,,GLOBAL,1.000,clear,0,,0,,0,0,-1.000,18.87,3.00,0.0427,0.0150
8.097,0.000,0,,,,,0,,,,GLOBAL,1.000,clear,0,,0,,0,0,-1.000,16.84,3.00,0.0375,0.0105
8.118,0.000,0,,,,,0,,,,GLOBAL,1.000,clear,0,,0,,0,0,-1.000,16.84,3.00,0.0301,0.0034
8.139,0.000,0,,,,,0,,,,GLOBAL,1.000,clear,0,,0,,0,0,-1.000,17.79,3.00,0.0306,0.0244
8.158,0.000,0,,,,,0,,,,GLOBAL,1.000,clear,0,,0,,0,0,-1.000,19.54,3.00,0.0496,0.0185
8.177,0.000,0,,,,,0,,,,GLOBAL,1.000,clear,0,,0,,0,0,-1.000,19.54,3.00,0.0413,0.0165
8.197,0.000,0,,,,,0,,,,GLOBAL,1.000,clear,0,,0,,0,0,-1.000,17.67,3.00,0.0391,0.0102
8.218,0.000,0,,,,,0,,,,GLOBAL,1.000,clear,0,,0,,0,0,-1.000,17.67,3.00,0.0346,0.0071
8.237,0.000,0,,,,,0,,,,GLOBAL,1.000,clear,0,,0,,0,0,-1.000,18.00,3.00,0.0277,0.0258
8.257,0.000,0,,,,,0,,,,GLOBAL,1.000,clear,0,,0,,0,0,-1.000,17.53,3.00,0.0481,0.0195
8.278,0.000,0,,,,,0,,,,GLOBAL,1.000,clear,0,,0,,0,0,-1.000,17.53,3.00,0.0443,0.0160
8.297,0.000,0,,,,,0,,,,GLOBAL,1.000,clear,0,,0,,0,0,-1.000,19.64,3.00,0.0394,0.0112
8.317,0.000,0,,,,,0,,,,GLOBAL,1.000,clear,0,,0,,0,0,-1.000,18.50,3.00,0.0338,0.0043
8.337,0.000,0,,,,,0,,,,GLOBAL,1.000,clear,0,,0,,0,0,-1.000,18.50,3.00,0.0284,0.0245
8.357,0.000,0,,,,,1,0.567,0.567,,GLOBAL,1.000,clear,0,,0,,0,0,-1.000,18.60,3.00,0.0486,0.0198
8.377,0.000,0,,,,,0,,,,GLOBAL,1.000,clear,0,,0,,0,0,-1.000,18.54,3.00,0.0427,0.0136
8.397,0.000,0,,,,,0,,,,GLOBAL,1.000,clear,0,,0,,0,0,-1.000,18.67,3.00,0.0367,0.0111
8.417,0.000,0,,,,,1,0.552,0.552,,GLOBAL,1.000,clear,0,,0,,0,0,-1.000,18.67,3.00,0.0350,0.0053
8.437,0.000,0,,,,,1,0.552,0.552,,GLOBAL,1.000,clear,0,,0,,0,0,-1.000,18.60,3.00,0.0272,0.0255
8.457,0.000,0,,,,,0,,,,GLOBAL,1.000,clear,0,,0,,0,0,-1.000,18.60,3.00,0.0471,0.0196
8.477,0.000,0,,,,,0,,,,GLOBAL,1.000,clear,0,,0,,0,0,-1.000,16.84,3.00,0.0429,0.0155
8.497,0.000,0,,,,,0,,,,GLOBAL,1.000,clear,0,,0,,0,0,-1.000,18.11,3.00,0.0372,0.0112
8.519,0.000,0,,,,,0,,,,GLOBAL,1.000,clear,0,,0,,0,0,-1.000,18.11,3.00,0.0364,0.0069
8.537,0.000,0,,,,,0,,,,GLOBAL,1.000,clear,0,,0,,0,0,-1.000,19.07,3.00,0.0291,0.0252
8.557,0.000,0,,,,,0,,,,GLOBAL,1.000,clear,0,,0,,0,0,-1.000,18.50,3.00,0.0490,0.0183
8.577,0.000,0,,,,,0,,,,GLOBAL,1.000,clear,0,,0,,0,0,-1.000,19.43,3.00,0.0437,0.0142
8.597,0.000,0,,,,,0,,,,GLOBAL,1.000,clear,0,,0,,0,0,-1.000,19.43,3.00,0.0375,0.0076
8.619,0.000,0,,,,,0,,,,GLOBAL,1.000,clear,0,,0,,0,0,-1.000,18.61,3.00,0.0355,0.0039
8.637,0.000,0,,,,,0,,,,GLOBAL,1.000,clear,0,,0,,0,0,-1.000,17.94,3.00,0.0537,0.0221
8.657,0.000,0,,,,,0,,,,GLOBAL,1.000,clear,0,,0,,0,0,-1.000,17.94,3.00,0.0460,0.0163
8.677,0.000,0,,,,,0,,,,GLOBAL,1.000,clear,0,,0,,0,0,-1.000,16.97,3.00,0.0422,0.0131
8.699,0.000,0,,,,,0,,,,GLOBAL,1.000,clear,0,,0,,0,0,-1.000,20.92,3.00,0.0392,0.0113
8.717,0.000,0,,,,,0,,,,GLOBAL,1.000,clear,0,,0,,0,0,-1.000,20.92,3.00,0.0336,0.0298
8.738,0.000,0,,,,,1,0.559,0.559,,GLOBAL,1.000,clear,0,,0,,0,0,-1.000,17.36,3.00,0.0300,0.0193
8.757,0.000,0,,,,,0,,,,GLOBAL,1.000,clear,0,,0,,0,0,-1.000,17.36,3.00,0.0498,0.0139
8.777,0.000,0,,,,,0,,,,GLOBAL,1.000,clear,0,,0,,0,0,-1.000,18.88,3.00,0.0431,0.0127
8.797,0.000,0,,,,,0,,,,GLOBAL,1.000,clear,0,,0,,0,0,-1.000,19.60,3.00,0.0356,0.0071
8.817,0.000,0,,,,,0,,,,GLOBAL,1.000,clear,0,,0,,0,0,-1.000,19.60,3.00,0.0340,0.0029
8.837,0.000,0,,,,,0,,,,GLOBAL,1.000,clear,0,,0,,0,0,-1.000,18.89,3.00,0.0284,0.0234
8.857,0.000,0,,,,,0,,,,GLOBAL,1.000,clear,0,,0,,0,0,-1.000,18.75,3.00,0.0480,0.0170
8.877,0.000,0,,,,,0,,,,GLOBAL,1.000,clear,0,,0,,0,0,-1.000,18.75,3.00,0.0444,0.0082
8.897,0.000,0,,,,,0,,,,GLOBAL,1.000,clear,0,,0,,0,0,-1.000,18.62,3.00,0.0383,0.0096
8.917,0.000,0,,,,,0,,,,GLOBAL,1.000,clear,0,,0,,0,0,-1.000,17.97,3.00,0.0344,0.0039
8.937,0.000,0,,,,,0,,,,GLOBAL,1.000,clear,0,,0,,0,0,-1.000,17.97,3.00,0.0545,0.0241
8.957,0.000,0,,,,,1,0.556,0.556,,GLOBAL,1.000,clear,0,,0,,0,0,-1.000,19.23,3.00,0.0485,0.0184
8.977,0.000,0,,,,,0,,,,GLOBAL,1.000,clear,0,,0,,0,0,-1.000,19.60,3.00,0.0429,0.0126
8.998,0.000,0,,,,,0,,,,GLOBAL,1.000,clear,0,,0,,0,0,-1.000,19.06,3.00,0.0394,0.0075
9.017,0.000,0,,,,,1,0.551,0.551,,GLOBAL,1.000,clear,0,,0,,0,0,-1.000,19.06,3.00,0.0333,0.0034
9.037,0.000,0,,,,,1,0.551,0.551,,GLOBAL,1.000,clear,0,,0,,0,0,-1.000,18.13,3.00,0.0290,0.0232
9.057,0.000,0,,,,,1,0.561,0.561,,GLOBAL,1.000,clear,0,,0,,0,0,-1.000,19.73,3.00,0.0490,0.0182
9.077,0.000,0,,,,,0,,,,GLOBAL,1.000,clear,0,,0,,0,0,-1.000,19.73,3.00,0.0434,0.0115
9.097,0.000,0,,,,,1,0.576,0.576,,GLOBAL,1.000,clear,0,,0,,0,0,-1.000,16.99,3.00,0.0390,0.0102
9.117,0.000,0,,,,,0,,,,GLOBAL,1.000,clear,0,,0,,0,0,-1.000,18.66,3.00,0.0334,0.0065
9.138,0.000,0,,,,,0,,,,GLOBAL,1.000,clear,0,,0,,0,0,-1.000,18.66,3.00,0.0303,0.0008
9.157,0.000,0,,,,,0,,,,GLOBAL,1.000,clear,0,,0,,0,0,-1.000,18.84,3.00,0.0493,0.0199
9.178,0.000,0,,,,,0,,,,GLOBAL,1.000,clear,0,,0,,0,0,-1.000,18.81,3.00,0.0440,0.0169
9.197,0.000,0,,,,,0,,,,GLOBAL,1.000,clear,0,,0,,0,0,-1.000,18.81,3.00,0.0393,0.0109
9.217,0.000,0,,,,,0,,,,GLOBAL,1.000,clear,0,,0,,0,0,-1.000,20.73,3.00,0.0338,0.0065
9.238,0.000,0,,,,,0,,,,GLOBAL,1.000,clear,0,,0,,0,0,-1.000,20.73,3.00,0.0304,0.0015
9.257,0.000,0,,,,,0,,,,GLOBAL,1.000,clear,0,,0,,0,0,-1.000,17.32,3.00,0.0499,0.0210
9.278,0.000,0,,,,,0,,,,GLOBAL,1.000,clear,0,,0,,0,0,-1.000,19.56,3.00,0.0447,0.0140
9.298,0.000,0,,,,,0,,,,GLOBAL,1.000,clear,0,,0,,0,0,-1.000,18.83,3.00,0.0374,0.0121
9.317,0.000,0,,,,,1,0.555,0.555,,GLOBAL,1.000,clear,0,,0,,0,0,-1.000,18.83,3.00,0.0343,0.0051
9.337,0.000,0,,,,,1,0.555,0.555,,GLOBAL,1.000,clear,0,,0,,0,0,-1.000,19.03,3.00,0.0283,0.0249
9.358,0.000,0,,,,,0,,,,GLOBAL,1.000,clear,0,,0,,0,0,-1.000,19.03,3.00,0.0486,0.0200
9.377,0.000,0,,,,,0,,,,GLOBAL,1.000,clear,0,,0,,0,0,-1.000,18.97,3.00,0.0431,0.0139
9.398,0.000,0,,,,,0,,,,GLOBAL,1.000,clear,0,,0,,0,0,-1.000,18.89,3.00,0.0392,0.0120
9.419,0.000,0,,,,,0,,,,GLOBAL,1.000,clear,0,,0,,0,0,-1.000,18.89,3.00,0.0602,0.0330
9.438,0.000,0,,,,,1,0.551,0.551,,GLOBAL,1.000,clear,0,,0,,0,0,-1.000,18.89,3.00,0.0284,0.0013
9.457,0.000,0,,,,,1,0.551,0.551,,GLOBAL,1.000,clear,0,,0,,0,0,-1.000,19.68,3.00,0.0471,0.0200
9.477,0.000,0,,,,,0,,,,GLOBAL,1.000,clear,0,,0,,0,0,-1.000,18.39,3.00,0.0448,0.0159
9.497,0.000,0,,,,,0,,,,GLOBAL,1.000,clear,0,,0,,0,0,-1.000,18.39,3.00,0.0388,0.0096
9.517,0.000,0,,,,,1,0.551,0.551,,GLOBAL,1.000,clear,0,,0,,0,0,-1.000,19.46,3.00,0.0335,0.0067
9.537,0.000,0,,,,,1,0.551,0.551,,GLOBAL,1.000,clear,0,,0,,0,0,-1.000,19.08,3.00,0.0290,0.0262
9.557,0.000,0,,,,,1,0.552,0.552,,GLOBAL,1.000,clear,0,,0,,0,0,-1.000,19.08,3.00,0.0491,0.0197
9.578,0.000,0,,,,,0,,,,GLOBAL,1.000,clear,0,,0,,0,0,-1.000,20.29,3.00,0.0442,0.0173
9.598,0.000,0,,,,,0,,,,GLOBAL,1.000,clear,0,,0,,0,0,-1.000,19.49,3.00,0.0399,0.0114
9.617,0.000,0,,,,,1,0.557,0.557,,GLOBAL,1.000,clear,0,,0,,0,0,-1.000,19.49,3.00,0.0333,0.0038
9.638,0.000,0,,,,,1,0.553,0.553,,GLOBAL,1.000,clear,0,,0,,0,0,-1.000,18.66,3.00,0.0297,0.0008
9.657,0.000,0,,,,,1,0.553,0.553,,GLOBAL,1.000,clear,0,,0,,0,0,-1.000,19.92,3.00,0.0494,0.0204
9.678,0.000,0,,,,,0,,,,GLOBAL,1.000,clear,0,,0,,0,0,-1.000,19.92,3.00,0.0444,0.0159
9.697,0.000,0,,,,,1,0.582,0.582,,GLOBAL,1.000,clear,0,,0,,0,0,-1.000,21.01,3.00,0.0396,0.0099
9.717,0.000,0,,,,,1,0.538,0.538,,GLOBAL,1.000,clear,0,,0,,0,0,-1.000,19.78,3.00,0.0330,0.0016
9.737,0.000,0,,,,,1,0.538,0.538,,GLOBAL,1.000,clear,0,,0,,0,0,-1.000,19.78,3.00,0.0283,0.0219
9.757,0.000,0,,,,,1,0.549,0.549,,GLOBAL,1.000,clear,0,,0,,0,0,-1.000,19.12,3.00,0.0481,0.0194
9.778,0.000,0,,,,,0,,,,GLOBAL,1.000,clear,0,,0,,0,0,-1.000,19.07,3.00,0.0446,0.0139
9.797,0.000,0,,,,,0,,,,GLOBAL,1.000,clear,0,,0,,0,0,-1.000,19.07,3.00,0.0381,0.0114
9.817,0.000,0,,,,,1,0.542,0.542,,GLOBAL,1.000,clear,0,,0,,0,0,-1.000,19.63,3.00,0.0342,0.0032
9.837,0.000,0,,,,,1,0.542,0.542,,GLOBAL,1.000,clear,0,,0,,0,0,-1.000,18.59,3.00,0.0286,0.0232
9.857,0.000,0,,,,,0,,,,GLOBAL,1.000,clear,0,,0,,0,0,-1.000,18.59,3.00,0.0485,0.0184
9.877,0.000,0,,,,,0,,,,GLOBAL,1.000,clear,0,,0,,0,0,-1.000,19.53,3.00,0.0441,0.0118
9.898,0.000,0,,,,,1,0.550,0.550,,GLOBAL,1.000,clear,0,,0,,0,0,-1.000,19.47,3.00,0.0383,0.0111
9.917,0.000,0,,,,,1,0.559,0.559,,GLOBAL,1.000,clear,0,,0,,0,0,-1.000,19.47,3.00,0.0329,0.0045
9.937,0.000,0,,,,,1,0.559,0.559,,GLOBAL,1.000,clear,0,,0,,0,0,-1.000,18.57,3.00,0.0274,0.0246
9.958,0.000,0,,,,,1,0.551,0.551,,GLOBAL,1.000,clear,0,,0,,0,0,-1.000,19.39,3.00,0.0479,0.0193
9.977,0.000,0,,,,,0,,,,GLOBAL,1.000,clear,0,,0,,0,0,-1.000,19.39,3.00,0.0427,0.0160
9.997,0.000,0,,,,,0,,,,GLOBAL,1.000,clear,0,,0,,0,0,-1.000,19.20,3.00,0.0374,0.0102
10.017,0.000,0,,,,,1,0.539,0.539,,GLOBAL,1.000,clear,0,,0,,0,0,-1.000,19.20,3.00,0.0334,0.0060
10.038,0.000,0,,,,,1,0.539,0.539,,GLOBAL,1.000,clear,0,,0,,0,0,-1.000,19.10,3.00,0.0263,0.0265
10.057,0.000,0,,,,,0,,,,GLOBAL,1.000,clear,0,,0,,0,0,-1.000,19.82,3.00,0.0458,0.0185
10.077,0.000,0,,,,,0,,,,GLOBAL,1.000,clear,0,,0,,0,0,-1.000,19.82,3.00,0.0439,0.0165
10.097,0.000,0,,,,,0,,,,GLOBAL,1.000,clear,0,,0,,0,0,-1.000,19.44,3.00,0.0394,0.0105
10.117,0.000,0,,,,,0,,,,GLOBAL,1.000,clear,0,,0,,0,0,-1.000,20.07,3.00,0.0338,0.0306
10.137,0.000,0,,,,,0,,,,GLOBAL,1.000,clear,0,,0,,0,0,-1.000,18.64,3.00,0.0283,0.0191
10.157,0.000,0,,,,,0,,,,GLOBAL,1.000,clear,0,,0,,0,0,-1.000,18.64,3.00,0.0480,0.0184
10.177,0.000,0,,,,,1,0.548,0.548,,GLOBAL,1.000,clear,0,,0,,0,0,-1.000,18.74,3.00,0.0435,0.0116
10.197,0.000,0,,,,,0,,,,GLOBAL,1.000,clear,0,,0,,0,0,-1.000,18.52,3.00,0.0366,0.0071
10.217,0.000,0,,,,,0,,,,GLOBAL,1.000,clear,0,,0,,0,0,-1.000,18.52,3.00,0.0332,0.0272
10.238,0.000,0,,,,,1,0.541,0.541,,GLOBAL,1.000,clear,0,,0,,0,0,-1.000,18.93,3.00,0.0289,0.0005
10.257,0.000,0,,,,,1,0.541,0.541,,GLOBAL,1.000,clear,0,,0,,0,0,-1.000,18.93,3.00,0.0485,0.0202
10.277,0.000,0,,,,,0,,,,GLOBAL,1.000,clear,0,,0,,0,0,-1.000,19.13,3.00,0.0442,0.0100
10.297,0.000,0,,,,,0,,,,GLOBAL,1.000,clear,0,,0,,0,0,-1.000,19.29,3.00,0.0385,0.0098
10.317,0.000,0,,,,,0,,,,GLOBAL,1.000,clear,0,,0,,0,0,-1.000,19.29,3.00,0.0348,0.0052
10.337,0.000,0,,,,,0,,,,GLOBAL,1.000,clear,0,,0,,0,0,-1.000,19.19,3.00,0.0287,0.0249
10.357,0.000,0,,,,,0,,,,GLOBAL,1.000,clear,0,,0,,0,0,-1.000,19.97,3.00,0.0487,0.0185
10.379,0.000,0,,,,,1,0.533,0.533,,GLOBAL,1.000,clear,0,,0,,0,0,-1.000,19.97,3.00,0.0459,0.0157
10.397,0.000,0,,,,,0,,,,GLOBAL,1.000,clear,0,,0,,0,0,-1.000,20.28,3.00,0.0348,0.0083
10.424,0.000,0,,,,,0,,,,GLOBAL,1.000,clear,0,,0,,0,0,-1.000,19.58,3.00,0.0398,0.0103
10.437,0.000,0,,,,,0,,,,GLOBAL,1.000,clear,0,,0,,0,0,-1.000,19.48,3.00,0.0289,0.0235
10.457,0.000,0,,,,,1,0.551,0.551,,GLOBAL,1.000,clear,0,,0,,0,0,-1.000,19.48,3.00,0.0492,0.0181
10.479,0.000,0,,,,,0,,,,GLOBAL,1.000,clear,0,,0,,0,0,-1.000,19.99,3.00,0.0451,0.0170
10.498,0.000,0,,,,,0,,,,GLOBAL,1.000,clear,0,,0,,0,0,-1.000,19.99,3.00,0.0403,0.0100
10.517,0.000,0,,,,,0,,,,GLOBAL,1.000,clear,0,,0,,0,0,-1.000,18.79,3.00,0.0333,0.0053
10.537,0.000,0,,,,,0,,,,GLOBAL,1.000,clear,0,,0,,0,0,-1.000,19.32,3.00,0.0273,0.0007
10.557,0.000,0,,,,,0,,,,GLOBAL,1.000,clear,0,,0,,0,0,-1.000,20.11,3.00,0.0477,0.0211
10.577,0.000,0,,,,,1,0.554,0.554,,GLOBAL,1.000,clear,0,,0,,0,0,-1.000,20.11,3.00,0.0437,0.0124
10.599,0.000,0,,,,,1,0.566,0.566,,GLOBAL,1.000,clear,0,,0,,0,0,-1.000,18.94,3.00,0.0412,0.0124
10.620,0.000,0,,,,,1,0.556,0.556,,GLOBAL,1.000,clear,0,,0,,0,0,-1.000,19.43,3.00,0.0364,0.0059
10.637,0.000,0,,,,,1,0.556,0.556,,GLOBAL,1.000,clear,0,,0,,0,0,-1.000,19.43,3.00,0.0283,0.0232
10.657,0.000,0,,,,,0,,,,GLOBAL,1.000,clear,0,,0,,0,0,-1.000,19.38,3.00,0.0480,0.0159
10.678,0.000,0,,,,,0,,,,GLOBAL,1.000,clear,0,,0,,0,0,-1.000,20.34,3.00,0.0449,0.0156
10.698,0.000,0,,,,,0,,,,GLOBAL,1.000,clear,0,,0,,0,0,-1.000,20.34,3.00,0.0387,0.0104
10.718,0.000,0,,,,,0,,,,GLOBAL,1.000,clear,0,,0,,0,0,-1.000,19.71,3.00,0.0346,0.0025
10.737,0.000,0,,,,,0,,,,GLOBAL,1.000,clear,0,,0,,0,0,-1.000,19.71,3.00,0.0266,0.0222
10.757,0.000,0,,,,,1,0.546,0.546,,GLOBAL,1.000,clear,0,,0,,0,0,-1.000,19.79,3.00,0.0463,0.0183
10.780,0.000,0,,,,,0,,,,GLOBAL,1.000,clear,0,,0,,0,0,-1.000,19.87,3.00,0.0455,0.0186
10.797,0.000,0,,,,,1,0.549,0.549,,GLOBAL,1.000,clear,0,,0,,0,0,-1.000,18.70,3.00,0.0388,0.0111
10.818,0.000,0,,,,,0,,,,GLOBAL,1.000,clear,0,,0,,0,0,-1.000,18.70,3.00,0.0353,0.0066
10.837,0.000,0,,,,,0,,,,GLOBAL,1.000,clear,0,,0,,0,0,-1.000,19.75,3.00,0.0271,0.0255
10.857,0.000,0,,,,,0,,,,GLOBAL,1.000,clear,0,,0,,0,0,-1.000,18.63,3.00,0.0470,0.0186
10.877,0.000,0,,,,,1,0.541,0.541,,GLOBAL,1.000,clear,0,,0,,0,0,-1.000,18.63,3.00,0.0426,0.0091
10.897,0.000,0,,,,,1,0.558,0.558,,GLOBAL,1.000,clear,0,,0,,0,0,-1.000,19.47,3.00,0.0373,0.0094
10.918,0.000,0,,,,,1,0.558,0.558,,GLOBAL,1.000,clear,0,,0,,0,0,-1.000,19.47,3.00,0.0345,0.0306
10.937,0.000,0,,,,,1,0.549,0.549,,GLOBAL,1.000,clear,0,,0,,0,0,-1.000,20.13,3.00,0.0276,0.0173
10.957,0.000,0,,,,,1,0.554,0.554,,GLOBAL,1.000,clear,0,,0,,0,0,-1.000,19.52,3.00,0.0476,0.0157
10.983,0.000,0,,,,,1,0.540,0.540,,GLOBAL,1.000,clear,0,,0,,0,0,-1.000,19.52,3.00,0.0499,0.0188
10.997,0.000,0,,,,,0,,,,GLOBAL,1.000,clear,0,,0,,0,0,-1.000,20.60,3.00,0.0388,0.0085
11.018,0.000,0,,,,,0,,,,GLOBAL,1.000,clear,0,,0,,0,0,-1.000,18.77,3.00,0.0344,0.0069
11.037,0.000,0,,,,,1,0.547,0.547,,GLOBAL,1.000,clear,0,,0,,0,0,-1.000,17.84,3.00,0.0296,0.0010
11.057,0.000,0,,,,,1,0.547,0.547,,GLOBAL,1.000,clear,0,,0,,0,0,-1.000,17.84,3.00,0.0494,0.0207
11.077,0.000,0,,,,,0,,,,GLOBAL,1.000,clear,0,,0,,0,0,-1.000,18.94,3.00,0.0436,0.0140
11.097,0.000,0,,,,,0,,,,GLOBAL,1.000,clear,0,,0,,0,0,-1.000,20.00,3.00,0.0380,0.0108
11.117,0.000,0,,,,,0,,,,GLOBAL,1.000,clear,0,,0,,0,0,-1.000,20.00,3.00,0.0338,0.0052
11.137,0.000,0,,,,,0,,,,GLOBAL,1.000,clear,0,,0,,0,0,-1.000,20.11,3.00,0.0280,0.0250
11.157,0.000,0,,,,,1,0.546,0.546,,GLOBAL,1.000,clear,0,,0,,0,0,-1.000,20.11,3.00,0.0481,0.0197
11.177,0.000,0,,,,,1,0.553,0.553,,GLOBAL,1.000,clear,0,,0,,0,0,-1.000,20.11,3.00,0.0440,0.0152
11.197,0.000,0,,,,,1,0.546,0.546,,GLOBAL,1.000,clear,0,,0,,0,0,-1.000,20.11,3.00,0.0385,0.0112
11.217,0.000,0,,,,,0,,,,GLOBAL,1.000,clear,0,,0,,0,0,-1.000,20.11,3.00,0.0344,0.0051
11.237,0.000,0,,,,,0,,,,GLOBAL,1.000,clear,0,,0,,0,0,-1.000,20.11,3.00,0.0284,0.0249
11.257,0.000,0,,,,,1,0.549,0.549,,GLOBAL,1.000,clear,0,,0,,0,0,-1.000,20.11,3.00,0.0485,0.0192
11.277,0.000,0,,,,,1,0.581,0.581,,GLOBAL,1.000,clear,0,,0,,0,0,-1.000,20.11,3.00,0.0430,0.0159
11.297,0.000,0,,,,,0,,,,GLOBAL,1.000,clear,0,,0,,0,0,-1.000,20.66,3.00,0.0387,0.0083
11.317,0.000,0,,,,,1,0.551,0.551,,GLOBAL,1.000,clear,0,,0,,0,0,-1.000,20.66,3.00,0.0329,0.0054
11.338,0.000,0,,,,,0,,,,GLOBAL,1.000,clear,0,,0,,0,0,-1.000,20.32,3.00,0.0298,0.0007
11.357,0.000,0,,,,,0,,,,GLOBAL,1.000,clear,0,,0,,0,0,-1.000,20.07,3.00,0.0490,0.0198
11.377,0.000,0,,,,,1,0.544,0.544,,GLOBAL,1.000,clear,0,,0,,0,0,-1.000,20.07,3.00,0.0431,0.0134
11.397,0.000,0,,,,,0,,,,GLOBAL,1.000,clear,0,,0,,0,0,-1.000,19.01,3.00,0.0391,0.0102
11.417,0.000,0,,,,,1,0.558,0.558,,GLOBAL,1.000,clear,0,,0,,0,0,-1.000,19.01,3.00,0.0320,0.0050
11.437,0.000,0,,,,,1,0.558,0.558,,GLOBAL,1.000,clear,0,,0,,0,0,-1.000,19.32,3.00,0.0276,0.0252
11.458,0.000,0,,,,,1,0.554,0.554,,GLOBAL,1.000,clear,0,,0,,0,0,-1.000,19.55,3.00,0.0482,0.0201
11.477,0.000,0,,,,,1,0.548,0.548,,GLOBAL,1.000,clear,0,,0,,0,0,-1.000,19.55,3.00,0.0426,0.0114
11.497,0.000,0,,,,,0,,,,GLOBAL,1.000,clear,0,,0,,0,0,-1.000,19.55,3.00,0.0368,0.0079
11.517,0.000,0,,,,,1,0.566,0.566,,GLOBAL,1.000,clear,0,,0,,0,0,-1.000,19.55,3.00,0.0306,0.0018
11.538,0.000,0,,,,,1,0.566,0.566,,GLOBAL,1.000,clear,0,,0,,0,0,-1.000,19.72,3.00,0.0234,0.0222
11.557,0.000,0,,,,,0,,,,GLOBAL,1.000,clear,0,,0,,0,0,-1.000,19.72,3.00,0.0429,0.0181
11.577,0.000,0,,,,,1,0.554,0.554,,GLOBAL,1.000,clear,0,,0,,0,0,-1.000,19.72,3.00,0.0412,0.0138
11.597,0.000,0,,,,,0,,,,GLOBAL,1.000,clear,0,,0,,0,0,-1.000,19.72,3.00,0.0352,0.0113
11.617,0.000,0,,,,,0,,,,GLOBAL,1.000,clear,0,,0,,0,0,-1.000,19.72,3.00,0.0324,0.0023
11.637,0.000,0,,,,,0,,,,GLOBAL,1.000,clear,0,,0,,0,0,-1.000,19.72,3.00,0.0233,0.0224
11.657,0.000,0,,,,,1,0.562,0.562,,GLOBAL,1.000,clear,0,,0,,0,0,-1.000,19.72,3.00,0.0432,0.0175
11.677,0.000,0,,,,,0,,,,GLOBAL,1.000,clear,0,,0,,0,0,-1.000,19.60,3.00,0.0430,0.0114
11.697,0.000,0,,,,,1,0.555,0.555,,GLOBAL,1.000,clear,0,,0,,0,0,-1.000,19.60,3.00,0.0366,0.0091
11.717,0.000,0,,,,,0,,,,GLOBAL,1.000,clear,0,,0,,0,0,-1.000,19.60,3.00,0.0345,0.0028
11.737,0.000,0,,,,,0,,,,GLOBAL,1.000,clear,0,,0,,0,0,-1.000,19.60,3.00,0.0272,0.0228
11.757,0.000,0,,,,,0,,,,GLOBAL,1.000,clear,0,,0,,0,0,-1.000,19.45,3.00,0.0473,0.0174
11.777,0.000,0,,,,,1,0.555,0.555,,GLOBAL,1.000,clear,0,,0,,0,0,-1.000,19.45,3.00,0.0431,0.0162
11.797,0.000,0,,,,,0,,,,GLOBAL,1.000,clear,0,,0,,0,0,-1.000,19.56,3.00,0.0372,0.0084
11.817,0.000,0,,,,,1,0.555,0.555,,GLOBAL,1.000,clear,0,,0,,0,0,-1.000,19.56,3.00,0.0332,0.0043
11.837,0.000,0,,,,,1,0.555,0.555,,GLOBAL,1.000,clear,0,,0,,0,0,-1.000,18.06,3.00,0.0275,0.0243
11.857,0.000,0,,,,,0,,,,GLOBAL,1.000,clear,0,,0,,0,0,-1.000,18.46,3.00,0.0475,0.0187
11.878,0.000,0,,,,,1,0.544,0.544,,GLOBAL,1.000,clear,0,,0,,0,0,-1.000,18.46,3.00,0.0438,0.0154
11.897,0.000,0,,,,,1,0.546,0.546,,GLOBAL,1.000,clear,0,,0,,0,0,-1.000,19.57,3.00,0.0376,0.0070
11.918,0.000,0,,,,,1,0.546,0.546,,GLOBAL,1.000,clear,0,,0,,0,0,-1.000,19.57,3.00,0.0339,0.0280
11.938,0.000,0,,,,,1,0.550,0.550,,GLOBAL,1.000,clear,0,,0,,0,0,-1.000,19.25,3.00,0.0539,0.0195
11.957,0.000,0,,,,,0,,,,GLOBAL,1.000,clear,0,,0,,0,0,-1.000,19.24,3.00,0.0469,0.0131
11.978,0.000,0,,,,,0,,,,GLOBAL,1.000,clear,0,,0,,0,0,-1.000,19.24,3.00,0.0386,0.0121
11.997,0.000,0,,,,,1,0.551,0.551,,GLOBAL,1.000,clear,0,,0,,0,0,-1.000,19.24,3.00,0.0370,0.0072
12.020,0.000,0,,,,,0,,,,GLOBAL,1.000,clear,0,,0,,0,0,-1.000,19.24,3.00,0.0364,0.0017
12.037,0.000,0,,,,,0,,,,GLOBAL,1.000,clear,0,,0,,0,0,-1.000,19.24,3.00,0.0270,0.0196
12.057,0.000,0,,,,,1,0.528,0.528,,GLOBAL,1.000,clear,0,,0,,0,0,-1.000,20.37,3.00,0.0467,0.0158
12.078,0.000,0,,,,,0,,,,GLOBAL,1.000,clear,0,,0,,0,0,-1.000,20.37,3.00,0.0440,0.0109
12.098,0.000,0,,,,,0,,,,GLOBAL,1.000,clear,0,,0,,0,0,-1.000,20.37,3.00,0.0369,0.0074
12.117,0.000,0,,,,,1,0.550,0.550,,GLOBAL,1.000,clear,0,,0,,0,0,-1.000,20.37,3.00,0.0343,0.0032
12.137,0.000,0,,,,,1,0.550,0.550,,GLOBAL,1.000,clear,0,,0,,0,0,-1.000,19.85,3.00,0.0271,0.0234
12.158,0.000,0,,,,,0,,,,GLOBAL,1.000,clear,0,,0,,0,0,-1.000,20.31,3.00,0.0476,0.0178
12.177,0.000,0,,,,,0,,,,GLOBAL,1.000,clear,0,,0,,0,0,-1.000,20.31,3.00,0.0429,0.0117
12.197,0.000,0,,,,,1,0.542,0.542,,GLOBAL,1.000,clear,0,,0,,0,0,-1.000,19.50,3.00,0.0376,0.0075
12.217,0.000,0,,,,,1,0.542,0.542,,GLOBAL,1.000,clear,0,,0,,0,0,-1.000,20.44,3.00,0.0333,0.0278
12.237,0.000,0,,,,,0,,,,GLOBAL,1.000,clear,0,,0,,0,0,-1.000,20.44,3.00,0.0272,0.0194
12.257,0.000,0,,,,,0,,,,GLOBAL,1.000,clear,0,,0,,0,0,-1.000,19.19,3.00,0.0471,0.0178
12.277,0.000,0,,,,,0,,,,GLOBAL,1.000,clear,0,,0,,0,0,-1.000,19.19,3.00,0.0433,0.0131
12.297,0.000,0,,,,,1,0.561,0.561,,GLOBAL,1.000,clear,0,,0,,0,0,-1.000,20.31,3.00,0.0375,0.0080
12.317,0.000,0,,,,,1,0.577,0.577,,GLOBAL,1.000,clear,0,,0,,0,0,-1.000,19.31,3.00,0.0333,0.0025
12.337,0.000,0,,,,,1,0.577,0.577,,GLOBAL,1.000,clear,0,,0,,0,0,-1.000,19.20,3.00,0.0247,0.0230
12.357,0.000,0,,,,,1,0.551,0.551,,GLOBAL,1.000,clear,0,,0,,0,0,-1.000,20.84,3.00,0.0445,0.0173
12.377,0.000,0,,,,,0,,,,GLOBAL,1.000,clear,0,,0,,0,0,-1.000,20.84,3.00,0.0435,0.0132
12.397,0.000,0,,,,,0,,,,GLOBAL,1.000,clear,0,,0,,0,0,-1.000,19.07,3.00,0.0376,0.0067
12.417,0.000,0,,,,,0,,,,GLOBAL,1.000,clear,0,,0,,0,0,-1.000,19.72,3.00,0.0340,0.0270
12.437,0.000,0,,,,,0,,,,GLOBAL,1.000,clear,0,,0,,0,0,-1.000,19.72,3.00,0.0295,0.0176
12.457,0.000,0,,,,,0,,,,GLOBAL,1.000,clear,0,,0,,0,0,-1.000,21.35,3.00,0.0495,0.0162
12.477,0.000,0,,,,,1,0.540,0.540,,GLOBAL,1.000,clear,0,,0,,0,0,-1.000,19.30,3.00,0.0438,0.0110
12.497,0.000,0,,,,,0,,,,GLOBAL,1.000,clear,0,,0,,0,0,-1.000,19.30,3.00,0.0368,0.0083
12.517,0.000,0,,,,,1,0.555,0.555,,GLOBAL,1.000,clear,0,,0,,0,0,-1.000,18.88,3.00,0.0341,0.0033
12.537,0.000,0,,,,,1,0.555,0.555,,GLOBAL,1.000,clear,0,,0,,0,0,-1.000,18.88,3.00,0.0270,0.0233
12.557,0.000,0,,,,,1,0.539,0.539,,GLOBAL,1.000,clear,0,,0,,0,0,-1.000,19.01,3.00,0.0470,0.0196
12.577,0.000,0,,,,,1,0.546,0.546,,GLOBAL,1.000,clear,0,,0,,0,0,-1.000,20.19,3.00,0.0443,0.0132
12.597,0.000,0,,,,,0,,,,GLOBAL,1.000,clear,0,,0,,0,0,-1.000,20.54,3.00,0.0370,0.0103
12.617,0.000,0,,,,,0,,,,GLOBAL,1.000,clear,0,,0,,0,0,-1.000,20.54,3.00,0.0344,0.0031
12.638,0.000,0,,,,,1,0.550,0.550,,GLOBAL,1.000,clear,0,,0,,0,0,-1.000,20.39,3.00,0.0284,0.0012
12.657,0.000,0,,,,,1,0.550,0.550,,GLOBAL,1.000,clear,0,,0,,0,0,-1.000,20.39,3.00,0.0471,0.0198
12.678,0.000,0,,,,,1,0.565,0.565,,GLOBAL,1.000,clear,0,,0,,0,0,-1.000,20.03,3.00,0.0454,0.0162
12.697,0.000,0,,,,,1,0.553,0.553,,GLOBAL,1.000,clear,0,,0,,0,0,-1.000,20.02,3.00,0.0364,0.0104
12.717,0.000,0,,,,,0,,,,GLOBAL,1.000,clear,0,,0,,0,0,-1.000,20.02,3.00,0.0319,0.0062
12.737,0.000,0,,,,,0,,,,GLOBAL,1.000,clear,0,,0,,0,0,-1.000,21.11,3.00,0.0288,0.0259
12.757,0.000,0,,,,,0,,,,GLOBAL,1.000,clear,0,,0,,0,0,-1.000,19.68,3.00,0.0488,0.0191
12.777,0.000,0,,,,,1,0.541,0.541,,GLOBAL,1.000,clear,0,,0,,0,0,-1.000,19.19,3.00,0.0425,0.0134
12.797,0.000,0,,,,,0,,,,GLOBAL,1.000,clear,0,,0,,0,0,-1.000,19.19,3.00,0.0390,0.0104
12.817,0.000,0,,,,,1,0.558,0.558,,GLOBAL,1.000,clear,0,,0,,0,0,-1.000,20.07,3.00,0.0333,0.0055
12.837,0.000,0,,,,,0,,,,GLOBAL,1.000,clear,0,,0,,0,0,-1.000,20.07,3.00,0.0298,0.0012
12.858,0.000,0,,,,,0,,,,GLOBAL,1.000,clear,0,,0,,0,0,-1.000,21.06,3.00,0.0500,0.0214
12.877,0.000,0,,,,,1,0.548,0.548,,GLOBAL,1.000,clear,0,,0,,0,0,-1.000,19.27,3.00,0.0437,0.0157
12.898,0.000,0,,,,,0,,,,GLOBAL,1.000,clear,0,,0,,0,0,-1.000,20.09,3.00,0.0399,0.0116
12.917,0.000,0,,,,,0,,,,GLOBAL,1.000,clear,0,,0,,0,0,-1.000,20.09,3.00,0.0338,0.0040
12.937,0.000,0,,,,,1,0.548,0.548,,GLOBAL,1.000,clear,0,,0,,0,0,-1.000,19.07,3.00,0.0269,0.0006
12.957,0.000,0,,,,,1,0.548,0.548,,GLOBAL,1.000,clear,0,,0,,0,0,-1.000,19.81,3.00,0.0474,0.0210
12.978,0.000,0,,,,,0,,,,GLOBAL,1.000,clear,0,,0,,0,0,-1.000,19.81,3.00,0.0432,0.0142
12.997,0.000,0,,,,,0,,,,GLOBAL,1.000,clear,0,,0,,0,0,-1.000,19.63,3.00,0.0355,0.0057
13.017,0.000,0,,,,,0,,,,GLOBAL,1.000,clear,0,,0,,0,0,-1.000,20.13,3.00,0.0342,0.0026
13.038,0.000,0,,,,,1,0.546,0.546,,GLOBAL,1.000,clear,0,,0,,0,0,-1.000,20.13,3.00,0.0291,0.0008
13.058,0.000,0,,,,,1,0.546,0.546,,GLOBAL,1.000,clear,0,,0,,0,0,-1.000,19.88,3.00,0.0489,0.0206
13.077,0.000,0,,,,,1,0.554,0.554,,GLOBAL,1.000,clear,0,,0,,0,0,-1.000,18.95,3.00,0.0444,0.0127
13.098,0.000,0,,,,,0,,,,GLOBAL,1.000,clear,0,,0,,0,0,-1.000,18.95,3.00,0.0389,0.0103
13.117,0.000,0,,,,,0,,,,GLOBAL,1.000,clear,0,,0,,0,0,-1.000,19.41,3.00,0.0330,0.0031
13.138,0.000,0,,,,,0,,,,GLOBAL,1.000,clear,0,,0,,0,0,-1.000,21.40,3.00,0.0280,0.0238
13.157,0.000,0,,,,,0,,,,GLOBAL,1.000,clear,0,,0,,0,0,-1.000,21.40,3.00,0.0473,0.0182
13.177,0.000,0,,,,,0,,,,GLOBAL,1.000,clear,0,,0,,0,0,-1.000,20.41,3.00,0.0434,0.0165
13.198,0.000,0,,,,,0,,,,GLOBAL,1.000,clear,0,,0,,0,0,-1.000,20.41,3.00,0.0382,0.0097
13.218,0.000,0,,,,,0,,,,GLOBAL,1.000,clear,0,,0,,0,0,-1.000,20.21,3.00,0.0349,0.0304
13.237,0.000,0,,,,,0,,,,GLOBAL,1.000,clear,0,,0,,0,0,-1.000,20.11,3.00,0.0292,0.0179
13.257,0.000,0,,,,,1,0.563,0.563,,GLOBAL,1.000,clear,0,,0,,0,0,-1.000,20.11,3.00,0.0496,0.0177
13.277,0.000,0,,,,,0,,,,GLOBAL,1.000,clear,0,,0,,0,0,-1.000,18.90,3.00,0.0427,0.0115
13.297,0.000,0,,,,,1,0.577,0.577,,GLOBAL,1.000,clear,0,,0,,0,0,-1.000,18.90,3.00,0.0372,0.0090
13.317,0.000,0,,,,,0,,,,GLOBAL,1.000,clear,0,,0,,0,0,-1.000,19.77,3.00,0.0338,0.0005
13.338,0.000,0,,,,,1,0.558,0.558,,GLOBAL,1.000,clear,0,,0,,0,0,-1.000,19.77,3.00,0.0276,0.0005
13.357,0.000,0,,,,,1,0.558,0.558,,GLOBAL,1.000,clear,0,,0,,0,0,-1.000,19.16,3.00,0.0470,0.0199
13.377,0.000,0,,,,,1,0.552,0.552,,GLOBAL,1.000,clear,0,,0,,0,0,-1.000,19.16,3.00,0.0429,0.0140
13.397,0.000,0,,,,,0,,,,GLOBAL,1.000,clear,0,,0,,0,0,-1.000,20.05,3.00,0.0368,0.0112
13.417,0.000,0,,,,,0,,,,GLOBAL,1.000,clear,0,,0,,0,0,-1.000,19.13,3.00,0.0340,0.0026
13.437,0.000,0,,,,,0,,,,GLOBAL,1.000,clear,0,,0,,0,0,-1.000,19.13,3.00,0.0268,0.0012
13.457,0.000,0,,,,,0,,,,GLOBAL,1.000,clear,0,,0,,0,0,-1.000,19.70,3.00,0.0469,0.0213
13.477,0.000,0,,,,,0,,,,GLOBAL,1.000,clear,0,,0,,0,0,-1.000,18.98,3.00,0.0444,0.0143
13.497,0.000,0,,,,,0,,,,GLOBAL,1.000,clear,0,,0,,0,0,-1.000,18.98,3.00,0.0369,0.0094
13.517,0.000,0,,,,,1,0.541,0.541,,GLOBAL,1.000,clear,0,,0,,0,0,-1.000,20.40,3.00,0.0330,0.0061
13.537,0.000,0,,,,,1,0.541,0.541,,GLOBAL,1.000,clear,0,,0,,0,0,-1.000,19.82,3.00,0.0284,0.0257
13.557,0.000,0,,,,,1,0.551,0.551,,GLOBAL,1.000,clear,0,,0,,0,0,-1.000,19.98,3.00,0.0487,0.0189
13.577,0.000,0,,,,,1,0.546,0.546,,GLOBAL,1.000,clear,0,,0,,0,0,-1.000,19.98,3.00,0.0445,0.0134
13.597,0.000,0,,,,,0,,,,GLOBAL,1.000,clear,0,,0,,0,0,-1.000,19.40,3.00,0.0371,0.0062
13.617,0.000,0,,,,,0,,,,GLOBAL,1.000,clear,0,,0,,0,0,-1.000,19.40,3.00,0.0328,0.0049
13.637,0.000,0,,,,,0,,,,GLOBAL,1.000,clear,0,,0,,0,0,-1.000,19.85,3.00,0.0288,0.0249
13.657,0.000,0,,,,,0,,,,GLOBAL,1.000,clear,0,,0,,0,0,-1.000,19.28,3.00,0.0488,0.0192
13.685,0.000,0,,,,,0,,,,GLOBAL,1.000,clear,0,,0,,0,0,-1.000,19.28,3.00,0.0503,0.0205
13.698,0.000,0,,,,,0,,,,GLOBAL,1.000,clear,0,,0,,0,0,-1.000,19.89,3.00,0.0388,0.0100
13.718,0.000,0,,,,,0,,,,GLOBAL,1.000,clear,0,,0,,0,0,-1.000,18.20,3.00,0.0345,0.0010
13.737,0.000,0,,,,,0,,,,GLOBAL,1.000,clear,0,,0,,0,0,-1.000,18.20,3.00,0.0278,0.0204
13.757,0.000,0,,,,,0,,,,GLOBAL,1.000,clear,0,,0,,0,0,-1.000,18.80,3.00,0.0476,0.0060
13.777,0.000,0,,,,,0,,,,GLOBAL,1.000,clear,0,,0,,0,0,-1.000,19.11,3.00,0.0427,0.0130
13.797,0.000,0,,,,,0,,,,GLOBAL,1.000,clear,0,,0,,0,0,-1.000,19.11,3.00,0.0375,0.0105
13.817,0.000,0,,,,,0,,,,GLOBAL,1.000,clear,0,,0,,0,0,-1.000,19.11,3.00,0.0338,0.0041
13.837,0.000,0,,,,,0,,,,GLOBAL,1.000,clear,0,,0,,0,0,-1.000,19.77,3.00,0.0270,0.0240
13.857,0.000,0,,,,,1,0.533,0.533,,GLOBAL,1.000,clear,0,,0,,0,0,-1.000,19.77,3.00,0.0470,0.0170
13.877,0.000,0,,,,,1,0.561,0.561,,GLOBAL,1.000,clear,0,,0,,0,0,-1.000,19.15,3.00,0.0415,0.0115
13.897,0.000,0,,,,,0,,,,GLOBAL,1.000,clear,0,,0,,0,0,-1.000,19.07,3.00,0.0352,0.0092
13.917,0.000,0,,,,,0,,,,GLOBAL,1.000,clear,0,,0,,0,0,-1.000,19.07,3.00,0.0341,0.0025
13.937,0.000,0,,,,,0,,,,GLOBAL,1.000,clear,0,,0,,0,0,-1.000,19.04,3.00,0.0265,0.0224
13.957,0.000,0,,,,,1,0.554,0.554,,GLOBAL,1.000,clear,0,,0,,0,0,-1.000,19.04,3.00,0.0465,0.0196
13.977,0.000,0,,,,,0,,,,GLOBAL,1.000,clear,0,,0,,0,0,-1.000,19.04,3.00,0.0446,0.0134
13.997,0.000,0,,,,,0,,,,GLOBAL,1.000,clear,0,,0,,0,0,-1.000,20.22,3.00,0.0323,0.0106
14.018,0.000,0,,,,,0,,,,GLOBAL,1.000,clear,0,,0,,0,0,-1.000,19.88,3.00,0.0351,0.0036
14.037,0.000,0,,,,,0,,,,GLOBAL,1.000,clear,0,,0,,0,0,-1.000,19.07,3.00,0.0264,0.0229
14.057,0.000,0,,,,,0,,,,GLOBAL,1.000,clear,0,,0,,0,0,-1.000,19.07,3.00,0.0467,0.0173
14.077,0.000,0,,,,,0,,,,GLOBAL,1.000,clear,0,,0,,0,0,-1.000,19.45,3.00,0.0353,0.0136
14.097,0.000,0,,,,,1,0.554,0.554,,GLOBAL,1.000,clear,0,,0,,0,0,-1.000,19.37,3.00,0.0370,0.0094
14.118,0.000,0,,,,,1,0.554,0.554,,GLOBAL,1.000,clear,0,,0,,0,0,-1.000,19.37,3.00,0.0337,0.0296
14.137,0.000,0,,,,,0,,,,GLOBAL,1.000,clear,0,,0,,0,0,-1.000,19.37,3.00,0.0290,0.0135
14.157,0.000,0,,,,,0,,,,GLOBAL,1.000,clear,0,,0,,0,0,-1.000,19.47,3.00,0.0489,0.0143
14.177,0.000,0,,,,,0,,,,GLOBAL,1.000,clear,0,,0,,0,0,-1.000,19.47,3.00,0.0434,0.0131
14.198,0.000,0,,,,,1,0.559,0.559,,GLOBAL,1.000,clear,0,,0,,0,0,-1.000,18.81,3.00,0.0399,0.0102
14.217,0.000,0,,,,,1,0.559,0.559,,GLOBAL,1.000,clear,0,,0,,0,0,-1.000,18.81,3.00,0.0335,0.0296
14.237,0.000,0,,,,,1,0.560,0.560,,GLOBAL,1.000,clear,0,,0,,0,0,-1.000,18.49,3.00,0.0277,0.0188
14.258,0.000,0,,,,,1,0.572,0.572,,GLOBAL,1.000,clear,0,,0,,0,0,-1.000,18.49,3.00,0.0489,0.0167
14.278,0.000,0,,,,,0,,,,GLOBAL,1.000,clear,0,,0,,0,0,-1.000,18.49,3.00,0.0444,0.0120
14.297,0.000,0,,,,,0,,,,GLOBAL,1.000,clear,0,,0,,0,0,-1.000,18.89,3.00,0.0367,0.0032
14.317,0.000,0,,,,,0,,,,GLOBAL,1.000,clear,0,,0,,0,0,-1.000,18.89,3.00,0.0343,0.0236
14.337,0.000,0,,,,,0,,,,GLOBAL,1.000,clear,0,,0,,0,0,-1.000,18.89,3.00,0.0271,0.0194
14.357,0.000,0,,,,,0,,,,GLOBAL,1.000,clear,0,,0,,0,0,-1.000,19.01,3.00,0.0469,0.0167
14.377,0.000,0,,,,,0,,,,GLOBAL,1.000,clear,0,,0,,0,0,-1.000,19.01,3.00,0.0430,0.0105
14.397,0.000,0,,,,,0,,,,GLOBAL,1.000,clear,0,,0,,0,0,-1.000,19.01,3.00,0.0356,0.0056
14.417,0.000,0,,,,,0,,,,GLOBAL,1.000,clear,0,,0,,0,0,-1.000,19.01,3.00,0.0344,0.0256
14.438,0.000,0,,,,,0,,,,GLOBAL,1.000,clear,0,,0,,0,0,-1.000,19.01,3.00,0.0272,0.0155
14.457,0.000,0,,,,,0,,,,GLOBAL,1.000,clear,0,,0,,0,0,-1.000,19.21,3.00,0.0466,0.0142
14.478,0.000,0,,,,,1,0.545,0.545,,GLOBAL,1.000,clear,0,,0,,0,0,-1.000,19.21,3.00,0.0433,0.0109
14.497,0.000,0,,,,,0,,,,GLOBAL,1.000,clear,0,,0,,0,0,-1.000,19.21,3.00,0.0370,0.0035
14.517,0.000,0,,,,,1,0.558,0.558,,GLOBAL,1.000,clear,0,,0,,0,0,-1.000,19.21,3.00,0.0321,0.0007
14.537,0.000,0,,,,,1,0.558,0.558,,GLOBAL,1.000,clear,0,,0,,0,0,-1.000,19.21,3.00,0.0270,0.0203
14.557,0.000,0,,,,,1,0.540,0.540,,GLOBAL,1.000,clear,0,,0,,0,0,-1.000,19.03,3.00,0.0470,0.0157
14.577,0.000,0,,,,,0,,,,GLOBAL,1.000,clear,0,,0,,0,0,-1.000,19.03,3.00,0.0418,0.0113
14.597,0.000,0,,,,,0,,,,GLOBAL,1.000,clear,0,,0,,0,0,-1.000,19.03,3.00,0.0377,0.0094
14.617,0.000,0,,,,,0,,,,GLOBAL,1.000,clear,0,,0,,0,0,-1.000,19.03,3.00,0.0332,0.0292
14.637,0.000,0,,,,,0,,,,GLOBAL,1.000,clear,0,,0,,0,0,-1.000,18.88,3.00,0.0242,0.0192
14.657,0.000,0,,,,,0,,,,GLOBAL,1.000,clear,0,,0,,0,0,-1.000,18.88,3.00,0.0440,0.0164
14.677,0.000,0,,,,,1,0.550,0.550,,GLOBAL,1.000,clear,0,,0,,0,0,-1.000,19.74,3.00,0.0426,0.0117
14.697,0.000,0,,,,,1,0.553,0.553,,GLOBAL,1.000,clear,0,,0,,0,0,-1.000,18.13,3.00,0.0379,0.0101
14.717,0.000,0,,,,,0,,,,GLOBAL,1.000,clear,0,,0,,0,0,-1.000,18.13,3.00,0.0338,0.0011
14.737,0.000,0,,,,,0,,,,GLOBAL,1.000,clear,0,,0,,0,0,-1.000,19.87,3.00,0.0268,0.0207
14.757,0.000,0,,,,,0,,,,GLOBAL,1.000,clear,0,,0,,0,0,-1.000,20.10,3.00,0.0470,0.0150
14.777,0.000,0,,,,,0,,,,GLOBAL,1.000,clear,0,,0,,0,0,-1.000,20.10,3.00,0.0430,0.0116
14.797,0.000,0,,,,,1,0.556,0.556,,GLOBAL,1.000,clear,0,,0,,0,0,-1.000,18.67,3.00,0.0369,0.0021
14.818,0.000,0,,,,,0,,,,GLOBAL,1.000,clear,0,,0,,0,0,-1.000,18.67,3.00,0.0328,0.0025
14.837,0.000,0,,,,,0,,,,GLOBAL,1.000,clear,0,,0,,0,0,-1.000,19.03,3.00,0.0268,0.0220
14.857,0.000,0,,,,,0,,,,GLOBAL,1.000,clear,0,,0,,0,0,-1.000,19.03,3.00,0.0467,0.0190
14.877,0.000,0,,,,,0,,,,GLOBAL,1.000,clear,0,,0,,0,0,-1.000,19.03,3.00,0.0441,0.0131
14.897,0.000,0,,,,,0,,,,GLOBAL,1.000,clear,0,,0,,0,0,-1.000,19.03,3.00,0.0369,0.0094
14.918,0.000,0,,,,,0,,,,GLOBAL,1.000,clear,0,,0,,0,0,-1.000,19.03,3.00,0.0347,0.0024
14.937,0.000,0,,,,,0,,,,GLOBAL,1.000,clear,0,,0,,0,0,-1.000,19.03,3.00,0.0266,0.0219
14.957,0.000,0,,,,,0,,,,GLOBAL,1.000,clear,0,,0,,0,0,-1.000,19.03,3.00,0.0466,0.0188
14.977,0.000,0,,,,,1,0.580,0.580,,GLOBAL,1.000,clear,0,,0,,0,0,-1.000,19.03,3.00,0.0439,0.0119
14.997,0.000,0,,,,,1,0.540,0.540,,GLOBAL,1.000,clear,0,,0,,0,0,-1.000,19.04,3.00,0.0367,0.0068
15.017,0.000,0,,,,,1,0.580,0.580,,GLOBAL,1.000,clear,0,,0,,0,0,-1.000,19.04,3.00,0.0327,0.0020
15.037,0.000,0,,,,,1,0.580,0.580,,GLOBAL,1.000,clear,0,,0,,0,0,-1.000,18.15,3.00,0.0268,0.0221
15.057,0.000,0,,,,,0,,,,GLOBAL,1.000,clear,0,,0,,0,0,-1.000,18.15,3.00,0.0468,0.0173
15.077,0.000,0,,,,,1,0.579,0.579,,GLOBAL,1.000,clear,0,,0,,0,0,-1.000,18.60,3.00,0.0430,0.0121
15.097,0.000,0,,,,,1,0.548,0.548,,GLOBAL,1.000,clear,0,,0,,0,0,-1.000,18.60,3.00,0.0371,0.0098
15.117,0.000,0,,,,,0,,,,GLOBAL,1.000,clear,0,,0,,0,0,-1.000,18.59,3.00,0.0332,0.0030
15.137,0.000,0,,,,,0,,,,GLOBAL,1.000,clear,0,,0,,0,0,-1.000,18.72,3.00,0.0275,0.0231
15.158,0.000,0,,,,,1,0.560,0.560,,GLOBAL,1.000,clear,0,,0,,0,0,-1.000,19.76,3.00,0.0480,0.0174
15.178,0.000,0,,,,,0,,,,GLOBAL,1.000,clear,0,,0,,0,0,-1.000,19.87,3.00,0.0439,0.0124
15.197,0.000,0,,,,,0,,,,GLOBAL,1.000,clear,0,,0,,0,0,-1.000,19.87,3.00,0.0368,0.0098
15.217,0.000,0,,,,,0,,,,GLOBAL,1.000,clear,0,,0,,0,0,-1.000,18.82,3.00,0.0336,0.0027
15.238,0.000,0,,,,,0,,,,GLOBAL,1.000,clear,0,,0,,0,0,-1.000,18.82,3.00,0.0274,0.0232
15.257,0.000,0,,,,,1,0.554,0.554,,GLOBAL,1.000,clear,0,,0,,0,0,-1.000,18.59,3.00,0.0470,0.0187
15.278,0.000,0,,,,,0,,,,GLOBAL,1.000,clear,0,,0,,0,0,-1.000,20.63,3.00,0.0444,0.0134
15.297,0.000,0,,,,,0,,,,GLOBAL,1.000,clear,0,,0,,0,0,-1.000,20.63,3.00,0.0371,0.0101
15.317,0.000,0,,,,,0,,,,GLOBAL,1.000,clear,0,,0,,0,0,-1.000,19.95,3.00,0.0339,0.0022
15.337,0.000,0,,,,,0,,,,GLOBAL,1.000,clear,0,,0,,0,0,-1.000,19.95,3.00,0.0543,0.0226
15.357,0.000,0,,,,,0,,,,GLOBAL,1.000,clear,0,,0,,0,0,-1.000,18.09,3.00,0.0463,0.0190
15.377,0.000,0,,,,,0,,,,GLOBAL,1.000,clear,0,,0,,0,0,-1.000,18.23,3.00,0.0440,0.0126
15.397,0.000,0,,,,,0,,,,GLOBAL,1.000,clear,0,,0,,0,0,-1.000,18.23,3.00,0.0355,0.0022
15.423,0.000,0,,,,,1,0.553,0.553,,GLOBAL,1.000,clear,0,,0,,0,0,-1.000,18.70,3.00,0.0398,0.0075
15.439,0.000,0,,,,,1,0.553,0.553,,GLOBAL,1.000,clear,0,,0,,0,0,-1.000,18.70,3.00,0.0283,0.0231
15.457,0.000,0,,,,,1,0.553,0.553,,GLOBAL,1.000,clear,0,,0,,0,0,-1.000,18.70,3.00,0.0466,0.0415
15.494,0.000,0,,,,,1,0.553,0.553,,GLOBAL,1.000,clear,0,,0,,0,0,-1.000,18.70,3.00,0.0518,0.0787
15.498,0.000,0,,,,,1,0.553,0.553,,GLOBAL,1.000,clear,0,,0,,0,0,-1.000,18.70,3.00,0.0387,0.0820
15.517,0.000,0,,,,,1,0.550,0.550,,GLOBAL,1.000,clear,0,,0,,0,0,-1.000,18.70,3.00,0.0330,0.0008
15.551,0.000,0,,,,,0,,,,GLOBAL,1.000,clear,0,,0,,0,0,-1.000,18.70,3.00,0.0430,0.0230
15.558,0.000,0,,,,,0,,,,GLOBAL,1.000,clear,0,,0,,0,0,-1.000,18.70,3.00,0.0496,0.0296
15.579,0.000,0,,,,,0,,,,GLOBAL,1.000,clear,0,,0,,0,0,-1.000,18.70,3.00,0.0448,0.0505
15.601,0.000,0,,,,,0,,,,GLOBAL,1.000,clear,0,,0,,0,0,-1.000,18.70,3.00,0.0433,0.0731
15.618,0.000,0,,,,,0,,,,GLOBAL,1.000,clear,0,,0,,0,0,-1.000,18.70,3.00,0.0601,0.0900
15.639,0.000,0,,,,,0,,,,GLOBAL,1.000,clear,0,,0,,0,0,-1.000,18.70,3.00,0.0557,0.0082
15.659,0.000,0,,,,,0,,,,GLOBAL,1.000,clear,0,,0,,0,0,-1.000,18.70,3.00,0.0523,0.0102
15.677,0.000,0,,,,,0,,,,GLOBAL,1.000,clear,0,,0,,0,0,-1.000,18.70,3.00,0.0435,0.0283
15.697,0.000,0,,,,,0,,,,GLOBAL,1.000,clear,0,,0,,0,0,-1.000,18.70,3.00,0.0381,0.0486
15.717,0.000,0,,,,,0,,,,GLOBAL,1.000,clear,0,,0,,0,0,-1.000,18.70,3.00,0.0336,0.0037
15.737,0.000,0,,,,,1,0.551,0.551,,GLOBAL,1.000,clear,0,,0,,0,0,-1.000,19.48,3.00,0.0282,0.0057
15.757,0.000,0,,,,,1,0.551,0.551,,GLOBAL,1.000,clear,0,,0,,0,0,-1.000,19.48,3.00,0.0480,0.0254
15.777,0.000,0,,,,,0,,,,GLOBAL,1.000,clear,0,,0,,0,0,-1.000,19.09,3.00,0.0438,0.0004
15.797,0.000,0,,,,,0,,,,GLOBAL,1.000,clear,0,,0,,0,0,-1.000,19.09,3.00,0.0380,0.0097
15.817,0.000,0,,,,,0,,,,GLOBAL,1.000,clear,0,,0,,0,0,-1.000,18.64,3.00,0.0338,0.0113
15.837,0.000,0,,,,,1,0.557,0.557,,GLOBAL,1.000,clear,0,,0,,0,0,-1.000,18.64,3.00,0.0281,0.0007
15.857,0.000,0,,,,,0,,,,GLOBAL,1.000,clear,0,,0,,0,0,-1.000,19.04,3.00,0.0481,0.0031
15.877,0.000,0,,,,,1,0.559,0.559,,GLOBAL,1.000,clear,0,,0,,0,0,-1.000,19.50,3.00,0.0439,0.0073
15.897,0.000,0,,,,,0,,,,GLOBAL,1.000,clear,0,,0,,0,0,-1.000,18.41,3.00,0.0384,0.0055
15.918,0.000,0,,,,,0,,,,GLOBAL,1.000,clear,0,,0,,0,0,-1.000,18.41,3.00,0.0352,0.0265
15.937,0.000,0,,,,,0,,,,GLOBAL,1.000,clear,0,,0,,0,0,-1.000,18.45,3.00,0.0286,0.0120
15.957,0.000,0,,,,,0,,,,GLOBAL,1.000,clear,0,,0,,0,0,-1.000,18.45,3.00,0.0482,0.0139
15.977,0.000,0,,,,,0,,,,GLOBAL,1.000,clear,0,,0,,0,0,-1.000,18.71,3.00,0.0430,0.0099
15.997,0.000,0,,,,,0,,,,GLOBAL,1.000,clear,0,,0,,0,0,-1.000,18.64,3.00,0.0387,0.0031
16.017,0.000,0,,,,,0,,,,GLOBAL,1.000,clear,0,,0,,0,0,-1.000,19.64,3.00,0.0329,0.0230
16.037,0.000,0,,,,,1,0.559,0.559,,GLOBAL,1.000,clear,0,,0,,0,0,-1.000,19.64,3.00,0.0287,0.0148
16.057,0.000,0,,,,,1,0.554,0.554,,GLOBAL,1.000,clear,0,,0,,0,0,-1.000,18.75,3.00,0.0487,0.0173
16.077,0.000,0,,,,,0,,,,GLOBAL,1.000,clear,0,,0,,0,0,-1.000,18.75,3.00,0.0431,0.0160
16.097,0.000,0,,,,,1,0.543,0.543,,GLOBAL,1.000,clear,0,,0,,0,0,-1.000,19.36,3.00,0.0390,0.0103
16.117,0.000,0,,,,,1,0.547,0.547,,GLOBAL,1.000,clear,0,,0,,0,0,-1.000,19.94,3.00,0.0336,0.0064
16.137,0.000,0,,,,,1,0.547,0.547,,GLOBAL,1.000,clear,0,,0,,0,0,-1.000,19.22,3.00,0.0291,0.0260
16.157,0.000,0,,,,,0,,,,GLOBAL,1.000,clear,0,,0,,0,0,-1.000,19.22,3.00,0.0491,0.0110
16.177,0.000,0,,,,,0,,,,GLOBAL,1.000,clear,0,,0,,0,0,-1.000,18.30,3.00,0.0435,0.0125
16.197,0.000,0,,,,,0,,,,GLOBAL,1.000,clear,0,,0,,0,0,-1.000,19.59,3.00,0.0380,0.0105
16.217,0.000,0,,,,,0,,,,GLOBAL,1.000,clear,0,,0,,0,0,-1.000,19.59,3.00,0.0338,0.0030
16.239,0.000,0,,,,,0,,,,GLOBAL,1.000,clear,0,,0,,0,0,-1.000,19.02,3.00,0.0300,0.0251
16.258,0.000,0,,,,,1,0.557,0.557,,GLOBAL,1.000,clear,0,,0,,0,0,-1.000,19.02,3.00,0.0483,0.0156
16.277,0.000,0,,,,,1,0.552,0.552,,GLOBAL,1.000,clear,0,,0,,0,0,-1.000,19.02,3.00,0.0429,0.0037
16.298,0.000,0,,,,,0,,,,GLOBAL,1.000,clear,0,,0,,0,0,-1.000,19.02,3.00,0.0391,0.0064
16.318,0.000,0,,,,,0,,,,GLOBAL,1.000,clear,0,,0,,0,0,-1.000,19.05,3.00,0.0343,0.0007
16.338,0.000,0,,,,,0,,,,GLOBAL,1.000,clear,0,,0,,0,0,-1.000,18.88,3.00,0.0286,0.0206
16.357,0.000,0,,,,,1,0.554,0.554,,GLOBAL,1.000,clear,0,,0,,0,0,-1.000,18.88,3.00,0.0480,0.0187
16.377,0.000,0,,,,,0,,,,GLOBAL,1.000,clear,0,,0,,0,0,-1.000,18.88,3.00,0.0440,0.0116
16.397,0.000,0,,,,,0,,,,GLOBAL,1.000,clear,0,,0,,0,0,-1.000,19.02,3.00,0.0367,0.0098
16.417,0.000,0,,,,,0,,,,GLOBAL,1.000,clear,0,,0,,0,0,-1.000,19.08,3.00,0.0343,0.0023
16.438,0.000,0,,,,,0,,,,GLOBAL,1.000,clear,0,,0,,0,0,-1.000,19.08,3.00,0.0271,0.0226
16.457,0.000,0,,,,,0,,,,GLOBAL,1.000,clear,0,,0,,0,0,-1.000,18.03,3.00,0.0465,0.0190
16.478,0.000,0,,,,,1,0.556,0.556,,GLOBAL,1.000,clear,0,,0,,0,0,-1.000,19.90,3.00,0.0451,0.0136
16.497,0.000,0,,,,,0,,,,GLOBAL,1.000,clear,0,,0,,0,0,-1.000,19.15,3.00,0.0368,0.0087
16.517,0.000,0,,,,,0,,,,GLOBAL,1.000,clear,0,,0,,0,0,-1.000,19.15,3.00,0.0328,0.0025
16.537,0.000,0,,,,,0,,,,GLOBAL,1.000,clear,0,,0,,0,0,-1.000,17.92,3.00,0.0270,0.0225
16.557,0.000,0,,,,,0,,,,GLOBAL,1.000,clear,0,,0,,0,0,-1.000,17.92,3.00,0.0469,0.0189
16.577,0.000,0,,,,,0,,,,GLOBAL,1.000,clear,0,,0,,0,0,-1.000,18.96,3.00,0.0432,0.0390
16.598,0.000,0,,,,,0,,,,GLOBAL,1.000,clear,0,,0,,0,0,-1.000,18.81,3.00,0.0401,0.0195
16.620,0.000,0,,,,,1,0.581,0.581,,GLOBAL,1.000,clear,0,,0,,0,0,-1.000,18.89,3.00,0.0363,0.0187
16.637,0.000,0,,,,,0,,,,GLOBAL,1.000,clear,0,,0,,0,0,-1.000,18.89,3.00,0.0271,0.0121
16.657,0.000,0,,,,,0,,,,GLOBAL,1.000,clear,0,,0,,0,0,-1.000,18.92,3.00,0.0472,0.0143
16.678,0.000,0,,,,,1,0.574,0.574,,GLOBAL,1.000,clear,0,,0,,0,0,-1.000,18.92,3.00,0.0442,0.0135
16.697,0.000,0,,,,,0,,,,GLOBAL,1.000,clear,0,,0,,0,0,-1.000,19.37,3.00,0.0393,0.0096
16.718,0.000,0,,,,,0,,,,GLOBAL,1.000,clear,0,,0,,0,0,-1.000,18.20,3.00,0.0344,0.0300
16.740,0.000,0,,,,,0,,,,GLOBAL,1.000,clear,0,,0,,0,0,-1.000,18.20,3.00,0.0295,0.0217
16.758,0.000,0,,,,,0,,,,GLOBAL,1.000,clear,0,,0,,0,0,-1.000,18.86,3.00,0.0469,0.0136
16.777,0.000,0,,,,,0,,,,GLOBAL,1.000,clear,0,,0,,0,0,-1.000,19.43,3.00,0.0423,0.0122
16.797,0.000,0,,,,,0,,,,GLOBAL,1.000,clear,0,,0,,0,0,-1.000,19.46,3.00,0.0361,0.0091
16.817,0.000,0,,,,,0,,,,GLOBAL,1.000,clear,0,,0,,0,0,-1.000,19.46,3.00,0.0338,0.0292
16.840,0.000,0,,,,,0,,,,GLOBAL,1.000,clear,0,,0,,0,0,-1.000,18.54,3.00,0.0308,0.0189
16.858,0.000,0,,,,,1,0.556,0.556,,GLOBAL,1.000,clear,0,,0,,0,0,-1.000,19.08,3.00,0.0479,0.0127
16.879,0.000,0,,,,,1,0.557,0.557,,GLOBAL,1.000,clear,0,,0,,0,0,-1.000,19.08,3.00,0.0455,0.0127
16.897,0.000,0,,,,,0,,,,GLOBAL,1.000,clear,0,,0,,0,0,-1.000,18.57,3.00,0.0365,0.0092
16.917,0.000,0,,,,,0,,,,GLOBAL,1.000,clear,0,,0,,0,0,-1.000,18.57,3.00,0.0341,0.0053
16.939,0.000,0,,,,,0,,,,GLOBAL,1.000,clear,0,,0,,0,0,-1.000,18.32,3.00,0.0304,0.0272
16.957,0.000,0,,,,,0,,,,GLOBAL,1.000,clear,0,,0,,0,0,-1.000,18.66,3.00,0.0487,0.0174
16.977,0.000,0,,,,,0,,,,GLOBAL,1.000,clear,0,,0,,0,0,-1.000,18.72,3.00,0.0429,0.0162
16.997,0.000,0,,,,,0,,,,GLOBAL,1.000,clear,0,,0,,0,0,-1.000,18.72,3.00,0.0369,0.0101
17.017,0.000,0,,,,,0,,,,GLOBAL,1.000,clear,0,,0,,0,0,-1.000,18.60,3.00,0.0331,0.0042
17.037,0.000,0,,,,,0,,,,GLOBAL,1.000,clear,0,,0,,0,0,-1.000,19.08,3.00,0.0274,0.0243
17.057,0.000,0,,,,,0,,,,GLOBAL,1.000,clear,0,,0,,0,0,-1.000,19.08,3.00,0.0473,0.0156
17.077,0.000,0,,,,,0,,,,GLOBAL,1.000,clear,0,,0,,0,0,-1.000,18.87,3.00,0.0432,0.0111
17.097,0.000,0,,,,,0,,,,GLOBAL,1.000,clear,0,,0,,0,0,-1.000,18.32,3.00,0.0366,0.0081
17.119,0.000,0,,,,,1,0.558,0.558,,GLOBAL,1.000,clear,0,,0,,0,0,-1.000,18.32,3.00,0.0357,0.0043
17.138,0.000,0,,,,,1,0.558,0.558,,GLOBAL,1.000,clear,0,,0,,0,0,-1.000,18.68,3.00,0.0283,0.0228
17.158,0.000,0,,,,,0,,,,GLOBAL,1.000,clear,0,,0,,0,0,-1.000,18.69,3.00,0.0481,0.0167
17.178,0.000,0,,,,,0,,,,GLOBAL,1.000,clear,0,,0,,0,0,-1.000,18.69,3.00,0.0447,0.0126
17.200,0.000,0,,,,,0,,,,GLOBAL,1.000,clear,0,,0,,0,0,-1.000,18.63,3.00,0.0392,0.0122
17.222,0.000,0,,,,,0,,,,GLOBAL,1.000,clear,0,,0,,0,0,-1.000,18.63,3.00,0.0383,0.0045
17.238,0.000,0,,,,,0,,,,GLOBAL,1.000,clear,0,,0,,0,0,-1.000,18.58,3.00,0.0263,0.0207
17.258,0.000,0,,,,,0,,,,GLOBAL,1.000,clear,0,,0,,0,0,-1.000,18.69,3.00,0.0463,0.0177
17.277,0.000,0,,,,,0,,,,GLOBAL,1.000,clear,0,,0,,0,0,-1.000,18.69,3.00,0.0438,0.0117
17.298,0.000,0,,,,,0,,,,GLOBAL,1.000,clear,0,,0,,0,0,-1.000,18.69,3.00,0.0388,0.0068
17.317,0.000,0,,,,,0,,,,GLOBAL,1.000,clear,0,,0,,0,0,-1.000,19.41,3.00,0.0326,0.0263
17.337,0.000,0,,,,,0,,,,GLOBAL,1.000,clear,0,,0,,0,0,-1.000,19.70,3.00,0.0262,0.0190
17.358,0.000,0,,,,,1,0.565,0.565,,GLOBAL,1.000,clear,0,,0,,0,0,-1.000,19.29,3.00,0.0472,0.0188
17.377,0.000,0,,,,,0,,,,GLOBAL,1.000,clear,0,,0,,0,0,-1.000,16.51,3.00,0.0415,0.0159
17.398,0.000,0,,,,,0,,,,GLOBAL,1.000,clear,0,,0,,0,0,-1.000,18.46,3.00,0.0392,0.0107
17.417,0.000,0,,,,,0,,,,GLOBAL,1.000,clear,0,,0,,0,0,-1.000,18.46,3.00,0.0330,0.0024
17.437,0.000,0,,,,,0,,,,GLOBAL,1.000,clear,0,,0,,0,0,-1.000,19.51,3.00,0.0263,0.0005
17.458,0.000,0,,,,,0,,,,GLOBAL,1.000,clear,0,,0,,0,0,-1.000,18.56,3.00,0.0464,0.0206
17.478,0.000,0,,,,,1,0.553,0.553,,GLOBAL,1.000,clear,0,,0,,0,0,-1.000,18.56,3.00,0.0436,0.0165
17.497,0.000,0,,,,,0,,,,GLOBAL,1.000,clear,0,,0,,0,0,-1.000,18.58,3.00,0.0392,0.0053
17.517,0.000,0,,,,,1,0.581,0.581,,GLOBAL,1.000,clear,0,,0,,0,0,-1.000,19.30,3.00,0.0332,0.0057
17.537,0.000,0,,,,,1,0.581,0.581,,GLOBAL,1.000,clear,0,,0,,0,0,-1.000,19.30,3.00,0.0290,0.0258
17.557,0.000,0,,,,,0,,,,GLOBAL,1.000,clear,0,,0,,0,0,-1.000,19.25,3.00,0.0489,0.0154
17.578,0.000,0,,,,,0,,,,GLOBAL,1.000,clear,0,,0,,0,0,-1.000,19.37,3.00,0.0447,0.0175
17.597,0.000,0,,,,,0,,,,GLOBAL,1.000,clear,0,,0,,0,0,-1.000,19.37,3.00,0.0350,0.0108
17.617,0.000,0,,,,,0,,,,GLOBAL,1.000,clear,0,,0,,0,0,-1.000,19.09,3.00,0.0335,0.0307
17.637,0.000,0,,,,,0,,,,GLOBAL,1.000,clear,0,,0,,0,0,-1.000,18.45,3.00,0.0268,0.0167
17.658,0.000,0,,,,,0,,,,GLOBAL,1.000,clear,0,,0,,0,0,-1.000,18.45,3.00,0.0474,0.0109
17.677,0.000,0,,,,,0,,,,GLOBAL,1.000,clear,0,,0,,0,0,-1.000,18.26,3.00,0.0416,0.0136
17.698,0.000,0,,,,,0,,,,GLOBAL,1.000,clear,0,,0,,0,0,-1.000,18.26,3.00,0.0383,0.0106
17.717,0.000,0,,,,,0,,,,GLOBAL,1.000,clear,0,,0,,0,0,-1.000,18.75,3.00,0.0339,0.0055
17.737,0.000,0,,,,,0,,,,GLOBAL,1.000,clear,0,,0,,0,0,-1.000,18.65,3.00,0.0286,0.0011
17.758,0.000,0,,,,,0,,,,GLOBAL,1.000,clear,0,,0,,0,0,-1.000,18.65,3.00,0.0489,0.0213
17.778,0.000,0,,,,,0,,,,GLOBAL,1.000,clear,0,,0,,0,0,-1.000,17.54,3.00,0.0445,0.0160
17.797,0.000,0,,,,,0,,,,GLOBAL,1.000,clear,0,,0,,0,0,-1.000,19.46,3.00,0.0381,0.0090
17.817,0.000,0,,,,,0,,,,GLOBAL,1.000,clear,0,,0,,0,0,-1.000,18.85,3.00,0.0327,0.0058
17.837,0.000,0,,,,,0,,,,GLOBAL,1.000,clear,0,,0,,0,0,-1.000,18.85,3.00,0.0284,0.0256
17.857,0.000,0,,,,,0,,,,GLOBAL,1.000,clear,0,,0,,0,0,-1.000,16.81,3.00,0.0485,0.0179
17.878,0.000,0,,,,,1,0.557,0.557,,GLOBAL,1.000,clear,0,,0,,0,0,-1.000,18.75,3.00,0.0431,0.0153
17.897,0.000,0,,,,,0,,,,GLOBAL,1.000,clear,0,,0,,0,0,-1.000,18.75,3.00,0.0383,0.0085
17.919,0.000,0,,,,,1,0.564,0.564,,GLOBAL,1.000,clear,0,,0,,0,0,-1.000,20.26,3.00,0.0355,0.0010
17.939,0.000,0,,,,,1,0.564,0.564,,GLOBAL,1.000,clear,0,,0,,0,0,-1.000,20.26,3.00,0.0240,0.0206
17.957,0.000,0,,,,,0,,,,GLOBAL,1.000,clear,0,,0,,0,0,-1.000,19.74,3.00,0.0419,0.0158
17.979,0.000,0,,,,,0,,,,GLOBAL,1.000,clear,0,,0,,0,0,-1.000,17.05,3.00,0.0455,0.0150
17.997,0.000,0,,,,,1,0.580,0.580,,GLOBAL,1.000,clear,0,,0,,0,0,-1.000,18.03,3.00,0.0367,0.0074
18.017,0.000,0,,,,,0,,,,GLOBAL,1.000,clear,0,,0,,0,0,-1.000,18.03,3.00,0.0335,0.0017
18.037,0.000,0,,,,,0,,,,GLOBAL,1.000,clear,0,,0,,0,0,-1.000,18.39,3.00,0.0257,0.0220
18.057,0.000,0,,,,,0,,,,GLOBAL,1.000,clear,0,,0,,0,0,-1.000,18.39,3.00,0.0455,0.0186
18.079,0.000,0,,,,,0,,,,GLOBAL,1.000,clear,0,,0,,0,0,-1.000,18.95,3.00,0.0451,0.0151
18.097,0.000,0,,,,,1,0.557,0.557,,GLOBAL,1.000,clear,0,,0,,0,0,-1.000,18.34,3.00,0.0366,0.0095
18.117,0.000,0,,,,,0,,,,GLOBAL,1.000,clear,0,,0,,0,0,-1.000,18.34,3.00,0.0339,0.0007
18.137,0.000,0,,,,,0,,,,GLOBAL,1.000,clear,0,,0,,0,0,-1.000,19.18,3.00,0.0282,0.0208
18.157,0.000,0,,,,,0,,,,GLOBAL,1.000,clear,0,,0,,0,0,-1.000,18.62,3.00,0.0480,0.0185
18.177,0.000,0,,,,,1,0.553,0.553,,GLOBAL,1.000,clear,0,,0,,0,0,-1.000,18.47,3.00,0.0423,0.0114
18.197,0.000,0,,,,,0,,,,GLOBAL,1.000,clear,0,,0,,0,0,-1.000,18.47,3.00,0.0367,0.0090
18.220,0.000,0,,,,,0,,,,GLOBAL,1.000,clear,0,,0,,0,0,-1.000,19.19,3.00,0.0353,0.0011
18.237,0.000,0,,,,,0,,,,GLOBAL,1.000,clear,0,,0,,0,0,-1.000,18.72,3.00,0.0289,0.0188
18.257,0.000,0,,,,,0,,,,GLOBAL,1.000,clear,0,,0,,0,0,-1.000,18.72,3.00,0.0488,0.0187
18.278,0.000,0,,,,,0,,,,GLOBAL,1.000,clear,0,,0,,0,0,-1.000,19.16,3.00,0.0432,0.0153
18.297,0.000,0,,,,,0,,,,GLOBAL,1.000,clear,0,,0,,0,0,-1.000,19.16,3.00,0.0372,0.0076
18.317,0.000,0,,,,,1,0.555,0.555,,GLOBAL,1.000,clear,0,,0,,0,0,-1.000,18.79,3.00,0.0332,0.0061
18.338,0.000,0,,,,,1,0.555,0.555,,GLOBAL,1.000,clear,0,,0,,0,0,-1.000,18.80,3.00,0.0297,0.0268
18.357,0.000,0,,,,,0,,,,GLOBAL,1.000,clear,0,,0,,0,0,-1.000,18.80,3.00,0.0488,0.0187
18.377,0.000,0,,,,,1,0.555,0.555,,GLOBAL,1.000,clear,0,,0,,0,0,-1.000,18.72,3.00,0.0429,0.0147
18.401,0.000,0,,,,,1,0.563,0.563,,GLOBAL,1.000,clear,0,,0,,0,0,-1.000,18.54,3.00,0.0415,0.0101
18.420,0.000,0,,,,,1,0.561,0.561,,GLOBAL,1.000,clear,0,,0,,0,0,-1.000,18.54,3.00,0.0359,0.0059
18.437,0.000,0,,,,,1,0.561,0.561,,GLOBAL,1.000,clear,0,,0,,0,0,-1.000,19.21,3.00,0.0275,0.0232
18.458,0.000,0,,,,,1,0.549,0.549,,GLOBAL,1.000,clear,0,,0,,0,0,-1.000,18.62,3.00,0.0478,0.0186
18.479,0.000,0,,,,,0,,,,GLOBAL,1.000,clear,0,,0,,0,0,-1.000,18.62,3.00,0.0447,0.0151
18.499,0.000,0,,,,,0,,,,GLOBAL,1.000,clear,0,,0,,0,0,-1.000,18.69,3.00,0.0382,0.0095
18.518,0.000,0,,,,,0,,,,GLOBAL,1.000,clear,0,,0,,0,0,-1.000,18.49,3.00,0.0341,0.0012
18.541,0.000,0,,,,,0,,,,GLOBAL,1.000,clear,0,,0,,0,0,-1.000,18.49,3.00,0.0312,0.0241
18.558,0.000,0,,,,,0,,,,GLOBAL,1.000,clear,0,,0,,0,0,-1.000,18.53,3.00,0.0488,0.0172
18.577,0.000,0,,,,,0,,,,GLOBAL,1.000,clear,0,,0,,0,0,-1.000,18.53,3.00,0.0435,0.0126
18.603,0.000,0,,,,,0,,,,GLOBAL,1.000,clear,0,,0,,0,0,-1.000,18.53,3.00,0.0427,0.0141
18.620,0.000,0,,,,,0,,,,GLOBAL,1.000,clear,0,,0,,0,0,-1.000,17.92,3.00,0.0363,0.0312
18.637,0.000,0,,,,,0,,,,GLOBAL,1.000,clear,0,,0,,0,0,-1.000,18.22,3.00,0.0267,0.0164
18.657,0.000,0,,,,,0,,,,GLOBAL,1.000,clear,0,,0,,0,0,-1.000,18.22,3.00,0.0465,0.0151
18.677,0.000,0,,,,,0,,,,GLOBAL,1.000,clear,0,,0,,0,0,-1.000,18.28,3.00,0.0425,0.0095
18.699,0.000,0,,,,,0,,,,GLOBAL,1.000,clear,0,,0,,0,0,-1.000,18.28,3.00,0.0388,0.0056
18.717,0.000,0,,,,,1,0.553,0.553,,GLOBAL,1.000,clear,0,,0,,0,0,-1.000,19.81,3.00,0.0329,0.0024
18.738,0.000,0,,,,,1,0.553,0.553,,GLOBAL,1.000,clear,0,,0,,0,0,-1.000,19.37,3.00,0.0277,0.0232
18.758,0.000,0,,,,,0,,,,GLOBAL,1.000,clear,0,,0,,0,0,-1.000,18.77,3.00,0.0476,0.0180
18.779,0.000,0,,,,,0,,,,GLOBAL,1.000,clear,0,,0,,0,0,-1.000,19.34,3.00,0.0449,0.0159
18.798,0.000,0,,,,,0,,,,GLOBAL,1.000,clear,0,,0,,0,0,-1.000,19.34,3.00,0.0375,0.0101
18.817,0.000,0,,,,,0,,,,GLOBAL,1.000,clear,0,,0,,0,0,-1.000,17.13,3.00,0.0331,0.0031
18.838,0.000,0,,,,,1,0.597,0.597,,GLOBAL,1.000,clear,0,,0,,0,0,-1.000,18.45,3.00,0.0282,0.0005
18.857,0.000,0,,,,,1,0.597,0.597,,GLOBAL,1.000,clear,0,,0,,0,0,-1.000,18.45,3.00,0.0475,0.0198
18.877,0.000,0,,,,,1,0.556,0.556,,GLOBAL,1.000,clear,0,,0,,0,0,-1.000,18.48,3.00,0.0435,0.0118
18.897,0.000,0,,,,,0,,,,GLOBAL,1.000,clear,0,,0,,0,0,-1.000,18.45,3.00,0.0364,0.0099
18.918,0.000,0,,,,,0,,,,GLOBAL,1.000,clear,0,,0,,0,0,-1.000,18.45,3.00,0.0334,0.0037
18.937,0.000,0,,,,,0,,,,GLOBAL,1.000,clear,0,,0,,0,0,-1.000,18.56,3.00,0.0270,0.0005
18.957,0.000,0,,,,,0,,,,GLOBAL,1.000,clear,0,,0,,0,0,-1.000,18.52,3.00,0.0473,0.0208
18.977,0.000,0,,,,,1,0.556,0.556,,GLOBAL,1.000,clear,0,,0,,0,0,-1.000,18.52,3.00,0.0436,0.0138
18.997,0.000,0,,,,,0,,,,GLOBAL,1.000,clear,0,,0,,0,0,-1.000,18.66,3.00,0.0371,0.0106
19.017,0.000,0,,,,,0,,,,GLOBAL,1.000,clear,0,,0,,0,0,-1.000,18.71,3.00,0.0339,0.0038
19.037,0.000,0,,,,,0,,,,GLOBAL,1.000,clear,0,,0,,0,0,-1.000,18.71,3.00,0.0271,0.0239
19.057,0.000,0,,,,,0,,,,GLOBAL,1.000,clear,0,,0,,0,0,-1.000,18.72,3.00,0.0472,0.0185
19.078,0.000,0,,,,,0,,,,GLOBAL,1.000,clear,0,,0,,0,0,-1.000,18.67,3.00,0.0443,0.0145
19.097,0.000,0,,,,,1,0.552,0.552,,GLOBAL,1.000,clear,0,,0,,0,0,-1.000,18.67,3.00,0.0370,0.0110
19.117,0.000,0,,,,,1,0.552,0.552,,GLOBAL,1.000,clear,0,,0,,0,0,-1.000,18.75,3.00,0.0327,0.0312
19.138,0.000,0,,,,,0,,,,GLOBAL,1.000,clear,0,,0,,0,0,-1.000,18.75,3.00,0.0262,0.0006
19.157,0.000,0,,,,,0,,,,GLOBAL,1.000,clear,0,,0,,0,0,-1.000,19.36,3.00,0.0456,0.0200
19.177,0.000,0,,,,,0,,,,GLOBAL,1.000,clear,0,,0,,0,0,-1.000,18.85,3.00,0.0430,0.0150
19.197,0.000,0,,,,,0,,,,GLOBAL,1.000,clear,0,,0,,0,0,-1.000,18.85,3.00,0.0371,0.0083
19.217,0.000,0,,,,,0,,,,GLOBAL,1.000,clear,0,,0,,0,0,-1.000,19.67,3.00,0.0328,0.0029
19.237,0.000,0,,,,,0,,,,GLOBAL,1.000,clear,0,,0,,0,0,-1.000,18.98,3.00,0.0287,0.0229
19.258,0.000,0,,,,,1,0.554,0.554,,GLOBAL,1.000,clear,0,,0,,0,0,-1.000,18.98,3.00,0.0495,0.0157
19.277,0.000,0,,,,,1,0.559,0.559,,GLOBAL,1.000,clear,0,,0,,0,0,-1.000,19.03,3.00,0.0430,0.0093
19.297,0.000,0,,,,,1,0.564,0.564,,GLOBAL,1.000,clear,0,,0,,0,0,-1.000,19.03,3.00,0.0376,0.0074
19.317,0.000,0,,,,,0,,,,GLOBAL,1.000,clear,0,,0,,0,0,-1.000,19.03,3.00,0.0332,0.0031
19.337,0.000,0,,,,,0,,,,GLOBAL,1.000,clear,0,,0,,0,0,-1.000,18.85,3.00,0.0289,0.0235
19.358,0.000,0,,,,,0,,,,GLOBAL,1.000,clear,0,,0,,0,0,-1.000,18.71,3.00,0.0492,0.0171
19.377,0.000,0,,,,,0,,,,GLOBAL,1.000,clear,0,,0,,0,0,-1.000,18.17,3.00,0.0431,0.0135
19.398,0.000,0,,,,,0,,,,GLOBAL,1.000,clear,0,,0,,0,0,-1.000,18.17,3.00,0.0377,0.0103
19.417,0.000,0,,,,,1,0.574,0.574,,GLOBAL,1.000,clear,0,,0,,0,0,-1.000,18.51,3.00,0.0336,0.0041
19.437,0.000,0,,,,,1,0.574,0.574,,GLOBAL,1.000,clear,0,,0,,0,0,-1.000,19.36,3.00,0.0279,0.0240
19.458,0.000,0,,,,,0,,,,GLOBAL,1.000,clear,0,,0,,0,0,-1.000,19.36,3.00,0.0485,0.0172
19.477,0.000,0,,,,,0,,,,GLOBAL,1.000,clear,0,,0,,0,0,-1.000,18.63,3.00,0.0438,0.0103
19.498,0.000,0,,,,,0,,,,GLOBAL,1.000,clear,0,,0,,0,0,-1.000,19.69,3.00,0.0375,0.0090
19.517,0.000,0,,,,,0,,,,GLOBAL,1.000,clear,0,,0,,0,0,-1.000,19.69,3.00,0.0339,0.0028
19.538,0.000,0,,,,,0,,,,GLOBAL,1.000,clear,0,,0,,0,0,-1.000,18.90,3.00,0.0276,0.0234
19.557,0.000,0,,,,,1,0.568,0.568,,GLOBAL,1.000,clear,0,,0,,0,0,-1.000,18.80,3.00,0.0471,0.0191
19.577,0.000,0,,,,,0,,,,GLOBAL,1.000,clear,0,,0,,0,0,-1.000,18.80,3.00,0.0445,0.0131
19.598,0.000,0,,,,,0,,,,GLOBAL,1.000,clear,0,,0,,0,0,-1.000,18.04,3.00,0.0376,0.0065
19.618,0.000,0,,,,,0,,,,GLOBAL,1.000,clear,0,,0,,0,0,-1.000,18.58,3.00,0.0331,0.0026
19.638,0.000,0,,,,,0,,,,GLOBAL,1.000,clear,0,,0,,0,0,-1.000,18.58,3.00,0.0275,0.0226
19.657,0.000,0,,,,,0,,,,GLOBAL,1.000,clear,0,,0,,0,0,-1.000,17.74,3.00,0.0469,0.0191
19.677,0.000,0,,,,,1,0.598,0.598,,GLOBAL,1.000,clear,0,,0,,0,0,-1.000,19.15,3.00,0.0431,0.0155
19.697,0.000,0,,,,,1,0.554,0.554,,GLOBAL,1.000,clear,0,,0,,0,0,-1.000,19.15,3.00,0.0364,0.0100
19.717,0.000,0,,,,,0,,,,GLOBAL,1.000,clear,0,,0,,0,0,-1.000,18.45,3.00,0.0330,0.0015
19.739,0.000,0,,,,,0,,,,GLOBAL,1.000,clear,0,,0,,0,0,-1.000,18.66,3.00,0.0549,0.0234
19.757,0.000,0,,,,,0,,,,GLOBAL,1.000,clear,0,,0,,0,0,-1.000,18.66,3.00,0.0473,0.0174
19.777,0.000,0,,,,,1,0.567,0.567,,GLOBAL,1.000,clear,0,,0,,0,0,-1.000,18.49,3.00,0.0420,0.0156
19.797,0.000,0,,,,,0,,,,GLOBAL,1.000,clear,0,,0,,0,0,-1.000,18.54,3.00,0.0356,0.0104
19.817,0.000,0,,,,,0,,,,GLOBAL,1.000,clear,0,,0,,0,0,-1.000,18.54,3.00,0.0335,0.0036
19.837,0.000,0,,,,,1,0.582,0.582,,GLOBAL,1.000,clear,0,,0,,0,0,-1.000,18.62,3.00,0.0272,0.0012
19.857,0.000,0,,,,,1,0.582,0.582,,GLOBAL,1.000,clear,0,,0,,0,0,-1.000,16.86,3.00,0.0468,0.0208
19.877,0.000,0,,,,,0,,,,GLOBAL,1.000,clear,0,,0,,0,0,-1.000,16.86,3.00,0.0435,0.0136
19.897,0.000,0,,,,,0,,,,GLOBAL,1.000,clear,0,,0,,0,0,-1.000,18.14,3.00,0.0355,0.0111
19.917,0.000,0,,,,,0,,,,GLOBAL,1.000,clear,0,,0,,0,0,-1.000,19.33,3.00,0.0340,0.0009
19.937,0.000,0,,,,,0,,,,GLOBAL,1.000,clear,0,,0,,0,0,-1.000,19.33,3.00,0.0270,0.0207
19.957,0.000,0,,,,,0,,,,GLOBAL,1.000,clear,0,,0,,0,0,-1.000,19.26,3.00,0.0474,0.0179
19.978,0.000,0,,,,,0,,,,GLOBAL,1.000,clear,0,,0,,0,0,-1.000,19.26,3.00,0.0436,0.0147
19.998,0.000,0,,,,,0,,,,GLOBAL,1.000,clear,0,,0,,0,0,-1.000,19.35,3.00,0.0387,0.0117
20.017,0.000,0,,,,,1,0.531,0.531,,GLOBAL,1.000,clear,0,,0,,0,0,-1.000,19.62,3.00,0.0334,0.0031
20.038,0.000,0,,,,,1,0.531,0.531,,GLOBAL,1.000,clear,0,,0,,0,0,-1.000,17.37,3.00,0.0289,0.0238
20.057,0.000,0,,,,,0,,,,GLOBAL,1.000,clear,0,,0,,0,0,-1.000,17.37,3.00,0.0483,0.0177
20.077,0.000,0,,,,,0,,,,GLOBAL,1.000,clear,0,,0,,0,0,-1.000,17.92,3.00,0.0425,0.0155
20.097,0.000,0,,,,,0,,,,GLOBAL,1.000,clear,0,,0,,0,0,-1.000,17.12,3.00,0.0384,0.0100
20.117,0.000,0,,,,,0,,,,GLOBAL,1.000,clear,0,,0,,0,0,-1.000,17.12,3.00,0.0326,0.0060
20.138,0.000,0,,,,,0,,,,GLOBAL,1.000,clear,0,,0,,0,0,-1.000,19.70,3.00,0.0293,0.0008
20.158,0.000,0,,,,,0,,,,GLOBAL,1.000,clear,0,,0,,0,0,-1.000,19.08,3.00,0.0493,0.0207
20.177,0.000,0,,,,,0,,,,GLOBAL,1.000,clear,0,,0,,0,0,-1.000,19.08,3.00,0.0430,0.0142
20.197,0.000,0,,,,,0,,,,GLOBAL,1.000,clear,0,,0,,0,0,-1.000,18.76,3.00,0.0384,0.0084
20.217,0.000,0,,,,,0,,,,GLOBAL,1.000,clear,0,,0,,0,0,-1.000,18.76,3.00,0.0308,0.0036
20.238,0.000,0,,,,,1,0.558,0.558,,GLOBAL,1.000,clear,0,,0,,0,0,-1.000,18.75,3.00,0.0275,0.0008
20.257,0.000,0,,,,,1,0.558,0.558,,GLOBAL,1.000,clear,0,,0,,0,0,-1.000,18.92,3.00,0.0469,0.0202
20.277,0.000,0,,,,,1,0.591,0.591,,GLOBAL,1.000,clear,0,,0,,0,0,-1.000,18.23,3.00,0.0410,0.0136
20.298,0.000,0,,,,,0,,,,GLOBAL,1.000,clear,0,,0,,0,0,-1.000,18.23,3.00,0.0372,0.0115
20.317,0.000,0,,,,,0,,,,GLOBAL,1.000,clear,0,,0,,0,0,-1.000,18.78,3.00,0.0333,0.0029
20.338,0.000,0,,,,,0,,,,GLOBAL,1.000,clear,0,,0,,0,0,-1.000,18.78,3.00,0.0286,0.0239
20.357,0.000,0,,,,,0,,,,GLOBAL,1.000,clear,0,,0,,0,0,-1.000,18.64,3.00,0.0476,0.0186
20.377,0.000,0,,,,,0,,,,GLOBAL,1.000,clear,0,,0,,0,0,-1.000,18.65,3.00,0.0425,0.0115
20.399,0.000,0,,,,,0,,,,GLOBAL,1.000,clear,0,,0,,0,0,-1.000,17.54,3.00,0.0387,0.0111
20.418,0.000,0,,,,,0,,,,GLOBAL,1.000,clear,0,,0,,0,0,-1.000,17.54,3.00,0.0349,0.0299
20.437,0.000,0,,,,,0,,,,GLOBAL,1.000,clear,0,,0,,0,0,-1.000,18.23,3.00,0.0268,0.0190
20.457,0.000,0,,,,,0,,,,GLOBAL,1.000,clear,0,,0,,0,0,-1.000,18.42,3.00,0.0458,0.0160
20.477,0.000,0,,,,,0,,,,GLOBAL,1.000,clear,0,,0,,0,0,-1.000,18.42,3.00,0.0424,0.0130
20.498,0.000,0,,,,,0,,,,GLOBAL,1.000,clear,0,,0,,0,0,-1.000,18.24,3.00,0.0369,0.0081
20.517,0.000,0,,,,,0,,,,GLOBAL,1.000,clear,0,,0,,0,0,-1.000,18.24,3.00,0.0327,0.0047
20.537,0.000,0,,,,,0,,,,GLOBAL,1.000,clear,0,,0,,0,0,-1.000,18.72,3.00,0.0286,0.0247
20.557,0.000,0,,,,,0,,,,GLOBAL,1.000,clear,0,,0,,0,0,-1.000,16.64,3.00,0.0486,0.0185
20.577,0.000,0,,,,,0,,,,GLOBAL,1.000,clear,0,,0,,0,0,-1.000,16.64,3.00,0.0430,0.0134
20.598,0.000,0,,,,,0,,,,GLOBAL,1.000,clear,0,,0,,0,0,-1.000,18.41,3.00,0.0394,0.0073
20.618,0.000,0,,,,,0,,,,GLOBAL,1.000,clear,0,,0,,0,0,-1.000,17.28,3.00,0.0336,0.0039
20.637,0.000,0,,,,,0,,,,GLOBAL,1.000,clear,0,,0,,0,0,-1.000,18.01,3.00,0.0532,0.0235
20.657,0.000,0,,,,,0,,,,GLOBAL,1.000,clear,0,,0,,0,0,-1.000,18.01,3.00,0.0472,0.0152
20.677,0.000,0,,,,,0,,,,GLOBAL,1.000,clear,0,,0,,0,0,-1.000,18.02,3.00,0.0409,0.0117
20.697,0.000,0,,,,,0,,,,GLOBAL,1.000,clear,0,,0,,0,0,-1.000,18.02,3.00,0.0371,0.0077
20.717,0.000,0,,,,,1,0.558,0.558,,GLOBAL,1.000,clear,0,,0,,0,0,-1.000,19.44,3.00,0.0335,0.0029
20.738,0.000,0,,,,,0,,,,GLOBAL,1.000,clear,0,,0,,0,0,-1.000,19.68,3.00,0.0274,0.0006
20.757,0.000,0,,,,,0,,,,GLOBAL,1.000,clear,0,,0,,0,0,-1.000,18.62,3.00,0.0469,0.0201
20.777,0.000,0,,,,,0,,,,GLOBAL,1.000,clear,0,,0,,0,0,-1.000,18.62,3.00,0.0431,0.0139
20.797,0.000,0,,,,,0,,,,GLOBAL,1.000,clear,0,,0,,0,0,-1.000,18.76,3.00,0.0368,0.0097
20.817,0.000,0,,,,,0,,,,GLOBAL,1.000,clear,0,,0,,0,0,-1.000,18.76,3.00,0.0331,0.0053
20.838,0.000,0,,,,,0,,,,GLOBAL,1.000,clear,0,,0,,0,0,-1.000,18.30,3.00,0.0287,0.0258
20.857,0.000,0,,,,,0,,,,GLOBAL,1.000,clear,0,,0,,0,0,-1.000,18.16,3.00,0.0481,0.0190
20.878,0.000,0,,,,,0,,,,GLOBAL,1.000,clear,0,,0,,0,0,-1.000,17.71,3.00,0.0430,0.0144
20.897,0.000,0,,,,,1,0.571,0.571,,GLOBAL,1.000,clear,0,,0,,0,0,-1.000,17.71,3.00,0.0372,0.0100
20.917,0.000,0,,,,,0,,,,GLOBAL,1.000,clear,0,,0,,0,0,-1.000,18.42,3.00,0.0329,0.0058
20.937,0.000,0,,,,,0,,,,GLOBAL,1.000,clear,0,,0,,0,0,-1.000,17.48,3.00,0.0270,0.0256
20.957,0.000,0,,,,,0,,,,GLOBAL,1.000,clear,0,,0,,0,0,-1.000,17.48,3.00,0.0469,0.0182
20.977,0.000,0,,,,,0,,,,GLOBAL,1.000,clear,0,,0,,0,0,-1.000,17.52,3.00,0.0427,0.0159
20.997,0.000,0,,,,,0,,,,GLOBAL,1.000,clear,0,,0,,0,0,-1.000,17.52,3.00,0.0373,0.0102
21.017,0.000,0,,,,,0,,,,GLOBAL,1.000,clear,0,,0,,0,0,-1.000,17.80,3.00,0.0334,0.0064
21.037,0.000,0,,,,,0,,,,GLOBAL,1.000,clear,0,,0,,0,0,-1.000,18.26,3.00,0.0255,0.0261
21.057,0.000,0,,,,,0,,,,GLOBAL,1.000,clear,0,,0,,0,0,-1.000,18.01,3.00,0.0454,0.0194
21.077,0.000,0,,,,,0,,,,GLOBAL,1.000,clear,0,,0,,0,0,-1.000,18.01,3.00,0.0425,0.0129
21.098,0.000,0,,,,,0,,,,GLOBAL,1.000,clear,0,,0,,0,0,-1.000,18.92,3.00,0.0376,0.0083
21.118,0.000,0,,,,,0,,,,GLOBAL,1.000,clear,0,,0,,0,0,-1.000,18.11,3.00,0.0340,0.0019
21.138,0.000,0,,,,,0,,,,GLOBAL,1.000,clear,0,,0,,0,0,-1.000,18.11,3.00,0.0280,0.0008
21.157,0.000,0,,,,,0,,,,GLOBAL,1.000,clear,0,,0,,0,0,-1.000,18.12,3.00,0.0471,0.0199
21.177,0.000,0,,,,,0,,,,GLOBAL,1.000,clear,0,,0,,0,0,-1.000,18.20,3.00,0.0430,0.0138
21.197,0.000,0,,,,,0,,,,GLOBAL,1.000,clear,0,,0,,0,0,-1.000,18.20,3.00,0.0373,0.0082
21.217,0.000,0,,,,,0,,,,GLOBAL,1.000,clear,0,,0,,0,0,-1.000,18.27,3.00,0.0341,0.0011
21.237,0.000,0,,,,,0,,,,GLOBAL,1.000,clear,0,,0,,0,0,-1.000,17.27,3.00,0.0256,0.0208
21.257,0.000,0,,,,,0,,,,GLOBAL,1.000,clear,0,,0,,0,0,-1.000,17.27,3.00,0.0456,0.0196
21.277,0.000,0,,,,,0,,,,GLOBAL,1.000,clear,0,,0,,0,0,-1.000,17.27,3.00,0.0439,0.0110
21.297,0.000,0,,,,,0,,,,GLOBAL,1.000,clear,0,,0,,0,0,-1.000,17.49,3.00,0.0375,0.0094
21.317,0.000,0,,,,,0,,,,GLOBAL,1.000,clear,0,,0,,0,0,-1.000,17.49,3.00,0.0327,0.0036
21.337,0.000,0,,,,,0,,,,GLOBAL,1.000,clear,0,,0,,0,0,-1.000,17.48,3.00,0.0268,0.0234
21.357,0.000,0,,,,,0,,,,GLOBAL,1.000,clear,0,,0,,0,0,-1.000,17.48,3.00,0.0468,0.0189
21.377,0.000,0,,,,,0,,,,GLOBAL,1.000,clear,0,,0,,0,0,-1.000,17.64,3.00,0.0425,0.0123
21.397,0.000,0,,,,,0,,,,GLOBAL,1.000,clear,0,,0,,0,0,-1.000,17.47,3.00,0.0370,0.0072
21.418,0.000,0,,,,,0,,,,GLOBAL,1.000,clear,0,,0,,0,0,-1.000,18.70,3.00,0.0335,0.0038
21.437,0.000,0,,,,,0,,,,GLOBAL,1.000,clear,0,,0,,0,0,-1.000,18.70,3.00,0.0270,0.0230
21.458,0.000,0,,,,,0,,,,GLOBAL,1.000,clear,0,,0,,0,0,-1.000,17.73,3.00,0.0480,0.0178
21.478,0.000,0,,,,,0,,,,GLOBAL,1.000,clear,0,,0,,0,0,-1.000,17.73,3.00,0.0439,0.0135
21.498,0.000,0,,,,,0,,,,GLOBAL,1.000,clear,0,,0,,0,0,-1.000,17.67,3.00,0.0380,0.0087
21.518,0.000,0,,,,,0,,,,GLOBAL,1.000,clear,0,,0,,0,0,-1.000,18.85,3.00,0.0336,0.0021
21.538,0.000,0,,,,,0,,,,GLOBAL,1.000,clear,0,,0,,0,0,-1.000,18.53,3.00,0.0277,0.0224
21.558,0.000,0,,,,,0,,,,GLOBAL,1.000,clear,0,,0,,0,0,-1.000,18.53,3.00,0.0475,0.0188
21.577,0.000,0,,,,,0,,,,GLOBAL,1.000,clear,0,,0,,0,0,-1.000,16.31,3.00,0.0422,0.0138
21.597,0.000,0,,,,,0,,,,GLOBAL,1.000,clear,0,,0,,0,0,-1.000,19.59,3.00,0.0369,0.0103
21.617,0.000,0,,,,,0,,,,GLOBAL,1.000,clear,0,,0,,0,0,-1.000,19.59,3.00,0.0321,0.0022
21.640,0.000,0,,,,,0,,,,GLOBAL,1.000,clear,0,,0,,0,0,-1.000,17.60,3.00,0.0303,0.0025
21.657,0.000,0,,,,,0,,,,GLOBAL,1.000,clear,0,,0,,0,0,-1.000,17.84,3.00,0.0471,0.0194
21.677,0.000,0,,,,,0,,,,GLOBAL,1.000,clear,0,,0,,0,0,-1.000,17.84,3.00,0.0431,0.0136
21.697,0.000,0,,,,,0,,,,GLOBAL,1.000,clear,0,,0,,0,0,-1.000,17.92,3.00,0.0367,0.0105
21.717,0.000,0,,,,,0,,,,GLOBAL,1.000,clear,0,,0,,0,0,-1.000,17.79,3.00,0.0324,0.0040
21.738,0.000,0,,,,,0,,,,GLOBAL,1.000,clear,0,,0,,0,0,-1.000,17.79,3.00,0.0274,0.0244
21.758,0.000,0,,,,,0,,,,GLOBAL,1.000,clear,0,,0,,0,0,-1.000,18.76,3.00,0.0475,0.0189
21.778,0.000,0,,,,,0,,,,GLOBAL,1.000,clear,0,,0,,0,0,-1.000,17.37,3.00,0.0426,0.0133
21.797,0.000,0,,,,,0,,,,GLOBAL,1.000,clear,0,,0,,0,0,-1.000,17.37,3.00,0.0371,0.0060
21.817,0.000,0,,,,,0,,,,GLOBAL,1.000,clear,0,,0,,0,0,-1.000,17.13,3.00,0.0326,0.0023
21.837,0.000,0,,,,,0,,,,GLOBAL,1.000,clear,0,,0,,0,0,-1.000,17.13,3.00,0.0284,0.0223
21.857,0.000,0,,,,,0,,,,GLOBAL,1.000,clear,0,,0,,0,0,-1.000,16.83,3.00,0.0488,0.0175
21.877,0.000,0,,,,,0,,,,GLOBAL,1.000,clear,0,,0,,0,0,-1.000,19.02,3.00,0.0420,0.0110
21.898,0.000,0,,,,,0,,,,GLOBAL,1.000,clear,0,,0,,0,0,-1.000,17.29,3.00,0.0387,0.0101
21.917,0.000,0,,,,,0,,,,GLOBAL,1.000,clear,0,,0,,0,0,-1.000,17.29,3.00,0.0330,0.0052
21.938,0.000,0,,,,,1,0.569,0.569,,GLOBAL,1.000,clear,0,,0,,0,0,-1.000,18.85,3.00,0.0294,0.0008
21.957,0.000,0,,,,,1,0.569,0.569,,GLOBAL,1.000,clear,0,,0,,0,0,-1.000,17.20,3.00,0.0489,0.0202
21.977,0.000,0,,,,,0,,,,GLOBAL,1.000,clear,0,,0,,0,0,-1.000,17.20,3.00,0.0430,0.0124
21.998,0.000,0,,,,,0,,,,GLOBAL,1.000,clear,0,,0,,0,0,-1.000,17.76,3.00,0.0376,0.0044
22.017,0.000,0,,,,,0,,,,GLOBAL,1.000,clear,0,,0,,0,0,-1.000,17.90,3.00,0.0335,0.0236
22.037,0.000,0,,,,,0,,,,GLOBAL,1.000,clear,0,,0,,0,0,-1.000,17.90,3.00,0.0256,0.0187
22.057,0.000,0,,,,,0,,,,GLOBAL,1.000,clear,0,,0,,0,0,-1.000,16.94,3.00,0.0459,0.0173
22.077,0.000,0,,,,,0,,,,GLOBAL,1.000,clear,0,,0,,0,0,-1.000,19.28,3.00,0.0439,0.0131
22.097,0.000,0,,,,,0,,,,GLOBAL,1.000,clear,0,,0,,0,0,-1.000,19.28,3.00,0.0368,0.0093
22.118,0.000,0,,,,,0,,,,GLOBAL,1.000,clear,0,,0,,0,0,-1.000,16.98,3.00,0.0344,0.0030
22.137,0.000,0,,,,,0,,,,GLOBAL,1.000,clear,0,,0,,0,0,-1.000,17.91,3.00,0.0281,0.0224
22.157,0.000,0,,,,,0,,,,GLOBAL,1.000,clear,0,,0,,0,0,-1.000,17.91,3.00,0.0481,0.0145
22.177,0.000,0,,,,,0,,,,GLOBAL,1.000,clear,0,,0,,0,0,-1.000,17.37,3.00,0.0425,0.0127
22.197,0.000,0,,,,,0,,,,GLOBAL,1.000,clear,0,,0,,0,0,-1.000,17.37,3.00,0.0372,0.0069
22.217,0.000,0,,,,,0,,,,GLOBAL,1.000,clear,0,,0,,0,0,-1.000,18.57,3.00,0.0328,0.0007
22.239,0.000,0,,,,,0,,,,GLOBAL,1.000,clear,0,,0,,0,0,-1.000,18.54,3.00,0.0542,0.0221
22.257,0.000,0,,,,,0,,,,GLOBAL,1.000,clear,0,,0,,0,0,-1.000,18.01,3.00,0.0467,0.0141
22.277,0.000,0,,,,,0,,,,GLOBAL,1.000,clear,0,,0,,0,0,-1.000,18.01,3.00,0.0432,0.0124
22.297,0.000,0,,,,,0,,,,GLOBAL,1.000,clear,0,,0,,0,0,-1.000,17.56,3.00,0.0361,0.0090
22.317,0.000,0,,,,,0,,,,GLOBAL,1.000,clear,0,,0,,0,0,-1.000,17.56,3.00,0.0329,0.0035
22.337,0.000,0,,,,,0,,,,GLOBAL,1.000,clear,0,,0,,0,0,-1.000,17.89,3.00,0.0273,0.0005
22.357,0.000,0,,,,,0,,,,GLOBAL,1.000,clear,0,,0,,0,0,-1.000,17.90,3.00,0.0470,0.0201
22.377,0.000,0,,,,,0,,,,GLOBAL,1.000,clear,0,,0,,0,0,-1.000,18.72,3.00,0.0432,0.0143
22.397,0.000,0,,,,,0,,,,GLOBAL,1.000,clear,0,,0,,0,0,-1.000,18.72,3.00,0.0369,0.0107
22.418,0.000,0,,,,,0,,,,GLOBAL,1.000,clear,0,,0,,0,0,-1.000,18.11,3.00,0.0338,0.0039
22.438,0.000,0,,,,,0,,,,GLOBAL,1.000,clear,0,,0,,0,0,-1.000,18.24,3.00,0.0275,0.0240
22.457,0.000,0,,,,,0,,,,GLOBAL,1.000,clear,0,,0,,0,0,-1.000,18.24,3.00,0.0471,0.0170
22.477,0.000,0,,,,,1,0.559,0.559,,GLOBAL,1.000,clear,0,,0,,0,0,-1.000,16.80,3.00,0.0423,0.0137
22.497,0.000,0,,,,,0,,,,GLOBAL,1.000,clear,0,,0,,0,0,-1.000,16.80,3.00,0.0368,0.0106
22.517,0.000,0,,,,,0,,,,GLOBAL,1.000,clear,0,,0,,0,0,-1.000,17.70,3.00,0.0335,0.0040
22.537,0.000,0,,,,,0,,,,GLOBAL,1.000,clear,0,,0,,0,0,-1.000,18.60,3.00,0.0270,0.0241
22.557,0.000,0,,,,,0,,,,GLOBAL,1.000,clear,0,,0,,0,0,-1.000,17.05,3.00,0.0474,0.0167
22.577,0.000,0,,,,,0,,,,GLOBAL,1.000,clear,0,,0,,0,0,-1.000,17.05,3.00,0.0433,0.0134
22.597,0.000,0,,,,,0,,,,GLOBAL,1.000,clear,0,,0,,0,0,-1.000,17.83,3.00,0.0374,0.0094
22.618,0.000,0,,,,,0,,,,GLOBAL,1.000,clear,0,,0,,0,0,-1.000,17.63,3.00,0.0285,0.0027
22.638,0.000,0,,,,,0,,,,GLOBAL,1.000,clear,0,,0,,0,0,-1.000,17.63,3.00,0.0285,0.0015
22.658,0.000,0,,,,,0,,,,GLOBAL,1.000,clear,0,,0,,0,0,-1.000,17.82,3.00,0.0487,0.0217
22.677,0.000,0,,,,,0,,,,GLOBAL,1.000,clear,0,,0,,0,0,-1.000,17.82,3.00,0.0438,0.0153
22.698,0.000,0,,,,,0,,,,GLOBAL,1.000,clear,0,,0,,0,0,-1.000,17.00,3.00,0.0390,0.0093
22.717,0.000,0,,,,,0,,,,GLOBAL,1.000,clear,0,,0,,0,0,-1.000,17.45,3.00,0.0325,0.0027
22.741,0.000,0,,,,,0,,,,GLOBAL,1.000,clear,0,,0,,0,0,-1.000,17.32,3.00,0.0306,0.0269
22.757,0.000,0,,,,,0,,,,GLOBAL,1.000,clear,0,,0,,0,0,-1.000,17.32,3.00,0.0464,0.0154
22.777,0.000,0,,,,,0,,,,GLOBAL,1.000,clear,0,,0,,0,0,-1.000,17.86,3.00,0.0427,0.0152
22.797,0.000,0,,,,,0,,,,GLOBAL,1.000,clear,0,,0,,0,0,-1.000,17.86,3.00,0.0381,0.0103
22.817,0.000,0,,,,,0,,,,GLOBAL,1.000,clear,0,,0,,0,0,-1.000,17.58,3.00,0.0330,0.0061
22.837,0.000,0,,,,,0,,,,GLOBAL,1.000,clear,0,,0,,0,0,-1.000,18.56,3.00,0.0275,0.0006
22.857,0.000,0,,,,,0,,,,GLOBAL,1.000,clear,0,,0,,0,0,-1.000,18.77,3.00,0.0474,0.0204
22.877,0.000,0,,,,,0,,,,GLOBAL,1.000,clear,0,,0,,0,0,-1.000,18.77,3.00,0.0434,0.0142
22.897,0.000,0,,,,,0,,,,GLOBAL,1.000,clear,0,,0,,0,0,-1.000,18.67,3.00,0.0370,0.0078
22.917,0.000,0,,,,,0,,,,GLOBAL,1.000,clear,0,,0,,0,0,-1.000,18.18,3.00,0.0325,0.0038
22.938,0.000,0,,,,,0,,,,GLOBAL,1.000,clear,0,,0,,0,0,-1.000,18.18,3.00,0.0276,0.0009
22.957,0.000,0,,,,,0,,,,GLOBAL,1.000,clear,0,,0,,0,0,-1.000,16.77,3.00,0.0470,0.0203
22.977,0.000,0,,,,,0,,,,GLOBAL,1.000,clear,0,,0,,0,0,-1.000,17.75,3.00,0.0437,0.0135
22.997,0.000,0,,,,,0,,,,GLOBAL,1.000,clear,0,,0,,0,0,-1.000,17.75,3.00,0.0365,0.0101
23.017,0.000,0,,,,,0,,,,GLOBAL,1.000,clear,0,,0,,0,0,-1.000,19.34,3.00,0.0337,0.0029
23.038,0.000,0,,,,,0,,,,GLOBAL,1.000,clear,0,,0,,0,0,-1.000,17.56,3.00,0.0290,0.0010
23.057,0.000,0,,,,,0,,,,GLOBAL,1.000,clear,0,,0,,0,0,-1.000,17.56,3.00,0.0480,0.0200
23.078,0.000,0,,,,,0,,,,GLOBAL,1.000,clear,0,,0,,0,0,-1.000,18.68,3.00,0.0442,0.0137
23.097,0.000,0,,,,,0,,,,GLOBAL,1.000,clear,0,,0,,0,0,-1.000,18.68,3.00,0.0379,0.0106
23.117,0.000,0,,,,,0,,,,GLOBAL,1.000,clear,0,,0,,0,0,-1.000,14.75,3.00,0.0301,0.0029
23.137,0.000,0,,,,,0,,,,GLOBAL,1.000,clear,0,,0,,0,0,-1.000,18.42,3.00,0.0276,0.0226
23.157,0.000,0,,,,,0,,,,GLOBAL,1.000,clear,0,,0,,0,0,-1.000,16.36,3.00,0.0480,0.0166
23.177,0.000,0,,,,,0,,,,GLOBAL,1.000,clear,0,,0,,0,0,-1.000,16.36,3.00,0.0423,0.0124
23.197,0.000,0,,,,,0,,,,GLOBAL,1.000,clear,0,,0,,0,0,-1.000,18.92,3.00,0.0366,0.0074
23.217,0.000,0,,,,,0,,,,GLOBAL,1.000,clear,0,,0,,0,0,-1.000,19.66,3.00,0.0326,0.0030
23.237,0.000,0,,,,,0,,,,GLOBAL,1.000,clear,0,,0,,0,0,-1.000,19.66,3.00,0.0272,0.0232
23.258,0.000,0,,,,,0,,,,GLOBAL,1.000,clear,0,,0,,0,0,-1.000,17.53,3.00,0.0475,0.0190
23.277,0.000,0,,,,,0,,,,GLOBAL,1.000,clear,0,,0,,0,0,-1.000,17.53,3.00,0.0428,0.0088
23.298,0.000,0,,,,,0,,,,GLOBAL,1.000,clear,0,,0,,0,0,-1.000,17.90,3.00,0.0355,0.0042
23.317,0.000,0,,,,,0,,,,GLOBAL,1.000,clear,0,,0,,0,0,-1.000,17.80,3.00,0.0331,0.0018
23.337,0.000,0,,,,,0,,,,GLOBAL,1.000,clear,0,,0,,0,0,-1.000,17.62,3.00,0.0269,0.0217
23.357,0.000,0,,,,,0,,,,GLOBAL,1.000,clear,0,,0,,0,0,-1.000,17.62,3.00,0.0469,0.0144
23.377,0.000,0,,,,,0,,,,GLOBAL,1.000,clear,0,,0,,0,0,-1.000,17.60,3.00,0.0433,0.0132
23.397,0.000,0,,,,,0,,,,GLOBAL,1.000,clear,0,,0,,0,0,-1.000,17.60,3.00,0.0374,0.0099
23.417,0.000,0,,,,,0,,,,GLOBAL,1.000,clear,0,,0,,0,0,-1.000,17.56,3.00,0.0336,0.0022
23.437,0.000,0,,,,,0,,,,GLOBAL,1.000,clear,0,,0,,0,0,-1.000,17.56,3.00,0.0270,0.0223
23.457,0.000,0,,,,,0,,,,GLOBAL,1.000,clear,0,,0,,0,0,-1.000,18.36,3.00,0.0469,0.0140
23.477,0.000,0,,,,,0,,,,GLOBAL,1.000,clear,0,,0,,0,0,-1.000,18.36,3.00,0.0428,0.0143
23.497,0.000,0,,,,,0,,,,GLOBAL,1.000,clear,0,,0,,0,0,-1.000,17.93,3.00,0.0368,0.0085
23.517,0.000,0,,,,,0,,,,GLOBAL,1.000,clear,0,,0,,0,0,-1.000,17.93,3.00,0.0313,0.0035
23.537,0.000,0,,,,,0,,,,GLOBAL,1.000,clear,0,,0,,0,0,-1.000,19.87,3.00,0.0272,0.0236
23.557,0.000,0,,,,,0,,,,GLOBAL,1.000,clear,0,,0,,0,0,-1.000,16.93,3.00,0.0470,0.0190
23.577,0.000,0,,,,,0,,,,GLOBAL,1.000,clear,0,,0,,0,0,-1.000,17.33,3.00,0.0423,0.0141
23.597,0.000,0,,,,,0,,,,GLOBAL,1.000,clear,0,,0,,0,0,-1.000,17.33,3.00,0.0370,0.0095
23.617,0.000,0,,,,,0,,,,GLOBAL,1.000,clear,0,,0,,0,0,-1.000,17.83,3.00,0.0328,0.0059
23.638,0.000,0,,,,,0,,,,GLOBAL,1.000,clear,0,,0,,0,0,-1.000,18.91,3.00,0.0294,0.0007
23.657,0.000,0,,,,,0,,,,GLOBAL,1.000,clear,0,,0,,0,0,-1.000,18.91,3.00,0.0488,0.0202
23.678,0.000,0,,,,,0,,,,GLOBAL,1.000,clear,0,,0,,0,0,-1.000,17.68,3.00,0.0431,0.0164
23.698,0.000,0,,,,,0,,,,GLOBAL,1.000,clear,0,,0,,0,0,-1.000,18.17,3.00,0.0391,0.0106
23.717,0.000,0,,,,,0,,,,GLOBAL,1.000,clear,0,,0,,0,0,-1.000,18.17,3.00,0.0332,0.0042
23.738,0.000,0,,,,,0,,,,GLOBAL,1.000,clear,0,,0,,0,0,-1.000,18.10,3.00,0.0276,0.0006
23.757,0.000,0,,,,,0,,,,GLOBAL,1.000,clear,0,,0,,0,0,-1.000,18.24,3.00,0.0471,0.0201
23.777,0.000,0,,,,,0,,,,GLOBAL,1.000,clear,0,,0,,0,0,-1.000,18.24,3.00,0.0436,0.0143
23.797,0.000,0,,,,,0,,,,GLOBAL,1.000,clear,0,,0,,0,0,-1.000,16.32,3.00,0.0370,0.0069
23.817,0.000,0,,,,,0,,,,GLOBAL,1.000,clear,0,,0,,0,0,-1.000,19.04,3.00,0.0334,0.0268
23.837,0.000,0,,,,,0,,,,GLOBAL,1.000,clear,0,,0,,0,0,-1.000,19.04,3.00,0.0269,0.0182
23.857,0.000,0,,,,,0,,,,GLOBAL,1.000,clear,0,,0,,0,0,-1.000,16.51,3.00,0.0469,0.0158
23.878,0.000,0,,,,,0,,,,GLOBAL,1.000,clear,0,,0,,0,0,-1.000,16.98,3.00,0.0437,0.0117
23.897,0.000,0,,,,,0,,,,GLOBAL,1.000,clear,0,,0,,0,0,-1.000,16.98,3.00,0.0370,0.0092
23.920,0.000,0,,,,,0,,,,GLOBAL,1.000,clear,0,,0,,0,0,-1.000,18.99,3.00,0.0365,0.0319
23.937,0.000,0,,,,,0,,,,GLOBAL,1.000,clear,0,,0,,0,0,-1.000,17.85,3.00,0.0280,0.0167
23.957,0.000,0,,,,,0,,,,GLOBAL,1.000,clear,0,,0,,0,0,-1.000,17.85,3.00,0.0481,0.0129
23.978,0.000,0,,,,,0,,,,GLOBAL,1.000,clear,0,,0,,0,0,-1.000,18.87,3.00,0.0425,0.0110
23.997,0.000,0,,,,,0,,,,GLOBAL,1.000,clear,0,,0,,0,0,-1.000,18.87,3.00,0.0381,0.0075
24.017,0.000,0,,,,,0,,,,GLOBAL,1.000,clear,0,,0,,0,0,-1.000,17.30,3.00,0.0326,0.0008
24.038,0.000,0,,,,,0,,,,GLOBAL,1.000,clear,0,,0,,0,0,-1.000,17.36,3.00,0.0288,0.0211
24.057,0.000,0,,,,,0,,,,GLOBAL,1.000,clear,0,,0,,0,0,-1.000,19.21,3.00,0.0484,0.0143
24.077,0.000,0,,,,,0,,,,GLOBAL,1.000,clear,0,,0,,0,0,-1.000,19.21,3.00,0.0424,0.0122
24.097,0.000,0,,,,,0,,,,GLOBAL,1.000,clear,0,,0,,0,0,-1.000,16.86,3.00,0.0383,0.0047
24.118,0.000,0,,,,,0,,,,GLOBAL,1.000,clear,0,,0,,0,0,-1.000,17.88,3.00,0.0326,0.0255
24.137,0.000,0,,,,,0,,,,GLOBAL,1.000,clear,0,,0,,0,0,-1.000,17.88,3.00,0.0286,0.0190
24.157,0.000,0,,,,,0,,,,GLOBAL,1.000,clear,0,,0,,0,0,-1.000,18.40,3.00,0.0485,0.0140
24.177,0.000,0,,,,,0,,,,GLOBAL,1.000,clear,0,,0,,0,0,-1.000,18.40,3.00,0.0427,0.0138
24.197,0.000,0,,,,,0,,,,GLOBAL,1.000,clear,0,,0,,0,0,-1.000,18.18,3.00,0.0387,0.0057
24.218,0.000,0,,,,,0,,,,GLOBAL,1.000,clear,0,,0,,0,0,-1.000,18.18,3.00,0.0336,0.0007
24.238,0.000,0,,,,,0,,,,GLOBAL,1.000,clear,0,,0,,0,0,-1.000,18.74,3.00,0.0276,0.0209
24.258,0.000,0,,,,,0,,,,GLOBAL,1.000,clear,0,,0,,0,0,-1.000,18.74,3.00,0.0474,0.0137
24.277,0.000,0,,,,,0,,,,GLOBAL,1.000,clear,0,,0,,0,0,-1.000,19.22,3.00,0.0433,0.0087
24.297,0.000,0,,,,,0,,,,GLOBAL,1.000,clear,0,,0,,0,0,-1.000,18.27,3.00,0.0372,0.0105
24.317,0.000,0,,,,,0,,,,GLOBAL,1.000,clear,0,,0,,0,0,-1.000,18.27,3.00,0.0333,0.0025
24.337,0.000,0,,,,,0,,,,GLOBAL,1.000,clear,0,,0,,0,0,-1.000,18.48,3.00,0.0280,0.0007
24.357,0.000,0,,,,,0,,,,GLOBAL,1.000,clear,0,,0,,0,0,-1.000,17.70,3.00,0.0477,0.0204
24.377,0.000,0,,,,,0,,,,GLOBAL,1.000,clear,0,,0,,0,0,-1.000,17.70,3.00,0.0437,0.0133
24.397,0.000,0,,,,,0,,,,GLOBAL,1.000,clear,0,,0,,0,0,-1.000,17.21,3.00,0.0370,0.0095
24.417,0.000,0,,,,,0,,,,GLOBAL,1.000,clear,0,,0,,0,0,-1.000,18.11,3.00,0.0341,0.0027
24.437,0.000,0,,,,,0,,,,GLOBAL,1.000,clear,0,,0,,0,0,-1.000,18.11,3.00,0.0281,0.0224
24.457,0.000,0,,,,,0,,,,GLOBAL,1.000,clear,0,,0,,0,0,-1.000,18.74,3.00,0.0482,0.0174
24.477,0.000,0,,,,,0,,,,GLOBAL,1.000,clear,0,,0,,0,0,-1.000,17.83,3.00,0.0427,0.0155
24.497,0.000,0,,,,,0,,,,GLOBAL,1.000,clear,0,,0,,0,0,-1.000,17.83,3.00,0.0381,0.0090
24.517,0.000,0,,,,,0,,,,GLOBAL,1.000,clear,0,,0,,0,0,-1.000,18.13,3.00,0.0309,0.0030
24.537,0.000,0,,,,,0,,,,GLOBAL,1.000,clear,0,,0,,0,0,-1.000,17.52,3.00,0.0278,0.0230
24.557,0.000,0,,,,,0,,,,GLOBAL,1.000,clear,0,,0,,0,0,-1.000,17.52,3.00,0.0478,0.0191
24.577,0.000,0,,,,,1,0.567,0.567,,GLOBAL,1.000,clear,0,,0,,0,0,-1.000,17.76,3.00,0.0424,0.0157
24.597,0.000,0,,,,,0,,,,GLOBAL,1.000,clear,0,,0,,0,0,-1.000,17.66,3.00,0.0385,0.0099
24.617,0.000,0,,,,,0,,,,GLOBAL,1.000,clear,0,,0,,0,0,-1.000,17.66,3.00,0.0323,0.0025
24.637,0.000,0,,,,,0,,,,GLOBAL,1.000,clear,0,,0,,0,0,-1.000,20.53,3.00,0.0272,0.0228
24.657,0.000,0,,,,,0,,,,GLOBAL,1.000,clear,0,,0,,0,0,-1.000,19.13,3.00,0.0470,0.0194
24.677,0.000,0,,,,,0,,,,GLOBAL,1.000,clear,0,,0,,0,0,-1.000,19.13,3.00,0.0431,0.0141
24.697,0.000,0,,,,,1,0.543,0.543,,GLOBAL,1.000,clear,0,,0,,0,0,-1.000,18.77,3.00,0.0359,0.0100
24.717,0.000,0,,,,,0,,,,GLOBAL,1.000,clear,0,,0,,0,0,-1.000,17.56,3.00,0.0328,0.0031
24.737,0.000,0,,,,,0,,,,GLOBAL,1.000,clear,0,,0,,0,0,-1.000,17.56,3.00,0.0268,0.0007
24.757,0.000,0,,,,,0,,,,GLOBAL,1.000,clear,0,,0,,0,0,-1.000,17.54,3.00,0.0465,0.0203
24.777,0.000,0,,,,,0,,,,GLOBAL,1.000,clear,0,,0,,0,0,-1.000,19.96,3.00,0.0437,0.0138
24.798,0.000,0,,,,,0,,,,GLOBAL,1.000,clear,0,,0,,0,0,-1.000,19.96,3.00,0.0369,0.0111
24.817,0.000,0,,,,,0,,,,GLOBAL,1.000,clear,0,,0,,0,0,-1.000,18.66,3.00,0.0336,0.0045
24.837,0.000,0,,,,,0,,,,GLOBAL,1.000,clear,0,,0,,0,0,-1.000,17.44,3.00,0.0277,0.0244
24.857,0.000,0,,,,,0,,,,GLOBAL,1.000,clear,0,,0,,0,0,-1.000,17.44,3.00,0.0475,0.0165
24.877,0.000,0,,,,,0,,,,GLOBAL,1.000,clear,0,,0,,0,0,-1.000,17.36,3.00,0.0435,0.0150
24.897,0.000,0,,,,,0,,,,GLOBAL,1.000,clear,0,,0,,0,0,-1.000,19.74,3.00,0.0370,0.0082
24.917,0.000,0,,,,,0,,,,GLOBAL,1.000,clear,0,,0,,0,0,-1.000,19.74,3.00,0.0322,0.0046
24.938,0.000,0,,,,,0,,,,GLOBAL,1.000,clear,0,,0,,0,0,-1.000,17.55,3.00,0.0279,0.0250
24.957,0.000,0,,,,,1,0.558,0.558,,GLOBAL,1.000,clear,0,,0,,0,0,-1.000,17.55,3.00,0.0475,0.0187
24.978,0.000,0,,,,,0,,,,GLOBAL,1.000,clear,0,,0,,0,0,-1.000,18.44,3.00,0.0429,0.0120
24.997,0.000,0,,,,,0,,,,GLOBAL,1.000,clear,0,,0,,0,0,-1.000,17.72,3.00,0.0386,0.0098
25.019,0.000,0,,,,,0,,,,GLOBAL,1.000,clear,0,,0,,0,0,-1.000,17.72,3.00,0.0338,0.0068
25.038,0.000,0,,,,,0,,,,GLOBAL,1.000,clear,0,,0,,0,0,-1.000,18.08,3.00,0.0289,0.0259
25.057,0.000,0,,,,,0,,,,GLOBAL,1.000,clear,0,,0,,0,0,-1.000,17.48,3.00,0.0484,0.0187
25.077,0.000,0,,,,,0,,,,GLOBAL,1.000,clear,0,,0,,0,0,-1.000,17.48,3.00,0.0426,0.0143
25.098,0.000,0,,,,,0,,,,GLOBAL,1.000,clear,0,,0,,0,0,-1.000,19.21,3.00,0.0334,0.0006
25.117,0.000,0,,,,,0,,,,GLOBAL,1.000,clear,0,,0,,0,0,-1.000,17.54,3.00,0.0314,0.0200
25.137,0.000,0,,,,,0,,,,GLOBAL,1.000,clear,0,,0,,0,0,-1.000,18.64,3.00,0.0234,0.0190
25.157,0.000,0,,,,,0,,,,GLOBAL,1.000,clear,0,,0,,0,0,-1.000,18.64,3.00,0.0434,0.0182
25.177,0.000,0,,,,,0,,,,GLOBAL,1.000,clear,0,,0,,0,0,-1.000,18.04,3.00,0.0431,0.0121
25.197,0.000,0,,,,,0,,,,GLOBAL,1.000,clear,0,,0,,0,0,-1.000,18.04,3.00,0.0375,0.0095
25.217,0.000,0,,,,,0,,,,GLOBAL,1.000,clear,0,,0,,0,0,-1.000,19.28,3.00,0.0335,0.0296
25.237,0.000,0,,,,,0,,,,GLOBAL,1.000,clear,0,,0,,0,0,-1.000,18.19,3.00,0.0276,0.0123
25.257,0.000,0,,,,,0,,,,GLOBAL,1.000,clear,0,,0,,0,0,-1.000,18.19,3.00,0.0475,0.0152
25.277,0.000,0,,,,,0,,,,GLOBAL,1.000,clear,0,,0,,0,0,-1.000,18.19,3.00,0.0435,0.0083
25.297,0.000,0,,,,,0,,,,GLOBAL,1.000,clear,0,,0,,0,0,-1.000,18.00,3.00,0.0369,0.0057
25.317,0.000,0,,,,,0,,,,GLOBAL,1.000,clear,0,,0,,0,0,-1.000,18.84,3.00,0.0319,0.0020
25.337,0.000,0,,,,,0,,,,GLOBAL,1.000,clear,0,,0,,0,0,-1.000,18.84,3.00,0.0278,0.0218
25.357,0.000,0,,,,,1,0.571,0.571,,GLOBAL,1.000,clear,0,,0,,0,0,-1.000,18.40,3.00,0.0480,0.0190
25.377,0.000,0,,,,,0,,,,GLOBAL,1.000,clear,0,,0,,0,0,-1.000,16.59,3.00,0.0421,0.0135
25.397,0.000,0,,,,,0,,,,GLOBAL,1.000,clear,0,,0,,0,0,-1.000,16.59,3.00,0.0382,0.0095
25.418,0.000,0,,,,,0,,,,GLOBAL,1.000,clear,0,,0,,0,0,-1.000,18.49,3.00,0.0336,0.0023
25.437,0.000,0,,,,,0,,,,GLOBAL,1.000,clear,0,,0,,0,0,-1.000,18.49,3.00,0.0242,0.0210
25.457,0.000,0,,,,,0,,,,GLOBAL,1.000,clear,0,,0,,0,0,-1.000,18.21,3.00,0.0444,0.0166
25.477,0.000,0,,,,,0,,,,GLOBAL,1.000,clear,0,,0,,0,0,-1.000,19.29,3.00,0.0419,0.0153
25.497,0.000,0,,,,,0,,,,GLOBAL,1.000,clear,0,,0,,0,0,-1.000,19.29,3.00,0.0350,0.0087
25.517,0.000,0,,,,,0,,,,GLOBAL,1.000,clear,0,,0,,0,0,-1.000,17.98,3.00,0.0327,0.0028
25.538,0.000,0,,,,,0,,,,GLOBAL,1.000,clear,0,,0,,0,0,-1.000,18.23,3.00,0.0277,0.0235
25.557,0.000,0,,,,,0,,,,GLOBAL,1.000,clear,0,,0,,0,0,-1.000,18.29,3.00,0.0472,0.0187
25.578,0.000,0,,,,,0,,,,GLOBAL,1.000,clear,0,,0,,0,0,-1.000,18.29,3.00,0.0441,0.0087
25.597,0.000,0,,,,,0,,,,GLOBAL,1.000,clear,0,,0,,0,0,-1.000,18.31,3.00,0.0369,0.0090
25.617,0.000,0,,,,,0,,,,GLOBAL,1.000,clear,0,,0,,0,0,-1.000,18.14,3.00,0.0331,0.0006
25.637,0.000,0,,,,,0,,,,GLOBAL,1.000,clear,0,,0,,0,0,-1.000,18.14,3.00,0.0274,0.0005
25.657,0.000,0,,,,,0,,,,GLOBAL,1.000,clear,0,,0,,0,0,-1.000,18.18,3.00,0.0478,0.0209
25.677,0.000,0,,,,,0,,,,GLOBAL,1.000,clear,0,,0,,0,0,-1.000,17.69,3.00,0.0434,0.0144
25.698,0.000,0,,,,,0,,,,GLOBAL,1.000,clear,0,,0,,0,0,-1.000,17.69,3.00,0.0385,0.0090
25.717,0.000,0,,,,,0,,,,GLOBAL,1.000,clear,0,,0,,0,0,-1.000,18.74,3.00,0.0322,0.0020
25.737,0.000,0,,,,,0,,,,GLOBAL,1.000,clear,0,,0,,0,0,-1.000,18.81,3.00,0.0231,0.0218
25.757,0.000,0,,,,,0,,,,GLOBAL,1.000,clear,0,,0,,0,0,-1.000,18.81,3.00,0.0432,0.0176
25.777,0.000,0,,,,,0,,,,GLOBAL,1.000,clear,0,,0,,0,0,-1.000,18.42,3.00,0.0412,0.0124
25.797,0.000,0,,,,,0,,,,GLOBAL,1.000,clear,0,,0,,0,0,-1.000,19.18,3.00,0.0380,0.0079
25.817,0.000,0,,,,,0,,,,GLOBAL,1.000,clear,0,,0,,0,0,-1.000,19.18,3.00,0.0322,0.0278
25.837,0.000,0,,,,,0,,,,GLOBAL,1.000,clear,0,,0,,0,0,-1.000,17.87,3.00,0.0284,0.0103
25.857,0.000,0,,,,,0,,,,GLOBAL,1.000,clear,0,,0,,0,0,-1.000,18.30,3.00,0.0482,0.0189
25.877,0.000,0,,,,,0,,,,GLOBAL,1.000,clear,0,,0,,0,0,-1.000,18.30,3.00,0.0426,0.0155
25.898,0.000,0,,,,,0,,,,GLOBAL,1.000,clear,0,,0,,0,0,-1.000,18.31,3.00,0.0388,0.0098
25.918,0.000,0,,,,,0,,,,GLOBAL,1.000,clear,0,,0,,0,0,-1.000,18.31,3.00,0.0343,0.0062
25.937,0.000,0,,,,,0,,,,GLOBAL,1.000,clear,0,,0,,0,0,-1.000,18.51,3.00,0.0288,0.0260
25.957,0.000,0,,,,,1,0.561,0.561,,GLOBAL,1.000,clear,0,,0,,0,0,-1.000,18.50,3.00,0.0486,0.0173
25.977,0.000,0,,,,,0,,,,GLOBAL,1.000,clear,0,,0,,0,0,-1.000,18.53,3.00,0.0427,0.0144
25.997,0.000,0,,,,,0,,,,GLOBAL,1.000,clear,0,,0,,0,0,-1.000,18.53,3.00,0.0386,0.0094
26.018,0.000,0,,,,,0,,,,GLOBAL,1.000,clear,0,,0,,0,0,-1.000,18.41,3.00,0.0334,0.0301
26.037,0.000,0,,,,,0,,,,GLOBAL,1.000,clear,0,,0,,0,0,-1.000,18.39,3.00,0.0257,0.0172
26.057,0.000,0,,,,,0,,,,GLOBAL,1.000,clear,0,,0,,0,0,-1.000,18.39,3.00,0.0453,0.0160
26.077,0.000,0,,,,,0,,,,GLOBAL,1.000,clear,0,,0,,0,0,-1.000,17.82,3.00,0.0425,0.0125
26.098,0.000,0,,,,,0,,,,GLOBAL,1.000,clear,0,,0,,0,0,-1.000,18.04,3.00,0.0377,0.0091
26.117,0.000,0,,,,,0,,,,GLOBAL,1.000,clear,0,,0,,0,0,-1.000,18.04,3.00,0.0332,0.0285
26.137,0.000,0,,,,,0,,,,GLOBAL,1.000,clear,0,,0,,0,0,-1.000,17.11,3.00,0.0268,0.0151
26.157,0.000,0,,,,,0,,,,GLOBAL,1.000,clear,0,,0,,0,0,-1.000,17.70,3.00,0.0468,0.0143
26.178,0.000,0,,,,,0,,,,GLOBAL,1.000,clear,0,,0,,0,0,-1.000,17.70,3.00,0.0434,0.0091
26.197,0.000,0,,,,,0,,,,GLOBAL,1.000,clear,0,,0,,0,0,-1.000,19.56,3.00,0.0378,0.0049
26.218,0.000,0,,,,,0,,,,GLOBAL,1.000,clear,0,,0,,0,0,-1.000,18.27,3.00,0.0342,0.0253
26.237,0.000,0,,,,,1,0.556,0.556,,GLOBAL,1.000,clear,0,,0,,0,0,-1.000,18.27,3.00,0.0281,0.0162
26.257,0.000,0,,,,,1,0.555,0.555,,GLOBAL,1.000,clear,0,,0,,0,0,-1.000,19.34,3.00,0.0481,0.0094
26.277,0.000,0,,,,,0,,,,GLOBAL,1.000,clear,0,,0,,0,0,-1.000,19.34,3.00,0.0424,0.0113
26.297,0.000,0,,,,,0,,,,GLOBAL,1.000,clear,0,,0,,0,0,-1.000,17.55,3.00,0.0380,0.0037
26.319,0.000,0,,,,,0,,,,GLOBAL,1.000,clear,0,,0,,0,0,-1.000,20.41,3.00,0.0342,0.0016
26.337,0.000,0,,,,,0,,,,GLOBAL,1.000,clear,0,,0,,0,0,-1.000,18.82,3.00,0.0234,0.0196
26.359,0.000,0,,,,,0,,,,GLOBAL,1.000,clear,0,,0,,0,0,-1.000,18.82,3.00,0.0453,0.0210
26.378,0.000,0,,,,,0,,,,GLOBAL,1.000,clear,0,,0,,0,0,-1.000,17.42,3.00,0.0432,0.0148
26.397,0.000,0,,,,,0,,,,GLOBAL,1.000,clear,0,,0,,0,0,-1.000,17.42,3.00,0.0381,0.0089
26.418,0.000,0,,,,,0,,,,GLOBAL,1.000,clear,0,,0,,0,0,-1.000,17.54,3.00,0.0335,0.0294
26.437,0.000,0,,,,,0,,,,GLOBAL,1.000,clear,0,,0,,0,0,-1.000,20.80,3.00,0.0274,0.0181
26.457,0.000,0,,,,,1,0.548,0.548,,GLOBAL,1.000,clear,0,,0,,0,0,-1.000,17.30,3.00,0.0474,0.0155
26.477,0.000,0,,,,,0,,,,GLOBAL,1.000,clear,0,,0,,0,0,-1.000,17.30,3.00,0.0430,0.0134
26.497,0.000,0,,,,,0,,,,GLOBAL,1.000,clear,0,,0,,0,0,-1.000,17.56,3.00,0.0368,0.0103
26.517,0.000,0,,,,,0,,,,GLOBAL,1.000,clear,0,,0,,0,0,-1.000,17.60,3.00,0.0332,0.0304
26.537,0.000,0,,,,,0,,,,GLOBAL,1.000,clear,0,,0,,0,0,-1.000,17.60,3.00,0.0271,0.0198
26.557,0.000,0,,,,,0,,,,GLOBAL,1.000,clear,0,,0,,0,0,-1.000,18.83,3.00,0.0469,0.0188
26.577,0.000,0,,,,,0,,,,GLOBAL,1.000,clear,0,,0,,0,0,-1.000,18.08,3.00,0.0435,0.0131
26.597,0.000,0,,,,,0,,,,GLOBAL,1.000,clear,0,,0,,0,0,-1.000,18.08,3.00,0.0370,0.0095
26.617,0.000,0,,,,,0,,,,GLOBAL,1.000,clear,0,,0,,0,0,-1.000,18.79,3.00,0.0336,0.0010
26.637,0.000,0,,,,,0,,,,GLOBAL,1.000,clear,0,,0,,0,0,-1.000,15.93,3.00,0.0263,0.0208
26.657,0.000,0,,,,,0,,,,GLOBAL,1.000,clear,0,,0,,0,0,-1.000,15.93,3.00,0.0463,0.0196
26.677,0.000,0,,,,,0,,,,GLOBAL,1.000,clear,0,,0,,0,0,-1.000,19.09,3.00,0.0435,0.0128
26.697,0.000,0,,,,,0,,,,GLOBAL,1.000,clear,0,,0,,0,0,-1.000,18.03,3.00,0.0378,0.0029
26.717,0.000,0,,,,,1,0.569,0.569,,GLOBAL,1.000,clear,0,,0,,0,0,-1.000,18.03,3.00,0.0308,0.0036
26.737,0.000,0,,,,,1,0.569,0.569,,GLOBAL,1.000,clear,0,,0,,0,0,-1.000,18.86,3.00,0.0276,0.0236
26.757,0.000,0,,,,,0,,,,GLOBAL,1.000,clear,0,,0,,0,0,-1.000,18.13,3.00,0.0476,0.0185
26.777,0.000,0,,,,,0,,,,GLOBAL,1.000,clear,0,,0,,0,0,-1.000,18.13,3.00,0.0410,0.0139
26.797,0.000,0,,,,,1,0.566,0.566,,GLOBAL,1.000,clear,0,,0,,0,0,-1.000,18.21,3.00,0.0371,0.0087
26.817,0.000,0,,,,,0,,,,GLOBAL,1.000,clear,0,,0,,0,0,-1.000,18.21,3.00,0.0322,0.0025
26.837,0.000,0,,,,,0,,,,GLOBAL,1.000,clear,0,,0,,0,0,-1.000,18.10,3.00,0.0254,0.0224
26.857,0.000,0,,,,,1,0.589,0.589,,GLOBAL,1.000,clear,0,,0,,0,0,-1.000,18.10,3.00,0.0455,0.0186
26.877,0.000,0,,,,,0,,,,GLOBAL,1.000,clear,0,,0,,0,0,-1.000,18.16,3.00,0.0420,0.0131
26.897,0.000,0,,,,,0,,,,GLOBAL,1.000,clear,0,,0,,0,0,-1.000,18.16,3.00,0.0371,0.0084
26.917,0.000,0,,,,,1,0.563,0.563,,GLOBAL,1.000,clear,0,,0,,0,0,-1.000,18.25,3.00,0.0327,0.0018
26.937,0.000,0,,,,,1,0.563,0.563,,GLOBAL,1.000,clear,0,,0,,0,0,-1.000,18.71,3.00,0.0270,0.0219
26.957,0.000,0,,,,,0,,,,GLOBAL,1.000,clear,0,,0,,0,0,-1.000,18.71,3.00,0.0473,0.0164
26.977,0.000,0,,,,,0,,,,GLOBAL,1.000,clear,0,,0,,0,0,-1.000,19.09,3.00,0.0429,0.0114
26.997,0.000,0,,,,,1,0.589,0.589,,GLOBAL,1.000,clear,0,,0,,0,0,-1.000,19.09,3.00,0.0375,0.0105
27.017,0.000,0,,,,,0,,,,GLOBAL,1.000,clear,0,,0,,0,0,-1.000,18.06,3.00,0.0331,0.0011
27.037,0.000,0,,,,,0,,,,GLOBAL,1.000,clear,0,,0,,0,0,-1.000,16.22,3.00,0.0270,0.0211
27.057,0.000,0,,,,,0,,,,GLOBAL,1.000,clear,0,,0,,0,0,-1.000,19.03,3.00,0.0469,0.0194
27.077,0.000,0,,,,,0,,,,GLOBAL,1.000,clear,0,,0,,0,0,-1.000,19.03,3.00,0.0431,0.0139
27.097,0.000,0,,,,,0,,,,GLOBAL,1.000,clear,0,,0,,0,0,-1.000,18.35,3.00,0.0366,0.0105
27.117,0.000,0,,,,,0,,,,GLOBAL,1.000,clear,0,,0,,0,0,-1.000,17.86,3.00,0.0334,0.0021
27.137,0.000,0,,,,,0,,,,GLOBAL,1.000,clear,0,,0,,0,0,-1.000,17.86,3.00,0.0276,0.0221
27.158,0.000,0,,,,,0,,,,GLOBAL,1.000,clear,0,,0,,0,0,-1.000,20.05,3.00,0.0481,0.0194
27.177,0.000,0,,,,,1,0.563,0.563,,GLOBAL,1.000,clear,0,,0,,0,0,-1.000,18.00,3.00,0.0422,0.0138
27.197,0.000,0,,,,,0,,,,GLOBAL,1.000,clear,0,,0,,0,0,-1.000,18.00,3.00,0.0368,0.0081
27.217,0.000,0,,,,,0,,,,GLOBAL,1.000,clear,0,,0,,0,0,-1.000,17.94,3.00,0.0320,0.0054
27.237,0.000,0,,,,,0,,,,GLOBAL,1.000,clear,0,,0,,0,0,-1.000,18.29,3.00,0.0278,0.0251
27.257,0.000,0,,,,,0,,,,GLOBAL,1.000,clear,0,,0,,0,0,-1.000,18.29,3.00,0.0480,0.0191
27.277,0.000,0,,,,,1,0.546,0.546,,GLOBAL,1.000,clear,0,,0,,0,0,-1.000,18.29,3.00,0.0423,0.0114
27.298,0.000,0,,,,,0,,,,GLOBAL,1.000,clear,0,,0,,0,0,-1.000,17.46,3.00,0.0368,0.0093
27.317,0.000,0,,,,,0,,,,GLOBAL,1.000,clear,0,,0,,0,0,-1.000,17.88,3.00,0.0321,0.0010
27.338,0.000,0,,,,,0,,,,GLOBAL,1.000,clear,0,,0,,0,0,-1.000,18.50,3.00,0.0274,0.0218
27.357,0.000,0,,,,,0,,,,GLOBAL,1.000,clear,0,,0,,0,0,-1.000,18.25,3.00,0.0468,0.0185
27.377,0.000,0,,,,,0,,,,GLOBAL,1.000,clear,0,,0,,0,0,-1.000,18.25,3.00,0.0426,0.0112
27.397,0.000,0,,,,,0,,,,GLOBAL,1.000,clear,0,,0,,0,0,-1.000,18.43,3.00,0.0367,0.0051
27.417,0.000,0,,,,,0,,,,GLOBAL,1.000,clear,0,,0,,0,0,-1.000,18.43,3.00,0.0318,0.0254
27.437,0.000,0,,,,,1,0.557,0.557,,GLOBAL,1.000,clear,0,,0,,0,0,-1.000,17.83,3.00,0.0270,0.0195
27.457,0.000,0,,,,,0,,,,GLOBAL,1.000,clear,0,,0,,0,0,-1.000,18.33,3.00,0.0473,0.0162
27.477,0.000,0,,,,,0,,,,GLOBAL,1.000,clear,0,,0,,0,0,-1.000,18.33,3.00,0.0429,0.0133
27.498,0.000,0,,,,,0,,,,GLOBAL,1.000,clear,0,,0,,0,0,-1.000,18.21,3.00,0.0373,0.0098
27.517,0.000,0,,,,,0,,,,GLOBAL,1.000,clear,0,,0,,0,0,-1.000,19.43,3.00,0.0332,0.0025
27.537,0.000,0,,,,,0,,,,GLOBAL,1.000,clear,0,,0,,0,0,-1.000,17.06,3.00,0.0276,0.0225
27.557,0.000,0,,,,,0,,,,GLOBAL,1.000,clear,0,,0,,0,0,-1.000,17.06,3.00,0.0472,0.0157
27.577,0.000,0,,,,,0,,,,GLOBAL,1.000,clear,0,,0,,0,0,-1.000,18.31,3.00,0.0431,0.0147
27.598,0.000,0,,,,,0,,,,GLOBAL,1.000,clear,0,,0,,0,0,-1.000,19.29,3.00,0.0381,0.0107
27.617,0.000,0,,,,,0,,,,GLOBAL,1.000,clear,0,,0,,0,0,-1.000,19.29,3.00,0.0334,0.0020
27.637,0.000,0,,,,,0,,,,GLOBAL,1.000,clear,0,,0,,0,0,-1.000,18.77,3.00,0.0266,0.0220
27.657,0.000,0,,,,,0,,,,GLOBAL,1.000,clear,0,,0,,0,0,-1.000,17.42,3.00,0.0465,0.0156
27.677,0.000,0,,,,,0,,,,GLOBAL,1.000,clear,0,,0,,0,0,-1.000,17.42,3.00,0.0419,0.0139
27.698,0.000,0,,,,,0,,,,GLOBAL,1.000,clear,0,,0,,0,0,-1.000,17.62,3.00,0.0377,0.0096
27.717,0.000,0,,,,,0,,,,GLOBAL,1.000,clear,0,,0,,0,0,-1.000,17.62,3.00,0.0319,0.0032
27.738,0.000,0,,,,,0,,,,GLOBAL,1.000,clear,0,,0,,0,0,-1.000,18.01,3.00,0.0275,0.0241
27.757,0.000,0,,,,,0,,,,GLOBAL,1.000,clear,0,,0,,0,0,-1.000,18.79,3.00,0.0469,0.0189
27.777,0.000,0,,,,,0,,,,GLOBAL,1.000,clear,0,,0,,0,0,-1.000,18.90,3.00,0.0413,0.0137
27.797,0.000,0,,,,,0,,,,GLOBAL,1.000,clear,0,,0,,0,0,-1.000,18.90,3.00,0.0370,0.0082
27.817,0.000,0,,,,,0,,,,GLOBAL,1.000,clear,0,,0,,0,0,-1.000,18.54,3.00,0.0327,0.0007
27.838,0.000,0,,,,,0,,,,GLOBAL,1.000,clear,0,,0,,0,0,-1.000,17.71,3.00,0.0276,0.0213
27.857,0.000,0,,,,,0,,,,GLOBAL,1.000,clear,0,,0,,0,0,-1.000,17.71,3.00,0.0472,0.0167
27.877,0.000,0,,,,,1,0.556,0.556,,GLOBAL,1.000,clear,0,,0,,0,0,-1.000,18.96,3.00,0.0429,0.0122
27.897,0.000,0,,,,,1,0.564,0.564,,GLOBAL,1.000,clear,0,,0,,0,0,-1.000,18.96,3.00,0.0373,0.0102
27.917,0.000,0,,,,,0,,,,GLOBAL,1.000,clear,0,,0,,0,0,-1.000,20.52,3.00,0.0329,0.0028
27.937,0.000,0,,,,,0,,,,GLOBAL,1.000,clear,0,,0,,0,0,-1.000,18.59,3.00,0.0269,0.0228
27.958,0.000,0,,,,,0,,,,GLOBAL,1.000,clear,0,,0,,0,0,-1.000,16.49,3.00,0.0475,0.0203
27.977,0.000,0,,,,,0,,,,GLOBAL,1.000,clear,0,,0,,0,0,-1.000,16.49,3.00,0.0429,0.0141
27.997,0.000,0,,,,,0,,,,GLOBAL,1.000,clear,0,,0,,0,0,-1.000,18.26,3.00,0.0368,0.0103
28.017,0.000,0,,,,,0,,,,GLOBAL,1.000,clear,0,,0,,0,0,-1.000,19.01,3.00,0.0332,0.0020
28.037,0.000,0,,,,,0,,,,GLOBAL,1.000,clear,0,,0,,0,0,-1.000,19.01,3.00,0.0270,0.0220
28.057,0.000,0,,,,,0,,,,GLOBAL,1.000,clear,0,,0,,0,0,-1.000,18.63,3.00,0.0470,0.0146
28.077,0.000,0,,,,,0,,,,GLOBAL,1.000,clear,0,,0,,0,0,-1.000,18.63,3.00,0.0434,0.0122
28.097,0.000,0,,,,,0,,,,GLOBAL,1.000,clear,0,,0,,0,0,-1.000,18.68,3.00,0.0376,0.0094
28.117,0.000,0,,,,,1,0.551,0.551,,GLOBAL,1.000,clear,0,,0,,0,0,-1.000,18.64,3.00,0.0335,0.0040
28.137,0.000,0,,,,,1,0.551,0.551,,GLOBAL,1.000,clear,0,,0,,0,0,-1.000,18.64,3.00,0.0271,0.0241
28.157,0.000,0,,,,,0,,,,GLOBAL,1.000,clear,0,,0,,0,0,-1.000,17.60,3.00,0.0470,0.0189
28.177,0.000,0,,,,,0,,,,GLOBAL,1.000,clear,0,,0,,0,0,-1.000,19.66,3.00,0.0421,0.0127
28.197,0.000,0,,,,,0,,,,GLOBAL,1.000,clear,0,,0,,0,0,-1.000,19.66,3.00,0.0372,0.0058
28.218,0.000,0,,,,,0,,,,GLOBAL,1.000,clear,0,,0,,0,0,-1.000,18.54,3.00,0.0331,0.0035
28.237,0.000,0,,,,,0,,,,GLOBAL,1.000,clear,0,,0,,0,0,-1.000,19.14,3.00,0.0282,0.0228
28.257,0.000,0,,,,,0,,,,GLOBAL,1.000,clear,0,,0,,0,0,-1.000,18.75,3.00,0.0484,0.0192
28.277,0.000,0,,,,,0,,,,GLOBAL,1.000,clear,0,,0,,0,0,-1.000,18.75,3.00,0.0425,0.0122
28.297,0.000,0,,,,,0,,,,GLOBAL,1.000,clear,0,,0,,0,0,-1.000,18.78,3.00,0.0361,0.0094
28.317,0.000,0,,,,,0,,,,GLOBAL,1.000,clear,0,,0,,0,0,-1.000,18.78,3.00,0.0330,0.0062
28.338,0.000,0,,,,,1,0.585,0.585,,GLOBAL,1.000,clear,0,,0,,0,0,-1.000,18.33,3.00,0.0293,0.0008
28.357,0.000,0,,,,,1,0.585,0.585,,GLOBAL,1.000,clear,0,,0,,0,0,-1.000,19.42,3.00,0.0484,0.0199
28.377,0.000,0,,,,,1,0.559,0.559,,GLOBAL,1.000,clear,0,,0,,0,0,-1.000,18.40,3.00,0.0425,0.0144
28.397,0.000,0,,,,,0,,,,GLOBAL,1.000,clear,0,,0,,0,0,-1.000,18.40,3.00,0.0369,0.0102
28.417,0.000,0,,,,,0,,,,GLOBAL,1.000,clear,0,,0,,0,0,-1.000,18.18,3.00,0.0329,0.0037
28.437,0.000,0,,,,,0,,,,GLOBAL,1.000,clear,0,,0,,0,0,-1.000,18.69,3.00,0.0256,0.0237
28.457,0.000,0,,,,,0,,,,GLOBAL,1.000,clear,0,,0,,0,0,-1.000,18.69,3.00,0.0455,0.0150
28.477,0.000,0,,,,,0,,,,GLOBAL,1.000,clear,0,,0,,0,0,-1.000,19.26,3.00,0.0428,0.0120
28.497,0.000,0,,,,,0,,,,GLOBAL,1.000,clear,0,,0,,0,0,-1.000,19.26,3.00,0.0372,0.0091
28.517,0.000,0,,,,,0,,,,GLOBAL,1.000,clear,0,,0,,0,0,-1.000,18.07,3.00,0.0332,0.0025
28.537,0.000,0,,,,,0,,,,GLOBAL,1.000,clear,0,,0,,0,0,-1.000,17.84,3.00,0.0275,0.0224
28.557,0.000,0,,,,,0,,,,GLOBAL,1.000,clear,0,,0,,0,0,-1.000,20.42,3.00,0.0475,0.0187
28.577,0.000,0,,,,,1,0.548,0.548,,GLOBAL,1.000,clear,0,,0,,0,0,-1.000,20.42,3.00,0.0433,0.0113
28.597,0.000,0,,,,,0,,,,GLOBAL,1.000,clear,0,,0,,0,0,-1.000,18.18,3.00,0.0369,0.0063
28.617,0.000,0,,,,,1,0.543,0.543,,GLOBAL,1.000,clear,0,,0,,0,0,-1.000,18.18,3.00,0.0323,0.0022
28.638,0.000,0,,,,,1,0.543,0.543,,GLOBAL,1.000,clear,0,,0,,0,0,-1.000,17.87,3.00,0.0277,0.0231
28.657,0.000,0,,,,,0,,,,GLOBAL,1.000,clear,0,,0,,0,0,-1.000,18.49,3.00,0.0468,0.0125
28.677,0.000,0,,,,,1,0.560,0.560,,GLOBAL,1.000,clear,0,,0,,0,0,-1.000,17.91,3.00,0.0419,0.0121
28.697,0.000,0,,,,,0,,,,GLOBAL,1.000,clear,0,,0,,0,0,-1.000,17.91,3.00,0.0377,0.0034
28.719,0.000,0,,,,,0,,,,GLOBAL,1.000,clear,0,,0,,0,0,-1.000,18.29,3.00,0.0344,0.0018
28.738,0.000,0,,,,,0,,,,GLOBAL,1.000,clear,0,,0,,0,0,-1.000,18.29,3.00,0.0526,0.0201
28.757,0.000,0,,,,,1,0.546,0.546,,GLOBAL,1.000,clear,0,,0,,0,0,-1.000,19.95,3.00,0.0479,0.0178
28.777,0.000,0,,,,,1,0.552,0.552,,GLOBAL,1.000,clear,0,,0,,0,0,-1.000,18.59,3.00,0.0421,0.0153
28.798,0.000,0,,,,,0,,,,GLOBAL,1.000,clear,0,,0,,0,0,-1.000,18.59,3.00,0.0387,0.0101
28.817,0.000,0,,,,,0,,,,GLOBAL,1.000,clear,0,,0,,0,0,-1.000,17.18,3.00,0.0323,0.0050
28.837,0.000,0,,,,,0,,,,GLOBAL,1.000,clear,0,,0,,0,0,-1.000,21.40,3.00,0.0283,0.0250
28.857,0.000,0,,,,,0,,,,GLOBAL,1.000,clear,0,,0,,0,0,-1.000,18.29,3.00,0.0488,0.0197
28.877,0.000,0,,,,,0,,,,GLOBAL,1.000,clear,0,,0,,0,0,-1.000,18.29,3.00,0.0427,0.0141
28.897,0.000,0,,,,,0,,,,GLOBAL,1.000,clear,0,,0,,0,0,-1.000,17.74,3.00,0.0370,0.0085
28.917,0.000,0,,,,,0,,,,GLOBAL,1.000,clear,0,,0,,0,0,-1.000,18.39,3.00,0.0314,0.0006
28.937,0.000,0,,,,,0,,,,GLOBAL,1.000,clear,0,,0,,0,0,-1.000,18.39,3.00,0.0272,0.0205
28.957,0.000,0,,,,,0,,,,GLOBAL,1.000,clear,0,,0,,0,0,-1.000,18.32,3.00,0.0470,0.0151
28.977,0.000,0,,,,,0,,,,GLOBAL,1.000,clear,0,,0,,0,0,-1.000,18.94,3.00,0.0431,0.0138
28.997,0.000,0,,,,,0,,,,GLOBAL,1.000,clear,0,,0,,0,0,-1.000,18.94,3.00,0.0369,0.0102
29.017,0.000,0,,,,,0,,,,GLOBAL,1.000,clear,0,,0,,0,0,-1.000,19.36,3.00,0.0333,0.0034
29.037,0.000,0,,,,,0,,,,GLOBAL,1.000,clear,0,,0,,0,0,-1.000,18.69,3.00,0.0270,0.0005
29.057,0.000,0,,,,,0,,,,GLOBAL,1.000,clear,0,,0,,0,0,-1.000,18.69,3.00,0.0472,0.0207
29.077,0.000,0,,,,,0,,,,GLOBAL,1.000,clear,0,,0,,0,0,-1.000,18.49,3.00,0.0435,0.0138
29.097,0.000,0,,,,,1,0.557,0.557,,GLOBAL,1.000,clear,0,,0,,0,0,-1.000,18.65,3.00,0.0369,0.0092
29.117,0.000,0,,,,,0,,,,GLOBAL,1.000,clear,0,,0,,0,0,-1.000,18.65,3.00,0.0319,0.0028
29.137,0.000,0,,,,,0,,,,GLOBAL,1.000,clear,0,,0,,0,0,-1.000,19.20,3.00,0.0280,0.0229
29.157,0.000,0,,,,,1,0.558,0.558,,GLOBAL,1.000,clear,0,,0,,0,0,-1.000,17.45,3.00,0.0479,0.0165
29.177,0.000,0,,,,,0,,,,GLOBAL,1.000,clear,0,,0,,0,0,-1.000,17.45,3.00,0.0425,0.0128
29.197,0.000,0,,,,,0,,,,GLOBAL,1.000,clear,0,,0,,0,0,-1.000,19.84,3.00,0.0368,0.0048
29.217,0.000,0,,,,,0,,,,GLOBAL,1.000,clear,0,,0,,0,0,-1.000,19.00,3.00,0.0310,0.0024
29.238,0.000,0,,,,,0,,,,GLOBAL,1.000,clear,0,,0,,0,0,-1.000,19.00,3.00,0.0274,0.0229
29.257,0.000,0,,,,,0,,,,GLOBAL,1.000,clear,0,,0,,0,0,-1.000,18.26,3.00,0.0469,0.0190
29.278,0.000,0,,,,,0,,,,GLOBAL,1.000,clear,0,,0,,0,0,-1.000,18.61,3.00,0.0436,0.0129
29.297,0.000,0,,,,,0,,,,GLOBAL,1.000,clear,0,,0,,0,0,-1.000,18.61,3.00,0.0352,0.0100
29.318,0.000,0,,,,,0,,,,GLOBAL,1.000,clear,0,,0,,0,0,-1.000,17.84,3.00,0.0332,0.0060
29.337,0.000,0,,,,,0,,,,GLOBAL,1.000,clear,0,,0,,0,0,-1.000,17.84,3.00,0.0286,0.0256
29.357,0.000,0,,,,,0,,,,GLOBAL,1.000,clear,0,,0,,0,0,-1.000,17.31,3.00,0.0484,0.0168
29.378,0.000,0,,,,,1,0.594,0.594,,GLOBAL,1.000,clear,0,,0,,0,0,-1.000,17.93,3.00,0.0438,0.0128
29.398,0.000,0,,,,,0,,,,GLOBAL,1.000,clear,0,,0,,0,0,-1.000,17.93,3.00,0.0374,0.0102
29.417,0.000,0,,,,,0,,,,GLOBAL,1.000,clear,0,,0,,0,0,-1.000,19.20,3.00,0.0331,0.0028
29.438,0.000,0,,,,,0,,,,GLOBAL,1.000,clear,0,,0,,0,0,-1.000,19.12,3.00,0.0267,0.0239
29.457,0.000,0,,,,,1,0.587,0.587,,GLOBAL,1.000,clear,0,,0,,0,0,-1.000,18.38,3.00,0.0456,0.0184
29.477,0.000,0,,,,,1,0.556,0.556,,GLOBAL,1.000,clear,0,,0,,0,0,-1.000,18.38,3.00,0.0433,0.0140
29.498,0.000,0,,,,,0,,,,GLOBAL,1.000,clear,0,,0,,0,0,-1.000,19.16,3.00,0.0377,0.0114
29.517,0.000,0,,,,,0,,,,GLOBAL,1.000,clear,0,,0,,0,0,-1.000,19.16,3.00,0.0336,0.0034
29.537,0.000,0,,,,,0,,,,GLOBAL,1.000,clear,0,,0,,0,0,-1.000,18.76,3.00,0.0268,0.0231
29.557,0.000,0,,,,,0,,,,GLOBAL,1.000,clear,0,,0,,0,0,-1.000,18.80,3.00,0.0468,0.0196
29.578,0.000,0,,,,,1,0.551,0.551,,GLOBAL,1.000,clear,0,,0,,0,0,-1.000,18.80,3.00,0.0434,0.0137
29.597,0.000,0,,,,,0,,,,GLOBAL,1.000,clear,0,,0,,0,0,-1.000,18.69,3.00,0.0369,0.0093
29.617,0.000,0,,,,,0,,,,GLOBAL,1.000,clear,0,,0,,0,0,-1.000,18.54,3.00,0.0324,0.0014
29.639,0.000,0,,,,,0,,,,GLOBAL,1.000,clear,0,,0,,0,0,-1.000,18.73,3.00,0.0282,0.0228
29.657,0.000,0,,,,,1,0.558,0.558,,GLOBAL,1.000,clear,0,,0,,0,0,-1.000,18.73,3.00,0.0465,0.0164
29.677,0.000,0,,,,,0,,,,GLOBAL,1.000,clear,0,,0,,0,0,-1.000,18.03,3.00,0.0423,0.0132
29.697,0.000,0,,,,,0,,,,GLOBAL,1.000,clear,0,,0,,0,0,-1.000,18.03,3.00,0.0371,0.0083
29.717,0.000,0,,,,,1,0.583,0.583,,GLOBAL,1.000,clear,0,,0,,0,0,-1.000,19.71,3.00,0.0323,0.0029
29.737,0.000,0,,,,,1,0.583,0.583,,GLOBAL,1.000,clear,0,,0,,0,0,-1.000,18.43,3.00,0.0269,0.0230
29.757,0.000,0,,,,,0,,,,GLOBAL,1.000,clear,0,,0,,0,0,-1.000,18.75,3.00,0.0467,0.0188
29.777,0.000,0,,,,,0,,,,GLOBAL,1.000,clear,0,,0,,0,0,-1.000,18.75,3.00,0.0425,0.0144
29.797,0.000,0,,,,,1,0.564,0.564,,GLOBAL,1.000,clear,0,,0,,0,0,-1.000,18.01,3.00,0.0354,0.0094
29.818,0.000,0,,,,,0,,,,GLOBAL,1.000,clear,0,,0,,0,0,-1.000,18.01,3.00,0.0318,0.0043
29.839,0.000,0,,,,,0,,,,GLOBAL,1.000,clear,0,,0,,0,0,-1.000,18.54,3.00,0.0286,0.0255
29.857,0.000,0,,,,,0,,,,GLOBAL,1.000,clear,0,,0,,0,0,-1.000,19.50,3.00,0.0470,0.0179
29.877,0.000,0,,,,,0,,,,GLOBAL,1.000,clear,0,,0,,0,0,-1.000,18.83,3.00,0.0428,0.0138
29.897,0.000,0,,,,,0,,,,GLOBAL,1.000,clear,0,,0,,0,0,-1.000,18.83,3.00,0.0371,0.0091
29.918,0.000,0,,,,,0,,,,GLOBAL,1.000,clear,0,,0,,0,0,-1.000,18.86,3.00,0.0336,0.0031
29.937,0.000,0,,,,,0,,,,GLOBAL,1.000,clear,0,,0,,0,0,-1.000,18.39,3.00,0.0269,0.0226
29.957,0.000,0,,,,,0,,,,GLOBAL,1.000,clear,0,,0,,0,0,-1.000,18.39,3.00,0.0470,0.0186
29.977,0.000,0,,,,,0,,,,GLOBAL,1.000,clear,0,,0,,0,0,-1.000,19.58,3.00,0.0421,0.0134
29.997,0.000,0,,,,,0,,,,GLOBAL,1.000,clear,0,,0,,0,0,-1.000,19.58,3.00,0.0372,0.0094
30.017,0.000,0,,,,,0,,,,GLOBAL,1.000,clear,0,,0,,0,0,-1.000,18.31,3.00,0.0335,0.0022
30.037,0.000,0,,,,,0,,,,GLOBAL,1.000,clear,0,,0,,0,0,-1.000,20.02,3.00,0.0255,0.0221
30.057,0.000,0,,,,,0,,,,GLOBAL,1.000,clear,0,,0,,0,0,-1.000,19.19,3.00,0.0460,0.0175
30.077,0.000,0,,,,,0,,,,GLOBAL,1.000,clear,0,,0,,0,0,-1.000,19.19,3.00,0.0405,0.0133
30.098,0.000,0,,,,,0,,,,GLOBAL,1.000,clear,0,,0,,0,0,-1.000,18.49,3.00,0.0384,0.0073
30.117,0.000,0,,,,,0,,,,GLOBAL,1.000,clear,0,,0,,0,0,-1.000,19.49,3.00,0.0324,0.0006
30.137,0.000,0,,,,,0,,,,GLOBAL,1.000,clear,0,,0,,0,0,-1.000,19.49,3.00,0.0281,0.0204
30.157,0.000,0,,,,,0,,,,GLOBAL,1.000,clear,0,,0,,0,0,-1.000,17.69,3.00,0.0481,0.0183
30.177,0.000,0,,,,,0,,,,GLOBAL,1.000,clear,0,,0,,0,0,-1.000,17.69,3.00,0.0423,0.0123
30.198,0.000,0,,,,,0,,,,GLOBAL,1.000,clear,0,,0,,0,0,-1.000,19.91,3.00,0.0378,0.0097
30.217,0.000,0,,,,,0,,,,GLOBAL,1.000,clear,0,,0,,0,0,-1.000,16.35,3.00,0.0328,0.0036
30.237,0.000,0,,,,,0,,,,GLOBAL,1.000,clear,0,,0,,0,0,-1.000,20.84,3.00,0.0271,0.0237
30.257,0.000,0,,,,,0,,,,GLOBAL,1.000,clear,0,,0,,0,0,-1.000,20.84,3.00,0.0469,0.0182
30.277,0.000,0,,,,,1,0.552,0.552,,GLOBAL,1.000,clear,0,,0,,0,0,-1.000,18.83,3.00,0.0419,0.0108
30.298,0.000,0,,,,,0,,,,GLOBAL,1.000,clear,0,,0,,0,0,-1.000,18.83,3.00,0.0370,0.0091
30.317,0.000,0,,,,,0,,,,GLOBAL,1.000,clear,0,,0,,0,0,-1.000,18.64,3.00,0.0331,0.0038
30.337,0.000,0,,,,,0,,,,GLOBAL,1.000,clear,0,,0,,0,0,-1.000,18.81,3.00,0.0274,0.0005
30.357,0.000,0,,,,,0,,,,GLOBAL,1.000,clear,0,,0,,0,0,-1.000,18.94,3.00,0.0469,0.0201
30.377,0.000,0,,,,,0,,,,GLOBAL,1.000,clear,0,,0,,0,0,-1.000,18.94,3.00,0.0434,0.0126
30.397,0.000,0,,,,,0,,,,GLOBAL,1.000,clear,0,,0,,0,0,-1.000,19.02,3.00,0.0369,0.0095
30.417,0.000,0,,,,,1,0.560,0.560,,GLOBAL,1.000,clear,0,,0,,0,0,-1.000,19.02,3.00,0.0331,0.0017
30.437,0.000,0,,,,,1,0.560,0.560,,GLOBAL,1.000,clear,0,,0,,0,0,-1.000,19.89,3.00,0.0252,0.0217
30.457,0.000,0,,,,,0,,,,GLOBAL,1.000,clear,0,,0,,0,0,-1.000,18.30,3.00,0.0452,0.0189
30.479,0.000,0,,,,,0,,,,GLOBAL,1.000,clear,0,,0,,0,0,-1.000,20.56,3.00,0.0436,0.0159
30.498,0.000,0,,,,,0,,,,GLOBAL,1.000,clear,0,,0,,0,0,-1.000,20.56,3.00,0.0366,0.0099
30.517,0.000,0,,,,,0,,,,GLOBAL,1.000,clear,0,,0,,0,0,-1.000,16.90,3.00,0.0305,0.0288
30.537,0.000,0,,,,,0,,,,GLOBAL,1.000,clear,0,,0,,0,0,-1.000,18.66,3.00,0.0262,0.0191
30.557,0.000,0,,,,,0,,,,GLOBAL,1.000,clear,0,,0,,0,0,-1.000,18.66,3.00,0.0463,0.0181
30.577,0.000,0,,,,,0,,,,GLOBAL,1.000,clear,0,,0,,0,0,-1.000,19.47,3.00,0.0410,0.0134
30.597,0.000,0,,,,,0,,,,GLOBAL,1.000,clear,0,,0,,0,0,-1.000,19.47,3.00,0.0366,0.0092
30.617,0.000,0,,,,,1,0.556,0.556,,GLOBAL,1.000,clear,0,,0,,0,0,-1.000,19.08,3.00,0.0324,0.0033
30.639,0.000,0,,,,,1,0.556,0.556,,GLOBAL,1.000,clear,0,,0,,0,0,-1.000,19.17,3.00,0.0286,0.0249
30.657,0.000,0,,,,,0,,,,GLOBAL,1.000,clear,0,,0,,0,0,-1.000,19.24,3.00,0.0469,0.0174
30.677,0.000,0,,,,,0,,,,GLOBAL,1.000,clear,0,,0,,0,0,-1.000,19.24,3.00,0.0429,0.0133
30.697,0.000,0,,,,,0,,,,GLOBAL,1.000,clear,0,,0,,0,0,-1.000,18.27,3.00,0.0368,0.0095
30.718,0.000,0,,,,,0,,,,GLOBAL,1.000,clear,0,,0,,0,0,-1.000,18.27,3.00,0.0333,0.0300
30.737,0.000,0,,,,,0,,,,GLOBAL,1.000,clear,0,,0,,0,0,-1.000,19.75,3.00,0.0271,0.0147
30.757,0.000,0,,,,,0,,,,GLOBAL,1.000,clear,0,,0,,0,0,-1.000,19.71,3.00,0.0471,0.0162
30.777,0.000,0,,,,,1,0.546,0.546,,GLOBAL,1.000,clear,0,,0,,0,0,-1.000,19.71,3.00,0.0430,0.0123
30.797,0.000,0,,,,,0,,,,GLOBAL,1.000,clear,0,,0,,0,0,-1.000,19.29,3.00,0.0372,0.0059
30.817,0.000,0,,,,,1,0.544,0.544,,GLOBAL,1.000,clear,0,,0,,0,0,-1.000,19.12,3.00,0.0330,0.0042
30.837,0.000,0,,,,,1,0.544,0.544,,GLOBAL,1.000,clear,0,,0,,0,0,-1.000,18.97,3.00,0.0275,0.0243
30.858,0.000,0,,,,,1,0.553,0.553,,GLOBAL,1.000,clear,0,,0,,0,0,-1.000,18.97,3.00,0.0482,0.0195
30.877,0.000,0,,,,,1,0.548,0.548,,GLOBAL,1.000,clear,0,,0,,0,0,-1.000,19.79,3.00,0.0426,0.0140
30.897,0.000,0,,,,,0,,,,GLOBAL,1.000,clear,0,,0,,0,0,-1.000,19.84,3.00,0.0370,0.0087
30.918,0.000,0,,,,,1,0.581,0.581,,GLOBAL,1.000,clear,0,,0,,0,0,-1.000,19.84,3.00,0.0310,0.0016
30.937,0.000,0,,,,,1,0.581,0.581,,GLOBAL,1.000,clear,0,,0,,0,0,-1.000,18.76,3.00,0.0260,0.0214
30.958,0.000,0,,,,,1,0.549,0.549,,GLOBAL,1.000,clear,0,,0,,0,0,-1.000,19.21,3.00,0.0464,0.0182
30.977,0.000,0,,,,,0,,,,GLOBAL,1.000,clear,0,,0,,0,0,-1.000,19.21,3.00,0.0421,0.0136
30.997,0.000,0,,,,,0,,,,GLOBAL,1.000,clear,0,,0,,0,0,-1.000,20.66,3.00,0.0369,0.0089
31.018,0.000,0,,,,,1,0.547,0.547,,GLOBAL,1.000,clear,0,,0,,0,0,-1.000,18.54,3.00,0.0324,0.0038
31.038,0.000,0,,,,,1,0.547,0.547,,GLOBAL,1.000,clear,0,,0,,0,0,-1.000,18.54,3.00,0.0274,0.0238
31.057,0.000,0,,,,,1,0.583,0.583,,GLOBAL,1.000,clear,0,,0,,0,0,-1.000,19.27,3.00,0.0470,0.0186
31.077,0.000,0,,,,,0,,,,GLOBAL,1.000,clear,0,,0,,0,0,-1.000,19.27,3.00,0.0424,0.0138
31.097,0.000,0,,,,,1,0.549,0.549,,GLOBAL,1.000,clear,0,,0,,0,0,-1.000,19.87,3.00,0.0373,0.0097
31.117,0.000,0,,,,,0,,,,GLOBAL,1.000,clear,0,,0,,0,0,-1.000,18.60,3.00,0.0325,0.0033
31.137,0.000,0,,,,,0,,,,GLOBAL,1.000,clear,0,,0,,0,0,-1.000,18.60,3.00,0.0273,0.0234
31.157,0.000,0,,,,,0,,,,GLOBAL,1.000,clear,0,,0,,0,0,-1.000,20.41,3.00,0.0470,0.0191
31.177,0.000,0,,,,,1,0.552,0.552,,GLOBAL,1.000,clear,0,,0,,0,0,-1.000,19.55,3.00,0.0428,0.0100
31.198,0.000,0,,,,,0,,,,GLOBAL,1.000,clear,0,,0,,0,0,-1.000,19.48,3.00,0.0379,0.0065
31.217,0.000,0,,,,,0,,,,GLOBAL,1.000,clear,0,,0,,0,0,-1.000,19.48,3.00,0.0330,0.0257
31.237,0.000,0,,,,,0,,,,GLOBAL,1.000,clear,0,,0,,0,0,-1.000,19.38,3.00,0.0269,0.0175
31.257,0.000,0,,,,,1,0.548,0.548,,GLOBAL,1.000,clear,0,,0,,0,0,-1.000,20.01,3.00,0.0470,0.0168
31.277,0.000,0,,,,,1,0.551,0.551,,GLOBAL,1.000,clear,0,,0,,0,0,-1.000,20.01,3.00,0.0431,0.0109
31.298,0.000,0,,,,,1,0.551,0.551,,GLOBAL,1.000,clear,0,,0,,0,0,-1.000,19.38,3.00,0.0371,0.0092
31.317,0.000,0,,,,,0,,,,GLOBAL,1.000,clear,0,,0,,0,0,-1.000,20.03,3.00,0.0335,0.0043
31.337,0.000,0,,,,,0,,,,GLOBAL,1.000,clear,0,,0,,0,0,-1.000,20.03,3.00,0.0269,0.0240
31.357,0.000,0,,,,,1,0.539,0.539,,GLOBAL,1.000,clear,0,,0,,0,0,-1.000,19.65,3.00,0.0471,0.0183
31.377,0.000,0,,,,,1,0.559,0.559,,GLOBAL,1.000,clear,0,,0,,0,0,-1.000,19.65,3.00,0.0414,0.0139
31.397,0.000,0,,,,,0,,,,GLOBAL,1.000,clear,0,,0,,0,0,-1.000,19.65,3.00,0.0369,0.0083
31.417,0.000,0,,,,,1,0.562,0.562,,GLOBAL,1.000,clear,0,,0,,0,0,-1.000,20.36,3.00,0.0322,0.0043
31.445,0.000,0,,,,,1,0.562,0.562,,GLOBAL,1.000,clear,0,,0,,0,0,-1.000,20.47,3.00,0.0349,0.0320
31.457,0.000,0,,,,,0,,,,GLOBAL,1.000,clear,0,,0,,0,0,-1.000,20.47,3.00,0.0471,0.0118
31.477,0.000,0,,,,,0,,,,GLOBAL,1.000,clear,0,,0,,0,0,-1.000,17.56,3.00,0.0396,0.0115
31.499,0.000,0,,,,,0,,,,GLOBAL,1.000,clear,0,,0,,0,0,-1.000,20.08,3.00,0.0390,0.0114
31.517,0.000,0,,,,,1,0.545,0.545,,GLOBAL,1.000,clear,0,,0,,0,0,-1.000,20.08,3.00,0.0323,0.0041
31.538,0.000,0,,,,,1,0.545,0.545,,GLOBAL,1.000,clear,0,,0,,0,0,-1.000,20.11,3.00,0.0281,0.0248
31.557,0.000,0,,,,,1,0.559,0.559,,GLOBAL,1.000,clear,0,,0,,0,0,-1.000,17.98,3.00,0.0473,0.0183
31.577,0.000,0,,,,,0,,,,GLOBAL,1.000,clear,0,,0,,0,0,-1.000,17.98,3.00,0.0423,0.0151
31.598,0.000,0,,,,,1,0.549,0.549,,GLOBAL,1.000,clear,0,,0,,0,0,-1.000,20.99,3.00,0.0390,0.0074
31.618,0.000,0,,,,,0,,,,GLOBAL,1.000,clear,0,,0,,0,0,-1.000,19.83,3.00,0.0335,0.0029
31.639,0.000,0,,,,,0,,,,GLOBAL,1.000,clear,0,,0,,0,0,-1.000,19.83,3.00,0.0297,0.0233
31.657,0.000,0,,,,,0,,,,GLOBAL,1.000,clear,0,,0,,0,0,-1.000,18.46,3.00,0.0484,0.0161
31.681,0.000,0,,,,,0,,,,GLOBAL,1.000,clear,0,,0,,0,0,-1.000,19.49,3.00,0.0463,0.0164
31.697,0.000,0,,,,,0,,,,GLOBAL,1.000,clear,0,,0,,0,0,-1.000,19.49,3.00,0.0368,0.0067
31.717,0.000,0,,,,,0,,,,GLOBAL,1.000,clear,0,,0,,0,0,-1.000,19.34,3.00,0.0329,0.0268
31.738,0.000,0,,,,,1,0.584,0.584,,GLOBAL,1.000,clear,0,,0,,0,0,-1.000,19.29,3.00,0.0279,0.0010
31.757,0.000,0,,,,,1,0.584,0.584,,GLOBAL,1.000,clear,0,,0,,0,0,-1.000,19.29,3.00,0.0469,0.0200
31.778,0.000,0,,,,,0,,,,GLOBAL,1.000,clear,0,,0,,0,0,-1.000,19.76,3.00,0.0432,0.0134
31.797,0.000,0,,,,,1,0.578,0.578,,GLOBAL,1.000,clear,0,,0,,0,0,-1.000,19.76,3.00,0.0373,0.0104
31.818,0.000,0,,,,,0,,,,GLOBAL,1.000,clear,0,,0,,0,0,-1.000,20.01,3.00,0.0336,0.0039
31.837,0.000,0,,,,,0,,,,GLOBAL,1.000,clear,0,,0,,0,0,-1.000,19.43,3.00,0.0272,0.0232
31.857,0.000,0,,,,,1,0.554,0.554,,GLOBAL,1.000,clear,0,,0,,0,0,-1.000,19.43,3.00,0.0475,0.0195
31.883,0.000,0,,,,,1,0.547,0.547,,GLOBAL,1.000,clear,0,,0,,0,0,-1.000,21.40,3.00,0.0491,0.0173
31.897,0.000,0,,,,,1,0.547,0.547,,GLOBAL,1.000,clear,0,,0,,0,0,-1.000,18.98,3.00,0.0374,0.0317
31.918,0.000,0,,,,,0,,,,GLOBAL,1.000,clear,0,,0,,0,0,-1.000,18.98,3.00,0.0329,0.0120
31.943,0.000,0,,,,,0,,,,GLOBAL,1.000,clear,0,,0,,0,0,-1.000,19.58,3.00,0.0573,0.0174
31.958,0.000,0,,,,,1,0.554,0.554,,GLOBAL,1.000,clear,0,,0,,0,0,-1.000,19.43,3.00,0.0484,0.0081
31.978,0.000,0,,,,,0,,,,GLOBAL,1.000,clear,0,,0,,0,0,-1.000,19.43,3.00,0.0429,0.0109
31.997,0.000,0,,,,,0,,,,GLOBAL,1.000,clear,0,,0,,0,0,-1.000,19.93,3.00,0.0378,0.0093
32.017,0.000,0,,,,,0,,,,GLOBAL,1.000,clear,0,,0,,0,0,-1.000,19.71,3.00,0.0309,0.0006
32.037,0.000,0,,,,,0,,,,GLOBAL,1.000,clear,0,,0,,0,0,-1.000,19.71,3.00,0.0265,0.0203
32.057,0.000,0,,,,,0,,,,GLOBAL,1.000,clear,0,,0,,0,0,-1.000,19.79,3.00,0.0465,0.0159
32.078,0.000,0,,,,,0,,,,GLOBAL,1.000,clear,0,,0,,0,0,-1.000,18.59,3.00,0.0428,0.0091
32.097,0.000,0,,,,,0,,,,GLOBAL,1.000,clear,0,,0,,0,0,-1.000,18.59,3.00,0.0362,0.0094
32.117,0.000,0,,,,,1,0.545,0.545,,GLOBAL,1.000,clear,0,,0,,0,0,-1.000,20.53,3.00,0.0329,0.0040
32.137,0.000,0,,,,,1,0.545,0.545,,GLOBAL,1.000,clear,0,,0,,0,0,-1.000,20.36,3.00,0.0271,0.0239
32.157,0.000,0,,,,,0,,,,GLOBAL,1.000,clear,0,,0,,0,0,-1.000,20.36,3.00,0.0470,0.0148
32.177,0.000,0,,,,,0,,,,GLOBAL,1.000,clear,0,,0,,0,0,-1.000,19.29,3.00,0.0426,0.0079
32.199,0.000,0,,,,,0,,,,GLOBAL,1.000,clear,0,,0,,0,0,-1.000,19.29,3.00,0.0388,0.0298
32.218,0.000,0,,,,,1,0.547,0.547,,GLOBAL,1.000,clear,0,,0,,0,0,-1.000,18.66,3.00,0.0345,0.0192
32.237,0.000,0,,,,,1,0.546,0.546,,GLOBAL,1.000,clear,0,,0,,0,0,-1.000,18.66,3.00,0.0272,0.0177
32.271,0.000,0,,,,,0,,,,GLOBAL,1.000,clear,0,,0,,0,0,-1.000,18.66,3.00,0.0608,0.0260
32.277,0.000,0,,,,,0,,,,GLOBAL,1.000,clear,0,,0,,0,0,-1.000,19.70,3.00,0.0431,0.0057
32.297,0.000,0,,,,,0,,,,GLOBAL,1.000,clear,0,,0,,0,0,-1.000,19.70,3.00,0.0376,0.0052
32.317,0.000,0,,,,,0,,,,GLOBAL,1.000,clear,0,,0,,0,0,-1.000,21.40,3.00,0.0332,0.0250
32.338,0.000,0,,,,,1,0.560,0.560,,GLOBAL,1.000,clear,0,,0,,0,0,-1.000,21.40,3.00,0.0242,0.0186
32.358,0.000,0,,,,,0,,,,GLOBAL,1.000,clear,0,,0,,0,0,-1.000,18.68,3.00,0.0440,0.0153
32.378,0.000,0,,,,,1,0.544,0.544,,GLOBAL,1.000,clear,0,,0,,0,0,-1.000,18.68,3.00,0.0424,0.0106
32.401,0.000,0,,,,,0,,,,GLOBAL,1.000,clear,0,,0,,0,0,-1.000,18.41,3.00,0.0392,0.0097
32.421,0.000,0,,,,,0,,,,GLOBAL,1.000,clear,0,,0,,0,0,-1.000,18.41,3.00,0.0590,0.0296
32.437,0.000,0,,,,,1,0.558,0.558,,GLOBAL,1.000,clear,0,,0,,0,0,-1.000,19.44,3.00,0.0265,0.0143
32.462,0.000,0,,,,,1,0.551,0.551,,GLOBAL,1.000,clear,0,,0,,0,0,-1.000,19.44,3.00,0.0516,0.0107
32.477,0.000,0,,,,,0,,,,GLOBAL,1.000,clear,0,,0,,0,0,-1.000,19.44,3.00,0.0422,0.0103
32.497,0.000,0,,,,,0,,,,GLOBAL,1.000,clear,0,,0,,0,0,-1.000,19.61,3.00,0.0367,0.0055
32.517,0.000,0,,,,,0,,,,GLOBAL,1.000,clear,0,,0,,0,0,-1.000,19.61,3.00,0.0323,0.0019
32.537,0.000,0,,,,,0,,,,GLOBAL,1.000,clear,0,,0,,0,0,-1.000,20.62,3.00,0.0272,0.0219
32.558,0.000,0,,,,,1,0.552,0.552,,GLOBAL,1.000,clear,0,,0,,0,0,-1.000,19.93,3.00,0.0482,0.0187
32.577,0.000,0,,,,,0,,,,GLOBAL,1.000,clear,0,,0,,0,0,-1.000,18.78,3.00,0.0429,0.0113
32.597,0.000,0,,,,,1,0.545,0.545,,GLOBAL,1.000,clear,0,,0,,0,0,-1.000,18.78,3.00,0.0367,0.0091
32.617,0.000,0,,,,,0,,,,GLOBAL,1.000,clear,0,,0,,0,0,-1.000,18.96,3.00,0.0323,0.0021
32.641,0.000,0,,,,,0,,,,GLOBAL,1.000,clear,0,,0,,0,0,-1.000,21.14,3.00,0.0277,0.0257
32.657,0.000,0,,,,,0,,,,GLOBAL,1.000,clear,0,,0,,0,0,-1.000,21.14,3.00,0.0439,0.0148
32.678,0.000,0,,,,,1,0.543,0.543,,GLOBAL,1.000,clear,0,,0,,0,0,-1.000,20.63,3.00,0.0426,0.0138
32.698,0.000,0,,,,,0,,,,GLOBAL,1.000,clear,0,,0,,0,0,-1.000,20.28,3.00,0.0325,0.0091
32.717,0.000,0,,,,,0,,,,GLOBAL,1.000,clear,0,,0,,0,0,-1.000,20.28,3.00,0.0331,0.0282
32.737,0.000,0,,,,,1,0.546,0.546,,GLOBAL,1.000,clear,0,,0,,0,0,-1.000,19.04,3.00,0.0251,0.0133
32.757,0.000,0,,,,,0,,,,GLOBAL,1.000,clear,0,,0,,0,0,-1.000,19.04,3.00,0.0451,0.0149
32.778,0.000,0,,,,,0,,,,GLOBAL,1.000,clear,0,,0,,0,0,-1.000,19.81,3.00,0.0440,0.0137
32.797,0.000,0,,,,,1,0.553,0.553,,GLOBAL,1.000,clear,0,,0,,0,0,-1.000,19.61,3.00,0.0370,0.0057
32.817,0.000,0,,,,,0,,,,GLOBAL,1.000,clear,0,,0,,0,0,-1.000,19.61,3.00,0.0318,0.0021
32.838,0.000,0,,,,,0,,,,GLOBAL,1.000,clear,0,,0,,0,0,-1.000,19.73,3.00,0.0525,0.0227
32.857,0.000,0,,,,,0,,,,GLOBAL,1.000,clear,0,,0,,0,0,-1.000,19.73,3.00,0.0468,0.0155
32.878,0.000,0,,,,,0,,,,GLOBAL,1.000,clear,0,,0,,0,0,-1.000,19.73,3.00,0.0424,0.0140
32.899,0.000,0,,,,,0,,,,GLOBAL,1.000,clear,0,,0,,0,0,-1.000,19.62,3.00,0.0383,0.0108
32.917,0.000,0,,,,,0,,,,GLOBAL,1.000,clear,0,,0,,0,0,-1.000,19.63,3.00,0.0321,0.0028
32.937,0.000,0,,,,,0,,,,GLOBAL,1.000,clear,0,,0,,0,0,-1.000,19.63,3.00,0.0283,0.0231
32.957,0.000,0,,,,,0,,,,GLOBAL,1.000,clear,0,,0,,0,0,-1.000,20.61,3.00,0.0481,0.0186
32.977,0.000,0,,,,,0,,,,GLOBAL,1.000,clear,0,,0,,0,0,-1.000,18.73,3.00,0.0422,0.0130
32.997,0.000,0,,,,,0,,,,GLOBAL,1.000,clear,0,,0,,0,0,-1.000,18.73,3.00,0.0384,0.0088
33.017,0.000,0,,,,,1,0.555,0.555,,GLOBAL,1.000,clear,0,,0,,0,0,-1.000,20.19,3.00,0.0286,0.0017
33.039,0.000,0,,,,,1,0.555,0.555,,GLOBAL,1.000,clear,0,,0,,0,0,-1.000,21.32,3.00,0.0501,0.0231
33.057,0.000,0,,,,,1,0.554,0.554,,GLOBAL,1.000,clear,0,,0,,0,0,-1.000,21.32,3.00,0.0466,0.0157
33.077,0.000,0,,,,,0,,,,GLOBAL,1.000,clear,0,,0,,0,0,-1.000,20.86,3.00,0.0427,0.0138
33.097,0.000,0,,,,,0,,,,GLOBAL,1.000,clear,0,,0,,0,0,-1.000,19.55,3.00,0.0367,0.0087
33.117,0.000,0,,,,,0,,,,GLOBAL,1.000,clear,0,,0,,0,0,-1.000,20.33,3.00,0.0327,0.0014
33.137,0.000,0,,,,,0,,,,GLOBAL,1.000,clear,0,,0,,0,0,-1.000,20.33,3.00,0.0270,0.0215
33.158,0.000,0,,,,,0,,,,GLOBAL,1.000,clear,0,,0,,0,0,-1.000,21.40,3.00,0.0475,0.0190
33.177,0.000,0,,,,,1,0.543,0.543,,GLOBAL,1.000,clear,0,,0,,0,0,-1.000,19.69,3.00,0.0420,0.0131
33.197,0.000,0,,,,,0,,,,GLOBAL,1.000,clear,0,,0,,0,0,-1.000,19.69,3.00,0.0372,0.0105
33.217,0.000,0,,,,,1,0.541,0.541,,GLOBAL,1.000,clear,0,,0,,0,0,-1.000,20.19,3.00,0.0330,0.0019
33.237,0.000,0,,,,,1,0.541,0.541,,GLOBAL,1.000,clear,0,,0,,0,0,-1.000,20.64,3.00,0.0275,0.0221
33.257,0.000,0,,,,,1,0.555,0.555,,GLOBAL,1.000,clear,0,,0,,0,0,-1.000,20.64,3.00,0.0474,0.0184
33.277,0.000,0,,,,,1,0.548,0.548,,GLOBAL,1.000,clear,0,,0,,0,0,-1.000,20.27,3.00,0.0415,0.0119
33.298,0.000,0,,,,,1,0.549,0.549,,GLOBAL,1.000,clear,0,,0,,0,0,-1.000,20.38,3.00,0.0371,0.0090
33.318,0.000,0,,,,,1,0.549,0.549,,GLOBAL,1.000,clear,0,,0,,0,0,-1.000,20.38,3.00,0.0324,0.0045
33.337,0.000,0,,,,,1,0.549,0.549,,GLOBAL,1.000,clear,0,,0,,0,0,-1.000,20.35,3.00,0.0277,0.0238
33.357,0.000,0,,,,,1,0.540,0.540,,GLOBAL,1.000,clear,0,,0,,0,0,-1.000,20.35,3.00,0.0478,0.0177
33.377,0.000,0,,,,,0,,,,GLOBAL,1.000,clear,0,,0,,0,0,-1.000,19.84,3.00,0.0419,0.0132
33.397,0.000,0,,,,,1,0.544,0.544,,GLOBAL,1.000,clear,0,,0,,0,0,-1.000,18.58,3.00,0.0380,0.0042
33.417,0.000,0,,,,,1,0.572,0.572,,GLOBAL,1.000,clear,0,,0,,0,0,-1.000,21.40,3.00,0.0318,0.0010
33.437,0.000,0,,,,,1,0.572,0.572,,GLOBAL,1.000,clear,0,,0,,0,0,-1.000,21.40,3.00,0.0268,0.0212
33.457,0.000,0,,,,,1,0.544,0.544,,GLOBAL,1.000,clear,0,,0,,0,0,-1.000,20.86,3.00,0.0468,0.0180
33.479,0.000,0,,,,,1,0.540,0.540,,GLOBAL,1.000,clear,0,,0,,0,0,-1.000,18.83,3.00,0.0447,0.0077
33.498,0.000,0,,,,,0,,,,GLOBAL,1.000,clear,0,,0,,0,0,-1.000,18.83,3.00,0.0378,0.0059
33.517,0.000,0,,,,,1,0.547,0.547,,GLOBAL,1.000,clear,0,,0,,0,0,-1.000,20.16,3.00,0.0328,0.0025
33.538,0.000,0,,,,,1,0.547,0.547,,GLOBAL,1.000,clear,0,,0,,0,0,-1.000,20.16,3.00,0.0538,0.0235
33.558,0.000,0,,,,,0,,,,GLOBAL,1.000,clear,0,,0,,0,0,-1.000,19.64,3.00,0.0475,0.0158
33.577,0.000,0,,,,,0,,,,GLOBAL,1.000,clear,0,,0,,0,0,-1.000,20.84,3.00,0.0427,0.0126
33.597,0.000,0,,,,,1,0.542,0.542,,GLOBAL,1.000,clear,0,,0,,0,0,-1.000,19.78,3.00,0.0373,0.0072
33.617,0.000,0,,,,,1,0.542,0.542,,GLOBAL,1.000,clear,0,,0,,0,0,-1.000,19.78,3.00,0.0329,0.0270
33.637,0.000,0,,,,,0,,,,GLOBAL,1.000,clear,0,,0,,0,0,-1.000,20.64,3.00,0.0272,0.0175
33.657,0.000,0,,,,,0,,,,GLOBAL,1.000,clear,0,,0,,0,0,-1.000,19.77,3.00,0.0471,0.0196
33.677,0.000,0,,,,,0,,,,GLOBAL,1.000,clear,0,,0,,0,0,-1.000,19.77,3.00,0.0431,0.0126
33.697,0.000,0,,,,,1,0.558,0.558,,GLOBAL,1.000,clear,0,,0,,0,0,-1.000,20.04,3.00,0.0374,0.0047
33.717,0.000,0,,,,,1,0.558,0.558,,GLOBAL,1.000,clear,0,,0,,0,0,-1.000,20.11,3.00,0.0316,0.0246
33.737,0.000,0,,,,,1,0.548,0.548,,GLOBAL,1.000,clear,0,,0,,0,0,-1.000,20.11,3.00,0.0222,0.0165
33.757,0.000,0,,,,,1,0.547,0.547,,GLOBAL,1.000,clear,0,,0,,0,0,-1.000,20.81,3.00,0.0425,0.0188
33.777,0.000,0,,,,,1,0.546,0.546,,GLOBAL,1.000,clear,0,,0,,0,0,-1.000,20.81,3.00,0.0418,0.0136
33.797,0.000,0,,,,,1,0.543,0.543,,GLOBAL,1.000,clear,0,,0,,0,0,-1.000,19.26,3.00,0.0369,0.0071
33.817,0.000,0,,,,,0,,,,GLOBAL,1.000,clear,0,,0,,0,0,-1.000,19.03,3.00,0.0320,0.0022
33.837,0.000,0,,,,,0,,,,GLOBAL,1.000,clear,0,,0,,0,0,-1.000,20.18,3.00,0.0270,0.0225
33.857,0.000,0,,,,,0,,,,GLOBAL,1.000,clear,0,,0,,0,0,-1.000,20.18,3.00,0.0467,0.0189
33.877,0.000,0,,,,,1,0.547,0.547,,GLOBAL,1.000,clear,0,,0,,0,0,-1.000,21.18,3.00,0.0418,0.0154
33.897,0.000,0,,,,,1,0.545,0.545,,GLOBAL,1.000,clear,0,,0,,0,0,-1.000,21.18,3.00,0.0383,0.0096
33.917,0.000,0,,,,,0,,,,GLOBAL,1.000,clear,0,,0,,0,0,-1.000,20.31,3.00,0.0324,0.0024
33.937,0.000,0,,,,,0,,,,GLOBAL,1.000,clear,0,,0,,0,0,-1.000,19.69,3.00,0.0526,0.0226
33.957,0.000,0,,,,,0,,,,GLOBAL,1.000,clear,0,,0,,0,0,-1.000,20.33,3.00,0.0470,0.0177
33.977,0.000,0,,,,,1,0.561,0.561,,GLOBAL,1.000,clear,0,,0,,0,0,-1.000,20.33,3.00,0.0424,0.0122
33.997,0.000,0,,,,,0,,,,GLOBAL,1.000,clear,0,,0,,0,0,-1.000,20.40,3.00,0.0366,0.0056
34.017,0.000,0,,,,,0,,,,GLOBAL,1.000,clear,0,,0,,0,0,-1.000,20.28,3.00,0.0325,0.0004
34.037,0.000,0,,,,,0,,,,GLOBAL,1.000,clear,0,,0,,0,0,-1.000,20.28,3.00,0.0270,0.0204
34.057,0.000,0,,,,,0,,,,GLOBAL,1.000,clear,0,,0,,0,0,-1.000,20.26,3.00,0.0470,0.0169
34.078,0.000,0,,,,,0,,,,GLOBAL,1.000,clear,0,,0,,0,0,-1.000,20.26,3.00,0.0433,0.0102
34.097,0.000,0,,,,,0,,,,GLOBAL,1.000,clear,0,,0,,0,0,-1.000,19.15,3.00,0.0371,0.0071
34.117,0.000,0,,,,,1,0.543,0.543,,GLOBAL,1.000,clear,0,,0,,0,0,-1.000,21.22,3.00,0.0332,0.0025
34.137,0.000,0,,,,,1,0.543,0.543,,GLOBAL,1.000,clear,0,,0,,0,0,-1.000,20.10,3.00,0.0253,0.0224
34.157,0.000,0,,,,,1,0.545,0.545,,GLOBAL,1.000,clear,0,,0,,0,0,-1.000,20.10,3.00,0.0454,0.0187
34.177,0.000,0,,,,,1,0.550,0.550,,GLOBAL,1.000,clear,0,,0,,0,0,-1.000,19.98,3.00,0.0426,0.0140
34.197,0.000,0,,,,,1,0.553,0.553,,GLOBAL,1.000,clear,0,,0,,0,0,-1.000,19.98,3.00,0.0367,0.0092
34.217,0.000,0,,,,,0,,,,GLOBAL,1.000,clear,0,,0,,0,0,-1.000,19.53,3.00,0.0318,0.0048
34.237,0.000,0,,,,,0,,,,GLOBAL,1.000,clear,0,,0,,0,0,-1.000,19.83,3.00,0.0274,0.0248
34.257,0.000,0,,,,,0,,,,GLOBAL,1.000,clear,0,,0,,0,0,-1.000,19.83,3.00,0.0475,0.0190
34.277,0.000,0,,,,,0,,,,GLOBAL,1.000,clear,0,,0,,0,0,-1.000,19.67,3.00,0.0419,0.0118
34.297,0.000,0,,,,,0,,,,GLOBAL,1.000,clear,0,,0,,0,0,-1.000,19.67,3.00,0.0377,0.0095
34.318,0.000,0,,,,,0,,,,GLOBAL,1.000,clear,0,,0,,0,0,-1.000,19.67,3.00,0.0331,0.0011
34.337,0.000,0,,,,,0,,,,GLOBAL,1.000,clear,0,,0,,0,0,-1.000,21.40,3.00,0.0279,0.0201
34.357,0.000,0,,,,,0,,,,GLOBAL,1.000,clear,0,,0,,0,0,-1.000,21.00,3.00,0.0479,0.0192
34.377,0.000,0,,,,,0,,,,GLOBAL,1.000,clear,0,,0,,0,0,-1.000,21.00,3.00,0.0422,0.0134
34.397,0.000,0,,,,,1,0.544,0.544,,GLOBAL,1.000,clear,0,,0,,0,0,-1.000,19.69,3.00,0.0364,0.0058
34.417,0.000,0,,,,,1,0.551,0.551,,GLOBAL,1.000,clear,0,,0,,0,0,-1.000,21.40,3.00,0.0321,0.0028
34.437,0.000,0,,,,,1,0.551,0.551,,GLOBAL,1.000,clear,0,,0,,0,0,-1.000,21.40,3.00,0.0266,0.0229
34.457,0.000,0,,,,,1,0.546,0.546,,GLOBAL,1.000,clear,0,,0,,0,0,-1.000,21.12,3.00,0.0465,0.0137
34.477,0.000,0,,,,,0,,,,GLOBAL,1.000,clear,0,,0,,0,0,-1.000,19.81,3.00,0.0425,0.0136
34.497,0.000,0,,,,,0,,,,GLOBAL,1.000,clear,0,,0,,0,0,-1.000,19.81,3.00,0.0371,0.0067
34.517,0.000,0,,,,,0,,,,GLOBAL,1.000,clear,0,,0,,0,0,-1.000,19.96,3.00,0.0329,0.0034
34.537,0.000,0,,,,,1,0.550,0.550,,GLOBAL,1.000,clear,0,,0,,0,0,-1.000,19.59,3.00,0.0276,0.0005
34.557,0.000,0,,,,,1,0.550,0.550,,GLOBAL,1.000,clear,0,,0,,0,0,-1.000,19.94,3.00,0.0474,0.0203
34.577,0.000,0,,,,,1,0.549,0.549,,GLOBAL,1.000,clear,0,,0,,0,0,-1.000,19.94,3.00,0.0431,0.0141
34.597,0.000,0,,,,,1,0.552,0.552,,GLOBAL,1.000,clear,0,,0,,0,0,-1.000,19.42,3.00,0.0376,0.0075
34.617,0.000,0,,,,,1,0.549,0.549,,GLOBAL,1.000,clear,0,,0,,0,0,-1.000,19.42,3.00,0.0302,0.0029
34.637,0.000,0,,,,,1,0.549,0.549,,GLOBAL,1.000,clear,0,,0,,0,0,-1.000,21.40,3.00,0.0271,0.0234
34.657,0.000,0,,,,,0,,,,GLOBAL,1.000,clear,0,,0,,0,0,-1.000,20.10,3.00,0.0468,0.0189
34.679,0.000,0,,,,,1,0.543,0.543,,GLOBAL,1.000,clear,0,,0,,0,0,-1.000,21.40,3.00,0.0436,0.0161
34.697,0.000,0,,,,,1,0.550,0.550,,GLOBAL,1.000,clear,0,,0,,0,0,-1.000,21.40,3.00,0.0378,0.0074
34.717,0.000,0,,,,,1,0.570,0.570,,GLOBAL,1.000,clear,0,,0,,0,0,-1.000,18.11,3.00,0.0321,0.0005
34.738,0.000,0,,,,,1,0.570,0.570,,GLOBAL,1.000,clear,0,,0,,0,0,-1.000,21.40,3.00,0.0528,0.0212
34.757,0.000,0,,,,,1,0.541,0.541,,GLOBAL,1.000,clear,0,,0,,0,0,-1.000,21.40,3.00,0.0468,0.0136
34.777,0.000,0,,,,,0,,,,GLOBAL,1.000,clear,0,,0,,0,0,-1.000,19.15,3.00,0.0409,0.0122
34.800,0.000,0,,,,,1,0.546,0.546,,GLOBAL,1.000,clear,0,,0,,0,0,-1.000,19.15,3.00,0.0389,0.0123
34.817,0.000,0,,,,,0,,,,GLOBAL,1.000,clear,0,,0,,0,0,-1.000,18.92,3.00,0.0323,0.0033
34.837,0.000,0,,,,,0,,,,GLOBAL,1.000,clear,0,,0,,0,0,-1.000,20.59,3.00,0.0268,0.0232
34.857,0.000,0,,,,,0,,,,GLOBAL,1.000,clear,0,,0,,0,0,-1.000,19.93,3.00,0.0469,0.0192
34.877,0.000,0,,,,,0,,,,GLOBAL,1.000,clear,0,,0,,0,0,-1.000,19.93,3.00,0.0425,0.0139
34.898,0.000,0,,,,,1,0.550,0.550,,GLOBAL,1.000,clear,0,,0,,0,0,-1.000,19.00,3.00,0.0375,0.0106
34.917,0.000,0,,,,,0,,,,GLOBAL,1.000,clear,0,,0,,0,0,-1.000,19.00,3.00,0.0329,0.0026
34.937,0.000,0,,,,,0,,,,GLOBAL,1.000,clear,0,,0,,0,0,-1.000,20.37,3.00,0.0270,0.0224
34.957,0.000,0,,,,,0,,,,GLOBAL,1.000,clear,0,,0,,0,0,-1.000,20.52,3.00,0.0469,0.0195
34.978,0.000,0,,,,,0,,,,GLOBAL,1.000,clear,0,,0,,0,0,-1.000,19.56,3.00,0.0433,0.0143
34.998,0.000,0,,,,,0,,,,GLOBAL,1.000,clear,0,,0,,0,0,-1.000,19.56,3.00,0.0355,0.0088
35.017,0.000,0,,,,,0,,,,GLOBAL,1.000,clear,0,,0,,0,0,-1.000,20.58,3.00,0.0331,0.0283
35.037,0.000,0,,,,,0,,,,GLOBAL,1.000,clear,0,,0,,0,0,-1.000,20.58,3.00,0.0267,0.0165
35.057,0.000,0,,,,,0,,,,GLOBAL,1.000,clear,0,,0,,0,0,-1.000,20.12,3.00,0.0471,0.0165
35.078,0.000,0,,,,,1,0.531,0.531,,GLOBAL,1.000,clear,0,,0,,0,0,-1.000,21.01,3.00,0.0421,0.0133
35.097,0.000,0,,,,,0,,,,GLOBAL,1.000,clear,0,,0,,0,0,-1.000,20.49,3.00,0.0375,0.0069
35.117,0.000,0,,,,,0,,,,GLOBAL,1.000,clear,0,,0,,0,0,-1.000,20.49,3.00,0.0317,0.0007
35.144,0.000,0,,,,,0,,,,GLOBAL,1.000,clear,0,,0,,0,0,-1.000,19.77,3.00,0.0591,0.0281
35.157,0.000,0,,,,,0,,,,GLOBAL,1.000,clear,0,,0,,0,0,-1.000,20.11,3.00,0.0473,0.0113
35.177,0.000,0,,,,,1,0.551,0.551,,GLOBAL,1.000,clear,0,,0,,0,0,-1.000,20.11,3.00,0.0420,0.0131
35.197,0.000,0,,,,,1,0.549,0.549,,GLOBAL,1.000,clear,0,,0,,0,0,-1.000,21.40,3.00,0.0369,0.0084
35.218,0.000,0,,,,,0,,,,GLOBAL,1.000,clear,0,,0,,0,0,-1.000,21.40,3.00,0.0326,0.0005
35.237,0.000,0,,,,,0,,,,GLOBAL,1.000,clear,0,,0,,0,0,-1.000,18.77,3.00,0.0271,0.0202
35.257,0.000,0,,,,,0,,,,GLOBAL,1.000,clear,0,,0,,0,0,-1.000,21.14,3.00,0.0469,0.0175
35.277,0.000,0,,,,,1,0.548,0.548,,GLOBAL,1.000,clear,0,,0,,0,0,-1.000,21.14,3.00,0.0427,0.0144
35.297,0.000,0,,,,,0,,,,GLOBAL,1.000,clear,0,,0,,0,0,-1.000,20.18,3.00,0.0371,0.0072
35.317,0.000,0,,,,,0,,,,GLOBAL,1.000,clear,0,,0,,0,0,-1.000,20.25,3.00,0.0308,0.0028
35.337,0.000,0,,,,,0,,,,GLOBAL,1.000,clear,0,,0,,0,0,-1.000,20.20,3.00,0.0253,0.0229
35.357,0.000,0,,,,,1,0.539,0.539,,GLOBAL,1.000,clear,0,,0,,0,0,-1.000,20.20,3.00,0.0455,0.0187
35.379,0.000,0,,,,,1,0.543,0.543,,GLOBAL,1.000,clear,0,,0,,0,0,-1.000,19.51,3.00,0.0445,0.0144
35.397,0.000,0,,,,,0,,,,GLOBAL,1.000,clear,0,,0,,0,0,-1.000,20.45,3.00,0.0366,0.0090
35.418,0.000,0,,,,,0,,,,GLOBAL,1.000,clear,0,,0,,0,0,-1.000,20.45,3.00,0.0322,0.0009
35.437,0.000,0,,,,,0,,,,GLOBAL,1.000,clear,0,,0,,0,0,-1.000,19.40,3.00,0.0266,0.0198
35.457,0.000,0,,,,,1,0.550,0.550,,GLOBAL,1.000,clear,0,,0,,0,0,-1.000,19.40,3.00,0.0468,0.0179
35.477,0.000,0,,,,,1,0.574,0.574,,GLOBAL,1.000,clear,0,,0,,0,0,-1.000,19.86,3.00,0.0429,0.0125
35.497,0.000,0,,,,,1,0.548,0.548,,GLOBAL,1.000,clear,0,,0,,0,0,-1.000,19.65,3.00,0.0370,0.0071
35.517,0.000,0,,,,,0,,,,GLOBAL,1.000,clear,0,,0,,0,0,-1.000,19.65,3.00,0.0331,0.0018
35.537,0.000,0,,,,,0,,,,GLOBAL,1.000,clear,0,,0,,0,0,-1.000,20.68,3.00,0.0276,0.0220
35.557,0.000,0,,,,,0,,,,GLOBAL,1.000,clear,0,,0,,0,0,-1.000,19.13,3.00,0.0474,0.0152
35.577,0.000,0,,,,,0,,,,GLOBAL,1.000,clear,0,,0,,0,0,-1.000,19.72,3.00,0.0416,0.0148
35.598,0.000,0,,,,,1,0.549,0.549,,GLOBAL,1.000,clear,0,,0,,0,0,-1.000,19.72,3.00,0.0380,0.0094
35.617,0.000,0,,,,,0,,,,GLOBAL,1.000,clear,0,,0,,0,0,-1.000,20.81,3.00,0.0319,0.0050
35.637,0.000,0,,,,,0,,,,GLOBAL,1.000,clear,0,,0,,0,0,-1.000,19.56,3.00,0.0278,0.0249
35.657,0.000,0,,,,,0,,,,GLOBAL,1.000,clear,0,,0,,0,0,-1.000,19.56,3.00,0.0482,0.0191
35.677,0.000,0,,,,,0,,,,GLOBAL,1.000,clear,0,,0,,0,0,-1.000,19.83,3.00,0.0420,0.0113
35.697,0.000,0,,,,,1,0.548,0.548,,GLOBAL,1.000,clear,0,,0,,0,0,-1.000,19.83,3.00,0.0371,0.0071
35.718,0.000,0,,,,,0,,,,GLOBAL,1.000,clear,0,,0,,0,0,-1.000,19.06,3.00,0.0328,0.0016
35.737,0.000,0,,,,,0,,,,GLOBAL,1.000,clear,0,,0,,0,0,-1.000,21.40,3.00,0.0266,0.0209
35.757,0.000,0,,,,,0,,,,GLOBAL,1.000,clear,0,,0,,0,0,-1.000,21.00,3.00,0.0465,0.0191
35.777,0.000,0,,,,,1,0.539,0.539,,GLOBAL,1.000,clear,0,,0,,0,0,-1.000,21.00,3.00,0.0427,0.0130
35.797,0.000,0,,,,,1,0.552,0.552,,GLOBAL,1.000,clear,0,,0,,0,0,-1.000,17.98,3.00,0.0369,0.0040
35.817,0.000,0,,,,,0,,,,GLOBAL,1.000,clear,0,,0,,0,0,-1.000,19.63,3.00,0.0328,0.0027
35.837,0.000,0,,,,,0,,,,GLOBAL,1.000,clear,0,,0,,0,0,-1.000,19.63,3.00,0.0272,0.0227
35.857,0.000,0,,,,,1,0.549,0.549,,GLOBAL,1.000,clear,0,,0,,0,0,-1.000,17.94,3.00,0.0470,0.0156
35.877,0.000,0,,,,,0,,,,GLOBAL,1.000,clear,0,,0,,0,0,-1.000,17.94,3.00,0.0427,0.0124
35.897,0.000,0,,,,,0,,,,GLOBAL,1.000,clear,0,,0,,0,0,-1.000,19.27,3.00,0.0369,0.0100
35.917,0.000,0,,,,,0,,,,GLOBAL,1.000,clear,0,,0,,0,0,-1.000,19.87,3.00,0.0315,0.0045
35.937,0.000,0,,,,,0,,,,GLOBAL,1.000,clear,0,,0,,0,0,-1.000,19.62,3.00,0.0273,0.0245
35.957,0.000,0,,,,,0,,,,GLOBAL,1.000,clear,0,,0,,0,0,-1.000,19.62,3.00,0.0471,0.0184
35.977,0.000,0,,,,,1,0.579,0.579,,GLOBAL,1.000,clear,0,,0,,0,0,-1.000,19.68,3.00,0.0413,0.0140
35.997,0.000,0,,,,,0,,,,GLOBAL,1.000,clear,0,,0,,0,0,-1.000,19.70,3.00,0.0369,0.0086
36.017,0.000,0,,,,,0,,,,GLOBAL,1.000,clear,0,,0,,0,0,-1.000,19.70,3.00,0.0315,0.0031
36.037,0.000,0,,,,,0,,,,GLOBAL,1.000,clear,0,,0,,0,0,-1.000,19.73,3.00,0.0268,0.0231
36.057,0.000,0,,,,,1,0.548,0.548,,GLOBAL,1.000,clear,0,,0,,0,0,-1.000,19.73,3.00,0.0468,0.0187
36.077,0.000,0,,,,,1,0.556,0.556,,GLOBAL,1.000,clear,0,,0,,0,0,-1.000,19.85,3.00,0.0418,0.0139
36.097,0.000,0,,,,,1,0.546,0.546,,GLOBAL,1.000,clear,0,,0,,0,0,-1.000,18.68,3.00,0.0369,0.0078
36.117,0.000,0,,,,,0,,,,GLOBAL,1.000,clear,0,,0,,0,0,-1.000,18.68,3.00,0.0311,0.0034
36.137,0.000,0,,,,,0,,,,GLOBAL,1.000,clear,0,,0,,0,0,-1.000,19.64,3.00,0.0264,0.0234
36.157,0.000,0,,,,,0,,,,GLOBAL,1.000,clear,0,,0,,0,0,-1.000,19.64,3.00,0.0465,0.0193
36.177,0.000,0,,,,,0,,,,GLOBAL,1.000,clear,0,,0,,0,0,-1.000,19.66,3.00,0.0423,0.0135
36.197,0.000,0,,,,,1,0.553,0.553,,GLOBAL,1.000,clear,0,,0,,0,0,-1.000,19.66,3.00,0.0368,0.0091
36.217,0.000,0,,,,,1,0.553,0.553,,GLOBAL,1.000,clear,0,,0,,0,0,-1.000,19.70,3.00,0.0327,0.0291
36.237,0.000,0,,,,,0,,,,GLOBAL,1.000,clear,0,,0,,0,0,-1.000,18.63,3.00,0.0269,0.0190
36.258,0.000,0,,,,,1,0.563,0.563,,GLOBAL,1.000,clear,0,,0,,0,0,-1.000,18.63,3.00,0.0474,0.0152
36.277,0.000,0,,,,,0,,,,GLOBAL,1.000,clear,0,,0,,0,0,-1.000,19.40,3.00,0.0420,0.0096
36.298,0.000,0,,,,,1,0.549,0.549,,GLOBAL,1.000,clear,0,,0,,0,0,-1.000,17.27,3.00,0.0376,0.0077
36.317,0.000,0,,,,,0,,,,GLOBAL,1.000,clear,0,,0,,0,0,-1.000,17.27,3.00,0.0330,0.0038
36.337,0.000,0,,,,,0,,,,GLOBAL,1.000,clear,0,,0,,0,0,-1.000,20.33,3.00,0.0255,0.0241
36.357,0.000,0,,,,,0,,,,GLOBAL,1.000,clear,0,,0,,0,0,-1.000,19.40,3.00,0.0452,0.0184
36.377,0.000,0,,,,,0,,,,GLOBAL,1.000,clear,0,,0,,0,0,-1.000,19.40,3.00,0.0408,0.0140
36.398,0.000,0,,,,,0,,,,GLOBAL,1.000,clear,0,,0,,0,0,-1.000,19.49,3.00,0.0376,0.0090
36.417,0.000,0,,,,,1,0.552,0.552,,GLOBAL,1.000,clear,0,,0,,0,0,-1.000,19.49,3.00,0.0316,0.0038
36.438,0.000,0,,,,,1,0.552,0.552,,GLOBAL,1.000,clear,0,,0,,0,0,-1.000,20.17,3.00,0.0281,0.0244
36.457,0.000,0,,,,,0,,,,GLOBAL,1.000,clear,0,,0,,0,0,-1.000,18.53,3.00,0.0474,0.0171
36.477,0.000,0,,,,,1,0.539,0.539,,GLOBAL,1.000,clear,0,,0,,0,0,-1.000,19.34,3.00,0.0418,0.0132
36.497,0.000,0,,,,,1,0.549,0.549,,GLOBAL,1.000,clear,0,,0,,0,0,-1.000,19.34,3.00,0.0376,0.0076
36.517,0.000,0,,,,,1,0.551,0.551,,GLOBAL,1.000,clear,0,,0,,0,0,-1.000,19.26,3.00,0.0319,0.0049
36.538,0.000,0,,,,,1,0.551,0.551,,GLOBAL,1.000,clear,0,,0,,0,0,-1.000,19.90,3.00,0.0283,0.0254
36.558,0.000,0,,,,,0,,,,GLOBAL,1.000,clear,0,,0,,0,0,-1.000,19.90,3.00,0.0484,0.0189
36.577,0.000,0,,,,,0,,,,GLOBAL,1.000,clear,0,,0,,0,0,-1.000,17.88,3.00,0.0420,0.0127
36.598,0.000,0,,,,,0,,,,GLOBAL,1.000,clear,0,,0,,0,0,-1.000,17.88,3.00,0.0388,0.0099
36.617,0.000,0,,,,,0,,,,GLOBAL,1.000,clear,0,,0,,0,0,-1.000,19.05,3.00,0.0323,0.0291
36.637,0.000,0,,,,,0,,,,GLOBAL,1.000,clear,0,,0,,0,0,-1.000,18.99,3.00,0.0266,0.0196
36.657,0.000,0,,,,,1,0.555,0.555,,GLOBAL,1.000,clear,0,,0,,0,0,-1.000,19.16,3.00,0.0466,0.0142
36.677,0.000,0,,,,,0,,,,GLOBAL,1.000,clear,0,,0,,0,0,-1.000,19.16,3.00,0.0424,0.0127
36.697,0.000,0,,,,,0,,,,GLOBAL,1.000,clear,0,,0,,0,0,-1.000,19.17,3.00,0.0367,0.0097
36.717,0.000,0,,,,,0,,,,GLOBAL,1.000,clear,0,,0,,0,0,-1.000,19.17,3.00,0.0327,0.0013
36.737,0.000,0,,,,,0,,,,GLOBAL,1.000,clear,0,,0,,0,0,-1.000,19.08,3.00,0.0255,0.0214
36.757,0.000,0,,,,,1,0.556,0.556,,GLOBAL,1.000,clear,0,,0,,0,0,-1.000,18.86,3.00,0.0455,0.0167
36.777,0.000,0,,,,,0,,,,GLOBAL,1.000,clear,0,,0,,0,0,-1.000,19.52,3.00,0.0429,0.0131
36.797,0.000,0,,,,,0,,,,GLOBAL,1.000,clear,0,,0,,0,0,-1.000,19.52,3.00,0.0370,0.0091
36.817,0.000,0,,,,,1,0.553,0.553,,GLOBAL,1.000,clear,0,,0,,0,0,-1.000,20.32,3.00,0.0334,0.0035
36.837,0.000,0,,,,,1,0.553,0.553,,GLOBAL,1.000,clear,0,,0,,0,0,-1.000,18.57,3.00,0.0260,0.0233
36.858,0.000,0,,,,,0,,,,GLOBAL,1.000,clear,0,,0,,0,0,-1.000,18.57,3.00,0.0464,0.0188
36.877,0.000,0,,,,,0,,,,GLOBAL,1.000,clear,0,,0,,0,0,-1.000,17.67,3.00,0.0419,0.0145
36.897,0.000,0,,,,,0,,,,GLOBAL,1.000,clear,0,,0,,0,0,-1.000,19.59,3.00,0.0375,0.0068
36.917,0.000,0,,,,,1,0.559,0.559,,GLOBAL,1.000,clear,0,,0,,0,0,-1.000,19.59,3.00,0.0319,0.0031
36.937,0.000,0,,,,,1,0.559,0.559,,GLOBAL,1.000,clear,0,,0,,0,0,-1.000,18.89,3.00,0.0270,0.0233
36.958,0.000,0,,,,,0,,,,GLOBAL,1.000,clear,0,,0,,0,0,-1.000,19.36,3.00,0.0473,0.0148
36.977,0.000,0,,,,,1,0.555,0.555,,GLOBAL,1.000,clear,0,,0,,0,0,-1.000,19.36,3.00,0.0415,0.0125
36.998,0.000,0,,,,,1,0.540,0.540,,GLOBAL,1.000,clear,0,,0,,0,0,-1.000,20.02,3.00,0.0372,0.0062
37.017,0.000,0,,,,,0,,,,GLOBAL,1.000,clear,0,,0,,0,0,-1.000,17.16,3.00,0.0322,0.0016
37.037,0.000,0,,,,,0,,,,GLOBAL,1.000,clear,0,,0,,0,0,-1.000,17.16,3.00,0.0246,0.0217
37.058,0.000,0,,,,,1,0.556,0.556,,GLOBAL,1.000,clear,0,,0,,0,0,-1.000,18.79,3.00,0.0451,0.0149
37.077,0.000,0,,,,,0,,,,GLOBAL,1.000,clear,0,,0,,0,0,-1.000,18.25,3.00,0.0424,0.0115
37.097,0.000,0,,,,,0,,,,GLOBAL,1.000,clear,0,,0,,0,0,-1.000,18.25,3.00,0.0367,0.0069
37.118,0.000,0,,,,,0,,,,GLOBAL,1.000,clear,0,,0,,0,0,-1.000,17.92,3.00,0.0330,0.0274
37.138,0.000,0,,,,,0,,,,GLOBAL,1.000,clear,0,,0,,0,0,-1.000,21.08,3.00,0.0279,0.0194
37.157,0.000,0,,,,,0,,,,GLOBAL,1.000,clear,0,,0,,0,0,-1.000,21.08,3.00,0.0469,0.0185
37.177,0.000,0,,,,,1,0.551,0.551,,GLOBAL,1.000,clear,0,,0,,0,0,-1.000,17.80,3.00,0.0427,0.0137
37.197,0.000,0,,,,,1,0.557,0.557,,GLOBAL,1.000,clear,0,,0,,0,0,-1.000,17.80,3.00,0.0366,0.0097
37.217,0.000,0,,,,,0,,,,GLOBAL,1.000,clear,0,,0,,0,0,-1.000,17.65,3.00,0.0315,0.0041
37.237,0.000,0,,,,,0,,,,GLOBAL,1.000,clear,0,,0,,0,0,-1.000,19.23,3.00,0.0512,0.0237
37.257,0.000,0,,,,,0,,,,GLOBAL,1.000,clear,0,,0,,0,0,-1.000,19.35,3.00,0.0470,0.0188
37.277,0.000,0,,,,,0,,,,GLOBAL,1.000,clear,0,,0,,0,0,-1.000,19.35,3.00,0.0413,0.0123
37.297,0.000,0,,,,,0,,,,GLOBAL,1.000,clear,0,,0,,0,0,-1.000,18.16,3.00,0.0365,0.0062
37.317,0.000,0,,,,,0,,,,GLOBAL,1.000,clear,0,,0,,0,0,-1.000,19.11,3.00,0.0315,0.0261
37.337,0.000,0,,,,,0,,,,GLOBAL,1.000,clear,0,,0,,0,0,-1.000,19.11,3.00,0.0266,0.0194
37.357,0.000,0,,,,,0,,,,GLOBAL,1.000,clear,0,,0,,0,0,-1.000,19.00,3.00,0.0465,0.0133
37.377,0.000,0,,,,,0,,,,GLOBAL,1.000,clear,0,,0,,0,0,-1.000,19.00,3.00,0.0419,0.0129
37.397,0.000,0,,,,,0,,,,GLOBAL,1.000,clear,0,,0,,0,0,-1.000,18.11,3.00,0.0374,0.0090
37.418,0.000,0,,,,,0,,,,GLOBAL,1.000,clear,0,,0,,0,0,-1.000,18.86,3.00,0.0310,0.0033
37.437,0.000,0,,,,,0,,,,GLOBAL,1.000,clear,0,,0,,0,0,-1.000,18.86,3.00,0.0269,0.0228
37.457,0.000,0,,,,,0,,,,GLOBAL,1.000,clear,0,,0,,0,0,-1.000,18.23,3.00,0.0469,0.0187
37.477,0.000,0,,,,,0,,,,GLOBAL,1.000,clear,0,,0,,0,0,-1.000,18.58,3.00,0.0420,0.0140
37.498,0.000,0,,,,,0,,,,GLOBAL,1.000,clear,0,,0,,0,0,-1.000,18.58,3.00,0.0377,0.0071
37.517,0.000,0,,,,,1,0.560,0.560,,GLOBAL,1.000,clear,0,,0,,0,0,-1.000,17.72,3.00,0.0324,0.0016
37.537,0.000,0,,,,,1,0.560,0.560,,GLOBAL,1.000,clear,0,,0,,0,0,-1.000,18.15,3.00,0.0263,0.0214
37.557,0.000,0,,,,,0,,,,GLOBAL,1.000,clear,0,,0,,0,0,-1.000,19.18,3.00,0.0465,0.0176
37.577,0.000,0,,,,,0,,,,GLOBAL,1.000,clear,0,,0,,0,0,-1.000,19.18,3.00,0.0424,0.0126
37.597,0.000,0,,,,,1,0.569,0.569,,GLOBAL,1.000,clear,0,,0,,0,0,-1.000,19.13,3.00,0.0366,0.0097
37.617,0.000,0,,,,,0,,,,GLOBAL,1.000,clear,0,,0,,0,0,-1.000,19.13,3.00,0.0311,0.0033
37.638,0.000,0,,,,,0,,,,GLOBAL,1.000,clear,0,,0,,0,0,-1.000,18.16,3.00,0.0523,0.0245
37.657,0.000,0,,,,,1,0.551,0.551,,GLOBAL,1.000,clear,0,,0,,0,0,-1.000,18.29,3.00,0.0469,0.0181
37.677,0.000,0,,,,,0,,,,GLOBAL,1.000,clear,0,,0,,0,0,-1.000,18.26,3.00,0.0429,0.0133
37.699,0.000,0,,,,,0,,,,GLOBAL,1.000,clear,0,,0,,0,0,-1.000,18.26,3.00,0.0390,0.0097
37.717,0.000,0,,,,,0,,,,GLOBAL,1.000,clear,0,,0,,0,0,-1.000,19.16,3.00,0.0330,0.0017
37.738,0.000,0,,,,,0,,,,GLOBAL,1.000,clear,0,,0,,0,0,-1.000,19.16,3.00,0.0274,0.0226
37.757,0.000,0,,,,,0,,,,GLOBAL,1.000,clear,0,,0,,0,0,-1.000,19.13,3.00,0.0464,0.0175
37.777,0.000,0,,,,,0,,,,GLOBAL,1.000,clear,0,,0,,0,0,-1.000,18.07,3.00,0.0414,0.0141
37.797,0.000,0,,,,,0,,,,GLOBAL,1.000,clear,0,,0,,0,0,-1.000,18.07,3.00,0.0369,0.0088
37.817,0.000,0,,,,,0,,,,GLOBAL,1.000,clear,0,,0,,0,0,-1.000,19.11,3.00,0.0300,0.0038
37.837,0.000,0,,,,,0,,,,GLOBAL,1.000,clear,0,,0,,0,0,-1.000,18.48,3.00,0.0274,0.0241
37.857,0.000,0,,,,,0,,,,GLOBAL,1.000,clear,0,,0,,0,0,-1.000,18.68,3.00,0.0473,0.0180
37.877,0.000,0,,,,,0,,,,GLOBAL,1.000,clear,0,,0,,0,0,-1.000,18.68,3.00,0.0417,0.0139
37.897,0.000,0,,,,,0,,,,GLOBAL,1.000,clear,0,,0,,0,0,-1.000,19.53,3.00,0.0367,0.0037
37.917,0.000,0,,,,,0,,,,GLOBAL,1.000,clear,0,,0,,0,0,-1.000,18.73,3.00,0.0318,0.0028
37.937,0.000,0,,,,,0,,,,GLOBAL,1.000,clear,0,,0,,0,0,-1.000,18.73,3.00,0.0269,0.0229
37.957,0.000,0,,,,,0,,,,GLOBAL,1.000,clear,0,,0,,0,0,-1.000,18.20,3.00,0.0471,0.0192
37.977,0.000,0,,,,,0,,,,GLOBAL,1.000,clear,0,,0,,0,0,-1.000,19.62,3.00,0.0422,0.0133
37.997,0.000,0,,,,,0,,,,GLOBAL,1.000,clear,0,,0,,0,0,-1.000,19.62,3.00,0.0362,0.0080
38.017,0.000,0,,,,,0,,,,GLOBAL,1.000,clear,0,,0,,0,0,-1.000,19.08,3.00,0.0321,0.0024
38.037,0.000,0,,,,,0,,,,GLOBAL,1.000,clear,0,,0,,0,0,-1.000,19.08,3.00,0.0268,0.0227
38.057,0.000,0,,,,,0,,,,GLOBAL,1.000,clear,0,,0,,0,0,-1.000,19.06,3.00,0.0468,0.0190
38.077,0.000,0,,,,,0,,,,GLOBAL,1.000,clear,0,,0,,0,0,-1.000,17.62,3.00,0.0416,0.0138
38.097,0.000,0,,,,,0,,,,GLOBAL,1.000,clear,0,,0,,0,0,-1.000,18.72,3.00,0.0367,0.0058
38.117,0.000,0,,,,,0,,,,GLOBAL,1.000,clear,0,,0,,0,0,-1.000,18.72,3.00,0.0325,0.0034
38.137,0.000,0,,,,,0,,,,GLOBAL,1.000,clear,0,,0,,0,0,-1.000,17.41,3.00,0.0270,0.0234
38.157,0.000,0,,,,,0,,,,GLOBAL,1.000,clear,0,,0,,0,0,-1.000,19.04,3.00,0.0470,0.0196
38.178,0.000,0,,,,,0,,,,GLOBAL,1.000,clear,0,,0,,0,0,-1.000,19.04,3.00,0.0435,0.0136
38.198,0.000,0,,,,,0,,,,GLOBAL,1.000,clear,0,,0,,0,0,-1.000,19.53,3.00,0.0369,0.0075
38.217,0.000,0,,,,,0,,,,GLOBAL,1.000,clear,0,,0,,0,0,-1.000,17.80,3.00,0.0271,0.0031
38.238,0.000,0,,,,,0,,,,GLOBAL,1.000,clear,0,,0,,0,0,-1.000,17.80,3.00,0.0272,0.0237
38.257,0.000,0,,,,,0,,,,GLOBAL,1.000,clear,0,,0,,0,0,-1.000,16.57,3.00,0.0466,0.0184
38.277,0.000,0,,,,,0,,,,GLOBAL,1.000,clear,0,,0,,0,0,-1.000,18.13,3.00,0.0414,0.0142
38.297,0.000,0,,,,,0,,,,GLOBAL,1.000,clear,0,,0,,0,0,-1.000,18.13,3.00,0.0377,0.0072
38.317,0.000,0,,,,,0,,,,GLOBAL,1.000,clear,0,,0,,0,0,-1.000,19.57,3.00,0.0320,0.0033
38.337,0.000,0,,,,,0,,,,GLOBAL,1.000,clear,0,,0,,0,0,-1.000,19.57,3.00,0.0271,0.0233
38.357,0.000,0,,,,,1,0.549,0.549,,GLOBAL,1.000,clear,0,,0,,0,0,-1.000,18.46,3.00,0.0471,0.0190
38.377,0.000,0,,,,,0,,,,GLOBAL,1.000,clear,0,,0,,0,0,-1.000,19.69,3.00,0.0422,0.0141
38.397,0.000,0,,,,,0,,,,GLOBAL,1.000,clear,0,,0,,0,0,-1.000,18.88,3.00,0.0370,0.0067
38.422,0.000,0,,,,,0,,,,GLOBAL,1.000,clear,0,,0,,0,0,-1.000,18.88,3.00,0.0371,0.0014
38.438,0.000,0,,,,,0,,,,GLOBAL,1.000,clear,0,,0,,0,0,-1.000,18.98,3.00,0.0273,0.0172
38.457,0.000,0,,,,,0,,,,GLOBAL,1.000,clear,0,,0,,0,0,-1.000,18.86,3.00,0.0464,0.0186
38.477,0.000,0,,,,,0,,,,GLOBAL,1.000,clear,0,,0,,0,0,-1.000,18.86,3.00,0.0422,0.0132
38.497,0.000,0,,,,,0,,,,GLOBAL,1.000,clear,0,,0,,0,0,-1.000,18.73,3.00,0.0365,0.0056
38.517,0.000,0,,,,,0,,,,GLOBAL,1.000,clear,0,,0,,0,0,-1.000,18.73,3.00,0.0324,0.0008
38.537,0.000,0,,,,,0,,,,GLOBAL,1.000,clear,0,,0,,0,0,-1.000,18.27,3.00,0.0266,0.0207
38.557,0.000,0,,,,,0,,,,GLOBAL,1.000,clear,0,,0,,0,0,-1.000,19.46,3.00,0.0466,0.0184
38.577,0.000,0,,,,,0,,,,GLOBAL,1.000,clear,0,,0,,0,0,-1.000,19.46,3.00,0.0413,0.0108
38.598,0.000,0,,,,,0,,,,GLOBAL,1.000,clear,0,,0,,0,0,-1.000,18.94,3.00,0.0376,0.0113
38.617,0.000,0,,,,,0,,,,GLOBAL,1.000,clear,0,,0,,0,0,-1.000,18.47,3.00,0.0313,0.0302
38.637,0.000,0,,,,,1,0.559,0.559,,GLOBAL,1.000,clear,0,,0,,0,0,-1.000,18.47,3.00,0.0258,0.0197
38.657,0.000,0,,,,,0,,,,GLOBAL,1.000,clear,0,,0,,0,0,-1.000,19.00,3.00,0.0455,0.0174
38.677,0.000,0,,,,,0,,,,GLOBAL,1.000,clear,0,,0,,0,0,-1.000,18.98,3.00,0.0413,0.0141
38.697,0.000,0,,,,,0,,,,GLOBAL,1.000,clear,0,,0,,0,0,-1.000,18.25,3.00,0.0369,0.0075
38.717,0.000,0,,,,,0,,,,GLOBAL,1.000,clear,0,,0,,0,0,-1.000,18.25,3.00,0.0316,0.0029
38.737,0.000,0,,,,,0,,,,GLOBAL,1.000,clear,0,,0,,0,0,-1.000,18.79,3.00,0.0269,0.0230
38.757,0.000,0,,,,,0,,,,GLOBAL,1.000,clear,0,,0,,0,0,-1.000,18.60,3.00,0.0469,0.0185
38.777,0.000,0,,,,,0,,,,GLOBAL,1.000,clear,0,,0,,0,0,-1.000,18.60,3.00,0.0377,0.0131
38.797,0.008,0,,,,,1,0.558,0.558,,GLOBAL,1.000,clear,0,,0,,0,0,-1.000,19.28,3.00,0.0375,0.0057
38.818,0.031,0,,,,,1,0.557,0.557,,GLOBAL,1.000,clear,0,,0,,0,0,-1.000,19.28,3.00,0.0325,0.0039
38.838,0.125,0,,,,,1,0.557,0.557,,GLOBAL,1.000,clear,0,,0,,0,0,-1.000,17.73,3.00,0.0279,0.0242
38.858,0.218,0,,,,,0,,,,GLOBAL,1.000,clear,0,,0,,0,0,-1.000,16.21,3.00,0.0476,0.0151
38.877,0.117,0,,,,,0,,,,GLOBAL,1.000,clear,0,,0,,0,0,-1.000,11.42,3.00,0.0424,0.0129
38.897,0.021,0,,,,,0,,,,GLOBAL,1.000,clear,0,,0,,0,0,-1.000,11.42,3.00,0.0366,0.0062
38.917,0.085,0,,,,,0,,,,GLOBAL,1.000,clear,0,,0,,0,0,-1.000,9.23,3.00,0.0323,0.0023
38.937,0.145,0,,,,,0,,,,GLOBAL,1.000,clear,0,,0,,0,0,-1.000,9.00,3.00,0.0267,0.0224
38.957,0.166,0,,,,,0,,,,GLOBAL,1.000,clear,0,,0,,0,0,-1.000,9.00,3.00,0.0466,0.0184
38.977,0.228,0,,,,,0,,,,GLOBAL,1.000,clear,0,,0,,0,0,-1.000,8.08,3.00,0.0416,0.0138
38.998,0.244,0,,,,,0,,,,GLOBAL,1.000,clear,0,,0,,0,0,-1.000,5.22,3.00,0.0374,0.0105
39.017,0.290,0,,,,,0,,,,GLOBAL,1.000,clear,0,,0,,0,0,-1.000,5.22,3.00,0.0328,0.0043
39.037,0.370,0,,,,,0,,,,GLOBAL,1.000,clear,0,,0,,0,0,-1.000,3.18,3.00,0.0273,0.0245
39.057,0.422,0,,,,,0,,,,GLOBAL,1.000,clear,0,,0,,0,0,-1.000,2.09,3.00,0.0474,0.0196
39.077,0.505,0,,,,,0,,,,GLOBAL,1.000,clear,0,,0,,0,0,-1.000,2.09,3.00,0.0429,0.0126
39.097,0.584,0,,,,,1,0.521,0.521,,GLOBAL,1.000,clear,0,,0,,0,0,-1.000,1.51,3.00,0.0364,0.0087
39.117,0.657,0,,,,,0,,,,GLOBAL,1.000,clear,0,,0,,0,0,-1.000,1.51,3.00,0.0322,0.0033
39.138,0.770,0,,,,,0,,,,GLOBAL,1.000,clear,0,,0,,0,0,-1.000,-0.20,3.00,0.0277,0.0239
39.157,0.855,0,,,,,0,,,,GLOBAL,1.000,clear,0,,0,,0,0,-1.000,-0.64,3.00,0.0468,0.0179
39.177,0.944,0,,,,,1,0.484,0.484,,GLOBAL,1.000,clear,0,,0,,0,0,-1.000,-1.38,3.00,0.0421,0.0132
39.197,1.020,0,,,,,0,,,,GLOBAL,1.000,clear,0,,0,,0,0,-1.000,-1.38,3.00,0.0369,0.0070
39.217,1.098,0,,,,,0,,,,GLOBAL,1.000,clear,0,,0,,0,0,-1.000,-1.82,3.00,0.0321,0.0016
39.237,1.181,0,,,,,0,,,,GLOBAL,1.000,clear,0,,0,,0,0,-1.000,-1.75,3.00,0.0268,0.0214
39.257,1.274,0,,,,,0,,,,GLOBAL,1.000,clear,0,,0,,0,0,-1.000,-1.75,3.00,0.0468,0.0181
39.277,1.363,0,,,,,0,,,,GLOBAL,1.000,clear,0,,0,,0,0,-1.000,-3.08,3.00,0.0420,0.0110
39.297,1.456,0,,,,,0,,,,GLOBAL,1.000,clear,0,,0,,0,0,-1.000,-2.21,3.00,0.0365,0.0084
39.317,1.561,0,,,,,0,,,,GLOBAL,1.000,clear,0,,0,,0,0,-1.000,-2.21,3.00,0.0315,0.0006
39.337,1.673,0,,,,,0,,,,GLOBAL,1.000,clear,0,,0,,0,0,-1.000,-1.44,3.00,0.0266,0.0204
39.357,1.766,0,,,,,0,,,,GLOBAL,1.000,clear,0,,0,,0,0,-1.000,-1.44,3.00,0.0465,0.0192
39.377,1.865,0,,,,,0,,,,GLOBAL,1.000,clear,0,,0,,0,0,-1.000,-2.61,3.00,0.0423,0.0109
39.397,1.978,0,,,,,0,,,,GLOBAL,1.000,clear,0,,0,,0,0,-1.000,-1.61,3.00,0.0366,0.0094
39.417,2.099,0,,,,,0,,,,GLOBAL,1.000,clear,0,,0,,0,0,-1.000,-1.61,3.00,0.0328,0.0297
39.437,2.212,0,,,,,0,,,,GLOBAL,1.000,clear,0,,0,,0,0,-1.000,-0.51,3.00,0.0268,0.0196
39.457,2.320,0,,,,,0,,,,GLOBAL,1.000,clear,0,,0,,0,0,-1.000,0.11,3.00,0.0464,0.0193
39.478,2.431,0,,,,,0,,,,GLOBAL,1.000,clear,0,,0,,0,0,-1.000,1.69,3.00,0.0434,0.0149
39.499,2.522,0,,,,,0,,,,GLOBAL,1.000,clear,0,,0,,0,0,-1.000,1.69,3.00,0.0391,0.0122
39.517,2.597,0,,,,,0,,,,GLOBAL,1.000,clear,0,,0,,0,0,-1.000,1.77,3.00,0.0327,0.0030
39.538,2.659,0,,,,,0,,,,GLOBAL,1.000,clear,0,,0,,0,0,-1.000,2.63,3.00,0.0272,0.0235
39.557,2.702,0,,,,,0,,,,GLOBAL,1.000,clear,0,,0,,0,0,-1.000,2.63,3.00,0.0468,0.0151
39.579,2.702,0,,,,,0,,,,GLOBAL,1.000,clear,0,,0,,0,0,-1.000,4.51,3.00,0.0435,0.0132
39.598,2.776,0,,,,,0,,,,GLOBAL,1.000,clear,0,,0,,0,0,-1.000,5.69,3.00,0.0374,0.0088
39.617,2.796,0,,,,,0,,,,GLOBAL,1.000,clear,0,,0,,0,0,-1.000,5.69,3.00,0.0314,0.0011
39.637,2.822,0,,,,,0,,,,GLOBAL,1.000,clear,0,,0,,0,0,-1.000,6.02,3.00,0.0276,0.0212
39.657,2.844,0,,,,,0,,,,GLOBAL,1.000,clear,0,,0,,0,0,-1.000,8.34,3.00,0.0474,0.0121
39.677,2.858,0,,,,,0,,,,GLOBAL,1.000,clear,0,,0,,0,0,-1.000,8.34,3.00,0.0417,0.0135
39.697,2.858,0,,,,,0,,,,GLOBAL,1.000,clear,0,,0,,0,0,-1.000,10.36,3.00,0.0376,0.0061
39.717,2.889,0,,,,,0,,,,GLOBAL,1.000,clear,0,,0,,0,0,-1.000,11.59,3.00,0.0318,0.0260
39.737,2.895,0,,,,,0,,,,GLOBAL,1.000,clear,0,,0,,0,0,-1.000,11.59,3.00,0.0275,0.0129
39.757,2.901,0,,,,,0,,,,GLOBAL,1.000,clear,0,,0,,0,0,-1.000,13.22,3.00,0.0477,0.0117
39.777,2.902,0,,,,,0,,,,GLOBAL,1.000,clear,0,,0,,0,0,-1.000,14.97,3.00,0.0420,0.0116
39.797,2.904,0,,,,,0,,,,GLOBAL,1.000,clear,0,,0,,0,0,-1.000,14.97,3.00,0.0361,0.0056
39.817,2.906,0,,,,,0,,,,GLOBAL,1.000,clear,0,,0,,0,0,-1.000,14.75,3.00,0.0321,0.0258
39.839,2.906,0,,,,,0,,,,GLOBAL,1.000,clear,0,,0,,0,0,-1.000,16.77,3.00,0.0536,0.0170
39.857,2.905,0,,,,,0,,,,GLOBAL,1.000,clear,0,,0,,0,0,-1.000,16.77,3.00,0.0464,0.0165
39.878,2.898,0,,,,,0,,,,GLOBAL,1.000,clear,0,,0,,0,0,-1.000,16.28,3.00,0.0412,0.0135
39.900,2.895,0,,,,,0,,,,GLOBAL,1.000,clear,0,,0,,0,0,-1.000,16.28,3.00,0.0399,0.0091
39.917,2.903,0,,,,,0,,,,GLOBAL,1.000,clear,0,,0,,0,0,-1.000,17.40,3.00,0.0311,0.0011
39.937,2.889,0,,,,,0,,,,GLOBAL,1.000,clear,0,,0,,0,0,-1.000,18.28,3.00,0.0268,0.0211
39.957,2.895,0,,,,,0,,,,GLOBAL,1.000,clear,0,,0,,0,0,-1.000,18.28,3.00,0.0468,0.0190
39.977,2.906,0,,,,,0,,,,GLOBAL,1.000,clear,0,,0,,0,0,-1.000,17.28,3.00,0.0427,0.0074
39.997,2.885,0,,,,,0,,,,GLOBAL,1.000,clear,0,,0,,0,0,-1.000,18.22,3.00,0.0369,0.0090
40.017,2.893,0,,,,,0,,,,GLOBAL,1.000,clear,0,,0,,0,0,-1.000,18.22,3.00,0.0327,0.0013
40.037,2.898,0,,,,,0,,,,GLOBAL,1.000,clear,0,,0,,0,0,-1.000,17.47,3.00,0.0268,0.0215
40.058,2.872,0,,,,,0,,,,GLOBAL,1.000,clear,0,,0,,0,0,-1.000,17.57,3.00,0.0469,0.0170
40.077,2.885,0,,,,,0,,,,GLOBAL,1.000,clear,0,,0,,0,0,-1.000,17.06,3.00,0.0433,0.0134
40.098,2.885,0,,,,,0,,,,GLOBAL,1.000,clear,0,,0,,0,0,-1.000,17.06,3.00,0.0377,0.0087
40.117,2.851,0,,,,,0,,,,GLOBAL,1.000,clear,0,,0,,0,0,-1.000,17.26,3.00,0.0332,0.0020
40.137,2.870,0,,,,,0,,,,GLOBAL,1.000,clear,0,,0,,0,0,-1.000,17.34,3.00,0.0268,0.0220
40.157,2.850,0,,,,,0,,,,GLOBAL,1.000,clear,0,,0,,0,0,-1.000,17.34,3.00,0.0468,0.0189
40.177,2.822,0,,,,,0,,,,GLOBAL,1.000,clear,0,,0,,0,0,-1.000,17.18,3.00,0.0428,0.0124
40.197,2.851,0,,,,,0,,,,GLOBAL,1.000,clear,0,,0,,0,0,-1.000,17.18,3.00,0.0377,0.0073
40.217,2.835,0,,,,,0,,,,GLOBAL,1.000,clear,0,,0,,0,0,-1.000,17.11,3.00,0.0337,0.0276
40.237,2.798,0,,,,,0,,,,GLOBAL,1.000,clear,0,,0,,0,0,-1.000,16.45,3.00,0.0279,0.0188
40.257,2.838,0,,,,,0,,,,GLOBAL,1.000,clear,0,,0,,0,0,-1.000,17.36,3.00,0.0477,0.0163
40.277,2.814,0,,,,,0,,,,GLOBAL,1.000,clear,0,,0,,0,0,-1.000,17.36,3.00,0.0435,0.0104
40.298,2.791,0,,,,,0,,,,GLOBAL,1.000,clear,0,,0,,0,0,-1.000,18.76,3.00,0.0373,0.0069
40.317,2.832,0,,,,,0,,,,GLOBAL,1.000,clear,0,,0,,0,0,-1.000,18.76,3.00,0.0334,0.0004
40.337,2.808,0,,,,,0,,,,GLOBAL,1.000,clear,0,,0,,0,0,-1.000,17.45,3.00,0.0262,0.0205
40.357,2.786,0,,,,,0,,,,GLOBAL,1.000,clear,0,,0,,0,0,-1.000,18.09,3.00,0.0464,0.0122
40.377,2.822,0,,,,,0,,,,GLOBAL,1.000,clear,0,,0,,0,0,-1.000,18.09,3.00,0.0412,0.0131
40.397,2.810,0,,,,,0,,,,GLOBAL,1.000,clear,0,,0,,0,0,-1.000,16.85,3.00,0.0377,0.0064
40.418,2.810,0,,,,,0,,,,GLOBAL,1.000,clear,0,,0,,0,0,-1.000,17.25,3.00,0.0332,0.0275
40.441,2.822,0,,,,,0,,,0.832,GLOBAL,1.000,clear,0,,0,,0,0,-1.000,16.01,3.00,0.0317,0.0197
40.458,2.805,0,,,,,0,,,,GLOBAL,1.000,clear,0,,0,,0,0,-1.000,16.01,3.00,0.0486,0.0155
40.477,2.787,0,,,,,0,,,,GLOBAL,1.000,clear,0,,0,,0,0,-1.000,15.76,3.00,0.0422,0.0120
40.497,2.822,0,,,,,0,,,,GLOBAL,1.000,clear,0,,0,,0,0,-1.000,14.72,3.00,0.0369,0.0070
40.517,2.809,0,,,,,0,,,,GLOBAL,1.000,clear,0,,0,,0,0,-1.000,14.72,3.00,0.0328,0.0034
40.537,2.793,0,,,,,0,,,,GLOBAL,1.000,clear,0,,0,,0,0,-1.000,14.60,3.00,0.0285,0.0231
40.557,2.827,0,,,,,0,,,,GLOBAL,1.000,clear,0,,0,,0,0,-1.000,14.60,3.00,0.0488,0.0140
40.577,2.808,0,,,,,0,,,,GLOBAL,1.000,clear,0,,0,,0,0,-1.000,14.08,3.00,0.0420,0.0078
40.597,2.794,0,,,,,0,,,,GLOBAL,1.000,clear,0,,0,,0,0,-1.000,14.03,3.00,0.0371,0.0065
40.618,2.820,0,,,,,0,,,,GLOBAL,1.000,clear,0,,0,,0,0,-1.000,13.23,3.00,0.0320,0.0042
40.637,2.820,0,,,,,0,,,,GLOBAL,1.000,clear,0,,0,,0,0,-1.000,13.23,3.00,0.0254,0.0238
40.657,2.807,0,,,,,0,,,,GLOBAL,1.000,clear,0,,0,,0,0,-1.000,13.43,3.00,0.0453,0.0165
40.677,2.825,0,,,,,0,,,,GLOBAL,1.000,clear,0,,0,,0,0,-1.000,12.55,3.00,0.0430,0.0144
40.698,2.823,0,,,,,0,,,,GLOBAL,1.000,clear,0,,0,,0,0,-1.000,12.55,3.00,0.0397,0.0076
40.717,2.815,0,,,,,0,,,,GLOBAL,1.000,clear,0,,0,,0,0,-1.000,12.85,3.00,0.0336,0.0033
40.738,2.824,0,,,,,0,,,,GLOBAL,1.000,clear,0,,0,,0,0,-1.000,12.85,3.00,0.0257,0.0236
40.757,2.828,0,,,,,0,,,,GLOBAL,1.000,clear,0,,0,,0,0,-1.000,11.49,3.00,0.0457,0.0195
40.777,2.822,0,,,,,0,,,,GLOBAL,1.000,clear,0,,0,,0,0,-1.000,11.30,3.00,0.0433,0.0137
40.797,2.836,0,,,,,0,,,,GLOBAL,1.000,clear,0,,0,,0,0,-1.000,10.80,3.00,0.0366,0.0103
40.819,2.831,0,,,,,0,,,,GLOBAL,1.000,clear,0,,0,,0,0,-1.000,10.80,3.00,0.0358,0.0049
40.837,2.829,0,,,,,0,,,,GLOBAL,1.000,clear,0,,0,,0,0,-1.000,11.45,3.00,0.0270,0.0005
40.857,2.839,0,,,,,0,,,,GLOBAL,1.000,clear,0,,0,,0,0,-1.000,11.45,3.00,0.0467,0.0201
40.877,2.843,0,,,,,0,,,,GLOBAL,1.000,clear,0,,0,,0,0,-1.000,10.69,3.00,0.0430,0.0124
40.898,2.842,0,,,,,0,,,,GLOBAL,1.000,clear,0,,0,,0,0,-1.000,9.93,3.00,0.0379,0.0082
40.917,2.855,0,,,,,0,,,,GLOBAL,1.000,clear,0,,0,,0,0,-1.000,9.87,3.00,0.0340,0.0278
40.937,2.852,0,,,,,0,,,,GLOBAL,1.000,clear,0,,0,,0,0,-1.000,9.87,3.00,0.0251,0.0132
40.957,2.851,0,,,,,0,,,,GLOBAL,1.000,clear,0,,0,,0,0,-1.000,9.62,3.00,0.0451,0.0102
40.977,2.859,0,,,,,0,,,,GLOBAL,1.000,clear,0,,0,,0,0,-1.000,10.44,3.00,0.0441,0.0144
40.997,2.855,0,,,,,0,,,,GLOBAL,1.000,clear,0,,0,,0,0,-1.000,10.44,3.00,0.0384,0.0073
41.017,2.855,0,,,,,0,,,,GLOBAL,1.000,clear,0,,0,,0,0,-1.000,10.46,3.00,0.0328,0.0273
41.038,2.866,0,,,,,0,,,,GLOBAL,1.000,clear,0,,0,,0,0,-1.000,9.46,3.00,0.0275,0.0168
41.057,2.865,0,,,,,0,,,,GLOBAL,1.000,clear,0,,0,,0,0,-1.000,9.46,3.00,0.0469,0.0152
41.077,2.865,0,,,,,1,0.483,0.483,,GLOBAL,1.000,clear,0,,0,,0,0,-1.000,10.03,3.00,0.0411,0.0149
41.097,2.873,0,,,,,0,,,,GLOBAL,1.000,clear,0,,0,,0,0,-1.000,9.05,3.00,0.0387,0.0107
41.117,2.873,0,,,,,0,,,,GLOBAL,1.000,clear,0,,0,,0,0,-1.000,9.05,3.00,0.0331,0.0052
41.137,2.874,0,,,,,0,,,,GLOBAL,1.000,clear,0,,0,,0,0,-1.000,9.22,3.00,0.0289,0.0251
41.157,2.882,0,,,,,0,,,,GLOBAL,1.000,clear,0,,0,,0,0,-1.000,9.22,3.00,0.0491,0.0155
41.177,2.884,0,,,,,0,,,,GLOBAL,1.000,clear,0,,0,,0,0,-1.000,8.20,3.00,0.0432,0.0113
41.198,2.876,0,,,,,0,,,,GLOBAL,1.000,clear,0,,0,,0,0,-1.000,8.17,3.00,0.0385,0.0081
41.217,2.887,0,,,,,0,,,,GLOBAL,1.000,clear,0,,0,,0,0,-1.000,8.17,3.00,0.0334,0.0010
41.237,2.888,0,,,,,0,,,,GLOBAL,1.000,clear,0,,0,,0,0,-1.000,7.76,3.00,0.0278,0.0007
41.257,2.886,0,,,,,0,,,,GLOBAL,1.000,clear,0,,0,,0,0,-1.000,6.28,3.00,0.0477,0.0206
41.277,2.899,0,,,,,0,,,,GLOBAL,1.000,clear,0,,0,,0,0,-1.000,6.12,3.00,0.0433,0.0151
41.297,2.899,0,,,,,0,,,,GLOBAL,1.000,clear,0,,0,,0,0,-1.000,6.12,3.00,0.0381,0.0105
41.317,2.888,0,,,,,0,,,,GLOBAL,1.000,clear,0,,0,,0,0,-1.000,5.69,3.00,0.0337,0.0028
41.337,2.902,0,,,,,0,,,,GLOBAL,1.000,clear,0,,0,,0,0,-1.000,5.69,3.00,0.0268,0.0228
41.357,2.896,0,,,,,0,,,,GLOBAL,1.000,clear,0,,0,,0,0,-1.000,5.47,3.00,0.0471,0.0190
41.377,2.889,0,,,,,0,,,,GLOBAL,1.000,clear,0,,0,,0,0,-1.000,5.15,3.00,0.0426,0.0124
41.397,2.903,0,,,,,0,,,,GLOBAL,1.000,clear,0,,0,,0,0,-1.000,3.69,3.00,0.0368,0.0105
41.418,2.904,0,,,,,0,,,,GLOBAL,1.000,clear,0,,0,,0,0,-1.000,3.69,3.00,0.0345,0.0309
41.437,2.896,0,,,,,0,,,,GLOBAL,1.000,clear,0,,0,,0,0,-1.000,3.59,3.00,0.0543,0.0162
41.457,2.911,0,,,,,0,,,,GLOBAL,1.000,clear,0,,0,,0,0,-1.000,3.62,3.00,0.0469,0.0155
41.478,2.904,0,,,,,0,,,,GLOBAL,1.000,clear,0,,0,,0,0,-1.000,3.62,3.00,0.0426,0.0122
41.497,2.903,0,,,,,0,,,,GLOBAL,1.000,clear,0,,0,,0,0,-1.000,3.52,3.00,0.0384,0.0065
41.518,2.914,0,,,,,0,,,,GLOBAL,1.000,clear,0,,0,,0,0,-1.000,3.52,3.00,0.0331,0.0024
41.537,2.913,0,,,,,0,,,,GLOBAL,1.000,clear,0,,0,,0,0,-1.000,3.04,3.00,0.0285,0.0220
41.558,2.913,0,,,,,0,,,,GLOBAL,1.000,clear,0,,0,,0,0,-1.000,2.88,3.00,0.0491,0.0156
41.577,2.921,0,,,,,0,,,,GLOBAL,1.000,clear,0,,0,,0,0,-1.000,2.88,3.00,0.0427,0.0118
41.597,2.916,0,,,,,0,,,,GLOBAL,1.000,clear,0,,0,,0,0,-1.000,3.42,3.00,0.0370,0.0071
41.623,2.916,0,,,,,0,,,,GLOBAL,1.000,clear,0,,0,,0,0,-1.000,3.27,3.00,0.0388,0.0328
41.646,2.928,0,,,,,0,,,,GLOBAL,1.000,clear,0,,0,,0,0,-1.000,3.27,3.00,0.0621,0.0227
41.657,2.927,0,,,,,0,,,,GLOBAL,1.000,clear,0,,0,,0,0,-1.000,3.21,3.00,0.0448,0.0070
41.677,2.931,0,,,,,0,,,,GLOBAL,1.000,clear,0,,0,,0,0,-1.000,3.20,3.00,0.0416,0.0139
41.697,2.932,0,,,,,0,,,,GLOBAL,1.000,clear,0,,0,,0,0,-1.000,3.20,3.00,0.0366,0.0102
41.717,2.926,0,,,,,0,,,,GLOBAL,1.000,clear,0,,0,,0,0,-1.000,3.02,3.00,0.0323,0.0008
41.737,2.933,0,,,,,0,,,,GLOBAL,1.000,clear,0,,0,,0,0,-1.000,3.08,3.00,0.0257,0.0209
41.757,2.935,0,,,,,0,,,,GLOBAL,1.000,clear,0,,0,,0,0,-1.000,3.08,3.07,0.0452,0.0171
41.777,2.938,0,,,,,0,,,,GLOBAL,1.000,clear,0,,0,,0,0,-1.000,3.08,3.07,0.0419,0.0133
41.800,2.937,0,,,,,0,,,,GLOBAL,1.000,clear,0,,0,,0,0,-1.000,3.18,3.12,0.0391,0.0093
41.817,2.949,0,,,,,0,,,,GLOBAL,1.000,clear,0,,0,,0,0,-1.000,3.18,3.12,0.0320,0.0035
41.838,2.955,0,,,,,0,,,,GLOBAL,1.000,clear,0,,0,,0,0,-1.000,3.14,3.20,0.0288,0.0244
41.857,2.973,0,,,,,0,,,,GLOBAL,1.000,clear,0,,0,,0,0,-1.000,2.24,3.36,0.0479,0.0187
41.877,2.989,0,,,,,0,,,,GLOBAL,1.000,clear,0,,0,,0,0,2.114,2.71,3.43,0.0422,0.0134
41.897,3.008,0,,,,,0,,,,GLOBAL,1.000,clear,0,,0,,0,0,-1.000,2.71,3.43,0.0366,0.0072
41.917,3.040,0,,,,,0,,,,GLOBAL,1.000,clear,0,,0,,0,0,-1.000,2.81,3.46,0.0327,0.0024
41.937,3.079,0,,,,,0,,,,GLOBAL,1.000,clear,0,,0,,0,0,-1.000,2.95,3.53,0.0272,0.0226
41.957,3.120,0,,,,,0,,,,GLOBAL,1.000,clear,0,,0,,0,0,-1.000,2.95,3.53,0.0469,0.0172
41.977,3.151,0,,,,,0,,,,GLOBAL,1.000,clear,0,,0,,0,0,-1.000,3.04,3.64,0.0428,0.0140
41.998,3.185,0,,,,,0,,,,GLOBAL,1.000,clear,0,,0,,0,0,-1.000,3.57,3.70,0.0376,0.0082
42.017,3.235,0,,,,,0,,,,GLOBAL,1.000,clear,0,,0,,0,0,-1.000,3.57,3.70,0.0312,0.0044
42.038,3.279,0,,,,,0,,,,GLOBAL,1.000,clear,0,,0,,0,0,-1.000,3.38,3.77,0.0277,0.0250
42.057,3.332,0,,,,,0,,,,GLOBAL,1.000,clear,0,,0,,0,0,-1.000,1.72,3.92,0.0471,0.0181
42.077,3.387,0,,,,,0,,,,GLOBAL,1.000,clear,0,,0,,0,0,-1.000,1.72,3.92,0.0417,0.0138
42.097,3.431,0,,,,,0,,,,GLOBAL,1.000,clear,0,,0,,0,0,-1.000,2.87,3.98,0.0378,0.0082
42.118,3.480,0,,,,,0,,,,GLOBAL,1.000,clear,0,,0,,0,0,-1.000,2.87,3.98,0.0324,0.0047
42.138,3.534,0,,,,,0,,,,GLOBAL,1.000,clear,0,,0,,0,0,-1.000,3.36,4.04,0.0288,0.0252
42.157,3.596,0,,,,,0,,,,GLOBAL,1.000,clear,0,,0,,0,0,-1.000,3.36,4.04,0.0479,0.0181
42.177,3.648,0,,,,,0,,,,GLOBAL,1.000,clear,0,,0,,0,0,-1.000,3.49,4.09,0.0418,0.0135
42.198,3.703,0,,,,,0,,,,GLOBAL,1.000,clear,0,,0,,0,0,-1.000,3.49,4.09,0.0370,0.0096
42.217,3.744,0,,,,,0,,,,GLOBAL,1.000,clear,0,,0,,0,0,-1.000,4.14,4.20,0.0324,0.0032
42.237,3.786,0,,,,,0,,,,GLOBAL,1.000,clear,0,,0,,0,0,-1.000,4.14,4.20,0.0265,0.0230
42.257,3.830,0,,,,,0,,,,GLOBAL,1.000,clear,0,,0,,0,0,-1.000,4.72,4.28,0.0467,0.0199
42.277,3.871,0,,,,,0,,,,GLOBAL,1.000,clear,0,,0,,0,0,-1.000,4.14,4.33,0.0424,0.0125
42.298,3.913,0,,,,,0,,,,GLOBAL,1.000,clear,0,,0,,0,0,-1.000,4.14,4.33,0.0364,0.0098
42.317,3.968,0,,,,,0,,,,GLOBAL,1.000,clear,0,,0,,0,0,-1.000,4.08,4.46,0.0327,0.0044
42.337,4.010,0,,,,,0,,,,GLOBAL,0.988,clear,0,,0,,0,0,-1.000,4.81,4.52,0.0271,0.0244
42.357,4.051,0,,,,,0,,,,GLOBAL,0.994,clear,0,,0,,0,0,-1.000,4.41,4.53,0.0472,0.0176
42.377,4.100,0,,,,,0,,,,GLOBAL,1.000,clear,0,,0,,0,0,-1.000,4.41,4.53,0.0429,0.0136
42.397,4.153,0,,,,,0,,,,GLOBAL,1.000,clear,0,,0,,0,0,-1.000,5.34,4.67,0.0368,0.0104
42.417,4.202,1,4.051,3.982,1.223,0.114,1,4.051,4.051,,GLOBAL,1.000,clear,0,,0,,0,0,-1.000,5.27,4.73,0.0330,0.0037
42.437,4.249,1,4.051,3.982,1.223,0.114,1,4.051,4.051,,GLOBAL,1.000,clear,0,,0,,0,0,-1.000,5.27,4.73,0.0271,0.0240
42.457,4.295,1,3.925,3.915,1.106,0.144,1,3.925,3.925,,AVOID,0.983,avoid_cruise,1,,0,,0,0,-1.000,4.97,4.81,0.0467,0.0183
42.477,4.342,1,3.801,3.800,1.129,0.164,1,3.801,3.801,,AVOID,0.983,avoid_cruise,1,25.8,0,,0,0,-1.000,4.97,4.81,0.0403,0.0139
42.497,4.390,1,3.742,3.722,1.067,0.130,1,3.742,3.742,,AVOID,0.983,avoid_cruise,1,26.8,0,,0,0,-1.000,5.65,4.78,0.0368,0.0086
42.517,4.440,0,,,,,0,,,3.634,AVOID,0.940,avoid_cruise,1,26.3,0,,0,0,-1.000,5.32,4.78,0.0316,0.0038
42.537,4.486,0,,,,,0,,,3.634,AVOID,0.928,avoid_cruise,1,26.3,54,0.003,1,0,-1.000,5.32,4.78,0.0225,0.0237
42.557,4.525,0,,,,,0,,,3.546,AVOID,0.900,avoid_cruise,1,26.0,54,0.004,1,0,-1.000,5.43,4.70,0.0425,0.0191
42.579,4.544,0,,,,,0,,,3.439,AVOID,0.876,avoid_cruise,1,25.6,54,0.001,1,0,-1.000,5.43,4.70,0.0383,0.0160
42.598,4.567,0,,,,,0,,,3.325,AVOID,0.876,avoid_cruise,1,24.6,54,0.019,1,0,0.777,3.22,4.50,0.0332,0.0100
42.617,4.580,1,3.198,3.254,0.753,0.142,1,3.198,3.198,,AVOID,0.860,avoid_cruise,1,24.7,55,0.008,1,0,0.777,3.22,4.50,0.0264,0.0041
42.640,4.594,1,3.198,3.254,0.753,0.142,1,3.198,3.198,,AVOID,0.843,avoid_cruise,1,24.7,55,0.031,1,0,0.777,3.36,4.30,0.0249,0.0264
42.658,4.602,1,3.073,3.180,0.625,0.167,1,3.073,3.073,,AVOID,0.829,avoid_cruise,1,24.7,55,0.001,1,0,-1.000,3.36,4.30,0.0431,0.0178
42.677,4.619,1,2.994,3.076,0.614,0.143,1,2.994,2.994,,AVOID,0.829,avoid_cruise,1,23.8,55,0.020,1,0,-1.000,3.43,4.21,0.0425,0.0134
42.698,4.639,1,2.883,2.991,0.470,0.145,1,2.883,2.883,,AVOID,0.803,avoid_cruise,1,23.6,55,0.041,1,0,-1.000,3.67,4.15,0.0372,0.0100
42.717,4.650,0,,,,,0,,,2.748,AVOID,0.794,avoid_cruise,1,22.1,49,0.012,1,0,-1.000,3.60,4.01,0.0267,0.0035
42.737,4.639,1,2.653,2.788,0.363,0.159,1,2.653,2.653,,AVOID,0.782,avoid_cruise,1,22.1,52,0.014,1,0,-1.000,3.60,4.01,0.0273,0.0007
42.762,4.631,1,2.653,2.788,0.363,0.159,1,2.653,2.653,,AVOID,0.770,avoid_cruise,1,22.5,55,0.001,1,0,-1.000,3.56,3.91,0.0515,0.0249
42.777,4.589,1,2.556,2.686,0.360,0.154,1,2.556,2.556,,AVOID,0.753,avoid_cruise,1,21.5,55,0.016,1,0,-1.000,3.55,3.85,0.0429,0.0140
42.797,4.529,1,2.449,2.595,0.260,0.159,1,2.449,2.449,,AVOID,0.753,avoid_cruise,1,21.5,50,0.003,1,0,-1.000,3.55,3.85,0.0364,0.0103
42.817,4.449,1,2.339,2.479,0.248,0.153,1,2.339,2.339,,AVOID,0.740,avoid_cruise,1,20.5,55,0.009,1,0,-1.000,3.56,3.76,0.0329,0.0037
42.838,4.382,1,2.339,2.479,0.248,0.153,1,2.339,2.339,,AVOID,0.726,avoid_cruise,1,20.5,50,0.007,1,0,-1.000,3.64,3.63,0.0273,0.0246
42.857,4.345,1,2.195,2.354,0.235,0.170,1,2.195,2.195,,AVOID,0.712,avoid_cruise,1,20.5,47,0.004,1,0,-1.000,3.64,3.63,0.0467,0.0190
42.877,4.328,1,2.114,2.275,0.127,0.165,1,2.114,2.114,,AVOID,0.696,avoid_cruise,1,21.3,47,0.024,1,0,-1.000,3.71,3.56,0.0435,0.0129
42.897,4.293,1,1.990,2.161,0.137,0.175,1,1.990,1.990,,AVOID,0.696,avoid_cruise,1,20.0,39,0.014,1,0,-1.000,3.71,3.56,0.0367,0.0088
42.917,4.249,1,1.913,2.081,0.042,0.168,1,1.913,1.913,,AVOID,0.680,avoid_cruise,1,20.5,36,0.010,1,0,-1.000,3.84,3.48,0.0316,0.0037
42.937,4.189,1,1.913,2.081,0.042,0.168,1,1.913,1.913,,AVOID,0.666,avoid_cruise,1,20.5,36,0.006,1,0,-1.000,3.90,3.40,0.0267,0.0238
42.957,4.150,1,1.797,1.959,0.057,0.163,1,1.797,1.797,,AVOID,0.651,avoid_cruise,1,19.2,34,0.002,1,0,-1.000,4.05,3.33,0.0469,0.0191
42.979,4.091,1,1.690,1.857,0.036,0.167,1,1.690,1.690,,AVOID,0.637,avoid_cruise,1,19.8,33,0.001,1,0,-1.000,4.05,3.33,0.0386,0.0161
43.001,4.022,1,1.630,1.785,-0.016,0.155,1,1.630,1.630,,AVOID,0.620,avoid_cruise,1,20.3,33,0.022,1,0,-1.000,4.22,3.19,0.0368,0.0102
43.017,3.946,1,1.510,1.674,-0.043,0.164,1,1.510,1.510,,AVOID,0.620,avoid_cruise,1,19.4,30,0.012,1,0,-1.000,4.33,3.10,0.0265,0.0006
43.037,3.879,1,1.510,1.674,-0.043,0.164,1,1.510,1.510,,AVOID,0.606,avoid_cruise,1,19.4,30,0.007,1,0,-1.000,4.33,3.10,0.0262,0.0205
43.062,3.808,1,1.423,1.589,-0.067,0.168,1,1.423,1.423,,AVOID,0.600,avoid_cruise,1,19.6,29,0.001,1,0,-1.000,4.45,3.03,0.0515,0.0217
43.077,3.738,1,1.344,1.501,-0.089,0.160,1,1.344,1.344,,AVOID,0.600,avoid_cruise,1,19.7,29,0.016,1,0,-1.000,5.01,3.00,0.0420,0.0130
43.097,3.738,0,,,,,0,,,1.266,AVOID,0.600,avoid_cruise,1,19.6,28,0.014,1,0,-1.000,5.01,3.00,0.0324,0.0087
43.117,3.591,0,,,,,0,,,1.190,AVOID,0.600,avoid_cruise,1,19.1,28,0.012,1,0,-1.000,5.50,3.00,0.0265,0.0016
43.137,3.519,0,,,,,0,,,1.190,AVOID,0.600,avoid_cruise,1,19.1,26,0.011,1,0,-1.000,5.61,3.00,0.0247,0.0218
43.157,3.447,1,1.128,1.253,-0.214,0.143,1,1.128,1.128,,AVOID,0.600,avoid_cruise,1,19.0,25,0.006,1,0,-1.000,5.61,3.00,0.0446,0.0192
43.177,3.372,1,1.041,1.168,-0.204,0.145,1,1.041,1.041,,AVOID,0.600,avoid_cruise,1,17.0,25,0.026,1,0,-1.000,5.79,3.00,0.0424,0.0071
43.197,3.294,1,1.041,1.168,-0.204,0.145,1,1.041,1.041,,AVOID,0.600,avoid_cruise,1,17.0,25,0.046,1,0,-1.000,6.46,3.00,0.0368,0.0274
43.217,3.214,0,,,,,0,,,1.044,AVOID,0.600,avoid_cruise,1,17.0,25,0.066,1,0,-1.000,6.46,3.00,0.0310,0.0164
43.237,3.155,0,,,,,0,,,0.970,AVOID,0.600,avoid_cruise,1,17.4,24,0.014,1,0,-1.000,7.13,3.00,0.0272,0.0199
43.257,3.107,0,,,,,0,,,0.891,AVOID,0.600,avoid_cruise,1,17.3,26,0.001,1,0,-1.000,7.13,3.00,0.0472,0.0145
43.277,3.064,0,,,,,0,,,0.834,AVOID,0.600,avoid_cruise,1,15.2,26,0.021,1,0,-1.000,6.96,3.00,0.0411,0.0101
43.297,3.029,0,,,,,0,,,0.759,AVOID,0.600,avoid_cruise,1,16.1,25,0.008,1,0,-1.000,6.50,3.00,0.0345,0.0034
43.317,3.002,0,,,,,0,,,0.759,AVOID,0.600,avoid_cruise,1,17.1,25,0.016,1,0,-1.000,4.51,3.00,0.0312,0.0231
43.337,2.975,0,,,,,0,,,0.700,AVOID,0.600,avoid_cruise,1,17.1,21,0.012,1,0,-1.000,4.51,3.00,0.0237,0.0193
43.357,2.967,0,,,,,0,,,0.639,AVOID,0.600,avoid_cruise,1,16.9,19,0.005,1,0,-1.000,5.85,3.00,0.0437,0.0130
43.377,2.970,1,0.589,0.647,-0.349,0.146,1,0.589,0.589,,AVOID,0.600,avoid_cruise,1,17.5,19,0.001,1,0,-1.000,5.83,3.00,0.0417,0.0115
43.397,2.965,0,,,,,0,,,0.536,AVOID,0.600,avoid_cruise,1,17.3,19,0.021,1,0,-1.000,5.83,3.00,0.0368,0.0058
43.417,2.959,0,,,,,0,,,0.487,AVOID,0.600,avoid_cruise,1,16.6,17,0.016,1,0,-1.000,6.34,3.00,0.0309,0.0036
43.437,2.953,0,,,,,0,,,0.487,AVOID,0.600,avoid_cruise,1,16.6,16,0.010,1,0,-1.000,5.91,3.00,0.0228,0.0237
43.457,2.946,1,0.441,0.425,-0.406,0.147,1,0.441,0.441,,AVOID,0.600,avoid_cruise,1,15.7,15,0.004,1,0,-1.000,5.91,3.00,0.0428,0.0175
43.477,2.935,0,,,,,0,,,0.398,AVOID,0.600,avoid_cruise,1,16.7,15,0.024,1,0,-1.000,6.47,3.00,0.0353,0.0108
43.497,2.908,0,,,,,0,,,,AVOID,0.600,avoid_cruise,1,16.9,15,0.019,1,0,-1.000,5.35,3.00,0.0360,0.0013
43.517,2.885,0,,,,,0,,,,AVOID,0.600,avoid_cruise,1,16.9,15,0.009,1,0,-1.000,5.35,3.00,0.0322,0.0014
43.537,2.879,0,,,,,0,,,,AVOID,0.600,avoid_cruise,1,19.9,15,0.029,0,0,-1.000,4.45,3.00,0.0265,0.0213
43.557,2.865,0,,,,,0,,,,AVOID,0.600,avoid_cruise,1,22.3,15,0.049,0,0,-1.000,-0.34,3.00,0.0462,0.0189
43.578,2.857,0,,,,,0,,,,AVOID,0.600,avoid_cruise,1,17.5,15,0.069,0,0,-1.000,-0.34,3.00,0.0427,0.0124
43.597,2.866,0,,,,,0,,,,GLOBAL,0.638,clear,0,17.5,15,0.089,0,0,-1.000,-5.12,2.98,0.0364,0.0094
43.617,2.853,0,,,,,0,,,,GLOBAL,0.658,clear,0,17.5,15,0.109,0,0,-1.000,-5.12,2.98,0.0321,0.0294
43.645,2.848,0,,,,,0,,,,GLOBAL,0.658,clear,0,17.5,15,0.137,0,0,-1.000,-9.90,3.16,0.0602,0.0263
43.657,2.851,0,,,,,0,,,,GLOBAL,0.679,clear,0,17.5,15,0.149,0,0,-1.000,-14.68,3.23,0.0470,0.0116
43.677,2.857,0,,,,,0,,,,GLOBAL,0.679,clear,0,17.5,15,0.169,0,0,-1.000,-19.46,3.33,0.0398,0.0124
43.697,2.881,0,,,,,0,,,,GLOBAL,0.679,clear,0,17.5,15,0.189,0,0,-1.000,-19.46,3.33,0.0365,0.0048
43.717,2.907,0,,,,,0,,,,GLOBAL,0.723,clear,0,17.5,15,0.209,0,0,-1.000,-21.40,3.32,0.0311,0.0017
43.737,2.917,0,,,,,0,,,,GLOBAL,0.739,clear,0,17.5,15,0.229,0,0,-1.000,-21.40,3.60,0.0271,0.0220
43.757,2.954,0,,,,,0,,,,GLOBAL,0.758,clear,0,17.5,15,0.249,0,0,-1.000,-21.40,3.60,0.0468,0.0124
43.777,2.995,0,,,,,0,,,,GLOBAL,0.781,clear,0,17.5,15,0.269,0,0,-1.000,-20.92,3.66,0.0411,0.0128
43.797,3.028,0,,,,,0,,,,GLOBAL,0.798,clear,0,17.5,15,0.289,0,0,-1.000,-20.92,3.66,0.0359,0.0089
43.817,3.062,0,,,,,0,,,,GLOBAL,0.818,clear,0,17.5,15,0.309,0,0,-1.000,-18.93,3.76,0.0317,0.0010
43.838,3.130,0,,,,,0,,,,GLOBAL,0.818,clear,0,17.5,15,0.329,0,0,-1.000,-17.37,3.82,0.0519,0.0211
43.857,3.181,0,,,,,0,,,,GLOBAL,0.840,clear,0,17.5,15,0.349,0,0,-1.000,-15.98,4.00,0.0459,0.0156
43.877,3.247,0,,,,,0,,,,GLOBAL,0.859,clear,0,17.5,15,0.369,0,0,-1.000,-15.98,4.00,0.0402,0.0130
43.897,3.354,0,,,,,0,,,,GLOBAL,0.881,clear,0,17.5,15,0.389,0,0,-1.000,-14.79,4.07,0.0363,0.0076
43.917,3.372,0,,,,,0,,,,GLOBAL,0.881,clear,0,17.5,15,0.409,0,0,-1.000,-13.54,4.15,0.0273,0.0275
43.937,3.483,0,,,,,0,,,,GLOBAL,0.903,clear,0,17.5,15,0.429,0,0,-1.000,-13.54,4.15,0.0226,0.0193
43.957,3.514,0,,,,,0,,,,GLOBAL,0.921,clear,0,17.5,15,0.449,0,0,-1.000,-11.95,4.23,0.0421,0.0164
43.977,3.610,0,,,,,0,,,,GLOBAL,0.942,clear,0,17.5,15,0.469,0,0,-1.000,-10.07,4.29,0.0405,0.0095
43.997,3.654,0,,,,,0,,,,GLOBAL,0.958,clear,0,17.5,15,0.489,0,0,-1.000,-10.07,4.29,0.0350,0.0034
44.017,3.713,1,1.320,1.505,0.616,0.306,1,1.320,1.320,,GLOBAL,0.958,clear,0,17.5,15,0.509,0,0,-1.000,-9.35,4.37,0.0276,0.0009
44.037,3.756,1,1.320,1.505,0.616,0.306,1,1.320,1.320,,GLOBAL,0.979,clear,0,17.5,15,0.529,0,0,-1.000,-7.53,4.51,0.0476,0.0209
44.057,3.795,1,1.243,1.402,0.675,0.313,1,1.243,1.243,,GLOBAL,1.000,clear,0,17.5,15,0.549,0,0,-1.000,-7.53,4.51,0.0452,0.0133
44.077,3.872,1,1.187,1.294,0.725,0.296,1,1.187,1.187,,GLOBAL,1.000,clear,0,17.5,15,0.569,0,0,-1.000,-7.33,4.59,0.0378,0.0118
44.097,3.882,0,,,,,0,,,,GLOBAL,1.000,clear,0,17.5,15,0.589,0,0,-1.000,-4.28,4.53,0.0356,0.0048
44.117,3.955,0,,,,,0,,,,GLOBAL,1.000,clear,0,17.5,15,0.609,0,0,-1.000,-4.28,4.53,0.0297,0.0246
44.137,3.973,1,0.998,1.018,0.827,0.313,1,0.998,0.998,,GLOBAL,1.000,clear,0,17.5,15,0.629,0,0,-1.000,-2.98,4.50,0.0500,0.0146
44.157,4.047,0,,,,,0,,,,GLOBAL,1.000,clear,0,17.5,15,0.649,0,0,-1.000,-2.64,4.47,0.0437,0.0138
44.177,4.046,0,,,,,0,,,1.387,GLOBAL,1.000,clear,0,17.5,15,0.669,0,0,-1.000,-2.64,4.47,0.0399,0.0087
44.198,4.079,0,,,,,0,,,1.164,GLOBAL,1.000,clear,0,17.5,15,0.689,0,0,-1.000,-2.90,4.41,0.0348,0.0018
44.218,4.060,0,,,,,0,,,,GLOBAL,1.000,clear,0,17.5,15,0.709,0,0,-1.000,-2.90,4.41,0.0305,0.0009
44.237,4.082,0,,,,,0,,,,GLOBAL,1.000,clear,0,17.5,15,0.729,0,0,-1.000,-2.91,4.36,0.0503,0.0206
44.257,4.047,0,,,,,0,,,,GLOBAL,1.000,clear,0,17.5,15,0.749,0,0,-1.000,-2.90,4.34,0.0444,0.0111
44.277,4.042,0,,,,,0,,,,GLOBAL,1.000,clear,0,17.5,15,0.769,0,0,-1.000,-2.90,4.34,0.0386,0.0095
44.297,4.019,0,,,,,0,,,,GLOBAL,1.000,clear,0,17.5,15,0.789,0,0,-1.000,-2.93,4.32,0.0340,0.0026
44.317,4.036,0,,,,,0,,,,GLOBAL,1.000,clear,0,17.5,15,0.809,0,0,-1.000,-2.74,4.29,0.0291,0.0007
44.337,4.016,0,,,,,0,,,0.693,GLOBAL,1.000,clear,0,17.5,15,0.829,0,0,-1.000,-1.74,4.21,0.0487,0.0202
44.357,4.018,0,,,,,0,,,0.870,GLOBAL,1.000,clear,0,17.5,15,0.849,0,0,-1.000,-1.74,4.21,0.0450,0.0127
44.377,4.013,0,,,,,0,,,,GLOBAL,1.000,clear,0,17.5,15,0.869,0,0,-1.000,-1.71,4.18,0.0390,0.0111
44.397,4.018,0,,,,,0,,,0.974,GLOBAL,1.000,clear,0,17.5,15,0.889,0,0,-1.000,-1.71,4.18,0.0348,0.0021
44.419,4.018,0,,,,,0,,,0.974,GLOBAL,1.000,clear,0,17.5,15,0.910,0,0,-1.000,-1.26,4.16,0.0566,0.0238
44.437,4.009,0,,,,,0,,,,GLOBAL,1.000,clear,0,17.5,15,0.929,0,0,-1.000,-1.06,4.12,0.0492,0.0174
44.457,4.009,0,,,,,0,,,,GLOBAL,1.000,clear,0,17.5,15,0.949,0,0,-1.000,-1.06,4.12,0.0454,0.0128
44.477,3.999,0,,,,,0,,,,GLOBAL,1.000,clear,0,17.5,15,0.969,0,0,-1.000,-0.70,4.08,0.0389,0.0083
44.497,4.002,0,,,,,0,,,,GLOBAL,1.000,clear,0,17.5,15,0.989,0,0,-1.000,-0.34,4.02,0.0358,0.0021
44.517,3.987,0,,,,,0,,,,GLOBAL,1.000,clear,0,17.5,15,1.009,0,0,-1.000,-0.34,4.02,0.0300,0.0015
44.545,3.972,0,,,,,0,,,,GLOBAL,1.000,clear,0,17.5,15,1.037,0,0,-1.000,0.14,3.98,0.0578,0.0293
44.560,3.963,0,,,,,0,,,,GLOBAL,1.000,clear,0,17.5,15,1.051,0,0,-1.000,0.71,3.96,0.0433,0.0118
44.577,3.946,0,,,,,0,,,,GLOBAL,1.000,clear,0,17.5,15,1.069,0,0,-1.000,0.86,3.93,0.0400,0.0112
44.597,3.930,0,,,,,0,,,,GLOBAL,1.000,clear,0,17.5,15,1.089,0,0,-1.000,0.86,3.93,0.0344,0.0026
44.618,3.930,0,,,,,0,,,,GLOBAL,1.000,clear,0,17.5,15,1.109,0,0,-1.000,1.56,3.87,0.0306,0.0229
44.637,3.909,0,,,,,0,,,,GLOBAL,1.000,clear,0,17.5,15,1.129,0,0,-1.000,1.81,3.83,0.0500,0.0149
44.657,3.879,0,,,,,0,,,,GLOBAL,1.000,clear,0,17.5,15,1.149,0,0,-1.000,1.81,3.83,0.0433,0.0135
44.677,3.853,0,,,,,0,,,,GLOBAL,1.000,clear,0,17.5,15,1.169,0,0,-1.000,1.99,3.81,0.0388,0.0113
44.697,3.838,0,,,,,0,,,,GLOBAL,1.000,clear,0,17.5,15,1.189,0,0,-1.000,2.16,3.78,0.0344,0.0072
44.717,3.818,0,,,,,0,,,,GLOBAL,1.000,clear,0,17.5,15,1.209,0,0,-1.000,2.16,3.78,0.0306,0.0021
44.739,3.814,0,,,,,0,,,,GLOBAL,1.000,clear,0,17.5,15,1.230,0,0,-1.000,2.54,3.76,0.0263,0.0234
44.757,3.801,0,,,,,0,,,,GLOBAL,1.000,clear,0,17.5,15,1.249,0,0,1.681,4.84,3.72,0.0449,0.0177
44.777,3.788,0,,,,,0,,,,GLOBAL,1.000,clear,0,17.5,15,1.269,0,0,-1.000,4.84,3.72,0.0407,0.0118
44.797,3.773,0,,,,,0,,,,GLOBAL,1.000,clear,0,17.5,15,1.289,0,0,-1.000,8.01,3.68,0.0350,0.0057
44.817,3.760,0,,,,,0,,,,GLOBAL,1.000,clear,0,17.5,15,1.309,0,0,-1.000,8.01,3.68,0.0308,0.0023
44.838,3.738,0,,,,,0,,,,GLOBAL,1.000,clear,0,17.5,15,1.329,0,0,-1.000,7.93,3.66,0.0256,0.0227
44.857,3.727,0,,,,,0,,,,GLOBAL,1.000,clear,0,17.5,15,1.349,0,0,-1.000,10.93,3.62,0.0454,0.0159
44.877,3.707,0,,,,,0,,,,GLOBAL,1.000,clear,0,17.5,15,1.369,0,0,-1.000,12.80,3.57,0.0410,0.0122
44.897,3.693,0,,,,,0,,,,GLOBAL,1.000,clear,0,17.5,15,1.389,0,0,-1.000,12.80,3.57,0.0354,0.0067
44.917,3.667,0,,,,,0,,,,GLOBAL,1.000,clear,0,17.5,15,1.409,0,0,-1.000,14.10,3.55,0.0302,0.0008
44.938,3.640,0,,,,,0,,,,GLOBAL,1.000,clear,0,17.5,15,1.430,0,0,-1.000,15.86,3.53,0.0507,0.0213
44.957,3.610,0,,,,,0,,,,GLOBAL,1.000,clear,0,17.5,15,1.449,0,0,-1.000,15.86,3.53,0.0458,0.0171
44.977,3.580,0,,,,,0,,,,GLOBAL,1.000,clear,0,17.5,15,1.469,0,0,-1.000,16.90,3.48,0.0397,0.0114
44.997,3.561,0,,,,,0,,,,GLOBAL,1.000,clear,0,17.5,15,1.489,0,0,-1.000,17.02,3.44,0.0355,0.0313
45.017,3.524,0,,,,,0,,,,GLOBAL,1.000,clear,0,17.5,15,1.509,0,0,-1.000,17.02,3.44,0.0299,0.0154
45.038,3.501,0,,,,,0,,,,GLOBAL,0.998,clear,0,17.5,15,1.529,0,0,-1.000,12.24,3.64,0.0505,0.0168
45.057,3.475,0,,,,,0,,,,GLOBAL,1.000,clear,0,17.5,15,1.549,0,0,-1.000,12.24,3.64,0.0433,0.0147
45.077,3.447,0,,,,,0,,,,GLOBAL,1.000,clear,0,17.5,15,1.569,0,0,-1.000,7.85,3.59,0.0400,0.0083
45.097,3.454,0,,,,,0,,,,GLOBAL,1.000,clear,0,17.5,15,1.589,0,0,-1.000,9.58,3.57,0.0359,0.0020
45.117,3.484,0,,,,,0,,,,GLOBAL,1.000,clear,0,17.5,15,1.609,0,0,-1.000,8.72,3.53,0.0302,0.0220
45.138,3.507,0,,,,,0,,,,GLOBAL,1.000,clear,0,17.5,15,1.630,0,0,-1.000,8.72,3.53,0.0270,0.0189
45.157,3.473,0,,,,,0,,,,GLOBAL,1.000,clear,0,17.5,15,1.649,0,0,-1.000,8.38,3.51,0.0462,0.0153
45.177,3.452,0,,,,,0,,,,GLOBAL,1.000,clear,0,17.5,15,1.669,0,0,-1.000,8.38,3.51,0.0419,0.0099
45.197,3.404,0,,,,,0,,,,GLOBAL,1.000,clear,0,17.5,15,1.689,0,0,-1.000,7.83,3.46,0.0364,0.0064
45.217,3.371,0,,,,,0,,,,GLOBAL,1.000,clear,0,17.5,15,1.709,0,0,-1.000,7.69,3.41,0.0323,0.0031
45.237,3.363,0,,,,,0,,,,GLOBAL,1.000,clear,0,17.5,15,1.729,0,0,-1.000,6.99,3.39,0.0521,0.0228
45.257,3.316,0,,,,,0,,,,GLOBAL,1.000,clear,0,17.5,15,1.749,0,0,-1.000,6.99,3.39,0.0464,0.0161
45.277,3.298,0,,,,,0,,,,GLOBAL,1.000,clear,0,17.5,15,1.769,0,0,-1.000,6.70,3.37,0.0400,0.0122
45.297,3.289,0,,,,,0,,,,GLOBAL,1.000,clear,0,17.5,15,1.789,0,0,-1.000,5.81,3.35,0.0368,0.0080
45.317,3.264,0,,,,,0,,,,GLOBAL,1.000,clear,0,17.5,15,1.809,0,0,-1.000,5.81,3.35,0.0308,0.0021
45.337,3.264,0,,,,,0,,,,GLOBAL,1.000,clear,0,17.5,15,1.829,0,0,-1.000,5.48,3.30,0.0267,0.0219
45.357,3.251,0,,,,,0,,,,GLOBAL,1.000,clear,0,17.5,15,1.849,0,0,-1.000,4.99,3.25,0.0469,0.0149
45.377,3.223,0,,,,,0,,,,GLOBAL,1.000,clear,0,17.5,15,1.869,0,0,-1.000,4.99,3.25,0.0409,0.0121
45.397,3.229,0,,,,,0,,,,GLOBAL,1.000,clear,0,17.5,15,1.889,0,0,-1.000,4.21,3.20,0.0369,0.0042
45.417,3.207,0,,,,,0,,,,GLOBAL,1.000,clear,0,17.5,15,1.909,0,0,-1.000,3.31,3.18,0.0311,0.0242
45.437,3.179,0,,,,,0,,,,GLOBAL,1.000,clear,0,17.5,15,1.929,0,0,-1.000,3.31,3.18,0.0233,0.0120
45.457,3.161,0,,,,,0,,,,GLOBAL,1.000,clear,0,17.5,15,1.949,0,0,-1.000,3.44,3.15,0.0434,0.0176
45.477,3.151,1,1.290,0.764,1.270,0.192,1,1.290,1.290,,GLOBAL,1.000,clear,0,17.5,15,1.969,0,0,-1.000,3.18,3.13,0.0410,0.0096
45.497,3.136,0,,,,,0,,,1.392,GLOBAL,1.000,clear,0,17.5,15,1.989,0,0,-1.000,3.18,3.13,0.0354,0.0059
45.517,3.126,0,,,,,0,,,1.392,GLOBAL,1.000,clear,0,17.5,15,2.009,0,0,-1.000,2.47,3.08,0.0314,0.0259
45.537,3.111,0,,,,,0,,,1.322,GLOBAL,1.000,clear,0,17.5,15,2.029,0,0,-1.000,2.25,3.05,0.0518,0.0177
45.557,3.083,1,1.270,0.785,1.159,0.130,1,1.270,1.270,0.934,GLOBAL,1.000,clear,0,17.5,15,2.049,0,0,-1.000,2.25,3.05,0.0460,0.0135
45.578,3.059,0,,,,,0,,,1.224,GLOBAL,1.000,clear,0,17.5,15,2.069,0,0,-1.000,2.13,3.00,0.0404,0.0125
45.597,3.036,1,1.214,0.751,1.083,0.104,1,1.214,1.214,,GLOBAL,1.000,clear,0,17.5,15,2.089,0,0,-1.000,1.81,3.00,0.0362,0.0062
45.617,3.025,0,,,,,1,1.042,1.042,,GLOBAL,1.000,clear,0,17.5,15,2.109,0,0,-1.000,1.81,3.00,0.0302,0.0024
45.638,3.007,0,,,,,1,1.042,1.042,,GLOBAL,1.000,clear,0,17.5,15,2.129,0,0,-1.000,1.81,3.00,0.0265,0.0230
45.658,3.000,0,,,,,0,,,0.918,GLOBAL,1.000,clear,0,17.5,15,2.149,0,0,-1.000,2.40,3.00,0.0467,0.0167
45.677,2.997,0,,,,,0,,,0.644,GLOBAL,1.000,clear,0,17.5,15,2.169,0,0,-1.000,2.40,3.00,0.0402,0.0115
45.697,2.987,0,,,,,0,,,,GLOBAL,1.000,clear,0,17.5,15,2.189,0,0,-1.000,2.33,3.00,0.0347,0.0071
45.719,2.975,0,,,,,0,,,,GLOBAL,1.000,clear,0,17.5,15,2.210,0,0,-1.000,3.46,3.00,0.0323,0.0288
45.738,2.970,0,,,,,0,,,,GLOBAL,1.000,clear,0,17.5,15,2.229,0,0,-1.000,3.46,3.00,0.0208,0.0180
45.757,2.969,0,,,,,0,,,,GLOBAL,1.000,clear,0,17.5,15,2.249,0,0,-1.000,3.76,3.00,0.0404,0.0176
45.778,2.969,0,,,,,0,,,,GLOBAL,1.000,clear,0,17.5,15,2.269,0,0,-1.000,4.03,3.00,0.0401,0.0123
45.797,2.967,0,,,,,0,,,,GLOBAL,1.000,clear,0,17.5,15,2.289,0,0,-1.000,4.03,3.00,0.0352,0.0064
45.818,2.954,0,,,,,0,,,0.549,GLOBAL,1.000,clear,0,17.5,15,2.309,0,0,-1.000,4.66,3.00,0.0300,0.0020
45.837,2.943,0,,,,,0,,,0.549,GLOBAL,1.000,clear,0,17.5,15,2.329,0,0,-1.000,4.92,3.00,0.0495,0.0215
45.857,2.933,0,,,,,0,,,,GLOBAL,1.000,clear,0,17.5,15,2.349,0,0,-1.000,4.92,3.00,0.0456,0.0165
45.877,2.924,0,,,,,0,,,,GLOBAL,1.000,clear,0,17.5,15,2.369,0,0,-1.000,6.08,3.00,0.0395,0.0115
45.898,2.923,0,,,,,0,,,,GLOBAL,1.000,clear,0,17.5,15,2.389,0,0,-1.000,6.70,3.00,0.0358,0.0067
45.917,2.918,0,,,,,0,,,,GLOBAL,1.000,clear,0,17.5,15,2.409,0,0,-1.000,6.70,3.00,0.0301,0.0265
45.937,2.911,0,,,,,0,,,,GLOBAL,1.000,clear,0,17.5,15,2.429,0,0,-1.000,7.14,3.00,0.0497,0.0193
45.957,2.908,0,,,,,0,,,,GLOBAL,1.000,clear,0,17.5,15,2.449,0,0,-1.000,9.03,3.00,0.0425,0.0163
45.977,2.913,0,,,,,0,,,,GLOBAL,1.000,clear,0,17.5,15,2.469,0,0,-1.000,9.03,3.00,0.0375,0.0110
45.997,2.908,0,,,,,0,,,,GLOBAL,1.000,clear,0,17.5,15,2.489,0,0,-1.000,8.70,3.00,0.0343,0.0024
46.017,2.910,0,,,,,0,,,,GLOBAL,1.000,clear,0,17.5,15,2.509,0,0,-1.000,9.61,3.00,0.0300,0.0223
46.037,2.908,0,,,,,0,,,,GLOBAL,1.000,clear,0,17.5,15,2.529,0,0,-1.000,9.61,3.00,0.0501,0.0153
46.058,2.898,0,,,,,0,,,,GLOBAL,1.000,clear,0,17.5,15,2.549,0,0,-1.000,9.94,3.00,0.0424,0.0174
46.077,2.903,0,,,,,0,,,,GLOBAL,1.000,clear,0,17.5,15,2.569,0,0,-1.000,9.94,3.00,0.0401,0.0111
46.097,2.903,0,,,,,0,,,,GLOBAL,1.000,clear,0,17.5,15,2.589,0,0,-1.000,10.21,3.00,0.0345,0.0058
46.117,2.901,0,,,,,0,,,,GLOBAL,1.000,clear,0,17.5,15,2.609,0,0,-1.000,11.10,3.00,0.0307,0.0006
46.138,2.911,0,,,,,0,,,,GLOBAL,1.000,clear,0,17.5,15,2.629,0,0,-1.000,11.09,3.00,0.0253,0.0208
46.157,2.899,0,,,,,0,,,,GLOBAL,1.000,clear,0,17.5,15,2.649,0,0,-1.000,11.09,3.00,0.0447,0.0171
46.177,2.896,0,,,,,0,,,,GLOBAL,1.000,clear,0,17.5,15,2.669,0,0,-1.000,10.11,3.00,0.0406,0.0115
46.197,2.908,0,,,,,0,,,,GLOBAL,1.000,clear,0,17.5,15,2.689,0,0,-1.000,10.25,3.00,0.0348,0.0072
46.217,2.899,0,,,,,0,,,,GLOBAL,1.000,clear,0,17.5,15,2.709,0,0,-1.000,10.25,3.00,0.0310,0.0275
46.237,2.901,0,,,,,0,,,,GLOBAL,1.000,clear,0,17.5,15,2.729,0,0,-1.000,10.29,3.00,0.0507,0.0195
46.257,2.910,0,,,,,0,,,,GLOBAL,1.000,clear,0,17.5,15,2.749,0,0,-1.000,9.09,3.00,0.0431,0.0167
46.277,2.885,0,,,,,0,,,,GLOBAL,1.000,clear,0,17.5,15,2.769,0,0,-1.000,9.09,3.00,0.0378,0.0115
46.297,2.893,0,,,,,0,,,,GLOBAL,1.000,clear,0,17.5,15,2.789,0,0,-1.000,9.73,3.00,0.0350,0.0064
46.317,2.897,0,,,,,0,,,,GLOBAL,1.000,clear,0,17.5,15,2.809,0,0,-1.000,9.73,3.00,0.0295,0.0024
46.338,2.884,0,,,,,0,,,,GLOBAL,1.000,clear,0,17.5,15,2.829,0,0,-1.000,8.78,3.00,0.0502,0.0231
46.357,2.887,0,,,,,0,,,,GLOBAL,1.000,clear,0,17.5,15,2.849,0,0,-1.000,8.24,3.00,0.0451,0.0151
46.377,2.890,0,,,,,0,,,,GLOBAL,1.000,clear,0,17.5,15,2.869,0,0,-1.000,8.62,3.00,0.0397,0.0123
46.397,2.879,0,,,,,0,,,,GLOBAL,1.000,clear,0,17.5,15,2.889,0,0,-1.000,8.62,3.00,0.0345,0.0072
46.417,2.885,0,,,,,0,,,,GLOBAL,1.000,clear,0,17.5,15,2.909,0,0,-1.000,8.10,3.00,0.0274,0.0014
46.437,2.889,0,,,,,0,,,,GLOBAL,1.000,clear,0,17.5,15,2.929,0,0,-1.000,8.03,3.00,0.0469,0.0209
46.457,2.887,0,,,,,0,,,,GLOBAL,1.000,clear,0,17.5,15,2.949,0,0,-1.000,8.03,3.00,0.0458,0.0137
46.477,2.878,0,,,,,0,,,,GLOBAL,1.000,clear,0,17.5,15,2.969,0,0,-1.000,7.65,3.00,0.0399,0.0098
46.497,2.881,0,,,,,0,,,,GLOBAL,1.000,clear,0,17.5,15,2.989,0,0,-1.000,8.19,3.00,0.0357,0.0031
46.517,2.879,0,,,,,0,,,,GLOBAL,1.000,clear,0,17.5,15,3.009,0,0,-1.000,8.19,3.00,0.0305,0.0023
46.537,2.878,0,,,,,0,,,,GLOBAL,1.000,clear,0,17.5,15,3.029,0,0,-1.000,7.40,3.00,0.0503,0.0221
46.557,2.884,0,,,,,0,,,,GLOBAL,1.000,clear,0,17.5,15,3.049,0,0,-1.000,7.78,3.00,0.0462,0.0167
46.577,2.887,0,,,,,0,,,,GLOBAL,1.000,clear,0,17.5,15,3.069,0,0,-1.000,7.78,3.00,0.0400,0.0113
46.597,2.877,0,,,,,0,,,,GLOBAL,1.000,clear,0,17.5,15,3.089,0,0,-1.000,7.61,3.00,0.0349,0.0070
46.617,2.887,0,,,,,0,,,,GLOBAL,1.000,clear,0,17.5,15,3.109,0,0,-1.000,7.51,3.00,0.0306,0.0269
46.637,2.886,0,,,,,0,,,,GLOBAL,1.000,clear,0,17.5,15,3.129,0,0,-1.000,7.51,3.00,0.0252,0.0192
46.657,2.881,0,,,,,0,,,,GLOBAL,1.000,clear,0,17.5,15,3.149,0,0,-1.000,6.80,3.00,0.0447,0.0146
46.677,2.896,0,,,,,0,,,,GLOBAL,1.000,clear,0,17.5,15,3.169,0,0,-1.000,6.82,3.00,0.0408,0.0118
46.697,2.893,0,,,,,0,,,,GLOBAL,1.000,clear,0,17.5,15,3.189,0,0,-1.000,6.82,3.00,0.0350,0.0033
46.717,2.885,0,,,,,0,,,,GLOBAL,1.000,clear,0,17.5,15,3.209,0,0,-1.000,7.32,3.00,0.0312,0.0007
46.737,2.900,0,,,,,0,,,,GLOBAL,1.000,clear,0,17.5,15,3.229,0,0,-1.000,7.21,3.00,0.0231,0.0206
46.758,2.892,0,,,,,0,,,,GLOBAL,1.000,clear,0,17.5,15,3.250,0,0,-1.000,7.21,3.00,0.0438,0.0185
46.777,2.891,0,,,,,0,,,,GLOBAL,1.000,clear,0,17.5,15,3.269,0,0,-1.000,6.65,3.00,0.0401,0.0070
46.797,2.908,0,,,,,0,,,,GLOBAL,1.000,clear,0,17.5,15,3.289,0,0,-1.000,7.02,3.00,0.0356,0.0027
46.817,2.901,0,,,,,0,,,,GLOBAL,1.000,clear,0,17.5,15,3.309,0,0,-1.000,7.02,3.00,0.0294,0.0006
46.837,2.899,0,,,,,0,,,,GLOBAL,1.000,clear,0,17.5,15,3.329,0,0,-1.000,6.81,3.00,0.0497,0.0209
46.857,2.910,0,,,,,0,,,,GLOBAL,1.000,clear,0,17.5,15,3.349,0,0,-1.000,6.62,3.00,0.0456,0.0156
46.877,2.898,0,,,,,0,,,,GLOBAL,1.000,clear,0,17.5,15,3.369,0,0,-1.000,6.62,3.00,0.0395,0.0120
46.898,2.896,0,,,,,0,,,,GLOBAL,1.000,clear,0,17.5,15,3.389,0,0,-1.000,6.77,3.00,0.0361,0.0008
46.917,2.916,0,,,,,0,,,,GLOBAL,1.000,clear,0,17.5,15,3.409,0,0,-1.000,7.25,3.00,0.0301,0.0203
46.938,2.902,0,,,,,0,,,,GLOBAL,1.000,clear,0,17.5,15,3.430,0,0,-1.000,7.25,3.00,0.0510,0.0193
46.957,2.905,0,,,,,0,,,,GLOBAL,1.000,clear,0,17.5,15,3.449,0,0,-1.000,7.01,3.00,0.0456,0.0145
46.977,2.912,0,,,,,0,,,,GLOBAL,1.000,clear,0,17.5,15,3.469,0,0,-1.000,6.83,3.00,0.0397,0.0118
46.997,2.900,0,,,,,0,,,,GLOBAL,1.000,clear,0,17.5,15,3.489,0,0,-1.000,6.83,3.00,0.0358,0.0064
47.017,2.906,0,,,,,0,,,,GLOBAL,1.000,clear,0,17.5,15,3.509,0,0,-1.000,7.00,3.00,0.0303,0.0016
47.037,2.916,0,,,,,0,,,,GLOBAL,1.000,clear,0,17.5,15,3.529,0,0,-1.000,7.44,3.00,0.0505,0.0218
47.057,2.902,0,,,,,0,,,,GLOBAL,1.000,clear,0,17.5,15,3.549,0,0,-1.000,7.44,3.00,0.0461,0.0168
47.077,2.912,0,,,,,0,,,,GLOBAL,1.000,clear,0,17.5,15,3.569,0,0,-1.000,7.15,3.00,0.0403,0.0113
47.098,2.913,0,,,,,0,,,,GLOBAL,1.000,clear,0,17.5,15,3.590,0,0,-1.000,7.15,3.00,0.0354,0.0076
47.117,2.901,0,,,,,0,,,,GLOBAL,1.000,clear,0,17.5,15,3.609,0,0,-1.000,7.35,3.00,0.0304,0.0268
47.138,2.913,0,,,,,0,,,,GLOBAL,1.000,clear,0,17.5,15,3.630,0,0,-1.000,8.11,3.00,0.0237,0.0151
47.157,2.916,0,,,,,0,,,,GLOBAL,1.000,clear,0,17.5,15,3.649,0,0,-1.000,8.15,3.00,0.0427,0.0173
47.177,2.906,0,,,,,0,,,,GLOBAL,1.000,clear,0,17.5,15,3.669,0,0,-1.000,8.15,3.00,0.0412,0.0119
47.197,2.915,0,,,,,0,,,,GLOBAL,1.000,clear,0,17.5,15,3.689,0,0,-1.000,8.15,3.00,0.0606,0.0318
47.218,2.908,0,,,,,0,,,,GLOBAL,1.000,clear,0,17.5,15,3.709,0,0,-1.000,8.61,3.00,0.0554,0.0014
47.237,2.902,0,,,,,0,,,,GLOBAL,1.000,clear,0,17.5,15,3.729,0,0,-1.000,8.93,3.00,0.0752,0.0212
47.258,2.916,0,,,,,0,,,,GLOBAL,1.000,clear,0,17.5,15,3.749,0,0,-1.000,9.41,3.00,0.0452,0.0130
47.277,2.914,0,,,,,0,,,,GLOBAL,1.000,clear,0,17.5,15,3.769,0,0,-1.000,9.41,3.00,0.0367,0.0102
47.297,2.909,0,,,,,0,,,,GLOBAL,1.000,clear,0,17.5,15,3.789,0,0,-1.000,9.60,3.00,0.0350,0.0033
47.317,2.914,0,,,,,0,,,,GLOBAL,1.000,clear,0,17.5,15,3.809,0,0,-1.000,11.00,3.00,0.0297,0.0013
47.337,2.902,0,,,,,0,,,,GLOBAL,1.000,clear,0,17.5,15,3.829,0,0,-1.000,12.37,3.00,0.0494,0.0209
47.357,2.907,0,,,,,0,,,,GLOBAL,1.000,clear,0,17.5,15,3.849,0,0,-1.000,12.37,3.00,0.0453,0.0115
47.378,2.911,0,,,,,0,,,,GLOBAL,1.000,clear,0,17.5,15,3.869,0,0,-1.000,13.78,3.00,0.0402,0.0128
47.397,2.908,0,,,,,0,,,,GLOBAL,1.000,clear,0,17.5,15,3.889,0,0,-1.000,13.78,3.00,0.0356,0.0064
47.418,2.914,0,,,,,0,,,,GLOBAL,1.000,clear,0,17.5,15,3.910,0,0,-1.000,14.08,3.00,0.0308,0.0273
47.437,2.914,0,,,,,0,,,,GLOBAL,1.000,clear,0,17.5,15,3.929,0,0,-1.000,16.31,3.00,0.0498,0.0120
47.457,2.901,0,,,,,0,,,,GLOBAL,1.000,clear,0,17.5,15,3.949,0,0,-1.000,16.31,3.00,0.0452,0.0129
47.478,2.914,0,,,,,0,,,,GLOBAL,1.000,clear,0,17.5,15,3.970,0,0,-1.000,16.21,3.00,0.0409,0.0081
47.497,2.910,0,,,,,0,,,,GLOBAL,1.000,clear,0,17.5,15,3.989,0,0,-1.000,16.01,3.00,0.0360,0.0015
47.518,2.898,0,,,,,0,,,,GLOBAL,1.000,clear,0,17.5,15,4.009,0,0,-1.000,16.01,3.00,0.0305,0.0009
47.537,2.913,0,,,,,0,,,,GLOBAL,1.000,clear,0,17.5,15,4.029,0,0,-1.000,16.97,3.00,0.0503,0.0207
47.557,2.907,0,,,,,0,,,,GLOBAL,1.000,clear,0,17.5,15,4.049,0,0,-1.000,16.75,3.00,0.0456,0.0164
47.577,2.885,0,,,,,0,,,,GLOBAL,1.000,clear,0,17.5,15,4.069,0,0,-1.000,16.22,3.00,0.0400,0.0129
47.604,2.904,0,,,,,0,,,,GLOBAL,1.000,clear,0,17.5,15,4.095,0,0,-1.000,16.22,3.00,0.0426,0.0395
47.617,2.899,0,,,,,0,,,,GLOBAL,1.000,clear,0,17.5,15,4.109,0,0,-1.000,15.95,3.00,0.0304,0.0130
47.637,2.879,0,,,,,0,,,,GLOBAL,1.000,clear,0,17.5,15,4.129,0,0,-1.000,15.33,3.00,0.0503,0.0175
47.657,2.895,0,,,,,0,,,,GLOBAL,1.000,clear,0,17.5,15,4.149,0,0,-1.000,15.33,3.00,0.0428,0.0100
47.677,2.888,0,,,,,0,,,,GLOBAL,1.000,clear,0,17.5,15,4.169,0,0,-1.000,14.49,3.00,0.0404,0.0126
47.697,2.862,0,,,,,0,,,,GLOBAL,1.000,clear,0,17.5,15,4.189,0,0,-1.000,14.49,3.00,0.0365,0.0327
47.717,2.890,0,,,,,0,,,,GLOBAL,1.000,clear,0,17.5,15,4.209,0,0,-1.000,14.47,3.00,0.0304,0.0190
47.745,2.877,0,,,,,0,,,,GLOBAL,1.000,clear,0,17.5,15,4.237,0,0,-1.000,15.74,3.00,0.0587,0.0279
47.760,2.877,0,,,,,0,,,,GLOBAL,1.000,clear,0,17.5,15,4.251,0,0,-1.000,15.74,3.00,0.0487,0.0136
47.778,2.879,0,,,,,0,,,,GLOBAL,1.000,clear,0,17.5,15,4.269,0,0,-1.000,15.78,3.00,0.0412,0.0115
47.797,2.868,0,,,,,0,,,,GLOBAL,1.000,clear,0,17.5,15,4.289,0,0,-1.000,17.58,3.00,0.0356,0.0073
47.817,2.853,0,,,,,0,,,,GLOBAL,1.000,clear,0,17.5,15,4.309,0,0,-1.000,18.66,3.00,0.0310,0.0273
47.837,2.878,0,,,,,0,,,,GLOBAL,1.000,clear,0,17.5,15,4.329,0,0,-1.000,18.66,3.00,0.0509,0.0183
47.857,2.864,0,,,,,0,,,,GLOBAL,1.000,clear,0,17.5,15,4.349,0,0,-1.000,18.95,3.00,0.0453,0.0043
47.877,2.852,1,2.329,2.566,0.876,0.382,1,2.329,2.329,,GLOBAL,1.000,clear,0,17.5,15,4.369,0,0,-1.000,20.55,3.00,0.0367,0.0060
47.897,2.872,1,2.245,2.523,0.799,0.402,1,2.245,2.245,,GLOBAL,1.000,clear,0,17.5,15,4.389,0,0,-1.000,20.55,3.00,0.0344,0.0010
47.917,2.856,1,2.245,2.523,0.799,0.402,1,2.245,2.245,,GLOBAL,1.000,clear,0,17.5,15,4.409,0,0,-1.000,20.21,3.00,0.0314,0.0207
47.937,2.846,0,,,,,0,,,,GLOBAL,1.000,clear,0,17.5,15,4.429,0,0,-1.000,21.16,3.00,0.0256,0.0197
47.957,2.872,0,,,,,0,,,,GLOBAL,1.000,clear,0,17.5,15,4.449,0,0,-1.000,21.16,3.00,0.0459,0.0109
47.977,2.850,0,,,,,0,,,,GLOBAL,1.000,clear,0,17.5,15,4.469,0,0,-1.000,20.95,3.00,0.0414,0.0098
47.997,2.841,0,,,,,0,,,,GLOBAL,1.000,clear,0,17.5,15,4.489,0,0,-1.000,19.32,3.00,0.0358,0.0063
48.017,2.865,1,2.320,2.361,1.036,0.258,1,2.320,2.320,1.950,GLOBAL,1.000,clear,0,17.5,15,4.509,0,0,-1.000,19.32,3.00,0.0317,0.0011
48.037,2.829,1,2.320,2.361,1.036,0.258,1,2.320,2.320,1.950,GLOBAL,1.000,clear,0,17.5,15,4.529,0,0,-1.000,19.19,3.00,0.0259,0.0210
48.057,2.820,1,2.264,2.326,0.943,0.246,1,2.264,2.264,1.942,GLOBAL,1.000,clear,0,17.5,15,4.549,0,0,-1.000,19.19,3.00,0.0459,0.0144
48.078,2.863,1,2.192,2.291,0.842,0.249,1,2.192,2.192,1.931,GLOBAL,1.000,clear,0,17.5,15,4.570,0,0,-1.000,18.08,3.00,0.0425,0.0114
48.097,2.805,1,2.154,2.275,0.740,0.238,1,2.154,2.154,1.913,GLOBAL,1.000,clear,0,17.5,15,4.589,0,0,-1.000,17.45,3.00,0.0349,0.0081
48.117,2.805,1,2.098,2.236,0.668,0.236,1,2.098,2.098,1.862,GLOBAL,1.000,clear,0,17.5,15,4.609,0,0,-1.000,17.45,3.00,0.0323,0.0024
48.138,2.853,1,2.098,2.236,0.668,0.236,1,2.098,2.098,1.862,GLOBAL,1.000,clear,0,17.5,15,4.629,0,0,-1.000,16.65,3.00,0.0527,0.0228
48.157,2.797,1,2.030,2.202,0.567,0.244,1,2.030,2.030,1.681,GLOBAL,1.000,clear,0,17.5,15,4.649,0,0,-1.000,16.52,3.00,0.0463,0.0168
48.177,2.796,1,1.980,2.155,0.470,0.225,1,1.980,1.980,1.611,GLOBAL,1.000,clear,0,17.5,15,4.669,0,0,-1.000,15.45,3.00,0.0405,0.0127
48.197,2.848,1,1.888,2.107,0.393,0.255,1,1.888,1.888,1.555,GLOBAL,1.000,clear,0,17.5,15,4.689,0,0,-1.000,15.45,3.00,0.0366,0.0065
48.217,2.848,0,,,,,0,,,1.890,GLOBAL,1.000,clear,0,17.5,15,4.709,0,0,-1.000,13.50,3.00,0.0309,0.0032
48.237,2.808,0,,,,,0,,,1.890,GLOBAL,1.000,clear,0,17.5,15,4.729,0,0,-1.000,13.51,3.00,0.0272,0.0235
48.257,2.835,1,1.865,2.019,0.247,0.169,1,1.865,1.865,1.553,GLOBAL,1.000,clear,0,17.5,15,4.749,0,0,-1.000,13.51,3.00,0.0468,0.0152
48.277,2.835,1,1.768,1.957,0.125,0.193,1,1.768,1.768,1.520,GLOBAL,1.000,clear,0,17.5,15,4.769,0,0,-1.000,13.51,3.00,0.0413,0.0111
48.297,2.803,1,1.691,1.906,0.053,0.216,1,1.691,1.691,1.308,GLOBAL,1.000,clear,0,17.5,15,4.789,0,0,-1.000,12.18,3.00,0.0362,0.0065
48.317,2.827,1,1.691,1.906,0.053,0.216,1,1.691,1.691,1.308,GLOBAL,1.000,clear,0,17.5,15,4.809,0,0,-1.000,12.74,3.00,0.0315,0.0266
48.337,2.807,2,1.223,1.501,-0.648,0.413,2,1.223,1.636,,GLOBAL,1.000,clear,0,17.5,15,4.829,0,0,-1.000,11.47,3.00,0.0258,0.0184
48.357,2.812,2,1.175,1.404,-0.719,0.402,2,1.175,1.604,,GLOBAL,1.000,clear,0,17.5,15,4.849,0,0,-1.000,11.47,3.00,0.0456,0.0172
48.377,2.822,2,1.102,1.333,-0.731,0.418,2,1.102,1.501,,GLOBAL,1.000,clear,0,17.5,15,4.869,0,0,-1.000,8.39,3.00,0.0416,0.0113
48.398,2.823,2,1.044,1.222,-0.784,0.408,2,1.044,1.436,,GLOBAL,1.000,clear,0,17.5,15,4.889,0,0,-1.000,9.23,3.00,0.0363,0.0078
48.417,2.825,2,1.014,1.132,-0.859,0.407,2,1.014,1.335,,GLOBAL,1.000,clear,0,17.5,15,4.909,0,0,-1.000,9.23,3.00,0.0317,0.0006
48.437,2.836,2,1.014,1.132,-0.859,0.407,2,1.014,1.335,,GLOBAL,1.000,clear,0,17.5,15,4.929,0,0,-1.000,9.20,3.00,0.0261,0.0207
48.457,2.840,1,1.262,1.467,-0.406,0.260,1,1.262,1.262,0.978,GLOBAL,1.000,clear,0,17.5,15,4.949,0,0,-1.000,4.42,3.00,0.0461,0.0157
48.477,2.836,2,0.958,0.916,-0.987,0.388,2,0.958,1.171,,GLOBAL,1.000,clear,0,17.5,15,4.969,0,0,-1.000,3.63,3.00,0.0420,0.0100
48.497,2.845,0,,,,,0,,,0.987,GLOBAL,1.000,clear,0,17.5,15,4.989,0,0,-1.000,3.63,3.00,0.0362,0.0058
48.517,2.860,2,1.044,0.655,-1.118,0.252,2,1.044,1.079,,GLOBAL,1.000,clear,0,17.5,15,5.009,0,0,-1.000,3.23,3.00,0.0303,0.0026
48.545,2.864,2,1.044,0.655,-1.118,0.252,2,1.044,1.079,,GLOBAL,1.000,clear,0,17.5,15,5.037,0,0,-1.000,3.23,3.00,0.0584,0.0307
48.557,2.867,0,,,,,0,,,0.912,GLOBAL,1.000,clear,0,17.5,15,5.049,0,0,-1.000,1.62,3.00,0.0463,0.0112
48.577,2.870,0,,,,,0,,,0.844,GLOBAL,1.000,clear,0,17.5,15,5.069,0,0,-1.000,0.38,3.00,0.0396,0.0115
48.597,2.867,1,0.797,0.896,-0.752,0.374,1,0.797,0.797,,GLOBAL,1.000,clear,0,17.5,15,5.089,0,0,-1.000,-1.02,3.00,0.0362,0.0068
48.617,2.871,1,0.749,0.810,-0.782,0.377,1,0.749,0.749,,GLOBAL,1.000,clear,0,17.5,15,5.109,0,0,-1.000,-1.02,3.00,0.0308,0.0033
48.637,2.891,1,0.749,0.810,-0.782,0.377,1,0.749,0.749,,GLOBAL,1.000,clear,0,17.5,15,5.129,0,0,-1.000,-2.13,3.00,0.0269,0.0235
48.657,2.889,0,,,,,0,,,,GLOBAL,1.000,clear,0,17.5,15,5.149,0,0,-1.000,-2.86,3.09,0.0465,0.0164
48.677,2.895,0,,,,,0,,,,GLOBAL,1.000,clear,0,17.5,15,5.169,0,0,-1.000,-2.86,3.09,0.0395,0.0116
48.697,2.908,1,0.613,0.602,-0.807,0.394,1,0.613,0.613,,GLOBAL,1.000,clear,0,17.5,15,5.189,0,0,-1.000,-3.07,3.18,0.0354,0.0057
48.717,2.918,0,,,,,0,,,,GLOBAL,1.000,clear,0,17.5,15,5.209,0,0,-1.000,-3.07,3.18,0.0310,0.0019
48.738,2.936,0,,,,,0,,,,GLOBAL,1.000,clear,0,17.5,15,5.229,0,0,-1.000,-4.17,3.22,0.0518,0.0226
48.757,2.967,0,,,,,0,,,,GLOBAL,1.000,clear,0,17.5,15,5.249,0,0,-1.000,-4.55,3.30,0.0455,0.0144
48.777,2.997,0,,,,,0,,,0.521,GLOBAL,1.000,clear,0,17.5,15,5.269,0,0,-1.000,-5.03,3.35,0.0416,0.0125
48.797,3.027,0,,,,,1,0.504,0.504,,GLOBAL,1.000,clear,0,17.5,15,5.289,0,0,-1.000,-5.03,3.35,0.0343,0.0026
48.817,3.067,0,,,,,1,0.504,0.504,,GLOBAL,1.000,clear,0,17.5,15,5.309,0,0,-1.000,-5.62,3.30,0.0300,0.0227
48.838,3.103,0,,,,,0,,,,GLOBAL,1.000,clear,0,17.5,15,5.329,0,0,-1.000,-5.29,3.28,0.0505,0.0158
48.857,3.118,0,,,,,0,,,,GLOBAL,1.000,clear,0,17.5,15,5.349,0,0,-1.000,-5.29,3.28,0.0458,0.0125
48.877,3.135,0,,,,,0,,,,GLOBAL,1.000,clear,0,17.5,15,5.369,0,0,-1.000,-5.82,3.21,0.0402,0.0067
48.897,3.150,0,,,,,0,,,,GLOBAL,1.000,clear,0,17.5,15,5.389,0,0,-1.000,-5.82,3.21,0.0346,0.0049
48.918,3.156,0,,,,,0,,,,GLOBAL,1.000,clear,0,17.5,15,5.409,0,0,-1.000,-5.78,3.21,0.0312,0.0010
48.937,3.165,0,,,,,0,,,,GLOBAL,1.000,clear,0,17.5,15,5.429,0,0,-1.000,-6.03,3.21,0.0509,0.0206
48.957,3.168,0,,,,,0,,,,GLOBAL,1.000,clear,0,17.5,15,5.449,0,0,-1.000,-5.98,3.21,0.0447,0.0170
48.977,3.168,0,,,,,0,,,,GLOBAL,1.000,clear,0,17.5,15,5.469,0,0,-1.000,-5.98,3.21,0.0405,0.0114
48.997,3.173,0,,,,,0,,,,GLOBAL,1.000,clear,0,17.5,15,5.489,0,0,-1.000,-6.03,3.21,0.0348,0.0056
49.017,3.171,0,,,,,0,,,,GLOBAL,1.000,clear,0,17.5,15,5.509,0,0,-1.000,-6.03,3.21,0.0291,0.0012
49.037,3.169,0,,,,,0,,,,GLOBAL,1.000,clear,0,17.5,15,5.529,0,0,-1.000,-5.66,3.21,0.0490,0.0211
49.058,3.173,0,,,,,0,,,,GLOBAL,1.000,clear,0,17.5,15,5.549,0,0,-1.000,-5.65,3.21,0.0454,0.0161
49.077,3.165,0,,,,,0,,,,GLOBAL,1.000,clear,0,17.5,15,5.569,0,0,-1.000,-5.57,3.21,0.0393,0.0120
49.097,3.166,0,,,,,0,,,,GLOBAL,1.000,clear,0,17.5,15,5.589,0,0,-1.000,-5.57,3.21,0.0351,0.0320
49.117,3.168,0,,,,,0,,,,GLOBAL,1.000,clear,0,17.5,15,5.609,0,0,-1.000,-5.43,3.21,0.0296,0.0154
49.137,3.168,0,,,,,0,,,,GLOBAL,1.000,clear,0,17.5,15,5.629,0,0,-1.000,-4.85,3.21,0.0494,0.0102
49.157,3.173,0,,,,,0,,,,GLOBAL,1.000,clear,0,17.5,15,5.649,0,0,-1.000,-4.85,3.21,0.0430,0.0154
49.180,3.169,0,,,,,0,,,,GLOBAL,1.000,clear,0,17.5,15,5.672,0,0,-1.000,-5.12,3.21,0.0427,0.0078
49.197,3.171,0,,,,,0,,,,GLOBAL,1.000,clear,0,17.5,15,5.689,0,0,-1.000,-4.55,3.21,0.0338,0.0058
49.218,3.170,0,,,,,0,,,,GLOBAL,1.000,clear,0,17.5,15,5.710,0,0,-1.000,-4.55,3.21,0.0308,0.0011
49.237,3.174,0,,,,,0,,,,GLOBAL,1.000,clear,0,17.5,15,5.729,0,0,-1.000,-4.79,3.22,0.0496,0.0199
49.257,3.176,0,,,,,0,,,,GLOBAL,1.000,clear,0,17.5,15,5.749,0,0,-1.000,-4.79,3.22,0.0442,0.0158
49.277,3.175,0,,,,,0,,,,GLOBAL,1.000,clear,0,17.5,15,5.769,0,0,-1.000,-4.28,3.26,0.0403,0.0107
49.297,3.174,0,,,,,0,,,,GLOBAL,1.000,clear,0,17.5,15,5.789,0,0,-1.000,-3.91,3.31,0.0343,0.0064
49.317,3.182,0,,,,,0,,,,GLOBAL,1.000,clear,0,17.5,15,5.809,0,0,-1.000,-3.91,3.31,0.0302,0.0007
49.338,3.202,0,,,,,0,,,,GLOBAL,1.000,clear,0,17.5,15,5.830,0,0,-1.000,-3.87,3.41,0.0513,0.0218
49.357,3.195,0,,,,,0,,,,GLOBAL,1.000,clear,0,17.5,15,5.849,0,0,-1.000,-4.09,3.48,0.0443,0.0169
49.377,3.218,0,,,,,0,,,0.875,GLOBAL,1.000,clear,0,17.5,15,5.869,0,0,-1.000,-4.03,3.51,0.0405,0.0100
49.397,3.231,0,,,,,0,,,,GLOBAL,1.000,clear,0,17.5,15,5.889,0,0,-1.000,-4.03,3.51,0.0351,0.0056
49.417,3.250,0,,,,,0,,,,GLOBAL,1.000,clear,0,17.5,15,5.909,0,0,-1.000,-3.25,3.58,0.0276,0.0254
49.437,3.278,0,,,,,0,,,,GLOBAL,1.000,clear,0,17.5,15,5.929,0,0,-1.000,-2.98,3.64,0.0478,0.0195
49.457,3.302,0,,,,,0,,,,GLOBAL,1.000,clear,0,17.5,15,5.949,0,0,-1.000,-2.98,3.64,0.0451,0.0163
49.477,3.343,0,,,,,0,,,,GLOBAL,1.000,clear,0,17.5,15,5.969,0,0,-1.000,-3.41,3.64,0.0393,0.0123
49.497,3.373,0,,,,,0,,,,GLOBAL,1.000,clear,0,17.5,15,5.989,0,0,-1.000,-2.69,3.72,0.0353,0.0010
49.517,3.394,0,,,,,0,,,,GLOBAL,1.000,clear,0,17.5,15,6.009,0,0,-1.000,-2.69,3.72,0.0297,0.0211
49.537,3.424,0,,,,,0,,,,GLOBAL,1.000,clear,0,17.5,15,6.029,0,0,-1.000,-3.01,3.72,0.0497,0.0175
49.557,3.445,0,,,,,0,,,,GLOBAL,1.000,clear,0,17.5,15,6.049,0,0,-1.000,-2.96,3.77,0.0458,0.0123
49.577,3.480,0,,,,,0,,,,GLOBAL,1.000,clear,0,17.5,15,6.069,0,0,-1.000,-2.96,3.77,0.0401,0.0067
49.597,3.500,0,,,,,0,,,,GLOBAL,1.000,clear,0,17.5,15,6.089,0,0,-1.000,-4.50,3.79,0.0341,0.0059
49.617,3.534,0,,,,,0,,,,GLOBAL,1.000,clear,0,17.5,15,6.109,0,0,-1.000,-3.41,3.86,0.0301,0.0260
49.638,3.564,0,,,,,0,,,,GLOBAL,1.000,clear,0,17.5,15,6.129,0,0,-1.000,-3.41,3.86,0.0225,0.0191
49.657,3.588,0,,,,,0,,,,GLOBAL,1.000,clear,0,17.5,15,6.149,0,0,-1.000,-3.45,3.88,0.0419,0.0157
49.677,3.630,0,,,,,0,,,,GLOBAL,1.000,clear,0,17.5,15,6.169,0,0,-1.000,-3.47,3.95,0.0402,0.0107
49.698,3.653,0,,,,,0,,,,GLOBAL,1.000,clear,0,17.5,15,6.189,0,0,-1.000,-3.47,3.95,0.0353,0.0021
49.717,3.690,0,,,,,0,,,,GLOBAL,1.000,clear,0,17.5,15,6.209,0,0,-1.000,-3.27,3.99,0.0305,0.0213
49.737,3.714,0,,,,,0,,,,GLOBAL,1.000,clear,0,17.5,15,6.229,0,0,-1.000,-3.37,4.04,0.0249,0.0156
49.757,3.752,0,,,,,0,,,,GLOBAL,1.000,clear,0,17.5,15,6.249,0,0,-1.000,-3.37,4.04,0.0447,0.0145
49.777,3.779,0,,,,,0,,,,GLOBAL,1.000,clear,0,17.5,15,6.269,0,0,-1.000,-3.44,4.06,0.0406,0.0099
49.797,3.813,0,,,,,0,,,,GLOBAL,1.000,clear,0,17.5,15,6.289,0,0,-1.000,-3.30,4.11,0.0351,0.0301
49.817,3.837,0,,,,,0,,,,GLOBAL,1.000,clear,0,17.5,15,6.309,0,0,-1.000,-3.30,4.11,0.0295,0.0005
49.837,3.867,0,,,,,0,,,,GLOBAL,1.000,clear,0,17.5,15,6.329,0,0,-1.000,-3.44,4.15,0.0490,0.0200
49.857,3.895,0,,,,,0,,,,GLOBAL,1.000,clear,0,17.5,15,6.349,0,0,-1.000,-3.33,4.22,0.0451,0.0136
49.877,3.924,0,,,,,0,,,,GLOBAL,1.000,clear,0,17.5,15,6.369,0,0,-1.000,-3.33,4.22,0.0394,0.0118
49.897,3.956,0,,,,,0,,,,GLOBAL,1.000,clear,0,17.5,15,6.389,0,0,-1.000,-3.35,4.27,0.0354,0.0033
49.917,3.985,0,,,,,0,,,1.043,GLOBAL,1.000,clear,0,17.5,15,6.409,0,0,-1.000,-3.35,4.27,0.0296,0.0020
49.938,4.019,0,,,,,0,,,1.043,GLOBAL,1.000,clear,0,17.5,15,6.429,0,0,-1.000,-3.25,4.30,0.0502,0.0226
49.957,4.046,0,,,,,0,,,,GLOBAL,1.000,clear,0,17.5,15,6.449,0,0,-1.000,-2.72,4.35,0.0456,0.0137
49.977,4.083,0,,,,,0,,,,GLOBAL,1.000,clear,0,17.5,15,6.469,0,0,-1.000,-2.40,4.46,0.0397,0.0116
49.997,4.109,0,,,,,0,,,,GLOBAL,1.000,clear,0,17.5,15,6.489,0,0,-1.000,-2.40,4.46,0.0355,0.0017
50.017,4.139,0,,,,,0,,,,GLOBAL,1.000,clear,0,17.5,15,6.509,0,0,-1.000,-2.82,4.52,0.0299,0.0217
50.038,4.169,0,,,,,0,,,,GLOBAL,1.000,clear,0,17.5,15,6.529,0,0,-1.000,-4.59,4.55,0.0250,0.0150
50.057,4.208,0,,,,,0,,,0.753,GLOBAL,1.000,clear,0,17.5,15,6.549,0,0,-1.000,-4.59,4.55,0.0444,0.0148
50.077,4.243,0,,,,,0,,,0.704,GLOBAL,1.000,clear,0,17.5,15,6.569,0,0,-1.000,-3.94,4.61,0.0401,0.0107
50.097,4.276,0,,,,,0,,,0.671,GLOBAL,1.000,clear,0,17.5,15,6.589,0,0,-1.000,-3.51,4.70,0.0345,0.0052
50.117,4.316,0,,,,,0,,,0.609,GLOBAL,1.000,clear,0,17.5,15,6.609,0,0,-1.000,-3.51,4.70,0.0303,0.0011
50.138,4.349,0,,,,,0,,,0.609,GLOBAL,1.000,clear,0,17.5,15,6.629,0,0,-1.000,-3.45,4.75,0.0252,0.0218
50.157,4.390,0,,,,,0,,,0.559,GLOBAL,1.000,clear,0,17.5,15,6.649,0,0,-1.000,-2.84,4.81,0.0447,0.0146
50.177,4.426,0,,,,,0,,,,GLOBAL,1.000,clear,0,17.5,15,6.669,0,0,-1.000,-2.84,4.81,0.0404,0.0111
50.197,4.468,0,,,,,0,,,,GLOBAL,1.000,clear,0,17.5,15,6.689,0,0,-1.000,-2.55,4.86,0.0347,0.0073
50.217,4.503,0,,,,,0,,,,GLOBAL,1.000,clear,0,17.5,15,6.709,0,0,-1.000,-2.55,4.86,0.0307,0.0019
50.238,4.551,0,,,,,0,,,,GLOBAL,1.000,clear,0,17.5,15,6.730,0,0,-1.000,-2.91,4.81,0.0234,0.0227
50.257,4.584,0,,,,,0,,,,GLOBAL,1.000,clear,0,17.5,15,6.749,0,0,-1.000,-2.81,4.75,0.0428,0.0155
50.278,4.618,0,,,,,0,,,,GLOBAL,1.000,clear,0,17.5,15,6.769,0,0,-1.000,-2.96,4.72,0.0416,0.0122
50.297,4.642,0,,,,,0,,,,GLOBAL,1.000,clear,0,17.5,15,6.789,0,0,-1.000,-2.96,4.72,0.0351,0.0054
50.317,4.659,0,,,,,0,,,,GLOBAL,1.000,clear,0,17.5,15,6.809,0,0,-1.000,-2.78,4.68,0.0299,0.0006
50.337,4.667,0,,,,,0,,,,GLOBAL,1.000,clear,0,17.5,15,6.829,0,0,-1.000,-2.58,4.63,0.0496,0.0202
50.357,4.673,0,,,,,0,,,,GLOBAL,1.000,clear,0,17.5,15,6.849,0,0,-1.000,-2.58,4.63,0.0455,0.0150
50.380,4.674,0,,,,,0,,,8.811,GLOBAL,1.000,clear,0,17.5,15,6.872,0,0,-1.000,-2.14,4.60,0.0430,0.0136
50.398,4.664,0,,,,,0,,,8.728,GLOBAL,1.000,clear,0,17.5,15,6.889,0,0,-1.000,-2.14,4.60,0.0361,0.0066
50.425,4.664,0,,,,,0,,,8.728,GLOBAL,1.000,clear,0,17.5,15,6.917,0,0,-1.000,-1.65,4.55,0.0635,0.0340
50.441,4.631,0,,,,,0,,,8.591,GLOBAL,1.000,clear,0,17.5,15,6.932,0,0,-1.000,-1.50,4.49,0.0535,0.0151
50.457,4.613,1,8.483,8.657,-0.231,0.176,1,8.483,8.483,,GLOBAL,1.000,clear,0,17.5,15,6.949,0,0,-1.000,-1.17,4.46,0.0430,0.0157
50.477,4.580,1,8.355,8.549,-0.086,0.195,1,8.355,8.355,0.440,GLOBAL,1.000,clear,0,17.5,15,6.969,0,0,-1.000,-1.17,4.46,0.0395,0.0105
50.497,4.550,1,8.312,8.472,0.096,0.161,1,8.312,8.312,0.382,GLOBAL,1.000,clear,0,17.5,15,6.989,0,0,-1.000,-0.70,4.41,0.0342,0.0062
50.517,4.542,1,8.312,8.472,0.096,0.161,1,8.312,8.312,0.382,AVOID,0.980,avoid_cruise,1,17.5,15,7.009,0,0,-1.000,-0.70,4.41,0.0301,0.0263
50.537,4.523,1,8.172,8.335,0.205,0.165,1,8.172,8.172,,AVOID,0.973,avoid_cruise,1,14.3,15,7.029,0,0,-1.000,-0.41,4.26,0.0502,0.0192
50.557,4.511,0,,,,,0,,,7.690,AVOID,0.969,avoid_cruise,1,16.6,15,7.049,0,0,-1.000,0.08,4.18,0.0420,0.0162
50.577,4.488,0,,,,,0,,,7.736,AVOID,0.961,avoid_cruise,1,14.2,15,7.069,0,0,-1.000,0.08,4.18,0.0402,0.0058
50.597,4.447,0,,,,,0,,,7.852,AVOID,0.961,avoid_cruise,1,13.1,15,7.089,0,0,-1.000,0.17,4.13,0.0346,0.0048
50.617,4.387,0,,,,,0,,,7.852,REJOIN,0.947,avoid_cruise,1,13.1,114,0.006,1,0,-1.000,0.75,4.04,0.0308,0.0012
50.639,4.353,0,,,,,0,,,7.855,REJOIN,0.943,avoid_cruise,1,12.3,114,0.010,1,0,-1.000,0.75,4.04,0.0525,0.0230
50.657,4.334,0,,,,,0,,,7.827,REJOIN,0.933,avoid_cruise,1,11.9,114,0.003,1,0,-1.000,0.33,3.97,0.0447,0.0012
50.677,4.290,0,,,,,0,,,,REJOIN,0.933,avoid_cruise,1,12.3,114,0.023,1,0,-1.000,0.42,3.95,0.0406,0.0024
50.697,4.238,0,,,,,0,,,,REJOIN,0.933,avoid_cruise,1,8.5,114,0.043,1,0,-1.000,1.72,3.82,0.0350,0.0027
50.717,4.188,0,,,,,0,,,,REJOIN,0.897,avoid_cruise,1,5.0,114,0.006,1,0,-1.000,1.72,3.82,0.0292,0.0020
50.737,4.151,0,,,,,0,,,,REJOIN,0.888,avoid_cruise,1,5.0,114,0.003,1,0,-1.000,1.66,3.67,0.0492,0.0221
50.758,4.151,0,,,,,0,,,,REJOIN,0.887,avoid_cruise,1,1.5,114,0.001,1,0,-1.000,1.66,3.67,0.0460,0.0156
50.778,4.088,0,,,,,0,,,,REJOIN,0.886,avoid_cruise,1,0.5,114,0.001,1,0,-1.000,1.76,3.58,0.0401,0.0353
50.801,3.958,0,,,,,0,,,,REJOIN,0.873,avoid_cruise,1,0.1,114,0.001,1,0,-1.000,1.26,3.54,0.0396,0.0234
50.817,3.887,0,,,,,0,,,,REJOIN,0.873,avoid_cruise,1,0.0,114,0.017,1,0,-1.000,1.35,3.47,0.0297,0.0018
50.837,3.803,0,,,,,0,,,,REJOIN,0.861,avoid_cruise,1,0.0,114,0.009,1,0,-1.000,1.35,3.47,0.0499,0.0220
50.857,3.715,0,,,,,0,,,,REJOIN,0.849,avoid_cruise,1,0.0,114,0.006,1,0,-1.000,1.50,3.39,0.0456,0.0042
50.877,3.652,0,,,,,0,,,,REJOIN,0.835,avoid_cruise,1,0.0,114,0.002,1,0,-1.000,2.41,3.31,0.0401,0.0126
50.903,3.589,0,,,,,0,,,,REJOIN,0.825,avoid_cruise,1,0.0,114,0.001,1,0,-1.000,2.41,3.31,0.0421,0.0138
50.917,3.544,0,,,,,0,,,,REJOIN,0.814,avoid_cruise,1,0.0,114,0.015,1,0,-1.000,2.55,3.24,0.0302,0.0026
50.938,3.480,0,,,,,0,,,,REJOIN,0.814,avoid_cruise,1,0.0,114,0.012,1,0,-1.000,2.71,3.14,0.0512,0.0236
50.957,3.418,0,,,,,0,,,,GLOBAL,0.842,clear,0,0.0,114,0.031,0,0,-1.000,2.71,3.14,0.0460,0.0170
50.977,3.371,0,,,,,0,,,,GLOBAL,0.869,clear,0,0.0,114,0.052,0,0,-1.000,4.77,3.18,0.0407,0.0121
50.997,3.307,0,,,,,0,,,,GLOBAL,0.902,clear,0,0.0,114,0.071,0,0,-1.000,4.77,3.18,0.0348,0.0075
51.018,3.266,0,,,,,0,,,,GLOBAL,0.902,clear,0,0.0,114,0.092,0,0,-1.000,4.68,3.27,0.0281,0.0283
51.037,3.216,0,,,,,0,,,,GLOBAL,0.939,clear,0,0.0,114,0.112,0,0,-1.000,4.64,3.35,0.0211,0.0175
51.057,3.181,0,,,,,0,,,,GLOBAL,0.960,clear,0,0.0,114,0.131,0,0,-1.000,4.58,3.55,0.0409,0.0167
51.077,3.161,0,,,,,0,,,,GLOBAL,0.997,clear,0,0.0,114,0.152,0,0,-1.000,4.58,3.55,0.0410,0.0124
51.097,3.156,0,,,,,0,,,,GLOBAL,1.000,clear,0,0.0,114,0.171,0,0,-1.000,4.48,3.64,0.0352,0.0071
51.117,3.179,0,,,,,0,,,,GLOBAL,1.000,clear,0,0.0,114,0.191,0,0,-1.000,4.65,3.59,0.0308,0.0271
51.137,3.232,0,,,,,0,,,,GLOBAL,1.000,clear,0,0.0,114,0.212,0,0,-1.000,4.65,3.59,0.0256,0.0181
51.157,3.290,0,,,,,0,,,,GLOBAL,1.000,clear,0,0.0,114,0.231,0,0,-1.000,4.49,3.56,0.0453,0.0166
51.178,3.267,0,,,,,0,,,,GLOBAL,1.000,clear,0,0.0,114,0.252,0,0,-1.000,4.37,3.54,0.0419,0.0130
51.197,3.247,0,,,,,0,,,,GLOBAL,1.000,clear,0,0.0,114,0.272,0,0,-1.000,4.37,3.54,0.0359,0.0008
51.217,3.219,0,,,,,0,,,,GLOBAL,1.000,clear,0,0.0,114,0.291,0,0,-1.000,4.37,3.52,0.0298,0.0020
51.238,3.222,0,,,,,0,,,,GLOBAL,1.000,clear,0,0.0,114,0.313,0,0,-1.000,4.50,3.48,0.0510,0.0232
51.257,3.217,0,,,,,0,,,,GLOBAL,1.000,clear,0,0.0,114,0.332,0,0,-1.000,4.50,3.48,0.0457,0.0145
51.277,3.229,0,,,,,0,,,,GLOBAL,1.000,clear,0,0.0,114,0.351,0,0,-1.000,4.62,3.43,0.0397,0.0095
51.298,3.242,0,,,,,0,,,,GLOBAL,1.000,clear,0,0.0,114,0.372,0,0,-1.000,4.62,3.43,0.0337,0.0072
51.317,3.242,0,,,,,0,,,,GLOBAL,1.000,clear,0,0.0,114,0.391,0,0,-1.000,4.59,3.38,0.0300,0.0026
51.337,3.253,0,,,,,0,,,,GLOBAL,1.000,clear,0,0.0,114,0.411,0,0,-1.000,4.46,3.36,0.0501,0.0227
51.359,3.260,0,,,,,0,,,,GLOBAL,1.000,clear,0,0.0,114,0.433,0,0,-1.000,4.46,3.36,0.0477,0.0178
51.378,3.253,0,,,,,0,,,,GLOBAL,1.000,clear,0,0.0,114,0.452,0,0,-1.000,4.39,3.34,0.0410,0.0138
51.397,3.258,0,,,,,0,,,0.631,GLOBAL,1.000,clear,0,0.0,114,0.471,0,0,-1.000,4.37,3.29,0.0361,0.0061
51.417,3.258,0,,,,,0,,,0.631,GLOBAL,1.000,clear,0,0.0,114,0.491,0,0,-1.000,3.79,3.24,0.0297,0.0262
51.438,3.238,0,,,,,0,,,0.577,GLOBAL,1.000,clear,0,0.0,114,0.513,0,0,-1.000,3.79,3.24,0.0250,0.0195
51.457,3.232,1,0.536,0.357,0.669,0.222,1,0.536,0.536,,GLOBAL,1.000,clear,0,0.0,114,0.532,0,0,-1.000,4.23,3.19,0.0441,0.0176
51.478,3.207,0,,,,,0,,,0.426,GLOBAL,1.000,clear,0,0.0,114,0.552,0,0,-1.000,4.09,3.17,0.0411,0.0119
51.497,3.176,0,,,,,1,0.460,0.460,,GLOBAL,1.000,clear,0,0.0,114,0.572,0,0,-1.000,4.09,3.17,0.0354,0.0067
51.517,3.154,0,,,,,0,,,,GLOBAL,1.000,clear,0,0.0,114,0.592,0,0,-1.000,3.13,3.12,0.0312,0.0010
51.537,3.153,0,,,,,0,,,,GLOBAL,1.000,clear,0,0.0,114,0.611,0,0,-1.000,3.14,3.07,0.0252,0.0208
51.557,3.144,0,,,,,0,,,,GLOBAL,1.000,clear,0,0.0,114,0.631,0,0,-1.000,3.14,3.07,0.0451,0.0173
51.577,3.135,0,,,,,0,,,,GLOBAL,1.000,clear,0,0.0,114,0.652,0,0,-1.000,2.99,3.05,0.0413,0.0065
51.597,3.120,0,,,,,0,,,,GLOBAL,1.000,clear,0,0.0,114,0.671,0,0,-1.000,2.99,3.05,0.0352,0.0055
51.617,3.089,0,,,,,0,,,,GLOBAL,1.000,clear,0,0.0,114,0.691,0,0,-1.000,3.55,3.00,0.0311,0.0256
51.637,3.070,0,,,,,0,,,,GLOBAL,1.000,clear,0,0.0,114,0.712,0,0,-1.000,3.42,3.00,0.0514,0.0162
51.657,3.049,0,,,,,0,,,,GLOBAL,1.000,clear,0,0.0,114,0.731,0,0,-1.000,3.45,3.00,0.0427,0.0101
51.677,3.021,0,,,,,0,,,,GLOBAL,1.000,clear,0,0.0,114,0.751,0,0,-1.000,3.45,3.00,0.0396,0.0122
51.697,3.012,0,,,,,0,,,,GLOBAL,1.000,clear,0,0.0,114,0.771,0,0,-1.000,3.57,3.00,0.0356,0.0032
51.717,3.005,0,,,,,0,,,,GLOBAL,1.000,clear,0,0.0,114,0.791,0,0,-1.000,4.12,3.00,0.0301,0.0008
51.737,2.995,0,,,,,0,,,,GLOBAL,1.000,clear,0,0.0,114,0.811,0,0,-1.000,4.12,3.00,0.0500,0.0208
51.757,3.000,0,,,,,0,,,,GLOBAL,1.000,clear,0,0.0,114,0.831,0,0,-1.000,3.71,3.00,0.0429,0.0132
51.777,3.000,0,,,,,0,,,,GLOBAL,1.000,clear,0,0.0,114,0.852,0,0,-1.000,4.34,3.00,0.0403,0.0126
51.797,2.984,0,,,,,0,,,,GLOBAL,1.000,clear,0,0.0,114,0.871,0,0,-1.000,4.34,3.00,0.0360,0.0022
51.817,2.979,0,,,,,0,,,,GLOBAL,1.000,clear,0,0.0,114,0.891,0,0,-1.000,4.06,3.00,0.0304,0.0222
51.837,2.973,0,,,,,0,,,,GLOBAL,1.000,clear,0,0.0,114,0.911,0,0,-1.000,4.06,3.00,0.0504,0.0190
51.857,2.966,0,,,,,0,,,,GLOBAL,1.000,clear,0,0.0,114,0.931,0,0,-1.000,5.11,3.00,0.0430,0.0163
51.877,2.965,0,,,,,0,,,,GLOBAL,1.000,clear,0,0.0,114,0.952,0,0,-1.000,4.51,3.00,0.0403,0.0103
51.897,2.958,0,,,,,0,,,,GLOBAL,1.000,clear,0,0.0,114,0.971,0,0,-1.000,4.94,3.00,0.0349,0.0072
51.917,2.947,0,,,,,0,,,,GLOBAL,1.000,clear,0,0.0,114,0.991,0,0,-1.000,4.94,3.00,0.0307,0.0272
51.937,2.934,0,,,,,0,,,,GLOBAL,1.000,clear,0,0.0,114,1.012,0,0,-1.000,6.13,3.00,0.0510,0.0193
51.957,2.922,0,,,,,0,,,,GLOBAL,1.000,clear,0,0.0,114,1.031,0,0,-1.000,6.13,3.00,0.0448,0.0159
51.977,2.914,0,,,,,0,,,,GLOBAL,1.000,clear,0,0.0,114,1.051,0,0,-1.000,6.12,3.00,0.0407,0.0122
51.997,2.905,0,,,,,0,,,,GLOBAL,1.000,clear,0,0.0,114,1.071,0,0,-1.000,6.16,3.00,0.0349,0.0074
52.017,2.901,0,,,,,0,,,,GLOBAL,1.000,clear,0,0.0,114,1.091,0,0,-1.000,7.00,3.00,0.0309,0.0275
52.037,2.894,0,,,,,0,,,,GLOBAL,1.000,clear,0,0.0,114,1.111,0,0,-1.000,7.00,3.00,0.0509,0.0191
52.057,2.890,0,,,,,0,,,,GLOBAL,1.000,clear,0,0.0,114,1.132,0,0,-1.000,8.11,3.00,0.0455,0.0147
52.077,2.893,0,,,,,0,,,,GLOBAL,1.000,clear,0,0.0,114,1.151,0,0,-1.000,7.81,3.00,0.0375,0.0121
52.097,2.894,0,,,,,0,,,,GLOBAL,1.000,clear,0,0.0,114,1.172,0,0,-1.000,7.81,3.00,0.0356,0.0065
52.117,2.892,0,,,,,0,,,,GLOBAL,1.000,clear,0,0.0,114,1.191,0,0,-1.000,8.98,3.00,0.0298,0.0015
52.138,2.895,0,,,,,0,,,,GLOBAL,1.000,clear,0,0.0,114,1.212,0,0,-1.000,8.98,3.00,0.0501,0.0218
52.157,2.892,0,,,,,0,,,,GLOBAL,1.000,clear,0,0.0,114,1.231,0,0,-1.000,10.32,3.00,0.0456,0.0144
52.177,2.890,0,,,,,0,,,,GLOBAL,1.000,clear,0,0.0,114,1.251,0,0,-1.000,10.40,3.00,0.0396,0.0111
52.197,2.893,0,,,,,0,,,,GLOBAL,1.000,clear,0,0.0,114,1.271,0,0,-1.000,10.40,3.00,0.0355,0.0029
52.217,2.896,0,,,,,0,,,,GLOBAL,1.000,clear,0,0.0,114,1.292,0,0,-1.000,11.89,3.00,0.0299,0.0231
52.237,2.892,0,,,,,0,,,,GLOBAL,1.000,clear,0,0.0,114,1.311,0,0,-1.000,13.68,3.00,0.0495,0.0157
52.257,2.896,0,,,,,0,,,,GLOBAL,1.000,clear,0,0.0,114,1.331,0,0,-1.000,13.30,3.00,0.0458,0.0168
52.277,2.895,0,,,,,0,,,,GLOBAL,1.000,clear,0,0.0,114,1.351,0,0,-1.000,13.30,3.00,0.0399,0.0124
52.297,2.893,0,,,,,0,,,,GLOBAL,1.000,clear,0,0.0,114,1.371,0,0,-1.000,15.13,3.00,0.0341,0.0029
52.317,2.897,0,,,,,0,,,,GLOBAL,1.000,clear,0,0.0,114,1.391,0,0,-1.000,15.89,3.00,0.0269,0.0229
52.337,2.898,0,,,,,0,,,,GLOBAL,1.000,clear,0,0.0,114,1.411,0,0,-1.000,15.89,3.00,0.0470,0.0194
52.357,2.890,0,,,,,0,,,,GLOBAL,1.000,clear,0,0.0,114,1.431,0,0,-1.000,16.27,3.00,0.0461,0.0130
52.377,2.897,0,,,,,0,,,,GLOBAL,1.000,clear,0,0.0,114,1.451,0,0,-1.000,16.27,3.00,0.0393,0.0111
52.397,2.891,0,,,,,0,,,,GLOBAL,1.000,clear,0,0.0,114,1.471,0,0,-1.000,15.86,3.00,0.0344,0.0071
52.417,2.890,0,,,,,0,,,,GLOBAL,1.000,clear,0,0.0,114,1.492,0,0,-1.000,16.31,3.00,0.0306,0.0012
52.438,2.879,0,,,,,0,,,,GLOBAL,1.000,clear,0,0.0,114,1.512,0,0,-1.000,16.27,3.00,0.0251,0.0216
52.457,2.880,0,,,,,0,,,,GLOBAL,1.000,clear,0,0.0,114,1.531,0,0,-1.000,16.27,3.00,0.0445,0.0145
52.477,2.875,0,,,,,0,,,,GLOBAL,1.000,clear,0,0.0,114,1.551,0,0,-1.000,15.29,3.00,0.0404,0.0107
52.497,2.862,0,,,,,0,,,,GLOBAL,1.000,clear,0,0.0,114,1.572,0,0,-1.000,15.29,3.00,0.0349,0.0045
52.517,2.861,0,,,,,0,,,,GLOBAL,1.000,clear,0,0.0,114,1.591,0,0,-1.000,15.37,3.00,0.0306,0.0243
52.538,2.870,0,,,,,0,,,,GLOBAL,1.000,clear,0,0.0,114,1.612,0,0,-1.000,14.22,3.00,0.0236,0.0159
52.557,2.846,0,,,,,0,,,,GLOBAL,1.000,clear,0,0.0,114,1.631,0,0,-1.000,14.08,3.00,0.0431,0.0150
52.577,2.853,0,,,,,0,,,,GLOBAL,1.000,clear,0,0.0,114,1.651,0,0,-1.000,14.08,3.00,0.0405,0.0080
52.597,2.854,0,,,,,0,,,,GLOBAL,1.000,clear,0,0.0,114,1.671,0,0,-1.000,13.21,3.00,0.0343,0.0073
52.617,2.834,0,,,,,0,,,,GLOBAL,1.000,clear,0,0.0,114,1.692,0,0,-1.000,12.89,3.00,0.0313,0.0005
52.637,2.839,0,,,,,0,,,,GLOBAL,1.000,clear,0,0.0,114,1.711,0,0,-1.000,12.89,3.00,0.0509,0.0202
52.657,2.851,0,,,,,0,,,,GLOBAL,1.000,clear,0,0.0,114,1.731,0,0,-1.000,13.16,3.00,0.0448,0.0169
52.678,2.824,0,,,,,0,,,,GLOBAL,1.000,clear,0,0.0,114,1.752,0,0,-1.000,12.95,3.00,0.0406,0.0105
52.697,2.832,0,,,,,0,,,,GLOBAL,1.000,clear,0,0.0,114,1.771,0,0,-1.000,12.95,3.00,0.0353,0.0068
52.717,2.842,0,,,,,0,,,,GLOBAL,1.000,clear,0,0.0,114,1.792,0,0,-1.000,12.57,3.00,0.0314,0.0006
52.737,2.820,0,,,,,0,,,,GLOBAL,1.000,clear,0,0.0,114,1.812,0,0,-1.000,12.65,3.00,0.0239,0.0208
52.757,2.831,0,,,,,0,,,,GLOBAL,1.000,clear,0,0.0,114,1.832,0,0,-1.000,12.65,3.00,0.0439,0.0183
52.777,2.841,0,,,,,0,,,,GLOBAL,1.000,clear,0,0.0,114,1.852,0,0,-1.000,13.56,3.00,0.0417,0.0127
52.797,2.817,0,,,,,0,,,,GLOBAL,1.000,clear,0,0.0,114,1.872,0,0,-1.000,13.79,3.00,0.0346,0.0067
52.817,2.824,0,,,,,0,,,,GLOBAL,1.000,clear,0,0.0,114,1.892,0,0,-1.000,13.79,3.00,0.0317,0.0009
52.837,2.837,0,,,,,0,,,,GLOBAL,1.000,clear,0,0.0,114,1.912,0,0,-1.000,13.48,3.00,0.0244,0.0210
52.858,2.829,0,,,,,0,,,,GLOBAL,1.000,clear,0,0.0,114,1.932,0,0,-1.000,14.67,3.00,0.0449,0.0196
52.877,2.834,0,,,,,0,,,,GLOBAL,1.000,clear,0,0.0,114,1.951,0,0,-1.000,14.67,3.00,0.0404,0.0120
52.897,2.848,0,,,,,0,,,,GLOBAL,1.000,clear,0,0.0,114,1.971,0,0,-1.000,14.00,3.00,0.0359,0.0078
52.917,2.837,0,,,,,0,,,,GLOBAL,1.000,clear,0,0.0,114,1.991,0,0,-1.000,14.00,3.00,0.0320,0.0019
52.937,2.842,0,,,,,0,,,,GLOBAL,1.000,clear,0,0.0,114,2.011,0,0,-1.000,14.03,3.00,0.0262,0.0218
52.957,2.855,0,,,,,0,,,,GLOBAL,1.000,clear,0,0.0,114,2.031,0,0,-1.000,14.06,3.00,0.0461,0.0183
52.977,2.843,0,,,,,0,,,,GLOBAL,1.000,clear,0,0.0,114,2.051,0,0,-1.000,13.88,3.00,0.0420,0.0130
52.997,2.847,1,4.076,4.325,-0.253,0.256,1,4.076,4.076,,GLOBAL,1.000,clear,0,0.0,114,2.071,0,0,-1.000,13.88,3.00,0.0319,0.0086
53.017,2.860,0,,,,,0,,,3.801,GLOBAL,1.000,clear,0,0.0,114,2.091,0,0,-1.000,13.93,3.00,0.0321,0.0032
53.037,2.850,0,,,,,0,,,3.801,GLOBAL,1.000,clear,0,0.0,114,2.111,0,0,-1.000,13.10,3.00,0.0521,0.0232
53.057,2.851,0,,,,,0,,,0.487,GLOBAL,1.000,clear,0,0.0,114,2.132,0,0,-1.000,13.10,3.00,0.0469,0.0180
53.077,2.867,0,,,,,0,,,,GLOBAL,1.000,clear,0,0.0,114,2.151,0,0,-1.000,12.23,3.00,0.0407,0.0124
53.097,2.850,0,,,,,0,,,3.320,GLOBAL,1.000,clear,0,0.0,114,2.171,0,0,-1.000,12.23,3.00,0.0356,0.0030
53.117,2.856,0,,,,,0,,,3.320,GLOBAL,1.000,clear,0,0.0,114,2.192,0,0,-1.000,11.57,3.00,0.0312,0.0234
53.137,2.866,0,,,,,0,,,3.326,GLOBAL,1.000,clear,0,0.0,114,2.212,0,0,-1.000,11.45,3.00,0.0272,0.0197
53.157,2.853,0,,,,,0,,,,GLOBAL,1.000,clear,0,0.0,114,2.231,0,0,-1.000,11.37,3.00,0.0469,0.0141
53.177,2.849,0,,,,,0,,,3.369,GLOBAL,1.000,clear,0,0.0,114,2.251,0,0,-1.000,11.37,3.00,0.0410,0.0097
53.197,2.868,0,,,,,0,,,3.015,GLOBAL,1.000,clear,0,0.0,114,2.271,0,0,-1.000,11.23,3.00,0.0357,0.0083
53.218,2.853,0,,,,,0,,,3.211,GLOBAL,1.000,clear,0,0.0,114,2.292,0,0,-1.000,10.60,3.00,0.0319,0.0045
53.237,2.854,0,,,,,0,,,3.211,GLOBAL,1.000,clear,0,0.0,114,2.312,0,0,-1.000,10.60,3.00,0.0270,0.0241
53.257,2.870,0,,,,,0,,,3.082,GLOBAL,1.000,clear,0,0.0,114,2.331,0,0,-1.000,10.24,3.00,0.0468,0.0175
53.278,2.856,0,,,,,0,,,3.032,GLOBAL,1.000,clear,0,0.0,114,2.352,0,0,-1.000,10.24,3.00,0.0419,0.0135
53.297,2.849,0,,,,,0,,,3.000,GLOBAL,1.000,clear,0,0.0,114,2.371,0,0,-1.000,9.97,3.00,0.0349,0.0085
53.317,2.874,0,,,,,0,,,,GLOBAL,1.000,clear,0,0.0,114,2.391,0,0,-1.000,10.12,3.00,0.0316,0.0015
53.337,2.860,0,,,,,0,,,,GLOBAL,1.000,clear,0,0.0,114,2.411,0,0,-1.000,10.66,3.00,0.0260,0.0214
53.357,2.856,0,,,,,0,,,,GLOBAL,1.000,clear,0,0.0,114,2.432,0,0,-1.000,10.66,3.00,0.0462,0.0190
53.377,2.874,0,,,,,0,,,,GLOBAL,1.000,clear,0,0.0,114,2.451,0,0,-1.000,9.34,3.00,0.0417,0.0128
53.397,2.860,0,,,,,0,,,,GLOBAL,1.000,clear,0,0.0,114,2.471,0,0,-1.000,9.34,3.00,0.0358,0.0090
53.417,2.857,0,,,,,0,,,,GLOBAL,1.000,clear,0,0.0,114,2.491,0,0,-1.000,10.17,3.00,0.0321,0.0024
53.437,2.879,0,,,,,0,,,,GLOBAL,1.000,clear,0,0.0,114,2.512,0,0,-1.000,9.98,3.00,0.0265,0.0226
53.457,2.865,0,,,,,0,,,,GLOBAL,1.000,clear,0,0.0,114,2.531,0,0,-1.000,10.15,3.00,0.0462,0.0182
53.477,2.868,0,,,,,0,,,,GLOBAL,1.000,clear,0,0.0,114,2.551,0,0,-1.000,10.15,3.00,0.0421,0.0137
53.497,2.883,0,,,,,0,,,,GLOBAL,1.000,clear,0,0.0,114,2.571,0,0,-1.000,9.55,3.00,0.0364,0.0096
53.517,2.866,0,,,,,0,,,,GLOBAL,1.000,clear,0,0.0,114,2.591,0,0,-1.000,9.55,3.00,0.0324,0.0028
53.537,2.874,0,,,,,0,,,,GLOBAL,1.000,clear,0,0.0,114,2.612,0,0,-1.000,8.43,3.00,0.0269,0.0230
53.557,2.883,0,,,,,0,,,,GLOBAL,1.000,clear,0,0.0,114,2.631,0,0,-1.000,8.47,3.00,0.0466,0.0174
53.577,2.875,0,,,,,0,,,,GLOBAL,1.000,clear,0,0.0,114,2.651,0,0,-1.000,8.41,3.00,0.0397,0.0123
53.597,2.879,0,,,,,0,,,,GLOBAL,1.000,clear,0,0.0,114,2.671,0,0,-1.000,8.41,3.00,0.0368,0.0058
53.617,2.888,0,,,,,0,,,,GLOBAL,1.000,clear,0,0.0,114,2.691,0,0,-1.000,7.43,3.00,0.0310,0.0022
53.637,2.877,0,,,,,0,,,,GLOBAL,1.000,clear,0,0.0,114,2.711,0,0,-1.000,7.10,3.00,0.0512,0.0224
53.657,2.887,0,,,,,0,,,,GLOBAL,1.000,clear,0,0.0,114,2.731,0,0,-1.000,7.10,3.00,0.0469,0.0168
53.677,2.887,0,,,,,0,,,,GLOBAL,1.000,clear,0,0.0,114,2.751,0,0,-1.000,6.12,3.00,0.0412,0.0129
53.697,2.885,0,,,,,0,,,,GLOBAL,1.000,clear,0,0.0,114,2.771,0,0,-1.000,6.12,3.00,0.0353,0.0071
53.717,2.890,0,,,,,0,,,,GLOBAL,1.000,clear,0,0.0,114,2.791,0,0,-1.000,5.83,3.00,0.0299,0.0035
53.737,2.891,0,,,,,0,,,,GLOBAL,1.000,clear,0,0.0,114,2.811,0,0,-1.000,5.78,3.00,0.0218,0.0236
53.757,2.890,0,,,,,0,,,,GLOBAL,1.000,clear,0,0.0,114,2.831,0,0,-1.000,4.99,3.00,0.0417,0.0186
53.777,2.895,0,,,,,0,,,,GLOBAL,1.000,clear,0,0.0,114,2.851,0,0,-1.000,4.99,3.00,0.0414,0.0134
53.797,2.891,0,,,,,0,,,,GLOBAL,1.000,clear,0,0.0,114,2.871,0,0,-1.000,4.61,3.00,0.0365,0.0084
53.817,2.900,0,,,,,0,,,,GLOBAL,1.000,clear,0,0.0,114,2.891,0,0,-1.000,4.36,3.00,0.0318,0.0285
53.837,2.896,0,,,,,0,,,,GLOBAL,1.000,clear,0,0.0,114,2.912,0,0,-1.000,4.36,3.00,0.0239,0.0185
53.857,2.901,0,,,,,0,,,,GLOBAL,1.000,clear,0,0.0,114,2.931,0,0,-1.000,3.91,3.00,0.0437,0.0170
53.877,2.905,0,,,,,0,,,,GLOBAL,1.000,clear,0,0.0,114,2.951,0,0,-1.000,3.91,3.00,0.0417,0.0120
53.898,2.903,0,,,,,0,,,,GLOBAL,1.000,clear,0,0.0,114,2.972,0,0,-1.000,4.28,3.00,0.0366,0.0034
53.917,2.906,0,,,,,0,,,,GLOBAL,1.000,clear,0,0.0,114,2.992,0,0,-1.000,4.06,3.00,0.0306,0.0230
53.937,2.914,0,,,,,0,,,,GLOBAL,1.000,clear,0,0.0,114,3.011,0,0,-1.000,3.84,3.00,0.0265,0.0195
53.957,2.905,0,,,,,0,,,,GLOBAL,1.000,clear,0,0.0,114,3.031,0,0,-1.000,3.84,3.00,0.0465,0.0176
53.977,2.914,0,,,,,0,,,,GLOBAL,1.000,clear,0,0.0,114,3.051,0,0,-1.000,3.60,3.00,0.0410,0.0136
53.998,2.919,0,,,,,0,,,,GLOBAL,1.000,clear,0,0.0,114,3.072,0,0,-1.000,3.66,3.00,0.0377,0.0029
54.018,2.915,0,,,,,0,,,,GLOBAL,1.000,clear,0,0.0,114,3.092,0,0,-1.000,3.66,3.00,0.0316,0.0032
54.038,2.924,0,,,,,0,,,,GLOBAL,1.000,clear,0,0.0,114,3.112,0,0,-1.000,3.30,3.00,0.0277,0.0235
54.058,2.921,0,,,,,0,,,,GLOBAL,1.000,clear,0,0.0,114,3.132,0,0,-1.000,2.91,3.00,0.0478,0.0165
54.077,2.911,0,,,,,0,,,,GLOBAL,1.000,clear,0,0.0,114,3.151,0,0,-1.000,2.91,3.00,0.0412,0.0109
54.097,2.929,0,,,,,0,,,,GLOBAL,1.000,clear,0,0.0,114,3.172,0,0,-1.000,2.80,3.00,0.0357,0.0070
54.117,2.928,0,,,,,0,,,,GLOBAL,1.000,clear,0,0.0,114,3.192,0,0,-1.000,2.63,3.03,0.0315,0.0006
54.138,2.925,0,,,,,0,,,,GLOBAL,1.000,clear,0,0.0,114,3.212,0,0,-1.000,2.63,3.03,0.0263,0.0212
54.157,2.930,0,,,,,0,,,,GLOBAL,1.000,clear,0,0.0,114,3.231,0,0,-1.000,3.04,3.07,0.0456,0.0181
54.178,2.936,0,,,,,0,,,,GLOBAL,1.000,clear,0,0.0,114,3.252,0,0,-1.000,3.22,3.12,0.0424,0.0134
54.197,2.939,0,,,,,0,,,,GLOBAL,1.000,clear,0,0.0,114,3.272,0,0,-1.000,3.22,3.12,0.0359,0.0090
54.218,2.954,0,,,,,0,,,,GLOBAL,1.000,clear,0,0.0,114,3.292,0,0,-1.000,3.32,3.16,0.0323,0.0028
54.238,2.962,0,,,,,0,,,,GLOBAL,1.000,clear,0,0.0,114,3.312,0,0,-1.000,3.29,3.20,0.0241,0.0227
54.257,2.978,0,,,,,0,,,,GLOBAL,1.000,clear,0,0.0,114,3.331,0,0,-1.000,3.29,3.20,0.0436,0.0182
54.277,2.995,0,,,,,0,,,,GLOBAL,1.000,clear,0,0.0,114,3.352,0,0,-1.000,3.74,3.28,0.0418,0.0130
54.298,3.008,0,,,,,0,,,,GLOBAL,1.000,clear,0,0.0,114,3.372,0,0,-1.000,3.92,3.32,0.0362,0.0049
54.317,3.031,0,,,,,0,,,,GLOBAL,1.000,clear,0,0.0,114,3.391,0,0,-1.000,3.92,3.32,0.0306,0.0246
54.337,3.059,0,,,,,0,,,,GLOBAL,1.000,clear,0,0.0,114,3.412,0,0,-1.000,3.72,3.39,0.0506,0.0189
54.357,3.082,0,,,,,0,,,,GLOBAL,1.000,clear,0,0.0,114,3.431,0,0,-1.000,3.64,3.50,0.0463,0.0139
54.378,3.120,0,,,,,0,,,,GLOBAL,1.000,clear,0,0.0,114,3.452,0,0,-1.000,3.64,3.50,0.0381,0.0137
54.398,3.141,0,,,,,0,,,,GLOBAL,1.000,clear,0,0.0,114,3.472,0,0,-1.000,4.16,3.53,0.0372,0.0061
54.417,3.167,0,,,,,0,,,,GLOBAL,1.000,clear,0,0.0,114,3.492,0,0,-1.000,3.98,3.57,0.0311,0.0257
54.438,3.212,0,,,,,0,,,,GLOBAL,1.000,clear,0,0.0,114,3.512,0,0,-1.000,3.98,3.57,0.0516,0.0203
54.457,3.241,0,,,,,0,,,,GLOBAL,1.000,clear,0,0.0,114,3.531,0,0,-1.000,4.10,3.64,0.0451,0.0169
54.477,3.283,0,,,,,0,,,,GLOBAL,1.000,clear,0,0.0,114,3.552,0,0,-1.000,4.14,3.74,0.0412,0.0128
54.497,3.319,0,,,,,0,,,,GLOBAL,1.000,clear,0,0.0,114,3.571,0,0,-1.000,4.14,3.74,0.0355,0.0075
54.517,3.352,0,,,,,0,,,,GLOBAL,1.000,clear,0,0.0,114,3.592,0,0,-1.000,4.26,3.80,0.0315,0.0278
54.537,3.395,0,,,,,0,,,,GLOBAL,1.000,clear,0,0.0,114,3.611,0,0,-1.000,4.70,3.89,0.0511,0.0192
54.557,3.438,0,,,,,0,,,,GLOBAL,1.000,clear,0,0.0,114,3.631,0,0,-1.000,4.70,3.89,0.0454,0.0172
54.578,3.490,0,,,,,0,,,,GLOBAL,1.000,clear,0,0.0,114,3.652,0,0,-1.000,4.60,3.92,0.0410,0.0032
54.597,3.529,0,,,,,0,,,,GLOBAL,1.000,clear,0,0.0,114,3.672,0,0,-1.000,4.52,4.07,0.0360,0.0067
54.617,3.581,0,,,,,0,,,,GLOBAL,1.000,clear,0,0.0,114,3.691,0,0,-1.000,4.52,4.07,0.0300,0.0265
54.637,3.620,0,,,,,0,,,,GLOBAL,1.000,clear,0,0.0,114,3.711,0,0,-1.000,4.65,4.12,0.0500,0.0183
54.657,3.662,0,,,,,0,,,,GLOBAL,1.000,clear,0,0.0,114,3.731,0,0,-1.000,5.10,4.15,0.0460,0.0130
54.677,3.709,0,,,,,0,,,,GLOBAL,1.000,clear,0,0.0,114,3.751,0,0,-1.000,5.10,4.15,0.0403,0.0112
54.697,3.762,0,,,,,0,,,,GLOBAL,1.000,clear,0,0.0,114,3.771,0,0,-1.000,4.98,4.23,0.0361,0.0009
54.718,3.809,0,,,,,0,,,,GLOBAL,1.000,clear,0,0.0,114,3.792,0,0,-1.000,4.98,4.23,0.0308,0.0017
54.737,3.854,0,,,,,0,,,,GLOBAL,1.000,clear,0,0.0,114,3.811,0,0,-1.000,4.89,4.25,0.0504,0.0212
54.757,3.900,0,,,,,0,,,,GLOBAL,1.000,clear,0,0.0,114,3.831,0,0,-1.000,4.82,4.28,0.0465,0.0155
54.777,3.937,0,,,,,0,,,4.108,AVOID,0.980,avoid_cruise,1,0.0,114,3.852,0,0,-1.000,4.82,4.28,0.0408,0.0125
54.797,3.977,0,,,,,0,,,4.032,AVOID,0.957,avoid_cruise,1,25.1,114,3.872,0,0,-1.000,4.95,4.30,0.0367,0.0080
54.817,4.007,0,,,,,0,,,3.920,AVOID,0.957,avoid_cruise,1,24.6,114,3.891,0,0,-1.000,4.84,4.24,0.0247,0.0016
54.837,4.042,0,,,,,0,,,3.920,AVOID,0.906,avoid_cruise,1,24.6,52,0.008,1,0,-1.000,4.84,4.24,0.0451,0.0219
54.857,4.084,0,,,,,0,,,3.834,AVOID,0.888,avoid_cruise,1,24.1,52,0.002,1,0,-1.000,4.68,3.97,0.0423,0.0171
54.877,4.136,1,3.747,3.770,0.811,0.108,1,3.747,3.747,,AVOID,0.856,avoid_cruise,1,23.4,52,0.023,1,0,-1.000,4.89,3.99,0.0408,0.0135
54.899,4.171,0,,,,,0,,,3.636,AVOID,0.833,avoid_cruise,1,22.5,53,0.015,1,0,-1.000,4.70,3.90,0.0345,0.0102
54.918,4.206,1,3.552,3.598,0.693,0.112,1,3.552,3.552,,AVOID,0.833,avoid_cruise,1,22.5,53,0.034,0,0,-1.000,4.70,3.90,0.0257,0.0027
54.938,4.224,1,3.552,3.598,0.693,0.112,1,3.552,3.552,,AVOID,0.814,avoid_cruise,1,21.8,53,0.010,1,0,-1.000,3.18,3.87,0.0457,0.0227
54.957,4.224,0,,,,,0,,,3.454,AVOID,0.814,avoid_cruise,1,21.4,53,0.030,1,0,-1.000,3.18,3.87,0.0404,0.0159
54.990,4.247,0,,,,,0,,,3.350,AVOID,0.761,avoid_cruise,1,20.7,53,0.004,1,0,-1.000,4.44,3.82,0.0505,0.0246
54.998,4.247,0,,,,,0,,,3.350,AVOID,0.761,avoid_cruise,1,20.7,53,0.011,1,0,-1.000,4.33,3.64,0.0324,0.0324
55.017,4.227,1,3.120,3.238,0.428,0.146,1,3.120,3.120,,AVOID,0.736,avoid_cruise,1,19.7,52,0.011,1,0,-1.000,4.33,3.64,0.0257,0.0022
55.037,4.194,1,3.120,3.238,0.428,0.146,1,3.120,3.120,,AVOID,0.717,avoid_cruise,1,19.7,53,0.006,1,0,-1.000,4.29,3.56,0.0225,0.0224
55.057,4.137,1,3.044,3.144,0.354,0.119,1,3.044,3.044,,AVOID,0.694,avoid_cruise,1,19.4,53,0.005,1,0,-1.000,4.27,3.51,0.0427,0.0184
55.078,4.059,0,,,,,0,,,2.931,AVOID,0.672,avoid_cruise,1,18.5,53,0.001,1,0,-1.000,4.27,3.51,0.0362,0.0119
55.097,3.999,0,,,,,0,,,2.846,AVOID,0.654,avoid_cruise,1,18.3,53,0.020,1,0,-1.000,4.31,3.40,0.0365,0.0056
55.117,3.957,0,,,,,0,,,2.716,AVOID,0.654,avoid_cruise,1,18.3,46,0.015,1,0,-1.000,4.38,3.31,0.0318,0.0031
55.137,3.935,0,,,,,0,,,2.716,AVOID,0.639,avoid_cruise,1,16.4,44,0.010,1,0,-1.000,4.38,3.31,0.0272,0.0232
55.162,3.914,0,,,,,0,,,2.630,AVOID,0.620,avoid_cruise,1,16.4,46,0.001,1,0,-1.000,4.54,3.16,0.0514,0.0205
55.178,3.854,0,,,,,0,,,2.532,AVOID,0.620,avoid_cruise,1,15.4,46,0.017,1,0,-1.000,4.62,3.19,0.0424,0.0116
55.199,3.792,1,2.462,2.599,-0.063,0.138,1,2.462,2.462,,AVOID,0.620,avoid_cruise,1,14.1,46,0.039,1,0,-1.000,4.79,3.10,0.0397,0.0108
55.222,3.731,1,2.372,2.500,-0.232,0.139,1,2.372,2.372,,AVOID,0.587,avoid_cruise,1,14.1,45,0.001,1,0,-1.000,4.79,3.10,0.0371,0.0081
55.238,3.731,1,2.372,2.500,-0.232,0.139,1,2.372,2.372,,AVOID,0.576,avoid_cruise,1,13.0,45,0.002,1,0,-1.000,4.90,2.93,0.0528,0.0238
55.257,3.585,1,2.287,2.419,-0.187,0.140,1,2.287,2.287,,AVOID,0.563,avoid_cruise,1,10.2,45,0.021,1,0,-1.000,5.44,2.88,0.0477,0.0156
55.277,3.508,1,2.196,2.323,-0.245,0.140,1,2.196,2.196,,AVOID,0.563,avoid_cruise,1,10.2,52,0.012,1,0,-1.000,5.44,2.88,0.0420,0.0101
55.297,3.437,1,2.109,2.232,-0.300,0.143,1,2.109,2.109,,AVOID,0.535,avoid_cruise,1,9.5,52,0.032,1,0,-1.000,3.31,2.81,0.0365,0.0089
55.321,3.369,1,2.041,2.149,-0.365,0.138,1,2.041,2.041,,AVOID,0.527,avoid_cruise,1,8.5,51,0.001,1,0,-1.000,3.31,2.81,0.0364,0.0066
55.338,3.282,1,2.041,2.149,-0.365,0.138,1,2.041,2.041,,AVOID,0.517,avoid_cruise,1,8.5,50,0.002,1,0,-1.000,-0.20,2.67,0.0271,0.0228
55.357,3.282,1,2.046,2.144,-0.412,0.137,1,2.046,2.046,,AVOID,0.504,avoid_cruise,1,7.0,50,0.001,1,0,-1.000,-0.12,2.58,0.0466,0.0191
55.377,3.141,0,,,,,0,,,1.939,AVOID,0.491,avoid_cruise,1,5.7,50,0.021,0,0,-1.000,-0.12,2.58,0.0426,0.0126
55.398,3.072,0,,,,,0,,,1.869,AVOID,0.473,avoid_cruise,1,6.7,50,0.042,0,0,-1.000,0.86,2.52,0.0372,0.0099
55.417,3.005,0,,,,,0,,,1.791,AVOID,0.473,avoid_cruise,1,5.4,46,0.011,1,0,-1.000,-3.93,2.46,0.0325,0.0023
55.437,2.923,0,,,,,0,,,1.791,AVOID,0.457,avoid_cruise,1,5.4,36,0.006,1,0,-1.000,2.71,2.37,0.0270,0.0225
55.461,2.866,1,1.725,1.827,-0.531,0.177,1,1.725,1.725,,AVOID,0.443,avoid_cruise,1,5.2,36,0.004,1,0,1.428,2.71,2.37,0.0505,0.0223
55.478,2.799,1,1.660,1.753,-0.539,0.174,1,1.660,1.660,,AVOID,0.443,avoid_cruise,1,4.5,36,0.021,1,0,-1.000,3.83,2.21,0.0439,0.0145
55.497,2.740,1,1.603,1.672,-0.593,0.171,1,1.603,1.603,,AVOID,0.425,avoid_cruise,1,3.6,33,0.011,1,0,-1.000,0.96,2.12,0.0368,0.0058
55.517,2.674,1,1.545,1.608,-0.585,0.166,1,1.545,1.545,,AVOID,0.411,avoid_cruise,1,1.6,34,0.009,1,0,-1.000,0.96,2.12,0.0327,0.0028
55.537,2.591,1,1.545,1.608,-0.585,0.166,1,1.545,1.545,,AVOID,0.400,avoid_cruise,1,1.6,34,0.003,1,0,-1.000,0.89,2.06,0.0529,0.0231
55.557,2.534,0,,,,,0,,,1.483,AVOID,0.400,avoid_cruise,1,1.0,37,0.005,1,0,-1.000,0.89,2.00,0.0470,0.0099
55.578,2.466,0,,,,,0,,,1.448,AVOID,0.400,avoid_cruise,1,0.3,37,0.026,1,0,-1.000,0.89,2.00,0.0427,0.0115
55.598,2.397,1,1.405,1.420,-0.626,0.146,1,1.405,1.405,,AVOID,0.400,avoid_cruise,1,0.1,38,0.016,1,0,-1.000,1.17,2.00,0.0377,0.0067
55.617,2.397,1,1.405,1.420,-0.626,0.146,1,1.405,1.405,,AVOID,0.400,avoid_cruise,1,0.1,38,0.036,1,0,-1.000,-0.15,2.00,0.0570,0.0260
55.637,2.239,1,1.353,1.358,-0.631,0.145,1,1.353,1.353,,AVOID,0.400,avoid_cruise,1,0.0,40,0.002,1,0,-1.000,-0.15,2.00,0.0260,0.0185
55.662,2.180,0,,,,,0,,,1.324,AVOID,0.400,avoid_cruise,1,0.0,41,0.002,1,0,-1.000,-0.97,2.00,0.0508,0.0214
55.678,2.123,1,1.263,1.255,-0.644,0.148,1,1.263,1.263,,AVOID,0.400,avoid_cruise,1,0.0,41,0.017,1,0,-1.000,-1.23,2.00,0.0421,0.0121
55.697,2.069,1,1.221,1.201,-0.662,0.151,1,1.221,1.221,,AVOID,0.400,avoid_cruise,1,0.0,41,0.037,1,0,-1.000,-1.23,2.00,0.0359,0.0056
55.718,2.031,0,,,,,0,,,,AVOID,0.400,avoid_cruise,1,0.0,40,0.012,1,0,-1.000,-0.99,2.00,0.0322,0.0008
55.738,1.996,0,,,,,0,,,1.186,AVOID,0.400,avoid_cruise,1,0.0,36,0.012,1,0,-1.000,-0.99,2.00,0.0270,0.0213
55.757,1.966,0,,,,,0,,,1.159,AVOID,0.400,avoid_cruise,1,0.0,34,0.005,1,0,-1.000,-0.27,2.00,0.0458,0.0032
55.777,1.945,0,,,,,0,,,1.122,AVOID,0.400,avoid_cruise,1,0.0,34,0.026,1,0,-1.000,0.48,2.00,0.0403,0.0059
55.799,1.931,1,1.080,1.025,-0.655,0.137,1,1.080,1.080,,AVOID,0.400,avoid_cruise,1,0.0,34,0.016,1,0,-1.000,0.10,2.00,0.0384,0.0079
55.817,1.929,1,1.080,1.025,-0.655,0.137,1,1.080,1.080,,AVOID,0.400,avoid_cruise,1,0.0,35,0.003,1,0,-1.000,0.10,2.00,0.0307,0.0257
55.839,1.937,1,1.044,0.979,-0.669,0.142,1,1.044,1.044,,AVOID,0.400,avoid_cruise,1,0.0,35,0.025,1,0,-1.000,0.03,2.00,0.0521,0.0186
55.861,1.947,1,1.006,0.929,-0.674,0.142,1,1.006,1.006,,AVOID,0.400,avoid_cruise,1,0.0,35,0.001,1,0,-1.000,0.07,2.00,0.0457,0.0200
55.877,1.951,1,0.966,0.885,-0.668,0.143,1,0.966,0.966,,AVOID,0.400,avoid_cruise,1,0.0,35,0.017,1,0,-1.000,0.07,2.00,0.0407,0.0132
55.897,1.947,1,0.941,0.861,-0.657,0.143,1,0.941,0.941,,AVOID,0.400,avoid_cruise,1,0.0,34,0.014,1,0,-1.000,0.27,2.00,0.0367,0.0058
55.917,1.938,0,,,,,0,,,0.909,AVOID,0.400,avoid_cruise,1,0.0,34,0.012,1,0,-1.000,0.27,2.00,0.0309,0.0029
55.937,1.927,0,,,,,0,,,0.909,AVOID,0.400,avoid_cruise,1,0.0,33,0.002,1,0,-1.000,0.15,2.00,0.0510,0.0230
55.957,1.911,1,0.880,0.762,-0.679,0.141,1,0.880,0.880,,AVOID,0.400,avoid_cruise,1,0.0,33,0.022,1,0,-1.000,0.03,2.00,0.0423,0.0176
55.979,1.886,0,,,,,0,,,0.847,AVOID,0.400,avoid_cruise,1,0.0,33,0.014,1,0,-1.000,0.10,2.00,0.0370,0.0128
55.997,1.872,1,0.820,0.687,-0.672,0.142,1,0.820,0.820,,AVOID,0.400,avoid_cruise,1,0.0,33,0.013,1,0,-1.000,0.10,2.00,0.0353,0.0077
56.017,1.864,1,0.820,0.687,-0.672,0.142,1,0.820,0.820,,AVOID,0.400,avoid_cruise,1,0.0,33,0.008,1,0,-1.000,0.07,2.00,0.0314,0.0279
56.038,1.854,1,0.797,0.646,-0.673,0.136,1,0.797,0.797,,AVOID,0.400,avoid_cruise,1,0.0,33,0.004,1,0,-1.000,-0.60,2.00,0.0262,0.0169
56.057,1.840,1,0.759,0.601,-0.676,0.145,1,0.759,0.759,,AVOID,0.400,avoid_cruise,1,0.0,32,0.002,1,0,-1.000,-0.60,2.00,0.0457,0.0121
56.077,1.838,1,0.744,0.564,-0.676,0.136,1,0.744,0.744,,AVOID,0.400,avoid_cruise,1,0.0,32,0.021,1,0,-1.000,0.01,2.00,0.0414,0.0033
56.097,1.853,1,0.721,0.520,-0.682,0.136,1,0.721,0.721,,AVOID,0.400,avoid_cruise,1,0.0,31,0.015,1,0,-1.000,-0.73,2.00,0.0361,0.0061
56.117,1.853,1,0.694,0.473,-0.686,0.139,1,0.694,0.694,,AVOID,0.400,avoid_cruise,1,0.0,31,0.009,1,0,-1.000,-0.73,2.00,0.0300,0.0018
56.137,1.852,1,0.694,0.473,-0.686,0.139,1,0.694,0.694,,AVOID,0.400,avoid_cruise,1,0.0,31,0.005,1,0,-1.000,0.40,2.00,0.0501,0.0218
56.157,1.851,1,0.677,0.432,-0.688,0.136,1,0.677,0.677,,AVOID,0.400,avoid_cruise,1,0.0,31,0.004,1,0,-1.000,-0.07,2.00,0.0434,0.0155
56.177,1.858,1,0.663,0.399,-0.686,0.130,1,0.663,0.663,,AVOID,0.400,avoid_cruise,1,0.0,31,0.024,1,0,-1.000,-0.07,2.00,0.0401,0.0057
56.197,1.867,1,0.640,0.349,-0.689,0.132,1,0.640,0.640,,AVOID,0.400,avoid_cruise,1,0.0,31,0.044,1,0,-1.000,-0.03,2.00,0.0362,0.0049
56.222,1.868,1,0.640,0.349,-0.689,0.132,1,0.640,0.640,,AVOID,0.400,avoid_cruise,1,0.0,31,0.001,1,0,-1.000,-0.07,2.00,0.0351,0.0295
56.238,1.866,1,0.618,0.316,-0.686,0.138,1,0.618,0.618,,AVOID,0.400,avoid_cruise,1,0.0,31,0.011,1,0,-1.000,-0.07,2.00,0.0511,0.0062
56.257,1.871,0,,,,,1,0.598,0.598,,AVOID,0.400,avoid_cruise,1,0.0,30,0.001,1,0,-1.000,0.48,2.00,0.0435,0.0035
56.279,1.887,0,,,,,1,0.598,0.598,,AVOID,0.400,avoid_cruise,1,0.0,30,0.023,1,0,-1.000,0.05,2.00,0.0425,0.0253
56.299,1.892,0,,,,,1,0.588,0.588,,AVOID,0.400,avoid_cruise,1,0.0,101,0.008,1,0,-1.000,0.05,2.00,0.0378,0.0195
56.317,1.889,0,,,,,0,,,,AVOID,0.400,avoid_cruise,1,0.0,101,0.009,1,0,-1.000,-7.31,2.00,0.0308,0.0176
56.339,1.888,0,,,,,0,,,,AVOID,0.400,avoid_cruise,1,0.0,101,0.010,1,0,-1.000,-7.31,2.00,0.0273,0.0162
56.366,1.888,0,,,,,0,,,,AVOID,0.400,avoid_cruise,1,0.0,101,0.001,1,0,-1.000,-14.67,2.00,0.0539,0.0241
56.386,1.899,0,,,,,0,,,,AVOID,0.400,avoid_cruise,1,0.0,101,0.001,1,0,-1.000,-17.96,2.00,0.0497,0.0439
56.404,1.896,0,,,,,0,,,,REJOIN,0.400,avoid_cruise,1,0.0,101,0.001,1,0,-1.000,-15.28,2.00,0.0414,0.0626
56.418,1.896,0,,,,,0,,,,REJOIN,0.400,avoid_cruise,1,0.0,101,0.014,1,0,-1.000,-15.28,2.00,0.0318,0.0052
56.444,1.895,0,,,,,0,,,,REJOIN,0.400,avoid_cruise,1,0.0,101,0.001,1,0,-1.000,-15.00,2.00,0.0584,0.0177
56.457,1.907,0,,,,,0,,,,REJOIN,0.400,avoid_cruise,1,0.0,101,0.003,1,0,-1.000,-15.00,2.00,0.0413,0.0014
56.480,1.911,0,,,,,0,,,,REJOIN,0.400,avoid_cruise,1,0.0,101,0.001,1,0,-1.000,-14.25,2.00,0.0425,0.0084
56.497,1.895,0,,,,,0,,,,REJOIN,0.400,avoid_cruise,1,0.0,101,0.018,1,0,-1.000,-13.68,2.00,0.0357,0.0037
56.517,1.884,0,,,,,0,,,,REJOIN,0.400,avoid_cruise,1,0.0,101,0.004,1,0,-1.000,-13.68,2.00,0.0304,0.0240
56.537,1.893,0,,,,,0,,,,REJOIN,0.400,avoid_cruise,1,0.0,101,0.003,1,0,-1.000,-13.48,2.00,0.0499,0.0192
56.557,1.897,0,,,,,0,,,,REJOIN,0.400,avoid_cruise,1,0.0,101,0.005,1,0,-1.000,-13.48,2.00,0.0461,0.0143
56.584,1.897,0,,,,,0,,,,REJOIN,0.400,avoid_cruise,1,0.0,101,0.002,1,0,-1.000,-13.77,2.00,0.0473,0.0177
56.607,1.856,0,,,,,0,,,,REJOIN,0.400,avoid_cruise,1,0.0,101,0.001,1,0,-1.000,-13.77,2.00,0.0442,0.0139
56.617,1.872,0,,,,,0,,,,REJOIN,0.400,avoid_cruise,1,0.0,101,0.011,1,0,-1.000,-13.35,2.00,0.0305,0.0006
56.637,1.901,0,,,,,0,,,,REJOIN,0.400,avoid_cruise,1,0.0,101,0.009,1,0,-1.000,-13.38,2.00,0.0504,0.0205
56.657,1.893,1,8.888,9.072,0.331,0.190,1,8.888,8.888,,REJOIN,0.400,avoid_cruise,1,0.0,101,0.003,1,0,-1.000,-13.38,2.00,0.0449,0.0143
56.678,1.866,0,,,,,0,,,8.699,REJOIN,0.400,avoid_cruise,1,-3.2,101,0.023,1,0,-1.000,-13.43,2.00,0.0412,0.0110
56.697,1.874,0,,,,,0,,,8.699,REJOIN,0.400,avoid_cruise,1,2.8,101,0.043,1,0,-1.000,-13.63,2.00,0.0351,0.0306
56.717,1.893,0,,,,,0,,,8.573,REJOIN,0.400,avoid_cruise,1,-0.5,101,0.011,1,0,-1.000,-13.63,2.00,0.0273,0.0101
56.737,1.881,0,,,,,0,,,,REJOIN,0.400,avoid_cruise,1,-0.5,101,0.007,1,0,-1.000,-13.63,2.00,0.0473,0.0134
56.757,1.868,0,,,,,0,,,8.768,REJOIN,0.400,avoid_cruise,1,-0.1,101,0.003,1,0,-1.000,-13.57,2.00,0.0426,0.0124
56.781,1.868,1,8.709,8.897,-0.159,0.190,1,8.709,8.709,,REJOIN,0.400,avoid_cruise,1,2.7,101,0.001,1,0,-1.000,-13.57,2.00,0.0414,0.0139
56.798,1.869,1,8.709,8.897,-0.159,0.190,1,8.709,8.709,,REJOIN,0.400,avoid_cruise,1,4.7,101,0.018,1,0,-1.000,-13.57,2.00,0.0345,0.0308
56.817,1.874,1,8.703,8.850,0.180,0.149,1,8.703,8.703,,REJOIN,0.400,avoid_cruise,1,4.7,101,0.010,1,0,-1.000,-13.57,2.00,0.0267,0.0081
56.837,1.867,0,,,,,0,,,,REJOIN,0.400,avoid_cruise,1,6.7,101,0.009,1,0,-1.000,-13.56,2.00,0.0466,0.0158
56.858,1.867,0,,,,,0,,,8.636,REJOIN,0.400,avoid_cruise,1,2.0,101,0.001,1,0,-1.000,-13.56,2.00,0.0435,0.0137
56.885,1.861,0,,,,,0,,,,REJOIN,0.400,avoid_cruise,1,8.1,101,0.001,1,0,-1.000,-13.56,2.00,0.0475,0.0184
56.898,1.854,0,,,,,0,,,,REJOIN,0.400,avoid_cruise,1,2.4,101,0.014,1,0,-1.000,-13.51,2.00,0.0341,0.0040
56.918,1.848,0,,,,,0,,,,REJOIN,0.400,avoid_cruise,1,2.4,101,0.009,1,0,-1.000,-13.49,2.00,0.0276,0.0242
56.937,1.854,0,,,,,0,,,,REJOIN,0.400,avoid_cruise,1,0.7,101,0.004,1,0,-1.000,-13.44,2.00,0.0468,0.0178
56.959,1.854,0,,,,,0,,,,REJOIN,0.400,avoid_cruise,1,0.2,101,0.001,1,0,-1.000,-13.44,2.00,0.0450,0.0147
56.987,1.857,0,,,,,0,,,,REJOIN,0.400,avoid_cruise,1,0.1,101,0.001,1,0,-1.000,-13.39,2.00,0.0459,0.0187
56.998,1.844,0,,,,,0,,,,REJOIN,0.400,avoid_cruise,1,0.0,101,0.013,1,0,-1.000,-13.39,2.00,0.0345,0.0302
57.026,1.847,0,,,,,0,,,,REJOIN,0.400,avoid_cruise,1,0.0,101,0.016,1,0,-1.000,-12.95,2.00,0.0620,0.0235
57.040,1.847,0,,,,,0,,,,REJOIN,0.400,avoid_cruise,1,2.2,101,0.003,1,0,-1.000,-12.81,2.00,0.0516,0.0100
57.062,1.859,0,,,,,0,,,,REJOIN,0.400,avoid_cruise,1,4.5,101,0.001,1,0,-1.000,-12.81,2.00,0.0468,0.0141
57.077,1.851,0,,,,,0,,,,REJOIN,0.400,avoid_cruise,1,6.6,101,0.017,1,0,-1.000,-12.06,2.00,0.0390,0.0297
57.097,1.845,0,,,,,0,,,,REJOIN,0.400,avoid_cruise,1,10.1,101,0.009,1,0,-1.000,-11.26,2.00,0.0332,0.0014
57.117,1.849,0,,,,,0,,,,REJOIN,0.400,avoid_cruise,1,10.1,101,0.008,1,0,-1.000,-11.26,2.00,0.0194,0.0211
57.138,1.855,0,,,,,0,,,,REJOIN,0.400,avoid_cruise,1,13.3,101,0.002,1,0,-1.000,-10.62,1.99,0.0399,0.0132
57.157,1.851,0,,,,,0,,,,REJOIN,0.400,avoid_cruise,1,16.8,101,0.005,1,0,-1.000,-9.63,1.98,0.0424,0.0124
57.177,1.845,0,,,,,0,,,,REJOIN,0.400,avoid_cruise,1,14.1,101,0.025,1,0,-1.000,-9.63,1.98,0.0394,0.0079
57.197,1.846,0,,,,,0,,,,REJOIN,0.400,avoid_cruise,1,20.1,101,0.045,1,0,-1.000,-8.36,1.97,0.0335,0.0276
57.217,1.847,0,,,,,0,,,,REJOIN,0.400,avoid_cruise,1,20.1,101,0.065,1,0,-1.000,-4.32,1.95,0.0295,0.0159
57.237,1.846,0,,,,,0,,,,REJOIN,0.400,avoid_cruise,1,17.1,101,0.085,1,0,-1.000,0.52,1.93,0.0494,0.0140
57.257,1.842,0,,,,,0,,,,REJOIN,0.400,avoid_cruise,1,23.5,101,0.105,1,0,-1.000,0.52,1.93,0.0424,0.0122
57.277,1.841,0,,,,,0,,,,REJOIN,0.400,avoid_cruise,1,29.4,101,0.125,1,0,-1.000,5.92,1.91,0.0381,0.0100
57.297,1.839,0,,,,,0,,,,REJOIN,0.400,avoid_cruise,1,35.2,101,0.145,1,0,-1.000,13.28,1.89,0.0340,0.0300
57.317,1.825,0,,,,,0,,,,REJOIN,0.400,avoid_cruise,1,35.2,101,0.003,1,0,-1.000,13.28,1.89,0.0285,0.0163
57.338,1.823,0,,,,,0,,,,REJOIN,0.400,avoid_cruise,1,35.6,101,0.002,1,0,-1.000,16.95,1.88,0.0495,0.0011
57.357,1.823,0,,,,,0,,,,REJOIN,0.400,avoid_cruise,1,40.5,101,0.005,1,0,-1.000,16.95,1.88,0.0356,0.0200
57.379,1.823,0,,,,,0,,,,REJOIN,0.400,avoid_cruise,1,40.2,101,0.001,1,0,-1.000,13.37,1.87,0.0335,0.0178
57.397,1.821,0,,,,,0,,,,REJOIN,0.400,avoid_cruise,1,40.3,101,0.019,1,0,-1.000,13.86,1.87,0.0294,0.0056
57.418,1.806,0,,,,,0,,,,GLOBAL,0.427,clear,0,40.3,101,0.039,0,0,-1.000,13.86,1.87,0.0222,0.0261
57.437,1.811,0,,,,,0,,,,GLOBAL,0.456,clear,0,40.3,101,0.059,0,0,-1.000,12.41,1.87,0.0421,0.0176
57.457,1.810,0,,,,,0,,,,GLOBAL,0.474,clear,0,40.3,101,0.079,0,0,-1.000,7.62,2.00,0.0399,0.0129
57.477,1.806,0,,,,,0,,,,GLOBAL,0.497,clear,0,40.3,101,0.099,0,0,-1.000,12.41,2.21,0.0388,0.0111
57.498,1.805,0,,,,,0,,,,GLOBAL,0.518,clear,0,40.3,101,0.119,0,0,-1.000,12.41,2.21,0.0354,0.0014
57.517,1.805,0,,,,,0,,,,GLOBAL,0.518,clear,0,40.3,101,0.139,0,0,-1.000,17.19,2.29,0.0291,0.0207
57.537,1.827,0,,,,,0,,,,GLOBAL,0.540,clear,0,40.3,101,0.159,0,0,-1.000,21.40,2.37,0.0492,0.0168
57.557,1.847,0,,,,,0,,,,GLOBAL,0.561,clear,0,40.3,101,0.179,0,0,-1.000,21.40,2.37,0.0450,0.0131
57.577,1.876,0,,,,,0,,,,GLOBAL,0.585,clear,0,40.3,101,0.199,0,0,-1.000,21.40,2.46,0.0397,0.0117
57.597,1.887,0,,,,,0,,,,GLOBAL,0.604,clear,0,40.3,101,0.219,0,0,-1.000,21.40,2.46,0.0355,0.0022
57.617,1.757,0,,,,,0,,,,GLOBAL,0.604,clear,0,40.3,101,0.239,0,0,-1.000,21.40,2.56,0.0298,0.0007
57.637,1.643,0,,,,,0,,,,GLOBAL,0.630,clear,0,40.3,101,0.259,0,0,-1.000,21.40,2.64,0.0495,0.0204
57.657,1.482,0,,,,,0,,,,GLOBAL,0.651,clear,0,40.3,101,0.279,0,0,-1.000,21.40,2.64,0.0453,0.0156
57.677,1.357,0,,,,,0,,,,GLOBAL,0.651,clear,0,40.3,101,0.299,0,0,-1.000,21.40,2.74,0.0400,0.0106
57.697,1.257,0,,,,,0,,,,GLOBAL,0.692,clear,0,40.3,101,0.319,0,0,-1.000,21.40,2.83,0.0340,0.0022
57.717,1.258,0,,,,,0,,,,GLOBAL,0.698,clear,0,40.3,101,0.339,0,0,-1.000,21.40,2.83,0.0266,0.0224
57.737,1.347,0,,,,,0,,,,GLOBAL,0.714,clear,0,40.3,101,0.359,0,0,-1.000,21.40,3.03,0.0466,0.0180
57.758,1.533,0,,,,,0,,,,GLOBAL,0.738,clear,0,40.3,101,0.379,0,0,-1.000,21.40,3.09,0.0435,0.0122
57.777,1.845,0,,,,,0,,,,GLOBAL,0.763,clear,0,40.3,101,0.399,0,0,-1.000,21.40,3.19,0.0370,0.0107
57.797,2.053,0,,,,,0,,,,GLOBAL,0.780,clear,0,40.3,101,0.419,0,0,-1.000,21.40,3.19,0.0346,0.0027
57.817,2.189,0,,,,,0,,,,GLOBAL,0.780,clear,0,40.3,101,0.439,0,0,-1.000,21.40,3.37,0.0271,0.0226
57.838,1.987,0,,,,,0,,,,GLOBAL,0.801,clear,0,40.3,101,0.459,0,0,-1.000,21.40,3.46,0.0477,0.0186
57.858,1.728,0,,,,,0,,,,GLOBAL,0.822,clear,0,40.3,101,0.480,0,0,-1.000,21.40,3.46,0.0439,0.0141
57.877,1.494,0,,,,,0,,,,GLOBAL,0.846,clear,0,40.3,101,0.499,0,0,-1.000,21.40,3.55,0.0375,0.0085
57.897,1.326,0,,,,,0,,,,GLOBAL,0.869,clear,0,40.3,101,0.519,0,0,-1.000,21.40,3.55,0.0315,0.0044
57.917,1.272,0,,,,,0,,,,GLOBAL,0.869,clear,0,40.3,101,0.539,0,0,-1.000,21.40,3.66,0.0254,0.0243
57.937,1.289,0,,,,,0,,,,GLOBAL,0.892,clear,0,40.3,101,0.559,0,0,-1.000,21.40,3.74,0.0454,0.0192
57.958,1.393,0,,,,,0,,,,GLOBAL,0.912,clear,0,40.3,101,0.580,0,0,-1.000,21.40,3.74,0.0417,0.0108
57.977,1.586,0,,,,,0,,,,GLOBAL,0.937,clear,0,40.3,101,0.599,0,0,-1.000,21.40,3.93,0.0335,0.0069
57.997,1.708,0,,,,,0,,,,GLOBAL,0.937,clear,0,40.3,101,0.619,0,0,-1.000,18.14,4.02,0.0331,0.0005
58.017,1.674,0,,,,,0,,,,GLOBAL,0.963,clear,0,40.3,101,0.639,0,0,-1.000,16.42,4.13,0.0273,0.0210
58.037,1.561,0,,,,,0,,,,GLOBAL,0.983,clear,0,40.3,101,0.659,0,0,-1.000,16.42,4.13,0.0469,0.0178
58.057,1.431,0,,,,,0,,,,GLOBAL,1.000,clear,0,40.3,101,0.679,0,0,-1.000,14.55,4.20,0.0435,0.0110
58.077,1.352,0,,,,,0,,,,GLOBAL,1.000,clear,0,40.3,101,0.699,0,0,-1.000,14.51,4.27,0.0369,0.0108
58.097,1.354,0,,,,,0,,,,GLOBAL,1.000,clear,0,40.3,101,0.719,0,0,-1.000,14.51,4.27,0.0339,0.0035
58.117,1.383,0,,,,,0,,,,GLOBAL,1.000,clear,0,40.3,101,0.739,0,0,-1.000,13.47,4.25,0.0268,0.0234
58.137,1.420,0,,,,,0,,,,GLOBAL,1.000,clear,0,40.3,101,0.759,0,0,-1.000,12.18,4.23,0.0472,0.0195
58.157,1.484,0,,,,,0,,,,GLOBAL,1.000,clear,0,40.3,101,0.779,0,0,-1.000,12.18,4.23,0.0423,0.0142
58.177,1.544,0,,,,,0,,,,GLOBAL,1.000,clear,0,40.3,101,0.799,0,0,-1.000,10.93,4.23,0.0369,0.0073
58.197,1.613,0,,,,,0,,,,GLOBAL,1.000,clear,0,40.3,101,0.819,0,0,-1.000,10.93,4.23,0.0328,0.0005
58.217,1.703,0,,,,,0,,,,GLOBAL,1.000,clear,0,40.3,101,0.839,0,0,-1.000,8.66,4.21,0.0269,0.0205
58.237,1.797,0,,,,,0,,,,GLOBAL,1.000,clear,0,40.3,101,0.859,0,0,-1.000,8.69,4.21,0.0466,0.0156
58.257,1.886,0,,,,,0,,,,GLOBAL,1.000,clear,0,40.3,101,0.879,0,0,-1.000,8.69,4.21,0.0427,0.0108
58.277,1.992,0,,,,,0,,,,GLOBAL,1.000,clear,0,40.3,101,0.899,0,0,-1.000,4.80,4.18,0.0372,0.0064
58.297,2.106,0,,,,,0,,,,GLOBAL,1.000,clear,0,40.3,101,0.919,0,0,-1.000,2.91,4.18,0.0329,0.0007
58.317,2.201,0,,,,,0,,,,GLOBAL,1.000,clear,0,40.3,101,0.939,0,0,-1.000,1.45,4.16,0.0271,0.0206
58.338,2.307,0,,,,,0,,,,GLOBAL,1.000,clear,0,40.3,101,0.960,0,0,-1.000,1.45,4.16,0.0479,0.0148
58.357,2.395,0,,,,,0,,,,GLOBAL,1.000,clear,0,40.3,101,0.979,0,0,-1.000,1.64,4.14,0.0429,0.0117
58.377,2.495,0,,,,,0,,,,GLOBAL,1.000,clear,0,40.3,101,0.999,0,0,-1.000,1.31,4.12,0.0371,0.0094
58.397,2.586,0,,,,,0,,,,GLOBAL,1.000,clear,0,40.3,101,1.019,0,0,-1.000,1.31,4.12,0.0329,0.0293
58.417,2.677,0,,,,,0,,,,GLOBAL,1.000,clear,0,40.3,101,1.039,0,0,-1.000,0.43,4.10,0.0258,0.0197
58.437,2.750,0,,,,,0,,,,GLOBAL,1.000,clear,0,40.3,101,1.059,0,0,-1.000,-0.79,4.06,0.0458,0.0191
58.457,2.829,0,,,,,0,,,,GLOBAL,1.000,clear,0,40.3,101,1.079,0,0,-1.000,-0.79,4.06,0.0414,0.0160
58.477,2.892,0,,,,,0,,,,GLOBAL,1.000,clear,0,40.3,101,1.099,0,0,-1.000,-0.70,4.06,0.0376,0.0100
58.498,2.957,0,,,,,0,,,,GLOBAL,1.000,clear,0,40.3,101,1.119,0,0,-1.000,-2.91,4.02,0.0338,0.0305
58.517,3.030,0,,,,,0,,,,GLOBAL,1.000,clear,0,40.3,101,1.139,0,0,-1.000,-2.91,4.02,0.0280,0.0174
58.537,3.098,0,,,,,0,,,,GLOBAL,1.000,clear,0,40.3,101,1.159,0,0,-1.000,-4.35,3.98,0.0477,0.0136
58.558,3.153,0,,,,,0,,,,GLOBAL,1.000,clear,0,40.3,101,1.180,0,0,-1.000,-5.23,3.98,0.0416,0.0138
58.578,3.153,0,,,,,0,,,,GLOBAL,1.000,clear,0,40.3,101,1.200,0,0,-1.000,-5.23,3.98,0.0371,0.0340
58.599,3.246,0,,,,,0,,,,GLOBAL,1.000,clear,0,40.3,101,1.221,0,0,-1.000,-6.08,3.95,0.0300,0.0173
58.617,3.294,0,,,,,0,,,,GLOBAL,1.000,clear,0,40.3,101,1.239,0,0,-1.000,-6.08,3.95,0.0279,0.0149
58.637,3.350,0,,,,,0,,,,GLOBAL,1.000,clear,0,40.3,101,1.259,0,0,-1.000,-6.97,3.93,0.0481,0.0131
58.657,3.408,0,,,,,0,,,7.266,GLOBAL,1.000,clear,0,40.3,101,1.279,0,0,-1.000,-8.29,3.89,0.0426,0.0110
58.677,3.467,0,,,,,0,,,,GLOBAL,1.000,clear,0,40.3,101,1.299,0,0,-1.000,-8.29,3.89,0.0365,0.0074
58.697,3.520,0,,,,,0,,,,GLOBAL,1.000,clear,0,40.3,101,1.319,0,0,-1.000,-8.43,3.87,0.0322,0.0005
58.717,3.581,0,,,,,0,,,,GLOBAL,1.000,clear,0,40.3,101,1.339,0,0,-1.000,-8.43,3.87,0.0268,0.0206
58.737,3.630,0,,,,,0,,,,GLOBAL,1.000,clear,0,40.3,101,1.359,0,0,-1.000,-7.27,3.81,0.0467,0.0162
58.757,3.681,0,,,,,0,,,,GLOBAL,1.000,clear,0,40.3,101,1.379,0,0,-1.000,-7.27,3.81,0.0427,0.0122
58.777,3.716,0,,,,,0,,,,GLOBAL,1.000,clear,0,40.3,101,1.399,0,0,-1.000,-5.28,3.76,0.0374,0.0061
58.797,3.749,0,,,,,0,,,,GLOBAL,1.000,clear,0,40.3,101,1.419,0,0,-1.000,-5.28,3.76,0.0330,0.0004
58.817,3.775,0,,,,,0,,,,GLOBAL,1.000,clear,0,40.3,101,1.439,0,0,-1.000,-4.73,3.72,0.0270,0.0204
58.837,3.790,0,,,,,0,,,,GLOBAL,1.000,clear,0,40.3,101,1.459,0,0,-1.000,-3.12,3.68,0.0466,0.0122
58.857,3.797,0,,,,,0,,,,GLOBAL,1.000,clear,0,40.3,101,1.479,0,0,-1.000,-3.12,3.68,0.0425,0.0100
58.877,3.799,0,,,,,0,,,,GLOBAL,1.000,clear,0,40.3,101,1.499,0,0,-1.000,-2.85,3.64,0.0369,0.0065
58.897,3.776,0,,,,,0,,,,GLOBAL,1.000,clear,0,40.3,101,1.519,0,0,1.550,0.03,3.59,0.0331,0.0266
58.918,3.752,0,,,,,0,,,,GLOBAL,1.000,clear,0,40.3,101,1.539,0,0,1.550,1.08,3.55,0.0536,0.0172
58.937,3.713,0,,,,,0,,,,GLOBAL,1.000,clear,0,40.3,101,1.559,0,0,1.590,1.08,3.55,0.0470,0.0135
58.957,3.657,0,,,,,0,,,,GLOBAL,1.000,clear,0,40.3,101,1.579,0,0,1.590,3.06,3.51,0.0405,0.0119
58.977,3.613,0,,,,,0,,,,GLOBAL,1.000,clear,0,40.3,101,1.599,0,0,1.542,3.63,3.46,0.0370,0.0018
58.997,3.578,0,,,,,0,,,,GLOBAL,1.000,clear,0,40.3,101,1.619,0,0,-1.000,3.63,3.46,0.0272,0.0219
59.017,3.561,0,,,,,0,,,,GLOBAL,1.000,clear,0,40.3,101,1.639,0,0,-1.000,4.14,3.39,0.0273,0.0187
59.037,3.550,0,,,,,0,,,,GLOBAL,1.000,clear,0,40.3,101,1.659,0,0,-1.000,4.14,3.39,0.0474,0.0146
59.057,3.534,0,,,,,0,,,,GLOBAL,0.969,clear,0,40.3,101,1.679,0,0,-1.000,4.24,3.37,0.0418,0.0107
59.077,3.519,0,,,,,0,,,,GLOBAL,0.999,clear,0,40.3,101,1.699,0,0,-1.000,-0.54,3.59,0.0360,0.0094
59.097,3.491,0,,,,,0,,,,GLOBAL,1.000,clear,0,40.3,101,1.719,0,0,-1.000,-0.54,3.59,0.0322,0.0030
59.117,3.487,0,,,,,0,,,,GLOBAL,1.000,clear,0,40.3,101,1.739,0,0,-1.000,-1.38,3.64,0.0265,0.0230
59.137,3.469,0,,,,,0,,,,GLOBAL,1.000,clear,0,40.3,101,1.759,0,0,-1.000,-0.20,3.59,0.0464,0.0147
59.157,3.468,0,,,,,0,,,,GLOBAL,1.000,clear,0,40.3,101,1.779,0,0,-1.000,0.37,3.57,0.0424,0.0114
59.177,3.486,0,,,,,0,,,,GLOBAL,1.000,clear,0,40.3,101,1.799,0,0,-1.000,0.37,3.57,0.0361,0.0062
59.197,3.528,0,,,,,0,,,,GLOBAL,1.000,clear,0,40.3,101,1.819,0,0,-1.000,0.50,3.53,0.0327,0.0016
59.218,3.569,0,,,,,0,,,,GLOBAL,1.000,clear,0,40.3,101,1.839,0,0,-1.000,0.51,3.48,0.0275,0.0222
59.237,3.572,0,,,,,0,,,,GLOBAL,1.000,clear,0,40.3,101,1.859,0,0,-1.000,0.51,3.48,0.0470,0.0158
59.257,3.535,0,,,,,0,,,,GLOBAL,1.000,clear,0,40.3,101,1.879,0,0,-1.000,0.70,3.44,0.0427,0.0118
59.277,3.477,0,,,,,0,,,,GLOBAL,1.000,clear,0,40.3,101,1.899,0,0,-1.000,0.89,3.39,0.0365,0.0042
59.297,3.412,0,,,,,0,,,,GLOBAL,1.000,clear,0,40.3,101,1.919,0,0,-1.000,0.89,3.39,0.0314,0.0242
59.318,3.368,0,,,,,0,,,,GLOBAL,1.000,clear,0,40.3,101,1.939,0,0,-1.000,0.99,3.37,0.0255,0.0167
59.337,3.346,0,,,,,0,,,,GLOBAL,1.000,clear,0,40.3,101,1.959,0,0,-1.000,1.02,3.35,0.0449,0.0134
59.357,3.334,0,,,,,0,,,0.808,GLOBAL,1.000,clear,0,40.3,101,1.979,0,0,-1.000,1.02,3.35,0.0396,0.0134
59.377,3.332,0,,,,,0,,,0.724,GLOBAL,1.000,clear,0,40.3,101,1.999,0,0,-1.000,1.19,3.30,0.0329,0.0065
59.398,3.331,0,,,,,0,,,0.724,GLOBAL,1.000,clear,0,40.3,101,2.019,0,0,-1.000,1.19,3.30,0.0304,0.0267
59.417,3.329,0,,,,,0,,,,GLOBAL,1.000,clear,0,40.3,101,2.039,0,0,-1.000,1.35,3.25,0.0273,0.0182
59.437,3.308,0,,,,,0,,,0.846,GLOBAL,1.000,clear,0,40.3,101,2.059,0,0,-1.000,1.45,3.23,0.0471,0.0140
59.457,3.266,0,,,,,0,,,,GLOBAL,1.000,clear,0,40.3,101,2.079,0,0,-1.000,2.08,3.18,0.0420,0.0116
59.477,3.226,0,,,,,0,,,0.820,GLOBAL,1.000,clear,0,40.3,101,2.099,0,0,-1.000,2.08,3.18,0.0370,0.0043
59.498,3.210,0,,,,,0,,,0.820,GLOBAL,1.000,clear,0,40.3,101,2.119,0,0,-1.000,2.89,3.13,0.0326,0.0248
59.517,3.206,0,,,,,0,,,,GLOBAL,1.000,clear,0,40.3,101,2.139,0,0,-1.000,2.89,3.13,0.0265,0.0136
59.537,3.191,0,,,,,0,,,,GLOBAL,1.000,clear,0,40.3,101,2.159,0,0,-1.000,3.64,3.08,0.0467,0.0155
59.557,3.175,0,,,,,0,,,,GLOBAL,1.000,clear,0,40.3,101,2.179,0,0,-1.000,4.03,3.03,0.0425,0.0125
59.577,3.164,0,,,,,0,,,,GLOBAL,1.000,clear,0,40.3,101,2.199,0,0,-1.000,4.03,3.03,0.0367,0.0093
59.597,3.129,0,,,,,0,,,,GLOBAL,1.000,clear,0,40.3,101,2.219,0,0,-1.000,4.82,3.00,0.0329,0.0295
59.618,3.118,0,,,,,0,,,,GLOBAL,1.000,clear,0,40.3,101,2.239,0,0,-1.000,5.14,3.00,0.0274,0.0150
59.637,3.090,0,,,,,0,,,,GLOBAL,1.000,clear,0,40.3,101,2.259,0,0,-1.000,5.93,3.00,0.0469,0.0153
59.657,3.062,0,,,,,0,,,,GLOBAL,1.000,clear,0,40.3,101,2.279,0,0,-1.000,5.93,3.00,0.0410,0.0122
59.677,3.042,0,,,,,0,,,,GLOBAL,1.000,clear,0,40.3,101,2.299,0,0,-1.000,5.96,3.00,0.0368,0.0006
59.698,3.024,0,,,,,0,,,,GLOBAL,1.000,clear,0,40.3,101,2.319,0,0,-1.000,5.96,3.00,0.0318,0.0209
59.718,2.994,0,,,,,0,,,,GLOBAL,1.000,clear,0,40.3,101,2.340,0,0,-1.000,6.35,3.00,0.0274,0.0126
59.737,2.988,0,,,,,0,,,,GLOBAL,1.000,clear,0,40.3,101,2.359,0,0,-1.000,7.41,3.00,0.0467,0.0167
59.757,2.986,0,,,,,0,,,,GLOBAL,1.000,clear,0,40.3,101,2.379,0,0,-1.000,7.49,3.00,0.0405,0.0123
59.777,2.981,0,,,,,0,,,,GLOBAL,1.000,clear,0,40.3,101,2.399,0,0,-1.000,7.49,3.00,0.0372,0.0057
59.797,2.976,0,,,,,0,,,,GLOBAL,1.000,clear,0,40.3,101,2.419,0,0,-1.000,8.20,3.00,0.0315,0.0257
59.817,2.978,0,,,,,0,,,,GLOBAL,1.000,clear,0,40.3,101,2.439,0,0,-1.000,8.12,3.00,0.0517,0.0171
59.837,2.977,0,,,,,0,,,,GLOBAL,1.000,clear,0,40.3,101,2.459,0,0,-1.000,8.12,3.00,0.0464,0.0151
59.857,2.975,0,,,,,0,,,,GLOBAL,1.000,clear,0,40.3,101,2.479,0,0,-1.000,9.08,3.00,0.0417,0.0123
59.877,2.965,0,,,,,0,,,,GLOBAL,1.000,clear,0,40.3,101,2.499,0,0,-1.000,9.84,3.00,0.0362,0.0073
59.897,2.940,0,,,,,0,,,,GLOBAL,1.000,clear,0,40.3,101,2.519,0,0,-1.000,9.84,3.00,0.0320,0.0272
59.917,2.923,0,,,,,0,,,,GLOBAL,1.000,clear,0,40.3,101,2.539,0,0,-1.000,9.95,3.00,0.0264,0.0174
59.938,2.905,0,,,,,0,,,,GLOBAL,1.000,clear,0,40.3,101,2.559,0,0,-1.000,9.91,3.00,0.0467,0.0130
59.957,2.894,0,,,,,0,,,,GLOBAL,1.000,clear,0,40.3,101,2.579,0,0,-1.000,9.91,3.00,0.0420,0.0120
59.977,2.898,0,,,,,0,,,,GLOBAL,1.000,clear,0,40.3,101,2.599,0,0,-1.000,11.36,3.00,0.0362,0.0042
59.997,2.890,0,,,,,0,,,,GLOBAL,1.000,clear,0,40.3,101,2.619,0,0,-1.000,12.35,3.00,0.0323,0.0246
60.017,2.886,0,,,,,0,,,,GLOBAL,1.000,clear,0,40.3,101,2.639,0,0,-1.000,12.35,3.00,0.0264,0.0122
60.037,2.887,0,,,,,0,,,,GLOBAL,1.000,clear,0,40.3,101,2.659,0,0,-1.000,12.05,3.00,0.0464,0.0137
60.057,2.881,0,,,,,0,,,,GLOBAL,1.000,clear,0,40.3,101,2.679,0,0,-1.000,12.63,3.00,0.0424,0.0128
60.077,2.885,0,,,,,0,,,,GLOBAL,1.000,clear,0,40.3,101,2.699,0,0,-1.000,12.63,3.00,0.0368,0.0095
60.097,2.889,0,,,,,0,,,,GLOBAL,1.000,clear,0,40.3,101,2.719,0,0,-1.000,12.25,3.00,0.0327,0.0011
60.118,2.883,0,,,,,0,,,,GLOBAL,1.000,clear,0,40.3,101,2.739,0,0,-1.000,13.06,3.00,0.0275,0.0217
60.137,2.879,0,,,,,0,,,,GLOBAL,1.000,clear,0,40.3,101,2.759,0,0,-1.000,13.06,3.00,0.0471,0.0165
60.157,2.869,0,,,,,0,,,,GLOBAL,1.000,clear,0,40.3,101,2.779,0,0,-1.000,12.58,3.00,0.0396,0.0131
60.177,2.865,0,,,,,0,,,,GLOBAL,1.000,clear,0,40.3,101,2.799,0,0,-1.000,12.58,3.00,0.0337,0.0069
60.197,2.872,0,,,,,0,,,,GLOBAL,1.000,clear,0,40.3,101,2.819,0,0,-1.000,12.10,3.00,0.0298,0.0040
60.217,2.871,0,,,,,0,,,,GLOBAL,1.000,clear,0,40.3,101,2.839,0,0,-1.000,13.57,3.00,0.0255,0.0240
60.237,2.869,0,,,,,0,,,,GLOBAL,1.000,clear,0,40.3,101,2.859,0,0,-1.000,11.86,3.00,0.0455,0.0186
60.257,2.869,0,,,,,0,,,,GLOBAL,1.000,clear,0,40.3,101,2.879,0,0,-1.000,11.86,3.00,0.0402,0.0138
60.277,2.863,0,,,,,0,,,,GLOBAL,1.000,clear,0,40.3,101,2.899,0,0,-1.000,11.54,3.00,0.0355,0.0088
60.297,2.863,0,,,,,0,,,,GLOBAL,1.000,clear,0,40.3,101,2.919,0,0,-1.000,10.82,3.00,0.0306,0.0039
60.317,2.870,0,,,,,0,,,,GLOBAL,1.000,clear,0,40.3,101,2.939,0,0,-1.000,10.82,3.00,0.0258,0.0238
60.337,2.864,0,,,,,0,,,,GLOBAL,1.000,clear,0,40.3,101,2.959,0,0,-1.000,10.48,3.00,0.0456,0.0185
60.357,2.873,0,,,,,0,,,,GLOBAL,1.000,clear,0,40.3,101,2.979,0,0,-1.000,9.79,3.00,0.0408,0.0115
60.377,2.873,0,,,,,0,,,,GLOBAL,1.000,clear,0,40.3,101,2.999,0,0,-1.000,9.79,3.00,0.0347,0.0044
60.397,2.862,0,,,,,0,,,,GLOBAL,1.000,clear,0,40.3,101,3.019,0,0,-1.000,9.41,3.00,0.0291,0.0032
60.418,2.870,0,,,,,0,,,,GLOBAL,1.000,clear,0,40.3,101,3.040,0,0,-1.000,9.19,3.00,0.0239,0.0242
60.437,2.872,0,,,,,0,,,,GLOBAL,1.000,clear,0,40.3,101,3.059,0,0,-1.000,9.19,3.00,0.0429,0.0169
60.457,2.859,0,,,,,0,,,,GLOBAL,1.000,clear,0,40.3,101,3.079,0,0,-1.000,8.90,3.00,0.0413,0.0131
60.477,2.870,0,,,,,0,,,,GLOBAL,1.000,clear,0,40.3,101,3.099,0,0,-1.000,8.90,3.00,0.0363,0.0064
60.497,2.872,0,,,,,0,,,,GLOBAL,1.000,clear,0,40.3,101,3.119,0,0,-1.000,9.05,3.00,0.0323,0.0264
60.517,2.857,0,,,,,0,,,,GLOBAL,1.000,clear,0,40.3,101,3.139,0,0,-1.000,8.60,3.00,0.0266,0.0187
60.537,2.866,0,,,,,0,,,,GLOBAL,1.000,clear,0,40.3,101,3.159,0,0,-1.000,8.53,3.00,0.0468,0.0171
60.557,2.873,0,,,,,0,,,,GLOBAL,1.000,clear,0,40.3,101,3.179,0,0,-1.000,8.53,3.00,0.0424,0.0114
60.577,2.857,0,,,,,0,,,,GLOBAL,1.000,clear,0,40.3,101,3.199,0,0,-1.000,8.05,3.00,0.0367,0.0075
60.597,2.876,0,,,,,0,,,,GLOBAL,1.000,clear,0,40.3,101,3.219,0,0,-1.000,8.05,3.00,0.0325,0.0035
60.617,2.876,0,,,,,0,,,,GLOBAL,1.000,clear,0,40.3,101,3.239,0,0,-1.000,8.09,3.00,0.0254,0.0234
60.637,2.868,0,,,,,0,,,,GLOBAL,1.000,clear,0,40.3,101,3.259,0,0,-1.000,7.66,3.00,0.0454,0.0181
60.657,2.880,0,,,,,0,,,,GLOBAL,1.000,clear,0,40.3,101,3.279,0,0,-1.000,7.68,3.00,0.0400,0.0127
60.677,2.882,0,,,,,0,,,,GLOBAL,1.000,clear,0,40.3,101,3.299,0,0,-1.000,7.68,3.00,0.0357,0.0086
60.697,2.869,0,,,,,0,,,,GLOBAL,1.000,clear,0,40.3,101,3.319,0,0,-1.000,7.12,3.00,0.0301,0.0035
60.717,2.892,0,,,,,0,,,,GLOBAL,1.000,clear,0,40.3,101,3.339,0,0,-1.000,7.32,3.00,0.0260,0.0235
60.737,2.889,0,,,,,0,,,,GLOBAL,1.000,clear,0,40.3,101,3.359,0,0,-1.000,7.32,3.00,0.0460,0.0167
60.757,2.885,0,,,,,0,,,,GLOBAL,1.000,clear,0,40.3,101,3.379,0,0,-1.000,7.56,3.00,0.0403,0.0124
60.778,2.895,0,,,,,0,,,,GLOBAL,1.000,clear,0,40.3,101,3.399,0,0,-1.000,6.62,3.00,0.0365,0.0093
60.797,2.895,0,,,,,0,,,,GLOBAL,1.000,clear,0,40.3,101,3.419,0,0,-1.000,6.62,3.00,0.0301,0.0287
60.818,2.889,0,,,,,0,,,,GLOBAL,1.000,clear,0,40.3,101,3.439,0,0,-1.000,7.26,3.00,0.0268,0.0169
60.837,2.903,0,,,,,0,,,,GLOBAL,1.000,clear,0,40.3,101,3.459,0,0,-1.000,6.27,3.00,0.0463,0.0126
60.857,2.897,0,,,,,0,,,,GLOBAL,1.000,clear,0,40.3,101,3.479,0,0,-1.000,6.27,3.00,0.0405,0.0130
60.878,2.897,0,,,,,0,,,,GLOBAL,1.000,clear,0,40.3,101,3.499,0,0,-1.000,6.15,3.00,0.0354,0.0078
60.897,2.903,0,,,,,0,,,,GLOBAL,1.000,clear,0,40.3,101,3.519,0,0,-1.000,6.77,3.00,0.0307,0.0273
60.917,2.904,0,,,,,0,,,,GLOBAL,1.000,clear,0,40.3,101,3.539,0,0,-1.000,6.77,3.00,0.0248,0.0158
60.937,2.900,0,,,,,0,,,,GLOBAL,1.000,clear,0,40.3,101,3.559,0,0,-1.000,6.30,3.00,0.0445,0.0136
60.957,2.906,0,,,,,0,,,,GLOBAL,1.000,clear,0,40.3,101,3.579,0,0,-1.000,6.49,3.00,0.0409,0.0117
60.977,2.903,0,,,,,0,,,,GLOBAL,1.000,clear,0,40.3,101,3.599,0,0,-1.000,6.49,3.00,0.0353,0.0097
60.997,2.906,0,,,,,0,,,,GLOBAL,1.000,clear,0,40.3,101,3.619,0,0,-1.000,6.58,3.00,0.0307,0.0027
61.017,2.906,0,,,,,0,,,,GLOBAL,1.000,clear,0,40.3,101,3.639,0,0,-1.000,6.50,3.00,0.0191,0.0229
61.037,2.909,0,,,,,0,,,,GLOBAL,1.000,clear,0,40.3,101,3.659,0,0,-1.000,6.50,3.00,0.0389,0.0169
61.057,2.905,0,,,,,0,,,,GLOBAL,1.000,clear,0,40.3,101,3.679,0,0,-1.000,6.48,3.00,0.0406,0.0116
61.077,2.909,0,,,,,0,,,,GLOBAL,1.000,clear,0,40.3,101,3.699,0,0,-1.000,6.70,3.00,0.0342,0.0072
61.098,2.913,0,,,,,0,,,,GLOBAL,1.000,clear,0,40.3,101,3.719,0,0,-1.000,6.70,3.00,0.0302,0.0014
61.117,2.914,0,,,,,0,,,,GLOBAL,1.000,clear,0,40.3,101,3.739,0,0,-1.000,7.36,3.00,0.0258,0.0211
61.137,2.912,0,,,,,0,,,,GLOBAL,1.000,clear,0,40.3,101,3.759,0,0,-1.000,7.63,3.00,0.0457,0.0159
61.157,2.918,0,,,,,0,,,,GLOBAL,1.000,clear,0,40.3,101,3.779,0,0,-1.000,7.63,3.00,0.0400,0.0134
61.177,2.911,1,3.120,3.273,-1.112,0.336,1,3.120,3.120,,GLOBAL,1.000,clear,0,40.3,101,3.799,0,0,-1.000,7.72,3.00,0.0355,0.0080
61.197,2.914,0,,,,,0,,,3.054,GLOBAL,1.000,clear,0,40.3,101,3.819,0,0,-1.000,7.72,3.00,0.0296,0.0039
61.218,2.919,0,,,,,0,,,3.054,GLOBAL,1.000,clear,0,40.3,101,3.839,0,0,-1.000,7.42,3.00,0.0211,0.0244
61.237,2.911,0,,,,,0,,,,GLOBAL,1.000,clear,0,40.3,101,3.859,0,0,-1.000,8.38,3.00,0.0407,0.0185
61.257,2.913,1,2.920,3.004,-1.305,0.356,1,2.920,2.920,,GLOBAL,1.000,clear,0,40.3,101,3.879,0,0,-1.000,8.38,3.00,0.0404,0.0139
61.277,2.921,1,2.795,2.916,-1.356,0.421,1,2.795,2.795,,GLOBAL,1.000,clear,0,40.3,101,3.899,0,0,-1.000,8.95,3.00,0.0356,0.0064
61.297,2.911,0,,,,,0,,,,GLOBAL,1.000,clear,0,40.3,101,3.919,0,0,-1.000,8.60,3.00,0.0302,0.0028
61.317,2.919,0,,,,,0,,,,GLOBAL,1.000,clear,0,40.3,101,3.939,0,0,-1.000,10.01,3.00,0.0212,0.0229
61.337,2.921,0,,,,,0,,,,GLOBAL,1.000,clear,0,40.3,101,3.959,0,0,-1.000,10.01,3.00,0.0408,0.0175
61.357,2.911,0,,,,,0,,,,GLOBAL,1.000,clear,0,40.3,101,3.979,0,0,-1.000,11.09,3.00,0.0389,0.0115
61.377,2.918,0,,,,,0,,,,GLOBAL,1.000,clear,0,40.3,101,3.999,0,0,-1.000,11.09,3.00,0.0347,0.0085
61.397,2.923,0,,,,,0,,,,GLOBAL,1.000,clear,0,40.3,101,4.019,0,0,-1.000,12.69,3.00,0.0305,0.0028
61.418,2.912,0,,,,,0,,,,GLOBAL,1.000,clear,0,40.3,101,4.039,0,0,-1.000,13.08,3.00,0.0224,0.0233
61.437,2.924,0,,,,,0,,,,GLOBAL,1.000,clear,0,40.3,101,4.059,0,0,-1.000,15.50,3.00,0.0421,0.0179
61.457,2.923,0,,,,,0,,,,GLOBAL,1.000,clear,0,40.3,101,4.079,0,0,-1.000,15.50,3.00,0.0406,0.0104
61.477,2.911,0,,,,,0,,,,GLOBAL,1.000,clear,0,40.3,101,4.099,0,0,-1.000,16.42,3.00,0.0361,0.0032
61.497,2.911,0,,,,,0,,,,GLOBAL,1.000,clear,0,40.3,101,4.119,0,0,-1.000,16.42,3.00,0.0275,0.0035
61.517,2.918,0,,,,,0,,,,GLOBAL,1.000,clear,0,40.3,101,4.139,0,0,-1.000,16.41,3.00,0.0208,0.0236
61.537,2.907,0,,,,,0,,,,GLOBAL,1.000,clear,0,40.3,101,4.159,0,0,-1.000,16.68,3.00,0.0406,0.0166
61.557,2.926,0,,,,,0,,,,GLOBAL,1.000,clear,0,40.3,101,4.179,0,0,-1.000,16.95,3.00,0.0409,0.0139
61.577,2.911,0,,,,,0,,,,GLOBAL,1.000,clear,0,40.3,101,4.199,0,0,-1.000,16.95,3.00,0.0356,0.0076
61.597,2.911,0,,,,,0,,,,GLOBAL,1.000,clear,0,40.3,101,4.219,0,0,-1.000,16.96,3.00,0.0292,0.0013
61.619,2.922,0,,,,,0,,,,GLOBAL,1.000,clear,0,40.3,101,4.241,0,0,-1.000,16.96,3.00,0.0508,0.0229
61.638,2.900,0,,,,,0,,,,GLOBAL,1.000,clear,0,40.3,101,4.260,0,0,-1.000,16.41,3.00,0.0440,0.0181
61.657,2.900,0,,,,,0,,,,GLOBAL,1.000,clear,0,40.3,101,4.279,0,0,-1.000,15.88,3.00,0.0409,0.0121
61.677,2.906,0,,,,,0,,,,GLOBAL,1.000,clear,0,40.3,101,4.299,0,0,-1.000,15.29,3.00,0.0358,0.0092
61.697,2.884,0,,,,,0,,,,GLOBAL,1.000,clear,0,40.3,101,4.319,0,0,-1.000,15.29,3.00,0.0317,0.0016
61.717,2.894,0,,,,,0,,,,GLOBAL,1.000,clear,0,40.3,101,4.339,0,0,-1.000,14.61,3.00,0.0516,0.0216
61.737,2.894,0,,,,,0,,,,GLOBAL,1.000,clear,0,40.3,101,4.359,0,0,-1.000,14.57,3.00,0.0458,0.0169
61.757,2.872,0,,,,,0,,,,GLOBAL,1.000,clear,0,40.3,101,4.379,0,0,-1.000,14.57,3.00,0.0401,0.0125
61.777,2.880,0,,,,,0,,,,GLOBAL,1.000,clear,0,40.3,101,4.399,0,0,-1.000,15.26,3.00,0.0352,0.0049
61.797,2.877,0,,,,,0,,,,GLOBAL,1.000,clear,0,40.3,101,4.419,0,0,-1.000,15.26,3.00,0.0270,0.0250
61.817,2.861,0,,,,,0,,,,GLOBAL,1.000,clear,0,40.3,101,4.439,0,0,-1.000,16.22,3.00,0.0215,0.0187
61.837,2.873,0,,,,,0,,,,GLOBAL,1.000,clear,0,40.3,101,4.459,0,0,-1.000,17.19,3.00,0.0416,0.0192
61.857,2.872,1,2.414,2.603,1.058,0.395,1,2.414,2.414,,GLOBAL,1.000,clear,0,40.3,101,4.479,0,0,-1.000,17.75,3.00,0.0409,0.0146
61.877,2.854,1,2.354,2.583,0.928,0.391,1,2.354,2.354,,GLOBAL,1.000,clear,0,40.3,101,4.499,0,0,-1.000,17.75,3.00,0.0360,0.0089
61.897,2.863,1,2.273,2.541,0.839,0.403,1,2.273,2.273,,GLOBAL,1.000,clear,0,40.3,101,4.519,0,0,-1.000,18.84,3.00,0.0308,0.0042
61.917,2.859,1,2.273,2.541,0.839,0.403,1,2.273,2.273,,GLOBAL,1.000,clear,0,40.3,101,4.539,0,0,-1.000,20.45,3.00,0.0213,0.0239
61.937,2.849,1,2.270,2.521,0.685,0.342,1,2.270,2.270,,GLOBAL,1.000,clear,0,40.3,101,4.559,0,0,-1.000,20.45,3.00,0.0413,0.0187
61.957,2.861,0,,,,,0,,,2.307,GLOBAL,1.000,clear,0,40.3,101,4.579,0,0,-1.000,19.62,3.00,0.0359,0.0103
61.977,2.857,0,,,,,0,,,2.136,GLOBAL,1.000,clear,0,40.3,101,4.599,0,0,-1.000,19.62,3.00,0.0283,0.0087
61.997,2.843,0,,,,,0,,,2.136,GLOBAL,1.000,clear,0,40.3,101,4.619,0,0,-1.000,20.41,3.00,0.0305,0.0288
62.018,2.859,0,,,,,0,,,,GLOBAL,1.000,clear,0,40.3,101,4.639,0,0,-1.000,21.40,3.00,0.0261,0.0195
62.037,2.849,0,,,,,0,,,2.386,GLOBAL,1.000,clear,0,40.3,101,4.659,0,0,-1.000,21.40,3.00,0.0454,0.0181
62.057,2.830,1,2.309,2.338,1.029,0.245,1,2.309,2.309,1.890,GLOBAL,1.000,clear,0,40.3,101,4.679,0,0,-1.000,19.67,3.00,0.0378,0.0127
62.077,2.860,1,2.226,2.308,0.926,0.261,1,2.226,2.226,1.846,GLOBAL,1.000,clear,0,40.3,101,4.699,0,0,-1.000,18.79,3.00,0.0348,0.0092
62.097,2.846,0,,,,,0,,,2.253,GLOBAL,1.000,clear,0,40.3,101,4.719,0,0,-1.000,17.79,3.00,0.0329,0.0033
62.117,2.806,0,,,,,0,,,2.253,GLOBAL,1.000,clear,0,40.3,101,4.739,0,0,-1.000,17.79,3.00,0.0268,0.0230
62.137,2.850,1,2.143,2.243,0.787,0.234,1,2.143,2.143,,GLOBAL,1.000,clear,0,40.3,101,4.759,0,0,-1.000,16.90,3.00,0.0468,0.0176
62.157,2.834,1,2.088,2.212,0.676,0.226,1,2.088,2.088,,GLOBAL,1.000,clear,0,40.3,101,4.779,0,0,-1.000,15.90,3.00,0.0423,0.0124
62.177,2.792,1,2.083,2.184,0.623,0.188,1,2.083,2.083,,GLOBAL,1.000,clear,0,40.3,101,4.799,0,0,-1.000,15.90,3.00,0.0369,0.0075
62.197,2.847,1,2.004,2.144,0.532,0.205,1,2.004,2.004,,GLOBAL,1.000,clear,0,40.3,101,4.819,0,0,-1.000,15.42,3.00,0.0329,0.0020
62.218,2.839,1,2.004,2.144,0.532,0.205,1,2.004,2.004,,GLOBAL,1.000,clear,0,40.3,101,4.839,0,0,-1.000,14.09,3.00,0.0268,0.0224
62.237,2.795,1,1.916,2.096,0.427,0.223,1,1.916,1.916,,GLOBAL,1.000,clear,0,40.3,101,4.859,0,0,-1.000,14.09,3.00,0.0462,0.0168
62.258,2.841,0,,,,,0,,,1.942,GLOBAL,1.000,clear,0,40.3,101,4.880,0,0,-1.000,13.45,3.00,0.0422,0.0142
62.277,2.827,1,1.840,2.008,0.255,0.184,1,1.840,1.840,,GLOBAL,1.000,clear,0,40.3,101,4.899,0,0,-1.000,13.45,3.00,0.0371,0.0083
62.297,2.827,1,1.814,1.967,0.184,0.162,1,1.814,1.814,,GLOBAL,1.000,clear,0,40.3,101,4.919,0,0,-1.000,12.38,3.00,0.0317,0.0005
62.318,2.847,1,1.814,1.967,0.184,0.162,1,1.814,1.814,,GLOBAL,1.000,clear,0,40.3,101,4.940,0,0,-1.000,12.07,3.00,0.0213,0.0213
62.337,2.828,1,1.728,1.888,0.063,0.161,1,1.728,1.728,,GLOBAL,1.000,clear,0,40.3,101,4.959,0,0,-1.000,12.07,3.00,0.0404,0.0178
62.357,2.808,1,1.694,1.850,0.009,0.156,1,1.694,1.694,,GLOBAL,1.000,clear,0,40.3,101,4.979,0,0,-1.000,10.74,3.00,0.0421,0.0134
62.377,2.837,1,1.639,1.791,-0.041,0.153,1,1.639,1.639,,GLOBAL,1.000,clear,0,40.3,101,4.999,0,0,-1.000,9.61,3.00,0.0378,0.0071
62.397,2.830,1,1.639,1.791,-0.041,0.153,1,1.639,1.639,,GLOBAL,1.000,clear,0,40.3,101,5.019,0,0,-1.000,7.51,3.00,0.0323,0.0272
62.420,2.817,0,,,,,0,,,1.590,GLOBAL,1.000,clear,0,40.3,101,5.041,0,0,-1.000,7.51,3.00,0.0306,0.0199
62.438,2.845,0,,,,,0,,,1.451,GLOBAL,1.000,clear,0,40.3,101,5.060,0,0,-1.000,7.14,3.00,0.0488,0.0178
62.457,2.840,1,1.376,1.573,-0.274,0.221,1,1.376,1.376,,GLOBAL,1.000,clear,0,40.3,101,5.079,0,0,-1.000,6.30,3.00,0.0426,0.0060
62.478,2.840,0,,,,,0,,,1.308,GLOBAL,1.000,clear,0,40.3,101,5.100,0,0,-1.000,6.30,3.00,0.0376,0.0011
62.497,2.849,1,1.194,1.394,-0.418,0.262,1,1.194,1.194,1.308,GLOBAL,1.000,clear,0,40.3,101,5.119,0,0,-1.000,4.33,3.00,0.0327,0.0005
62.517,2.853,1,1.194,1.394,-0.418,0.262,1,1.194,1.194,,GLOBAL,1.000,clear,0,40.3,101,5.139,0,0,-1.000,4.33,3.00,0.0526,0.0204
62.537,2.852,0,,,,,0,,,1.041,GLOBAL,1.000,clear,0,40.3,101,5.159,0,0,-1.000,3.54,3.00,0.0470,0.0156
62.557,2.876,0,,,,,0,,,0.958,GLOBAL,1.000,clear,0,40.3,101,5.179,0,0,-1.000,1.86,3.00,0.0405,0.0109
62.578,2.876,0,,,,,0,,,1.018,GLOBAL,1.000,clear,0,40.3,101,5.200,0,0,-1.000,1.86,3.00,0.0367,0.0095
62.597,2.866,1,0.918,1.056,-0.635,0.314,1,0.918,0.918,,GLOBAL,1.000,clear,0,40.3,101,5.219,0,0,1.309,1.07,3.00,0.0316,0.0021
62.618,2.876,1,0.918,1.056,-0.635,0.314,1,0.918,0.918,,GLOBAL,1.000,clear,0,40.3,101,5.239,0,0,-1.000,-0.08,3.00,0.0260,0.0229
62.637,2.883,0,,,,,0,,,0.746,GLOBAL,1.000,clear,0,40.3,101,5.259,0,0,-1.000,-1.25,3.00,0.0456,0.0180
62.657,2.887,0,,,,,0,,,0.786,GLOBAL,1.000,clear,0,40.3,101,5.279,0,0,-1.000,-1.25,3.00,0.0402,0.0123
62.677,2.900,1,0.753,0.791,-0.732,0.325,1,0.753,0.753,,GLOBAL,1.000,clear,0,40.3,101,5.299,0,0,-1.000,-2.31,3.00,0.0352,0.0082
62.697,2.905,1,0.753,0.791,-0.732,0.325,1,0.753,0.753,,GLOBAL,1.000,clear,0,40.3,101,5.319,0,0,-1.000,-2.31,3.00,0.0303,0.0282
62.718,2.914,1,0.669,0.697,-0.762,0.363,1,0.669,0.669,,GLOBAL,1.000,clear,0,40.3,101,5.340,0,0,-1.000,-1.94,3.05,0.0512,0.0202
62.737,2.917,1,0.612,0.627,-0.765,0.376,1,0.612,0.612,,GLOBAL,1.000,clear,0,40.3,101,5.359,0,0,-1.000,-3.05,3.09,0.0454,0.0111
62.757,2.934,1,0.617,0.539,-0.772,0.325,1,0.617,0.617,,GLOBAL,1.000,clear,0,40.3,101,5.379,0,0,-1.000,-3.05,3.09,0.0381,0.0122
62.777,2.949,1,0.493,0.481,-0.781,0.425,1,0.493,0.493,,GLOBAL,1.000,clear,0,40.3,101,5.399,0,0,-1.000,-3.05,3.18,0.0350,0.0043
62.798,2.965,1,0.547,0.410,-0.788,0.340,1,0.547,0.547,,GLOBAL,1.000,clear,0,40.3,101,5.419,0,0,-1.000,-3.05,3.18,0.0300,0.0014
62.817,2.981,1,0.547,0.410,-0.788,0.340,1,0.547,0.547,,GLOBAL,1.000,clear,0,40.3,101,5.439,0,0,-1.000,-4.45,3.30,0.0495,0.0209
62.843,3.007,1,0.495,0.350,-0.790,0.368,1,0.495,0.495,,GLOBAL,1.000,clear,0,40.3,101,5.464,0,0,-1.000,-4.45,3.30,0.0503,0.0169
62.858,3.007,0,,,,,1,0.441,0.441,,GLOBAL,1.000,clear,0,40.3,101,5.480,0,0,-1.000,-4.45,3.30,0.0410,0.0100
62.877,3.061,0,,,,,1,0.448,0.448,,GLOBAL,1.000,clear,0,40.3,101,5.499,0,0,-1.000,-4.68,3.35,0.0371,0.0042
62.897,3.090,0,,,,,0,,,,GLOBAL,1.000,clear,0,40.3,101,5.519,0,0,-1.000,-4.53,3.35,0.0311,0.0014
62.918,3.104,0,,,,,0,,,,GLOBAL,1.000,clear,0,40.3,101,5.539,0,0,-1.000,-5.65,3.28,0.0513,0.0216
62.937,3.130,0,,,,,0,,,,GLOBAL,1.000,clear,0,40.3,101,5.559,0,0,-1.000,-5.65,3.28,0.0435,0.0087
62.957,3.140,0,,,,,0,,,,GLOBAL,1.000,clear,0,40.3,101,5.579,0,0,-1.000,-5.28,3.25,0.0397,0.0099
62.977,3.156,0,,,,,0,,,,GLOBAL,1.000,clear,0,40.3,101,5.599,0,0,-1.000,-5.57,3.21,0.0354,0.0075
62.997,3.171,0,,,,,0,,,,GLOBAL,1.000,clear,0,40.3,101,5.619,0,0,-1.000,-6.00,3.21,0.0317,0.0005
63.017,3.182,0,,,,,0,,,,GLOBAL,1.000,clear,0,40.3,101,5.639,0,0,-1.000,-6.00,3.21,0.0255,0.0202
63.037,3.179,0,,,,,0,,,,GLOBAL,1.000,clear,0,40.3,101,5.659,0,0,-1.000,-6.04,3.21,0.0455,0.0181
63.058,3.179,0,,,,,0,,,,GLOBAL,1.000,clear,0,40.3,101,5.679,0,0,-1.000,-6.04,3.21,0.0420,0.0130
63.077,3.183,0,,,,,0,,,,GLOBAL,1.000,clear,0,40.3,101,5.699,0,0,-1.000,-5.88,3.21,0.0356,0.0062
63.098,3.178,0,,,,,0,,,,GLOBAL,1.000,clear,0,40.3,101,5.720,0,0,-1.000,-5.62,3.21,0.0304,0.0034
63.120,3.178,0,,,,,0,,,,GLOBAL,1.000,clear,0,40.3,101,5.742,0,0,-1.000,-5.59,3.21,0.0525,0.0255
63.137,3.177,0,,,,,0,,,,GLOBAL,1.000,clear,0,40.3,101,5.759,0,0,-1.000,-5.59,3.21,0.0460,0.0114
63.157,3.171,0,,,,,0,,,,GLOBAL,1.000,clear,0,40.3,101,5.779,0,0,-1.000,-5.10,3.21,0.0404,0.0122
63.178,3.174,0,,,,,0,,,,GLOBAL,1.000,clear,0,40.3,101,5.800,0,0,-1.000,-4.70,3.21,0.0367,0.0077
63.197,3.173,0,,,,,0,,,,GLOBAL,1.000,clear,0,40.3,101,5.819,0,0,-1.000,-4.70,3.21,0.0304,0.0270
63.217,3.173,0,,,,,0,,,,GLOBAL,1.000,clear,0,40.3,101,5.839,0,0,-1.000,-4.59,3.21,0.0504,0.0161
63.237,3.179,0,,,,,0,,,,GLOBAL,1.000,clear,0,40.3,101,5.859,0,0,-1.000,-4.36,3.21,0.0465,0.0145
63.257,3.179,0,,,,,0,,,,GLOBAL,1.000,clear,0,40.3,101,5.879,0,0,-1.000,-4.36,3.21,0.0410,0.0121
63.277,3.174,0,,,,,0,,,,GLOBAL,1.000,clear,0,40.3,101,5.899,0,0,-1.000,-4.36,3.21,0.0366,0.0318
63.297,3.180,0,,,,,0,,,,GLOBAL,1.000,clear,0,40.3,101,5.919,0,0,-1.000,-3.09,3.26,0.0290,0.0190
63.317,3.174,0,,,,,0,,,,GLOBAL,1.000,clear,0,40.3,101,5.939,0,0,-1.000,-3.09,3.26,0.0252,0.0151
63.337,3.176,0,,,,,0,,,0.948,GLOBAL,1.000,clear,0,40.3,101,5.959,0,0,-1.000,-3.00,3.28,0.0453,0.0172
63.357,3.191,0,,,,,0,,,,GLOBAL,1.000,clear,0,40.3,101,5.979,0,0,-1.000,-2.46,3.34,0.0399,0.0141
63.377,3.192,0,,,,,0,,,,GLOBAL,1.000,clear,0,40.3,101,5.999,0,0,-1.000,-2.46,3.34,0.0354,0.0050
63.397,3.192,0,,,,,0,,,,GLOBAL,1.000,clear,0,40.3,101,6.019,0,0,-1.000,-2.55,3.38,0.0277,0.0023
63.417,3.214,0,,,,,0,,,,GLOBAL,1.000,clear,0,40.3,101,6.039,0,0,-1.000,-2.09,3.41,0.0478,0.0225
63.437,3.214,0,,,,,0,,,,GLOBAL,1.000,clear,0,40.3,101,6.059,0,0,-1.000,-2.09,3.41,0.0432,0.0147
63.457,3.222,0,,,,,0,,,,GLOBAL,1.000,clear,0,40.3,101,6.079,0,0,-1.000,-1.52,3.51,0.0401,0.0124
63.477,3.235,0,,,,,0,,,,GLOBAL,1.000,clear,0,40.3,101,6.099,0,0,-1.000,-1.43,3.58,0.0336,0.0324
63.497,3.261,0,,,,,0,,,,GLOBAL,1.000,clear,0,40.3,101,6.119,0,0,-1.000,-1.43,3.58,0.0312,0.0183
63.517,3.285,0,,,,,0,,,,GLOBAL,1.000,clear,0,40.3,101,6.139,0,0,-1.000,-1.48,3.61,0.0226,0.0154
63.537,3.320,0,,,,,0,,,,GLOBAL,1.000,clear,0,40.3,101,6.159,0,0,-1.000,-1.53,3.64,0.0431,0.0142
63.557,3.348,0,,,,,0,,,,GLOBAL,1.000,clear,0,40.3,101,6.179,0,0,-1.000,-1.53,3.64,0.0421,0.0120
63.577,3.370,0,,,,,0,,,,GLOBAL,1.000,clear,0,40.3,101,6.199,0,0,-1.000,-1.66,3.69,0.0362,0.0045
63.598,3.404,0,,,,,0,,,,GLOBAL,1.000,clear,0,40.3,101,6.219,0,0,-1.000,-1.75,3.74,0.0310,0.0007
63.619,3.421,0,,,,,0,,,,GLOBAL,1.000,clear,0,40.3,101,6.240,0,0,-1.000,-1.75,3.74,0.0520,0.0217
63.637,3.456,0,,,,,0,,,,GLOBAL,1.000,clear,0,40.3,101,6.259,0,0,-1.000,-1.82,3.77,0.0465,0.0160
63.657,3.486,0,,,,,0,,,,GLOBAL,1.000,clear,0,40.3,101,6.279,0,0,-1.000,-1.98,3.81,0.0407,0.0131
63.677,3.514,0,,,,,0,,,,GLOBAL,1.000,clear,0,40.3,101,6.299,0,0,-1.000,-1.98,3.81,0.0364,0.0069
63.697,3.514,0,,,,,0,,,,GLOBAL,1.000,clear,0,40.3,101,6.319,0,0,-1.000,-1.54,3.86,0.0253,0.0023
63.718,3.581,0,,,,,0,,,,GLOBAL,1.000,clear,0,40.3,101,6.340,0,0,-1.000,-1.86,3.88,0.0272,0.0233
63.738,3.581,0,,,,,0,,,,GLOBAL,1.000,clear,0,40.3,101,6.360,0,0,-1.000,-1.86,3.88,0.0471,0.0163
63.758,3.637,0,,,,,0,,,,GLOBAL,1.000,clear,0,40.3,101,6.380,0,0,-1.000,-2.03,3.92,0.0425,0.0129
63.778,3.670,0,,,,,0,,,,GLOBAL,1.000,clear,0,40.3,101,6.399,0,0,-1.000,-2.03,3.92,0.0376,0.0062
63.798,3.670,0,,,,,0,,,,GLOBAL,1.000,clear,0,40.3,101,6.419,0,0,-1.000,-2.00,3.95,0.0575,0.0006
63.817,3.731,0,,,,,0,,,,GLOBAL,1.000,clear,0,40.3,101,6.439,0,0,-1.000,-2.02,4.01,0.0512,0.0201
63.837,3.753,0,,,,,0,,,,GLOBAL,1.000,clear,0,40.3,101,6.459,0,0,-1.000,-2.14,4.06,0.0375,0.0145
63.857,3.783,0,,,,,0,,,,GLOBAL,1.000,clear,0,40.3,101,6.479,0,0,-1.000,-2.14,4.06,0.0415,0.0109
63.877,3.783,0,,,,,0,,,,GLOBAL,1.000,clear,0,40.3,101,6.499,0,0,-1.000,-2.14,4.06,0.0374,0.0068
63.897,3.840,0,,,,,0,,,,GLOBAL,1.000,clear,0,40.3,101,6.519,0,0,-1.000,-2.30,4.11,0.0304,0.0026
63.917,3.875,0,,,,,0,,,,GLOBAL,1.000,clear,0,40.3,101,6.539,0,0,-1.000,-2.27,4.11,0.0258,0.0226
63.937,3.891,0,,,,,0,,,,GLOBAL,1.000,clear,0,40.3,101,6.559,0,0,-1.000,-2.34,4.18,0.0457,0.0175
63.957,3.925,0,,,,,0,,,,GLOBAL,1.000,clear,0,40.3,101,6.579,0,0,-1.000,-2.21,4.22,0.0418,0.0113
63.978,3.949,0,,,,,0,,,,GLOBAL,1.000,clear,0,40.3,101,6.599,0,0,-1.000,-2.21,4.22,0.0365,0.0087
63.997,3.980,0,,,,,0,,,,GLOBAL,1.000,clear,0,40.3,101,6.619,0,0,-1.000,-2.16,4.30,0.0324,0.0005
64.018,3.999,0,,,,,0,,,,GLOBAL,1.000,clear,0,40.3,101,6.640,0,0,-1.000,-2.16,4.30,0.0269,0.0209
64.037,4.043,0,,,,,0,,,,GLOBAL,1.000,clear,0,40.3,101,6.659,0,0,-1.000,-2.19,4.32,0.0461,0.0189
64.057,4.064,0,,,,,0,,,,GLOBAL,1.000,clear,0,40.3,101,6.679,0,0,-1.000,-2.27,4.41,0.0422,0.0118
64.077,4.100,0,,,,,0,,,,GLOBAL,1.000,clear,0,40.3,101,6.699,0,0,-1.000,-2.28,4.46,0.0362,0.0078
64.097,4.117,0,,,,,0,,,,GLOBAL,1.000,clear,0,40.3,101,6.719,0,0,-1.000,-2.28,4.46,0.0325,0.0010
64.117,4.162,0,,,,,0,,,,GLOBAL,1.000,clear,0,40.3,101,6.739,0,0,-1.000,-2.40,4.55,0.0266,0.0207
64.137,4.184,0,,,,,0,,,,GLOBAL,1.000,clear,0,40.3,101,6.759,0,0,-1.000,-2.40,4.55,0.0464,0.0141
64.157,4.227,0,,,,,0,,,,GLOBAL,1.000,clear,0,40.3,101,6.779,0,0,-1.000,-2.44,4.61,0.0424,0.0100
64.177,4.260,0,,,,,0,,,,GLOBAL,1.000,clear,0,40.3,101,6.799,0,0,-1.000,-2.44,4.67,0.0334,0.0068
64.197,4.307,0,,,,,0,,,,GLOBAL,1.000,clear,0,40.3,101,6.819,0,0,-1.000,-2.44,4.67,0.0292,0.0004
64.217,4.341,0,,,,,0,,,,GLOBAL,1.000,clear,0,40.3,101,6.839,0,0,-1.000,-2.46,4.75,0.0490,0.0202
64.237,4.381,0,,,,,0,,,,GLOBAL,1.000,clear,0,40.3,101,6.859,0,0,-1.000,-2.56,4.81,0.0453,0.0150
64.257,4.419,0,,,,,0,,,,GLOBAL,1.000,clear,0,40.3,101,6.879,0,0,-1.000,-7.34,4.81,0.0402,0.0144
64.277,4.466,0,,,,,0,,,,GLOBAL,1.000,clear,0,40.3,101,6.899,0,0,-1.000,-7.34,4.81,0.0358,0.0084
64.297,4.508,0,,,,,0,,,,GLOBAL,1.000,clear,0,40.3,101,6.919,0,0,-1.000,-7.34,4.81,0.0300,0.0285
64.318,4.538,0,,,,,0,,,,GLOBAL,1.000,clear,0,40.3,101,6.939,0,0,-1.000,-10.34,4.76,0.0280,0.0122
64.337,4.573,0,,,,,0,,,,GLOBAL,1.000,clear,0,40.3,101,6.959,0,0,-1.000,-8.51,4.76,0.0476,0.0118
64.357,4.592,0,,,,,0,,,,GLOBAL,1.000,clear,0,40.3,101,6.979,0,0,-1.000,-8.06,4.70,0.0419,0.0123
64.377,4.592,0,,,,,0,,,,GLOBAL,1.000,clear,0,40.3,101,6.999,0,0,-1.000,-6.51,4.65,0.0344,0.0046
64.397,4.623,0,,,,,0,,,,GLOBAL,1.000,clear,0,40.3,101,7.019,0,0,-1.000,-6.51,4.65,0.0301,0.0028
64.417,4.650,0,,,,,0,,,,GLOBAL,1.000,clear,0,40.3,101,7.039,0,0,-1.000,-6.84,4.61,0.0248,0.0230
64.437,4.650,0,,,,,0,,,0.949,GLOBAL,1.000,clear,0,40.3,101,7.059,0,0,-1.000,-6.84,4.61,0.0446,0.0170
64.457,4.641,0,,,,,0,,,0.894,AVOID,0.981,avoid_cruise,1,40.3,101,7.079,0,0,-1.000,-6.02,4.58,0.0409,0.0109
64.477,4.621,0,,,,,0,,,0.894,AVOID,0.973,avoid_cruise,1,0.0,101,7.099,0,0,-1.000,-6.02,4.58,0.0350,0.0309
64.497,4.607,1,0.798,0.573,-1.020,0.373,1,0.798,0.798,,AVOID,0.973,avoid_cruise,1,0.0,101,7.119,0,0,-1.000,-5.75,4.56,0.0323,0.0144
64.517,4.590,0,,,,,0,,,,AVOID,0.955,avoid_cruise,1,0.0,101,7.139,0,0,-1.000,-5.53,4.47,0.0269,0.0133
64.537,4.582,0,,,,,0,,,,AVOID,0.941,avoid_cruise,1,0.0,101,7.159,0,0,-1.000,-4.04,4.29,0.0465,0.0113
64.557,4.556,0,,,,,0,,,,AVOID,0.936,avoid_cruise,1,0.0,101,7.179,0,0,-1.000,-4.04,4.29,0.0409,0.0123
64.577,4.526,0,,,,,0,,,,AVOID,0.937,avoid_cruise,1,0.0,101,7.199,0,0,-1.000,-4.04,4.29,0.0367,0.0058
64.603,4.526,0,,,,,0,,,,AVOID,0.937,avoid_cruise,1,0.0,203,0.002,1,0,-1.000,-3.05,4.20,0.0626,0.0317
64.640,4.476,0,,,,,0,,,,REJOIN,0.917,avoid_cruise,1,0.0,203,0.003,1,0,-1.000,-3.50,4.17,0.0740,0.0365
64.658,4.420,0,,,,,1,0.555,0.555,,REJOIN,0.908,avoid_cruise,1,0.0,203,0.002,1,0,-1.000,0.97,4.16,0.0672,0.0158
64.677,4.362,0,,,,,0,,,,REJOIN,0.904,avoid_cruise,1,0.0,203,0.001,1,0,-1.000,0.97,4.16,0.0617,0.0194
64.697,4.246,0,,,,,0,,,,REJOIN,0.904,avoid_cruise,1,0.0,203,0.021,1,0,-1.000,-0.47,4.06,0.0316,0.0030
64.724,4.246,0,,,,,0,,,,REJOIN,0.873,avoid_cruise,1,0.0,203,0.001,1,0,-1.000,-0.47,4.06,0.0589,0.0303
64.740,4.237,0,,,,,0,,,,REJOIN,0.865,avoid_cruise,1,0.0,203,0.001,1,0,-1.000,-0.98,4.02,0.0483,0.0146
64.765,4.209,0,,,,,0,,,7.746,REJOIN,0.866,avoid_cruise,1,0.0,203,0.002,1,0,-1.000,-0.98,4.02,0.0494,0.0205
64.777,4.138,0,,,,,0,,,,REJOIN,0.855,avoid_cruise,1,-3.7,203,0.014,1,0,-1.000,-0.98,4.02,0.0360,0.0060
64.797,4.113,0,,,,,0,,,,REJOIN,0.846,avoid_cruise,1,-1.1,203,0.009,1,0,-1.000,-0.98,4.02,0.0317,0.0034
64.817,4.088,0,,,,,0,,,,REJOIN,0.846,avoid_cruise,1,-1.1,203,0.008,1,0,-1.000,-1.04,4.00,0.0234,0.0231
64.839,4.088,0,,,,,0,,,,REJOIN,0.835,avoid_cruise,1,-0.3,203,0.001,1,0,-1.000,-1.04,4.00,0.0451,0.0205
64.860,4.069,0,,,,,0,,,,REJOIN,0.826,avoid_cruise,1,-0.1,203,0.001,1,0,-1.000,-1.17,3.85,0.0449,0.0164
64.877,4.027,0,,,,,0,,,,REJOIN,0.826,avoid_cruise,1,-0.0,203,0.018,1,0,-1.000,-0.88,3.81,0.0357,0.0051
64.901,4.027,0,,,,,0,,,,REJOIN,0.808,avoid_cruise,1,-0.0,203,0.002,1,0,-1.000,-0.88,3.81,0.0601,0.0295
64.924,3.998,0,,,,,0,,,,REJOIN,0.804,avoid_cruise,1,-0.0,203,0.001,1,0,-1.000,-0.83,3.80,0.0588,0.0218
64.937,3.923,0,,,,,0,,,,REJOIN,0.780,avoid_cruise,1,-0.0,203,0.014,1,0,-1.000,-0.56,3.74,0.0421,0.0125
64.968,3.894,0,,,,,0,,,,REJOIN,0.770,avoid_cruise,1,-0.0,203,0.001,1,0,-1.000,-0.31,3.65,0.0528,0.0173
64.987,3.852,0,,,,,0,,,,REJOIN,0.763,avoid_cruise,1,-0.0,203,0.001,1,0,-1.000,-0.31,3.65,0.0460,0.0179
65.009,3.810,0,,,,,0,,,,REJOIN,0.761,avoid_cruise,1,-0.0,203,0.001,1,0,-1.000,-0.34,3.61,0.0446,0.0406
65.017,3.761,0,,,,,0,,,,REJOIN,0.751,avoid_cruise,1,-0.0,203,0.009,1,0,-1.000,-0.34,3.61,0.0230,0.0076
65.037,3.721,0,,,,,0,,,,REJOIN,0.751,avoid_cruise,1,-0.0,203,0.007,1,0,-1.000,-0.65,3.53,0.0428,0.0065
65.088,3.721,0,,,,,0,,,,REJOIN,0.735,avoid_cruise,1,-0.0,203,0.001,1,0,-1.000,-0.65,3.53,0.0732,0.0448
65.102,3.688,0,,,,,0,,,,REJOIN,0.720,avoid_cruise,1,-0.0,203,0.002,1,0,-1.000,-0.53,3.52,0.0620,0.0137
65.117,3.603,0,,,,,0,,,,REJOIN,0.726,avoid_cruise,1,-0.0,203,0.001,1,0,-1.000,-0.40,3.41,0.0531,0.0148
65.139,3.564,0,,,,,0,,,,REJOIN,0.736,avoid_cruise,1,-0.0,203,0.001,1,0,-1.000,-0.40,3.41,0.0486,0.0199
65.167,3.500,0,,,,,0,,,,REJOIN,0.740,avoid_cruise,1,-0.0,203,0.001,1,0,-1.000,-0.25,3.35,0.0525,0.0242
65.177,3.458,0,,,,,0,,,,REJOIN,0.740,avoid_cruise,1,-0.0,203,0.012,1,0,-1.000,-0.24,3.31,0.0370,0.0090
65.197,3.422,0,,,,,0,,,,REJOIN,0.740,avoid_cruise,1,-0.0,203,0.031,1,0,-1.000,1.08,3.26,0.0314,0.0042
65.227,3.422,0,,,,,0,,,,REJOIN,0.747,avoid_cruise,1,-0.0,203,0.001,1,0,-1.000,1.08,3.26,0.0612,0.0339
65.245,3.382,0,,,,,0,,,,REJOIN,0.754,avoid_cruise,1,-0.0,203,0.002,1,0,-1.000,1.08,3.26,0.0548,0.0178
65.262,3.354,0,,,,,0,,,,REJOIN,0.762,avoid_cruise,1,-0.0,203,0.001,1,0,-1.000,2.96,3.17,0.0464,0.0162
65.277,3.274,0,,,,,0,,,,REJOIN,0.762,avoid_cruise,1,-0.0,203,0.016,1,0,-1.000,3.78,3.07,0.0368,0.0091
65.299,3.274,0,,,,,0,,,,REJOIN,0.766,avoid_cruise,1,-0.0,203,0.001,1,0,-1.000,3.78,3.07,0.0590,0.0314
65.317,3.194,0,,,,,0,,,,GLOBAL,0.780,clear,0,-0.0,203,0.019,0,0,-1.000,4.75,2.99,0.0266,0.0171
65.337,3.160,0,,,,,0,,,,GLOBAL,0.814,clear,0,-0.0,203,0.039,0,0,-1.000,5.10,2.97,0.0469,0.0195
65.357,3.116,0,,,,,0,,,,GLOBAL,0.849,clear,0,-0.0,203,0.059,0,0,-1.000,5.10,2.97,0.0421,0.0147
65.377,3.075,0,,,,,0,,,,GLOBAL,0.884,clear,0,-0.0,203,0.079,0,0,-1.000,5.33,2.97,0.0366,0.0091
65.397,3.036,0,,,,,0,,,,GLOBAL,0.911,clear,0,-0.0,203,0.099,0,0,-1.000,5.33,2.97,0.0320,0.0019
65.417,3.002,0,,,,,0,,,,GLOBAL,0.911,clear,0,-0.0,203,0.119,0,0,-1.000,5.68,2.97,0.0266,0.0220
65.437,2.973,0,,,,,0,,,,GLOBAL,0.941,clear,0,-0.0,203,0.139,0,0,-1.000,5.68,2.97,0.0464,0.0186
65.457,2.953,0,,,,,0,,,,GLOBAL,0.977,clear,0,-0.0,203,0.159,0,0,-1.000,6.12,2.97,0.0414,0.0132
65.477,2.931,0,,,,,0,,,,GLOBAL,1.000,clear,0,-0.0,203,0.179,0,0,-1.000,6.51,2.98,0.0363,0.0097
65.498,2.917,0,,,,,0,,,,GLOBAL,1.000,clear,0,-0.0,203,0.199,0,0,-1.000,6.51,2.98,0.0332,0.0041
65.517,2.924,0,,,,,0,,,,GLOBAL,1.000,clear,0,-0.0,203,0.219,0,0,-1.000,6.96,2.97,0.0268,0.0235
65.537,2.934,0,,,,,0,,,,GLOBAL,1.000,clear,0,-0.0,203,0.239,0,0,-1.000,2.18,3.38,0.0469,0.0192
65.558,2.935,0,,,,,0,,,,GLOBAL,1.000,clear,0,-0.0,203,0.259,0,0,-1.000,-1.21,3.78,0.0435,0.0146
65.577,2.946,0,,,,,0,,,,GLOBAL,1.000,clear,0,-0.0,203,0.279,0,0,-1.000,-1.21,3.78,0.0370,0.0096
65.597,2.972,0,,,,,0,,,,GLOBAL,1.000,clear,0,-0.0,203,0.299,0,0,-1.000,3.57,3.61,0.0329,0.0044
65.617,2.981,0,,,,,0,,,,GLOBAL,1.000,clear,0,-0.0,203,0.319,0,0,-1.000,8.35,3.54,0.0272,0.0245
65.637,2.979,0,,,,,0,,,,GLOBAL,1.000,clear,0,-0.0,203,0.339,0,0,-1.000,13.13,3.43,0.0471,0.0195
65.657,2.971,0,,,,,0,,,,GLOBAL,1.000,clear,0,-0.0,203,0.359,0,0,-1.000,13.13,3.43,0.0431,0.0133
65.677,2.965,0,,,,,0,,,,GLOBAL,1.000,clear,0,-0.0,203,0.379,0,0,-1.000,17.91,3.36,0.0374,0.0092
65.698,2.993,0,,,,,0,,,,GLOBAL,1.000,clear,0,-0.0,203,0.399,0,0,-1.000,16.62,3.27,0.0339,0.0008
65.717,3.007,0,,,,,0,,,,GLOBAL,1.000,clear,0,-0.0,203,0.419,0,0,-1.000,16.62,3.27,0.0270,0.0206
65.737,3.022,0,,,,,0,,,,GLOBAL,1.000,clear,0,-0.0,203,0.439,0,0,-1.000,13.91,3.17,0.0467,0.0188
65.757,3.034,0,,,,,0,,,,GLOBAL,1.000,clear,0,-0.0,203,0.459,0,0,-1.000,12.71,3.10,0.0417,0.0134
65.777,3.050,0,,,,,0,,,,GLOBAL,1.000,clear,0,-0.0,203,0.479,0,0,-1.000,12.71,3.10,0.0378,0.0082
65.798,3.091,0,,,,,0,,,,GLOBAL,1.000,clear,0,-0.0,203,0.500,0,0,-1.000,14.42,3.00,0.0320,0.0029
65.818,3.133,0,,,,,0,,,,GLOBAL,1.000,clear,0,-0.0,203,0.519,0,0,-1.000,13.96,3.00,0.0274,0.0227
65.838,3.164,0,,,,,0,,,,GLOBAL,1.000,clear,0,-0.0,203,0.539,0,0,-1.000,13.96,3.00,0.0475,0.0160
65.857,3.168,0,,,,,0,,,,GLOBAL,1.000,clear,0,-0.0,203,0.559,0,0,-1.000,12.78,3.00,0.0420,0.0110
65.877,3.175,0,,,,,0,,,,GLOBAL,1.000,clear,0,-0.0,203,0.579,0,0,-1.000,12.78,3.00,0.0368,0.0058
65.897,3.166,0,,,,,0,,,,GLOBAL,1.000,clear,0,-0.0,203,0.599,0,0,-1.000,12.05,3.00,0.0320,0.0258
65.918,3.139,0,,,,,0,,,,GLOBAL,1.000,clear,0,-0.0,203,0.619,0,0,-1.000,12.00,3.00,0.0262,0.0159
65.937,3.128,0,,,,,0,,,,GLOBAL,1.000,clear,0,-0.0,203,0.639,0,0,-1.000,12.00,3.00,0.0457,0.0112
65.957,3.096,0,,,,,0,,,,GLOBAL,1.000,clear,0,-0.0,203,0.659,0,0,-1.000,12.00,3.00,0.0422,0.0135
65.977,3.043,0,,,,,0,,,,GLOBAL,1.000,clear,0,-0.0,203,0.679,0,0,-1.000,10.43,3.00,0.0367,0.0069
65.997,3.022,0,,,,,0,,,,GLOBAL,1.000,clear,0,-0.0,203,0.699,0,0,-1.000,10.43,3.00,0.0327,0.0007
66.017,3.013,0,,,,,0,,,4.053,GLOBAL,1.000,clear,0,-0.0,203,0.719,0,0,-1.000,9.25,3.00,0.0269,0.0203
66.037,2.987,0,,,,,0,,,4.057,GLOBAL,1.000,clear,0,-0.0,203,0.739,0,0,-1.000,8.92,3.00,0.0469,0.0180
66.057,2.971,0,,,,,0,,,,GLOBAL,1.000,clear,0,-0.0,203,0.759,0,0,-1.000,8.46,3.00,0.0427,0.0143
66.077,2.967,0,,,,,0,,,,GLOBAL,1.000,clear,0,-0.0,203,0.779,0,0,-1.000,8.46,3.00,0.0370,0.0084
66.097,2.959,0,,,,,0,,,,GLOBAL,1.000,clear,0,-0.0,203,0.799,0,0,-1.000,7.43,3.00,0.0328,0.0034
66.118,2.962,0,,,,,0,,,,GLOBAL,1.000,clear,0,-0.0,203,0.819,0,0,-1.000,6.76,3.00,0.0275,0.0239
66.137,2.952,0,,,,,0,,,,GLOBAL,1.000,clear,0,-0.0,203,0.839,0,0,-1.000,6.76,3.00,0.0471,0.0192
66.157,2.935,0,,,,,0,,,,GLOBAL,1.000,clear,0,-0.0,203,0.859,0,0,-1.000,6.56,3.00,0.0424,0.0139
66.177,2.937,0,,,,,0,,,,GLOBAL,1.000,clear,0,-0.0,203,0.879,0,0,-1.000,6.56,3.00,0.0355,0.0092
66.197,2.920,0,,,,,0,,,,GLOBAL,1.000,clear,0,-0.0,203,0.899,0,0,-1.000,6.94,3.00,0.0333,0.0035
66.217,2.903,0,,,,,0,,,,GLOBAL,1.000,clear,0,-0.0,203,0.919,0,0,-1.000,7.53,3.00,0.0266,0.0235
66.237,2.915,0,,,,,0,,,,GLOBAL,1.000,clear,0,-0.0,203,0.939,0,0,-1.000,7.53,3.00,0.0466,0.0166
66.257,2.897,0,,,,,0,,,,GLOBAL,1.000,clear,0,-0.0,203,0.959,0,0,-1.000,7.09,3.00,0.0414,0.0126
66.277,2.888,0,,,,,0,,,,GLOBAL,1.000,clear,0,-0.0,203,0.979,0,0,-1.000,6.50,3.00,0.0377,0.0085
66.297,2.892,0,,,,,0,,,,GLOBAL,1.000,clear,0,-0.0,203,0.999,0,0,-1.000,6.50,3.00,0.0314,0.0032
66.317,2.868,0,,,,,0,,,,GLOBAL,1.000,clear,0,-0.0,203,1.019,0,0,-1.000,6.98,3.00,0.0265,0.0232
66.337,2.869,0,,,,,0,,,,GLOBAL,1.000,clear,0,-0.0,203,1.039,0,0,-1.000,6.80,3.00,0.0466,0.0159
66.357,2.873,0,,,,,0,,,,GLOBAL,1.000,clear,0,-0.0,203,1.059,0,0,-1.000,6.81,3.00,0.0411,0.0139
66.377,2.859,0,,,,,0,,,,GLOBAL,1.000,clear,0,-0.0,203,1.079,0,0,-1.000,6.81,3.00,0.0366,0.0077
66.397,2.864,0,,,,,0,,,,GLOBAL,1.000,clear,0,-0.0,203,1.099,0,0,-1.000,6.92,3.00,0.0327,0.0049
66.418,2.872,0,,,,,0,,,,GLOBAL,1.000,clear,0,-0.0,203,1.119,0,0,-1.000,6.92,3.00,0.0531,0.0253
66.437,2.859,0,,,,,0,,,,GLOBAL,1.000,clear,0,-0.0,203,1.139,0,0,-1.000,5.88,3.00,0.0468,0.0168
66.457,2.866,0,,,,,0,,,,GLOBAL,1.000,clear,0,-0.0,203,1.159,0,0,-1.000,5.88,3.00,0.0428,0.0157
66.477,2.865,0,,,,,0,,,,GLOBAL,1.000,clear,0,-0.0,203,1.179,0,0,-1.000,4.83,3.00,0.0366,0.0089
66.497,2.858,0,,,,,0,,,,GLOBAL,1.000,clear,0,-0.0,203,1.199,0,0,-1.000,4.83,3.00,0.0331,0.0038
66.517,2.866,0,,,,,0,,,,GLOBAL,1.000,clear,0,-0.0,203,1.219,0,0,-1.000,6.78,3.00,0.0272,0.0238
66.538,2.873,0,,,,,0,,,,GLOBAL,1.000,clear,0,-0.0,203,1.239,0,0,-1.000,6.16,3.00,0.0476,0.0195
66.557,2.866,0,,,,,0,,,,GLOBAL,1.000,clear,0,-0.0,203,1.259,0,0,-1.000,6.16,3.00,0.0431,0.0131
66.577,2.873,0,,,,,0,,,,GLOBAL,1.000,clear,0,-0.0,203,1.279,0,0,-1.000,8.09,3.00,0.0363,0.0093
66.597,2.874,0,,,,,0,,,,GLOBAL,1.000,clear,0,-0.0,203,1.299,0,0,-1.000,8.09,3.00,0.0335,0.0041
66.617,2.871,0,,,,,0,,,,GLOBAL,1.000,clear,0,-0.0,203,1.319,0,0,-1.000,9.41,3.00,0.0280,0.0004
66.637,2.874,0,,,,,0,,,,GLOBAL,1.000,clear,0,-0.0,203,1.339,0,0,-1.000,7.46,3.00,0.0475,0.0200
66.657,2.881,0,,,,,0,,,,GLOBAL,1.000,clear,0,-0.0,203,1.359,0,0,-1.000,9.28,3.00,0.0434,0.0138
66.677,2.877,0,,,,,0,,,,GLOBAL,1.000,clear,0,-0.0,203,1.379,0,0,-1.000,9.28,3.00,0.0375,0.0105
66.697,2.879,0,,,,,0,,,,GLOBAL,1.000,clear,0,-0.0,203,1.399,0,0,-1.000,10.58,3.00,0.0336,0.0033
66.717,2.877,0,,,,,0,,,,GLOBAL,1.000,clear,0,-0.0,203,1.419,0,0,-1.000,12.74,3.00,0.0278,0.0232
66.738,2.878,0,,,,,0,,,,GLOBAL,1.000,clear,0,-0.0,203,1.439,0,0,-1.000,12.74,3.00,0.0483,0.0202
66.757,2.879,0,,,,,0,,,,GLOBAL,1.000,clear,0,-0.0,203,1.459,0,0,-1.000,13.80,3.00,0.0438,0.0141
66.777,2.883,0,,,,,0,,,,GLOBAL,1.000,clear,0,-0.0,203,1.479,0,0,-1.000,13.80,3.00,0.0368,0.0026
66.797,2.880,0,,,,,0,,,,GLOBAL,1.000,clear,0,-0.0,203,1.499,0,0,-1.000,12.44,3.00,0.0327,0.0230
66.817,2.879,0,,,,,0,,,,GLOBAL,1.000,clear,0,-0.0,203,1.519,0,0,-1.000,14.03,3.00,0.0527,0.0177
66.837,2.883,0,,,,,0,,,,GLOBAL,1.000,clear,0,-0.0,203,1.539,0,0,-1.000,13.03,3.00,0.0476,0.0145
66.857,2.882,0,,,,,0,,,,GLOBAL,1.000,clear,0,-0.0,203,1.559,0,0,-1.000,13.03,3.00,0.0424,0.0125
66.877,2.880,0,,,,,0,,,,GLOBAL,1.000,clear,0,-0.0,203,1.579,0,0,-1.000,12.55,3.00,0.0383,0.0057
66.897,2.884,0,,,,,0,,,,GLOBAL,1.000,clear,0,-0.0,203,1.599,0,0,-1.000,13.63,3.00,0.0327,0.0032
66.917,2.875,0,,,,,0,,,,GLOBAL,1.000,clear,0,-0.0,203,1.619,0,0,-1.000,13.63,3.00,0.0286,0.0228
66.937,2.872,0,,,,,0,,,,GLOBAL,1.000,clear,0,-0.0,203,1.639,0,0,-1.000,12.69,3.00,0.0491,0.0144
66.957,2.872,0,,,,,0,,,,GLOBAL,1.000,clear,0,-0.0,203,1.659,0,0,-1.000,11.55,3.00,0.0428,0.0123
66.977,2.867,0,,,,,0,,,,GLOBAL,1.000,clear,0,-0.0,203,1.679,0,0,-1.000,11.55,3.00,0.0386,0.0091
66.997,2.870,0,,,,,0,,,,GLOBAL,1.000,clear,0,-0.0,203,1.699,0,0,-1.000,10.59,3.00,0.0332,0.0293
67.017,2.873,0,,,,,0,,,,GLOBAL,1.000,clear,0,-0.0,203,1.719,0,0,-1.000,8.67,3.00,0.0293,0.0163
67.037,2.859,0,,,,,0,,,,GLOBAL,1.000,clear,0,-0.0,203,1.739,0,0,-1.000,8.67,3.00,0.0493,0.0187
67.057,2.857,0,,,,,0,,,,GLOBAL,1.000,clear,0,-0.0,203,1.759,0,0,-1.000,8.30,3.00,0.0419,0.0156
67.077,2.861,0,,,,,0,,,,GLOBAL,1.000,clear,0,-0.0,203,1.779,0,0,-1.000,8.24,3.00,0.0389,0.0059
67.097,2.851,0,,,,,0,,,,GLOBAL,1.000,clear,0,-0.0,203,1.799,0,0,-1.000,8.24,3.00,0.0333,0.0056
67.118,2.852,0,,,,,0,,,,GLOBAL,1.000,clear,0,-0.0,203,1.819,0,0,-1.000,8.68,3.00,0.0282,0.0261
67.137,2.861,0,,,,,0,,,,GLOBAL,1.000,clear,0,-0.0,203,1.839,0,0,-1.000,8.77,3.00,0.0477,0.0190
67.157,2.848,0,,,,,0,,,,GLOBAL,1.000,clear,0,-0.0,203,1.859,0,0,-1.000,8.77,3.00,0.0437,0.0132
67.177,2.842,0,,,,,0,,,,GLOBAL,1.000,clear,0,-0.0,203,1.879,0,0,-1.000,7.44,3.00,0.0396,0.0101
67.197,2.860,0,,,,,0,,,,GLOBAL,1.000,clear,0,-0.0,203,1.899,0,0,-1.000,7.44,3.00,0.0338,0.0032
67.217,2.846,0,,,,,0,,,,GLOBAL,1.000,clear,0,-0.0,203,1.919,0,0,-1.000,7.88,3.00,0.0277,0.0234
67.237,2.851,0,,,,,0,,,,GLOBAL,1.000,clear,0,-0.0,203,1.939,0,0,-1.000,8.57,3.00,0.0474,0.0161
67.257,2.869,0,,,,,0,,,,GLOBAL,1.000,clear,0,-0.0,203,1.959,0,0,-1.000,7.97,3.00,0.0439,0.0148
67.277,2.851,0,,,,,0,,,3.645,GLOBAL,1.000,clear,0,-0.0,203,1.979,0,0,-1.000,7.97,3.00,0.0399,0.0101
67.297,2.851,0,,,,,0,,,3.598,GLOBAL,1.000,clear,0,-0.0,203,1.999,0,0,-1.000,7.24,3.00,0.0341,0.0053
67.317,2.869,0,,,,,0,,,3.598,GLOBAL,1.000,clear,0,-0.0,203,2.019,0,0,-1.000,8.14,3.00,0.0302,0.0256
67.338,2.852,0,,,,,0,,,,GLOBAL,1.000,clear,0,-0.0,203,2.039,0,0,-1.000,8.14,3.00,0.0505,0.0181
67.358,2.862,0,,,,,0,,,,GLOBAL,1.000,clear,0,-0.0,203,2.059,0,0,-1.000,8.17,3.00,0.0430,0.0165
67.377,2.876,0,,,,,0,,,,GLOBAL,1.000,clear,0,-0.0,203,2.079,0,0,-1.000,8.17,3.00,0.0401,0.0106
67.397,2.860,0,,,,,0,,,,GLOBAL,1.000,clear,0,-0.0,203,2.099,0,0,-1.000,8.06,3.00,0.0345,0.0307
67.417,2.865,0,,,,,0,,,,GLOBAL,1.000,clear,0,-0.0,203,2.119,0,0,-1.000,8.10,3.00,0.0272,0.0011
67.437,2.878,0,,,,,0,,,,GLOBAL,1.000,clear,0,-0.0,203,2.139,0,0,-1.000,7.99,3.00,0.0474,0.0213
67.459,2.863,0,,,,,0,,,,GLOBAL,1.000,clear,0,-0.0,203,2.161,0,0,-1.000,7.99,3.00,0.0467,0.0142
67.477,2.878,0,,,,,0,,,,GLOBAL,1.000,clear,0,-0.0,203,2.179,0,0,-1.000,7.84,3.00,0.0372,0.0110
67.498,2.884,0,,,,,0,,,,GLOBAL,1.000,clear,0,-0.0,203,2.199,0,0,-1.000,7.24,3.00,0.0354,0.0034
67.517,2.870,0,,,,,0,,,,GLOBAL,1.000,clear,0,-0.0,203,2.219,0,0,-1.000,7.24,3.00,0.0274,0.0018
67.537,2.882,0,,,,,0,,,,GLOBAL,1.000,clear,0,-0.0,203,2.239,0,0,-1.000,7.87,3.00,0.0476,0.0220
67.557,2.885,0,,,,,0,,,,GLOBAL,1.000,clear,0,-0.0,203,2.259,0,0,-1.000,7.82,3.00,0.0453,0.0142
67.577,2.877,0,,,,,0,,,,GLOBAL,1.000,clear,0,-0.0,203,2.279,0,0,-1.000,7.82,3.00,0.0378,0.0115
67.597,2.891,0,,,,,0,,,,GLOBAL,1.000,clear,0,-0.0,203,2.299,0,0,-1.000,7.92,3.00,0.0350,0.0041
67.617,2.890,0,,,,,0,,,,GLOBAL,1.000,clear,0,-0.0,203,2.319,0,0,-1.000,8.54,3.00,0.0295,0.0018
67.637,2.881,0,,,,,0,,,,GLOBAL,1.000,clear,0,-0.0,203,2.339,0,0,-1.000,8.54,3.00,0.0496,0.0218
67.657,2.893,0,,,,,0,,,,GLOBAL,1.000,clear,0,-0.0,203,2.359,0,0,-1.000,9.02,3.00,0.0455,0.0148
67.677,2.893,0,,,,,0,,,,GLOBAL,1.000,clear,0,-0.0,203,2.379,0,0,-1.000,9.02,3.00,0.0399,0.0108
67.699,2.888,0,,,,,0,,,,GLOBAL,1.000,clear,0,-0.0,203,2.401,0,0,-1.000,10.08,3.00,0.0361,0.0052
67.717,2.893,0,,,,,0,,,,GLOBAL,1.000,clear,0,-0.0,203,2.419,0,0,-1.000,9.84,3.00,0.0301,0.0234
67.738,2.890,0,,,,,0,,,,GLOBAL,1.000,clear,0,-0.0,203,2.440,0,0,-1.000,10.53,3.00,0.0511,0.0171
67.757,2.887,0,,,,,0,,,,GLOBAL,1.000,clear,0,-0.0,203,2.459,0,0,-1.000,10.53,3.00,0.0428,0.0153
67.777,2.891,0,,,,,0,,,,GLOBAL,1.000,clear,0,-0.0,203,2.479,0,0,-1.000,10.43,3.00,0.0400,0.0112
67.797,2.889,0,,,,,0,,,,GLOBAL,1.000,clear,0,-0.0,203,2.499,0,0,-1.000,10.43,3.00,0.0344,0.0047
67.817,2.892,0,,,,,0,,,,GLOBAL,1.000,clear,0,-0.0,203,2.519,0,0,-1.000,10.53,3.00,0.0303,0.0247
67.837,2.888,0,,,,,0,,,,GLOBAL,1.000,clear,0,-0.0,203,2.539,0,0,-1.000,9.47,3.00,0.0503,0.0192
67.857,2.888,0,,,,,0,,,,GLOBAL,1.000,clear,0,-0.0,203,2.559,0,0,-1.000,9.24,3.00,0.0431,0.0142
67.877,2.892,0,,,,,0,,,,GLOBAL,1.000,clear,0,-0.0,203,2.579,0,0,-1.000,9.24,3.00,0.0396,0.0114
67.897,2.888,0,,,,,0,,,,GLOBAL,1.000,clear,0,-0.0,203,2.599,0,0,-1.000,8.98,3.00,0.0348,0.0049
67.917,2.886,0,,,,,0,,,,GLOBAL,1.000,clear,0,-0.0,203,2.619,0,0,-1.000,8.98,3.00,0.0546,0.0246
67.937,2.889,0,,,,,0,,,,GLOBAL,1.000,clear,0,-0.0,203,2.639,0,0,-1.000,8.98,3.00,0.0473,0.0182
67.957,2.883,0,,,,,0,,,,GLOBAL,1.000,clear,0,-0.0,203,2.659,0,0,-1.000,7.77,3.00,0.0424,0.0159
67.977,2.884,0,,,,,0,,,,GLOBAL,1.000,clear,0,-0.0,203,2.679,0,0,-1.000,6.89,3.00,0.0378,0.0121
67.997,2.887,0,,,,,0,,,,GLOBAL,1.000,clear,0,-0.0,203,2.699,0,0,-1.000,6.89,3.00,0.0352,0.0062
68.017,2.887,0,,,,,0,,,,GLOBAL,1.000,clear,0,-0.0,203,2.719,0,0,-1.000,6.85,3.00,0.0283,0.0264
68.037,2.890,0,,,,,0,,,,GLOBAL,1.000,clear,0,-0.0,203,2.739,0,0,-1.000,6.27,3.00,0.0482,0.0194
68.057,2.887,0,,,,,0,,,,GLOBAL,1.000,clear,0,-0.0,203,2.759,0,0,-1.000,6.27,3.00,0.0453,0.0136
68.077,2.884,0,,,,,0,,,,GLOBAL,1.000,clear,0,-0.0,203,2.779,0,0,-1.000,6.20,3.00,0.0397,0.0108
68.097,2.887,0,,,,,0,,,,GLOBAL,1.000,clear,0,-0.0,203,2.799,0,0,-1.000,6.22,3.00,0.0340,0.0068
68.117,2.882,0,,,,,0,,,,GLOBAL,1.000,clear,0,-0.0,203,2.819,0,0,-1.000,6.22,3.00,0.0303,0.0272
68.137,2.885,0,,,,,0,,,,GLOBAL,1.000,clear,0,-0.0,203,2.839,0,0,-1.000,6.33,3.00,0.0499,0.0193
68.157,2.893,0,,,,,0,,,,GLOBAL,1.000,clear,0,-0.0,203,2.859,0,0,-1.000,3.15,3.00,0.0440,0.0120
68.177,2.887,0,,,,,0,,,,GLOBAL,1.000,clear,0,-0.0,203,2.879,0,0,-1.000,3.15,3.00,0.0402,0.0097
68.197,2.884,0,,,,,0,,,,GLOBAL,1.000,clear,0,-0.0,203,2.899,0,0,-1.000,4.04,3.00,0.0345,0.0009
68.217,2.892,0,,,,,0,,,,GLOBAL,1.000,clear,0,-0.0,203,2.919,0,0,-1.000,4.04,3.00,0.0305,0.0209
68.238,2.885,0,,,,,0,,,,GLOBAL,1.000,clear,0,-0.0,203,2.940,0,0,-1.000,4.42,3.00,0.0518,0.0202
68.257,2.890,0,,,,,0,,,,GLOBAL,1.000,clear,0,-0.0,203,2.959,0,0,-1.000,4.06,3.00,0.0445,0.0166
68.277,2.897,0,,,,,0,,,,GLOBAL,1.000,clear,0,-0.0,203,2.979,0,0,-1.000,4.06,3.00,0.0379,0.0111
68.297,2.894,0,,,,,0,,,,GLOBAL,1.000,clear,0,-0.0,203,2.999,0,0,-1.000,3.94,3.00,0.0333,0.0033
68.317,2.894,0,,,,,0,,,,GLOBAL,1.000,clear,0,-0.0,203,3.019,0,0,-1.000,4.04,3.00,0.0271,0.0231
68.337,2.901,0,,,,,0,,,,GLOBAL,1.000,clear,0,-0.0,203,3.039,0,0,-1.000,4.48,3.00,0.0471,0.0192
68.357,2.899,0,,,,,0,,,,GLOBAL,1.000,clear,0,-0.0,203,3.059,0,0,-1.000,4.48,3.00,0.0427,0.0151
68.377,2.907,0,,,,,0,,,,GLOBAL,1.000,clear,0,-0.0,203,3.079,0,0,-1.000,3.89,3.03,0.0393,0.0118
68.397,2.908,0,,,,,0,,,,GLOBAL,1.000,clear,0,-0.0,203,3.099,0,0,-1.000,3.89,3.03,0.0349,0.0049
68.417,2.914,0,,,,,0,,,,GLOBAL,1.000,clear,0,-0.0,203,3.119,0,0,-1.000,4.20,3.07,0.0294,0.0250
68.437,2.914,0,,,,,0,,,,GLOBAL,1.000,clear,0,-0.0,203,3.139,0,0,-1.000,4.24,3.12,0.0494,0.0188
68.457,2.927,0,,,,,0,,,,GLOBAL,1.000,clear,0,-0.0,203,3.159,0,0,-1.000,4.32,3.25,0.0454,0.0152
68.477,2.944,0,,,,,0,,,,GLOBAL,1.000,clear,0,-0.0,203,3.179,0,0,-1.000,4.32,3.25,0.0397,0.0103
68.497,2.952,0,,,,,0,,,,GLOBAL,1.000,clear,0,-0.0,203,3.199,0,0,-1.000,4.45,3.32,0.0341,0.0305
68.517,2.967,0,,,,,0,,,,GLOBAL,1.000,clear,0,-0.0,203,3.219,0,0,-1.000,4.37,3.36,0.0298,0.0005
68.537,2.992,0,,,,,0,,,,GLOBAL,1.000,clear,0,-0.0,203,3.239,0,0,-1.000,4.37,3.36,0.0497,0.0204
68.557,3.012,0,,,,,0,,,,GLOBAL,1.000,clear,0,-0.0,203,3.259,0,0,-1.000,5.12,3.43,0.0442,0.0166
68.577,3.054,0,,,,,0,,,,GLOBAL,1.000,clear,0,-0.0,203,3.279,0,0,-1.000,5.12,3.43,0.0399,0.0111
68.597,3.095,0,,,,,0,,,,GLOBAL,1.000,clear,0,-0.0,203,3.299,0,0,-1.000,5.05,3.50,0.0343,0.0061
68.617,3.128,0,,,,,0,,,,GLOBAL,1.000,clear,0,-0.0,203,3.319,0,0,-1.000,5.52,3.57,0.0300,0.0259
68.637,3.165,0,,,,,0,,,,GLOBAL,1.000,clear,0,-0.0,203,3.339,0,0,-1.000,6.14,3.64,0.0502,0.0196
68.657,3.203,0,,,,,0,,,,GLOBAL,1.000,clear,0,-0.0,203,3.359,0,0,-1.000,6.14,3.64,0.0431,0.0120
68.677,3.249,0,,,,,0,,,,GLOBAL,1.000,clear,0,-0.0,203,3.379,0,0,-1.000,5.49,3.67,0.0386,0.0106
68.697,3.290,0,,,,,0,,,,GLOBAL,1.000,clear,0,-0.0,203,3.399,0,0,-1.000,5.49,3.67,0.0347,0.0051
68.717,3.326,0,,,,,0,,,,GLOBAL,1.000,clear,0,-0.0,203,3.419,0,0,-1.000,5.66,3.74,0.0291,0.0251
68.737,3.358,0,,,,,0,,,,GLOBAL,1.000,clear,0,-0.0,203,3.439,0,0,-1.000,6.53,3.83,0.0491,0.0166
68.757,3.397,0,,,,,0,,,,GLOBAL,1.000,clear,0,-0.0,203,3.459,0,0,-1.000,6.42,3.86,0.0450,0.0122
68.777,3.442,0,,,,,0,,,,GLOBAL,1.000,clear,0,-0.0,203,3.479,0,0,-1.000,6.42,3.86,0.0376,0.0121
68.797,3.490,0,,,,,0,,,,GLOBAL,1.000,clear,0,-0.0,203,3.499,0,0,-1.000,6.71,3.92,0.0352,0.0023
68.818,3.527,0,,,,,0,,,,GLOBAL,1.000,clear,0,-0.0,203,3.519,0,0,-1.000,6.68,3.95,0.0297,0.0020
68.837,3.576,0,,,,,0,,,,GLOBAL,1.000,clear,0,-0.0,203,3.539,0,0,-1.000,6.68,3.95,0.0492,0.0215
68.857,3.613,0,,,,,0,,,,GLOBAL,1.000,clear,0,-0.0,203,3.559,0,0,-1.000,7.12,4.04,0.0454,0.0139
68.877,3.649,0,,,,,0,,,,GLOBAL,1.000,clear,0,-0.0,203,3.579,0,0,-1.000,5.83,4.12,0.0396,0.0095
68.897,3.686,0,,,,,0,,,,GLOBAL,1.000,clear,0,-0.0,203,3.599,0,0,-1.000,5.83,4.12,0.0340,0.0066
68.917,3.719,0,,,,,0,,,,GLOBAL,1.000,clear,0,-0.0,203,3.619,0,0,-1.000,6.27,4.17,0.0299,0.0010
68.938,3.774,0,,,,,0,,,,GLOBAL,1.000,clear,0,-0.0,203,3.639,0,0,-1.000,6.24,4.23,0.0505,0.0216
68.957,3.816,0,,,,,0,,,,GLOBAL,1.000,clear,0,-0.0,203,3.659,0,0,-1.000,6.24,4.23,0.0441,0.0165
68.977,3.873,0,,,,,0,,,,GLOBAL,1.000,clear,0,-0.0,203,3.679,0,0,-1.000,5.80,4.25,0.0399,0.0075
68.997,3.903,0,,,,,0,,,,GLOBAL,1.000,clear,0,-0.0,203,3.699,0,0,-1.000,4.99,4.36,0.0345,0.0058
69.017,3.948,0,,,,,0,,,,GLOBAL,1.000,clear,0,-0.0,203,3.719,0,0,-1.000,4.99,4.36,0.0300,0.0258
69.038,3.968,0,,,,,0,,,,GLOBAL,1.000,clear,0,-0.0,203,3.740,0,0,-1.000,4.94,4.38,0.0508,0.0190
69.057,4.019,0,,,,,0,,,,GLOBAL,1.000,clear,0,-0.0,203,3.759,0,0,-1.000,4.79,4.46,0.0445,0.0155
69.077,4.045,0,,,,,0,,,,GLOBAL,1.000,clear,0,-0.0,203,3.779,0,0,-1.000,4.79,4.46,0.0403,0.0117
69.097,4.089,0,,,,,0,,,,GLOBAL,1.000,clear,0,-0.0,203,3.799,0,0,-1.000,3.93,4.52,0.0346,0.0064
69.118,4.117,1,4.434,4.452,1.079,0.147,1,4.434,4.434,,GLOBAL,1.000,clear,0,-0.0,203,3.819,0,0,-1.000,3.59,4.58,0.0311,0.0013
69.140,4.175,1,4.434,4.452,1.079,0.147,1,4.434,4.434,,GLOBAL,1.000,clear,0,-0.0,203,3.842,0,0,-1.000,3.59,4.58,0.0279,0.0237
69.157,4.197,1,4.347,4.401,0.909,0.146,1,4.347,4.347,,AVOID,0.984,avoid_cruise,1,-0.0,203,3.859,0,0,-1.000,2.82,4.64,0.0450,0.0167
69.177,4.249,1,4.236,4.323,0.813,0.162,1,4.236,4.236,,AVOID,0.984,avoid_cruise,1,-25.3,203,3.879,0,0,-1.000,2.82,4.64,0.0407,0.0116
69.197,4.249,1,4.128,4.220,0.747,0.158,1,4.128,4.128,,AVOID,0.984,avoid_cruise,1,-11.3,203,3.899,0,0,-1.000,2.46,4.65,0.0351,0.0058
69.218,4.319,0,,,,,0,,,,AVOID,0.984,avoid_cruise,1,-2.9,203,3.919,0,0,-1.000,1.75,4.71,0.0281,0.0005
69.237,4.335,0,,,,,0,,,4.008,AVOID,0.914,avoid_cruise,1,-2.9,203,3.939,0,0,0.996,1.78,4.45,0.0477,0.0201
69.257,4.378,1,3.941,4.051,0.589,0.153,1,3.941,3.941,,AVOID,0.889,avoid_cruise,1,3.1,203,3.959,0,0,0.985,1.78,4.45,0.0403,0.0162
69.277,4.405,0,,,,,0,,,3.853,AVOID,0.889,avoid_cruise,1,6.7,203,3.979,0,0,-1.000,1.78,4.45,0.0396,0.0099
69.297,4.460,0,,,,,0,,,3.720,AVOID,0.861,avoid_cruise,1,9.2,203,3.999,0,0,-1.000,1.81,4.35,0.0354,0.0056
69.318,4.499,0,,,,,0,,,3.720,AVOID,0.846,avoid_cruise,1,11.1,203,4.019,0,0,0.877,1.13,4.40,0.0303,0.0261
69.337,4.538,1,3.596,3.767,0.382,0.190,1,3.596,3.596,,AVOID,0.818,avoid_cruise,1,11.1,203,4.039,0,0,0.877,1.02,4.23,0.0499,0.0192
69.357,4.565,1,3.491,3.664,0.304,0.186,1,3.491,3.491,,AVOID,0.793,avoid_cruise,1,12.4,203,4.059,0,0,0.846,0.58,4.09,0.0457,0.0167
69.377,4.578,1,3.377,3.559,0.326,0.197,1,3.377,3.377,,AVOID,0.793,avoid_cruise,1,11.0,203,4.079,0,0,0.786,0.58,4.09,0.0401,0.0075
69.397,4.587,1,3.285,3.450,0.266,0.175,1,3.285,3.285,,GLOBAL,0.774,avoid_cruise,1,12.4,203,4.099,0,0,0.758,0.96,3.96,0.0356,0.0046
69.417,4.594,1,3.285,3.450,0.266,0.175,1,3.285,3.285,,GLOBAL,0.762,avoid_cruise,1,12.4,203,4.119,0,0,0.758,0.96,3.96,0.0300,0.0247
69.438,4.597,1,3.172,3.345,0.263,0.184,1,3.172,3.172,,GLOBAL,0.745,avoid_cruise,1,13.3,203,4.140,0,0,0.733,0.53,3.81,0.0240,0.0201
69.457,4.586,1,3.069,3.248,0.207,0.186,1,3.069,3.069,,GLOBAL,0.745,avoid_cruise,1,14.2,203,4.159,0,0,0.709,0.54,3.72,0.0428,0.0170
69.477,4.567,1,2.960,3.142,0.157,0.186,1,2.960,2.960,,GLOBAL,0.726,avoid_cruise,1,13.4,203,4.179,0,0,0.690,0.54,3.72,0.0400,0.0114
69.497,4.534,0,,,,,0,,,2.862,GLOBAL,0.714,avoid_cruise,1,14.0,203,4.199,0,0,0.671,-0.25,3.63,0.0344,0.0065
69.517,4.470,0,,,,,0,,,2.862,GLOBAL,0.697,avoid_cruise,1,14.0,203,4.219,0,0,0.671,0.65,3.57,0.0302,0.0265
69.537,4.379,1,2.766,2.932,0.107,0.168,1,2.766,2.766,,GLOBAL,0.687,avoid_cruise,1,14.6,203,4.239,0,0,0.657,0.65,3.57,0.0252,0.0198
69.557,4.325,1,2.654,2.825,0.079,0.173,1,2.654,2.654,,GLOBAL,0.673,avoid_cruise,1,14.8,203,4.259,0,0,0.646,0.54,3.43,0.0447,0.0122
69.577,4.336,1,2.538,2.715,0.100,0.178,1,2.538,2.538,,GLOBAL,0.673,avoid_cruise,1,15.1,203,4.279,0,0,0.628,0.53,3.36,0.0394,0.0125
69.597,4.319,1,2.425,2.601,0.099,0.178,1,2.425,2.425,,GLOBAL,0.653,avoid_cruise,1,16.1,203,4.299,0,0,0.601,0.53,3.36,0.0351,0.0052
69.617,4.300,1,2.425,2.601,0.099,0.178,1,2.425,2.425,,GLOBAL,0.640,avoid_cruise,1,16.1,203,4.319,0,0,0.603,0.44,3.26,0.0294,0.0252
69.637,4.261,1,2.342,2.517,0.082,0.176,1,2.342,2.342,,GLOBAL,0.628,avoid_cruise,1,16.7,203,4.339,0,0,0.603,0.48,3.20,0.0494,0.0193
69.657,4.218,1,2.233,2.411,0.083,0.180,1,2.233,2.233,,GLOBAL,0.614,avoid_cruise,1,16.9,203,4.359,0,0,0.586,0.48,3.20,0.0452,0.0126
69.677,4.165,1,2.133,2.313,0.084,0.182,1,2.133,2.133,,GLOBAL,0.614,avoid_cruise,1,17.6,203,4.379,0,0,0.556,0.44,3.14,0.0395,0.0120
69.697,4.111,1,2.029,2.208,0.071,0.180,1,2.029,2.029,,GLOBAL,0.600,avoid_cruise,1,18.3,203,4.399,0,0,0.556,0.57,3.07,0.0353,0.0006
69.717,4.049,0,,,,,0,,,1.963,GLOBAL,0.600,avoid_cruise,1,18.6,203,4.419,0,0,0.556,0.57,3.07,0.0296,0.0007
69.737,3.982,0,,,,,0,,,1.963,GLOBAL,0.600,avoid_cruise,1,18.6,203,4.439,0,0,0.556,1.41,3.00,0.0495,0.0205
69.757,3.916,0,,,,,0,,,1.875,GLOBAL,0.600,avoid_cruise,1,18.1,203,4.459,0,0,0.556,1.73,3.00,0.0436,0.0169
69.777,3.845,0,,,,,0,,,1.823,GLOBAL,0.600,avoid_cruise,1,18.3,203,4.479,0,0,0.556,1.77,3.00,0.0399,0.0129
69.797,3.781,0,,,,,0,,,1.724,GLOBAL,0.600,avoid_cruise,1,17.9,203,4.499,0,1,0.517,1.77,3.00,0.0356,0.0016
69.817,3.707,1,1.616,1.762,0.061,0.147,1,1.616,1.616,,GLOBAL,0.600,avoid_cruise,1,17.9,203,4.519,0,1,0.525,1.22,3.00,0.0296,0.0028
69.838,3.636,1,1.616,1.762,0.061,0.147,1,1.616,1.616,,GLOBAL,0.600,avoid_cruise,1,19.5,203,4.539,0,1,0.476,1.22,3.00,0.0503,0.0235
69.857,3.563,1,1.548,1.688,0.016,0.141,1,1.548,1.548,,GLOBAL,0.600,avoid_cruise,1,20.8,203,4.559,0,1,0.464,1.74,3.00,0.0459,0.0169
69.877,3.491,1,1.475,1.613,0.018,0.137,1,1.475,1.475,,AVOID,0.600,avoid_cruise,1,20.6,203,4.579,0,1,0.464,1.93,3.00,0.0401,0.0061
69.897,3.425,1,1.385,1.531,0.049,0.147,1,1.385,1.385,,AVOID,0.600,avoid_cruise,1,21.2,39,0.015,1,1,0.453,6.88,3.00,0.0345,0.0062
69.919,3.425,1,1.385,1.531,0.049,0.147,1,1.385,1.385,,AVOID,0.600,avoid_cruise,1,21.2,38,0.012,1,1,0.462,6.88,3.00,0.0562,0.0279
69.938,3.274,1,1.304,1.444,0.049,0.141,1,1.304,1.304,,AVOID,0.600,avoid_cruise,1,23.1,38,0.007,1,1,-1.000,7.43,3.00,0.0252,0.0169
69.957,3.201,0,,,,,0,,,1.246,AVOID,0.600,avoid_cruise,1,24.3,34,0.003,1,1,-1.000,7.73,3.00,0.0446,0.0175
69.977,3.119,0,,,,,0,,,1.200,AVOID,0.600,avoid_cruise,1,25.3,34,0.023,1,1,-1.000,7.73,3.00,0.0349,0.0111
69.997,3.027,0,,,,,0,,,1.124,AVOID,0.600,avoid_cruise,1,24.4,34,0.010,1,1,-1.000,7.67,3.00,0.0345,0.0028
70.017,2.947,1,1.054,1.179,0.013,0.125,1,1.054,1.054,,AVOID,0.600,avoid_cruise,1,26.2,31,0.011,1,1,-1.000,8.21,3.00,0.0308,0.0010
70.037,2.862,1,1.054,1.179,0.013,0.125,1,1.054,1.054,,AVOID,0.600,avoid_cruise,1,26.2,32,0.010,1,1,-1.000,8.21,3.00,0.0507,0.0209
70.057,2.785,1,0.978,1.101,0.023,0.124,1,0.978,0.978,,AVOID,0.600,avoid_cruise,1,27.1,31,0.004,1,1,-1.000,8.26,3.00,0.0452,0.0137
70.077,2.716,1,0.924,1.039,0.005,0.115,1,0.924,0.924,,AVOID,0.600,avoid_cruise,1,29.0,31,0.024,1,1,-1.000,9.39,3.00,0.0391,0.0115
70.097,2.636,1,0.882,0.992,-0.034,0.111,1,0.882,0.882,,AVOID,0.600,avoid_cruise,1,29.7,27,0.012,1,1,-1.000,9.39,3.00,0.0350,0.0034
70.117,2.561,0,,,,,0,,,,AVOID,0.600,avoid_cruise,1,29.7,25,0.002,1,1,-1.000,9.58,3.00,0.0291,0.0007
70.137,2.491,0,,,,,0,,,0.835,AVOID,0.600,avoid_cruise,1,29.1,25,0.001,1,1,-1.000,11.00,3.00,0.0495,0.0211
70.157,2.415,0,,,,,0,,,0.773,AVOID,0.600,avoid_cruise,1,29.0,25,0.021,1,0,-1.000,11.00,3.00,0.0452,0.0135
70.177,2.331,1,0.719,0.834,-0.099,0.121,1,0.719,0.719,,AVOID,0.600,avoid_cruise,1,29.1,23,0.015,1,0,-1.000,9.06,3.00,0.0393,0.0100
70.197,2.241,1,0.719,0.834,-0.099,0.121,1,0.719,0.719,,AVOID,0.600,avoid_cruise,1,30.1,23,0.035,1,0,-1.000,9.25,3.00,0.0310,0.0303
70.217,2.168,0,,,,,0,,,0.663,AVOID,0.600,avoid_cruise,1,31.4,23,0.055,1,0,-1.000,9.25,3.00,0.0294,0.0158
70.237,2.077,0,,,,,0,,,0.620,AVOID,0.600,avoid_cruise,1,31.4,23,0.075,1,0,-1.000,9.18,3.00,0.0494,0.0136
70.257,1.938,0,,,,,0,,,0.615,AVOID,0.600,avoid_cruise,1,32.4,23,0.095,1,0,-1.000,8.63,3.00,0.0429,0.0140
70.278,1.845,0,,,,,0,,,0.581,AVOID,0.600,avoid_cruise,1,33.0,23,0.116,1,0,-1.000,8.63,3.00,0.0402,0.0127
70.298,1.789,0,,,,,0,,,0.558,AVOID,0.600,avoid_cruise,1,32.7,24,0.011,1,0,-1.000,7.61,3.00,0.0349,0.0046
70.317,1.753,0,,,,,0,,,0.558,AVOID,0.600,avoid_cruise,1,32.7,24,0.031,1,0,-1.000,6.48,3.00,0.0301,0.0242
70.338,1.753,0,,,,,0,,,0.527,AVOID,0.570,static,1,32.2,24,0.051,1,0,-1.000,6.48,3.00,0.0501,0.0191
70.358,1.707,1,0.494,0.568,-0.211,0.112,1,0.494,0.494,5.732,AVOID,0.570,static,1,31.0,25,0.011,1,0,-1.000,6.59,2.85,0.0456,0.0101
70.378,1.632,1,0.443,0.523,-0.232,0.129,1,0.443,0.443,5.870,AVOID,0.550,aeb_escape,1,32.0,25,0.032,0,0,-1.000,3.46,2.75,0.0398,0.0064
70.397,1.629,0,,,,,0,,,0.415,AVOID,0.537,dynamic,1,34.7,21,0.011,1,0,-1.000,3.46,2.75,0.0343,0.0058
70.418,1.653,0,,,,,0,,,0.391,AVOID,0.525,dynamic,1,34.7,20,0.013,1,0,-1.000,6.41,2.69,0.0310,0.0010
70.438,1.692,0,,,,,0,,,0.391,AVOID,0.525,dynamic,1,36.4,20,0.033,1,0,-1.000,5.73,2.63,0.0514,0.0214
70.457,1.715,0,,,,,0,,,0.360,AVOID,0.499,dynamic,1,36.5,20,0.005,1,0,-1.000,5.73,2.63,0.0443,0.0157
70.477,1.696,0,,,,,0,,,0.335,AVOID,0.480,dynamic,1,41.7,20,0.025,1,0,-1.000,8.53,2.49,0.0401,0.0098
70.498,1.663,1,0.313,0.315,-0.310,0.128,1,0.313,0.313,,AVOID,0.470,dynamic,1,41.7,18,0.001,1,0,-1.000,8.53,2.49,0.0353,0.0057
70.517,1.658,1,0.313,0.315,-0.310,0.128,1,0.313,0.313,,AVOID,0.458,dynamic,1,41.9,18,0.020,1,0,-1.000,7.93,2.40,0.0304,0.0250
70.540,1.681,0,,,,,0,,,,AVOID,0.449,dynamic,1,42.3,16,0.002,1,0,-1.000,8.40,2.29,0.0532,0.0165
70.557,1.719,0,,,,,0,,,,AVOID,0.439,static,1,42.7,17,0.004,1,0,-1.000,12.38,2.24,0.0446,0.0118
70.577,1.747,0,,,,,0,,,,AVOID,0.426,aeb_escape,1,40.3,15,0.003,1,0,-1.000,12.38,2.24,0.0405,0.0113
70.597,1.776,0,,,,,0,,,,AVOID,0.410,aeb_escape,1,35.0,15,0.023,1,0,-1.000,10.65,2.13,0.0283,0.0045
70.617,1.832,0,,,,,0,,,,AVOID,0.410,aeb_escape,1,35.0,15,0.017,1,0,-1.000,11.57,2.05,0.0289,0.0246
70.638,1.864,0,,,,,0,,,,AVOID,0.395,aeb_escape,1,28.8,14,0.013,1,0,-1.000,11.57,2.05,0.0495,0.0176
70.657,1.889,0,,,,,0,,,,AVOID,0.379,aeb_escape,1,23.2,14,0.005,1,0,-1.000,11.61,1.97,0.0448,0.0154
70.677,1.910,0,,,,,0,,,,AVOID,0.379,aeb_escape,1,17.8,14,0.025,1,0,-1.000,8.48,1.90,0.0374,0.0119
70.697,1.928,0,,,,,0,,,,AVOID,0.379,aeb_escape,1,11.7,14,0.045,1,0,-1.000,8.48,1.90,0.0351,0.0057
70.717,1.948,0,,,,,0,,,,AVOID,0.341,aeb_escape,1,11.7,15,0.002,1,0,-1.000,7.97,1.90,0.0297,0.0008
70.738,1.956,0,,,,,0,,,,AVOID,0.332,aeb_escape,1,6.3,17,0.012,1,0,-1.000,3.62,1.71,0.0503,0.0215
70.757,1.930,0,,,,,0,,,,AVOID,0.318,aeb_escape,1,0.6,22,0.004,1,0,-1.000,3.62,1.71,0.0452,0.0161
70.778,1.900,0,,,,,0,,,,AVOID,0.302,aeb_escape,1,-5.4,22,0.001,1,0,-1.000,-3.73,1.59,0.0400,0.0127
70.797,1.866,0,,,,,0,,,,AVOID,0.302,aeb_escape,1,-12.0,22,0.020,1,0,-1.000,-9.60,1.50,0.0354,0.0025
70.823,1.839,0,,,,,0,,,,AVOID,0.287,aeb_escape,1,-12.0,20,0.014,1,0,-1.000,-9.60,1.50,0.0328,0.0058
70.838,1.810,0,,,,,0,,,,AVOID,0.271,aeb_escape,1,-17.1,22,0.007,1,0,-1.000,-6.58,1.42,0.0471,0.0201
70.857,1.776,0,,,,,0,,,,AVOID,0.260,aeb_escape,1,-23.4,24,0.010,1,0,-1.000,-8.28,1.29,0.0456,0.0142
70.877,1.738,0,,,,,0,,,,AVOID,0.245,aeb_escape,1,-29.0,29,0.002,1,0,-1.000,-8.28,1.29,0.0398,0.0095
70.897,1.724,0,,,,,0,,,,AVOID,0.229,aeb_escape,1,-32.3,29,0.022,1,0,-1.000,-12.31,1.21,0.0343,0.0032
70.918,1.660,0,,,,,0,,,,AVOID,0.229,aeb_escape,1,-32.3,35,0.018,1,0,-1.000,-14.15,1.13,0.0309,0.0239
70.938,1.646,0,,,,,0,,,,AVOID,0.215,aeb_escape,1,-33.5,41,0.011,1,0,-1.000,-14.15,1.13,0.0510,0.0192
70.957,1.510,0,,,,,0,,,,AVOID,0.200,aeb_escape,1,-34.3,41,0.007,1,0,-1.000,-14.08,1.05,0.0449,0.0148
70.981,1.017,0,,,,,0,,,,AVOID,0.185,aeb_escape,1,-34.8,41,0.001,1,0,-1.000,-12.61,0.98,0.0440,0.0145
70.997,1.011,0,,,,,0,,,,AVOID,0.169,aeb_escape,1,-35.1,41,0.017,1,0,-1.000,-12.61,0.98,0.0268,0.0059
71.022,1.011,0,,,,,0,,,,AVOID,0.169,aeb_escape,1,-35.1,40,0.022,1,0,-1.000,-12.41,0.90,0.0517,0.0309
71.038,1.083,0,,,,,0,,,,AVOID,0.160,aeb_escape,1,-34.7,40,0.010,1,0,-1.000,-11.28,0.78,0.0470,0.0150
71.057,1.091,0,,,,,0,,,,AVOID,0.160,aeb_escape,1,-34.4,40,0.010,1,0,-1.000,-11.28,0.78,0.0403,0.0147
71.077,1.062,0,,,,,0,,,,AVOID,0.160,aeb_escape,1,-33.8,40,0.004,1,0,-1.000,-11.14,0.78,0.0331,0.0027
71.097,1.032,0,,,,,0,,,,AVOID,0.160,aeb_escape,1,-33.1,40,0.024,1,0,-1.000,-10.93,0.77,0.0352,0.0012
71.117,0.997,0,,,,,0,,,,AVOID,0.160,aeb_escape,1,-33.1,40,0.015,1,0,-1.000,-10.93,0.77,0.0274,0.0209
71.137,0.955,0,,,,,0,,,,AVOID,0.160,aeb_escape,1,-32.5,40,0.012,1,0,-1.000,-10.72,0.77,0.0476,0.0113
71.157,0.930,0,,,,,0,,,,AVOID,0.160,aeb_escape,1,-31.7,40,0.007,1,0,-1.000,-10.67,0.77,0.0438,0.0154
71.178,0.885,0,,,,,0,,,,AVOID,0.160,aeb_escape,1,-30.9,40,0.028,1,0,-1.000,-10.67,0.77,0.0383,0.0117
71.197,0.847,0,,,,,0,,,,AVOID,0.160,aeb_escape,1,-30.7,40,0.047,1,0,-1.000,-10.62,0.77,0.0338,0.0016
71.217,0.806,0,,,,,0,,,,AVOID,0.160,aeb_escape,1,-30.7,40,0.014,1,0,-1.000,-9.84,0.77,0.0543,0.0221
71.237,0.774,0,,,,,0,,,,AVOID,0.160,aeb_escape,1,-30.5,40,0.005,1,0,-1.000,-9.84,0.77,0.0497,0.0091
71.263,0.745,0,,,,,0,,,,AVOID,0.160,aeb_escape,1,-29.1,40,0.001,1,0,-1.000,-9.84,0.77,0.0467,0.0174
71.277,0.727,0,,,,,0,,,,AVOID,0.160,aeb_escape,1,-28.2,40,0.015,1,0,-1.000,-9.84,0.77,0.0364,0.0089
71.297,0.727,0,,,,,0,,,,AVOID,0.160,aeb_escape,1,-28.2,40,0.008,1,0,-1.000,-10.38,0.77,0.0344,0.0292
71.317,0.713,0,,,,,0,,,,AVOID,0.160,aeb_escape,1,-27.3,40,0.012,1,0,-1.000,-9.55,0.77,0.0283,0.0004
71.337,0.719,0,,,,,0,,,,AVOID,0.160,aeb_escape,1,-27.3,40,0.011,1,0,-1.000,-9.52,0.77,0.0485,0.0206
71.357,0.710,0,,,,,0,,,,AVOID,0.160,aeb_escape,1,-26.4,40,0.008,1,0,-1.000,-9.52,0.77,0.0444,0.0136
71.379,0.691,0,,,,,0,,,,AVOID,0.160,aeb_escape,1,-25.5,40,0.001,1,0,-1.000,-9.15,0.77,0.0388,0.0129
71.397,0.660,0,,,,,0,,,,AVOID,0.160,aeb_escape,1,-24.9,40,0.019,1,0,-1.000,-9.15,0.77,0.0347,0.0032
71.417,0.635,0,,,,,0,,,,AVOID,0.160,aeb_escape,1,-24.9,40,0.013,1,0,-1.000,-8.32,0.77,0.0547,0.0232
71.439,0.629,0,,,,,0,,,,AVOID,0.160,aeb_escape,1,-24.3,40,0.009,1,0,-1.000,-8.84,0.77,0.0505,0.0164
71.457,0.626,0,,,,,0,,,,AVOID,0.160,aeb_escape,1,-23.7,40,0.010,1,0,-1.000,-9.27,0.77,0.0434,0.0088
71.481,0.622,0,,,,,0,,,,AVOID,0.160,aeb_escape,1,-23.5,40,0.002,1,0,-1.000,-9.27,0.77,0.0434,0.0059
71.497,0.620,0,,,,,0,,,,AVOID,0.160,aeb_escape,1,-23.1,40,0.018,1,0,-1.000,-8.33,0.77,0.0332,0.0023
71.517,0.616,0,,,,,0,,,,AVOID,0.160,aeb_escape,1,-23.1,40,0.015,1,0,-1.000,-8.33,0.77,0.0293,0.0224
71.537,0.619,0,,,,,0,,,,AVOID,0.160,aeb_escape,1,-22.4,40,0.003,1,0,-1.000,-8.93,0.77,0.0492,0.0165
71.557,0.602,0,,,,,0,,,,AVOID,0.160,aeb_escape,1,-21.9,40,0.003,1,0,-1.000,-8.17,0.77,0.0427,0.0015
71.579,0.583,0,,,,,0,,,,AVOID,0.160,aeb_escape,1,-21.4,40,0.001,1,0,-1.000,-7.64,0.77,0.0416,0.0124
71.597,0.578,0,,,,,0,,,,AVOID,0.160,aeb_escape,1,-20.9,40,0.019,1,0,-1.000,-7.64,0.77,0.0338,0.0303
71.617,0.569,0,,,,,0,,,,AVOID,0.160,aeb_escape,1,-20.9,40,0.014,1,0,-1.000,-7.41,0.77,0.0298,0.0128
71.639,0.573,0,,,,,0,,,,AVOID,0.160,aeb_escape,1,-20.1,40,0.017,1,0,-1.000,-7.48,0.77,0.0520,0.0138
71.657,0.574,0,,,,,0,,,,AVOID,0.160,aeb_escape,1,-19.9,40,0.010,1,0,-1.000,-7.48,0.77,0.0428,0.0031
71.677,0.584,0,,,,,0,,,,AVOID,0.160,aeb_escape,1,-19.5,40,0.030,1,0,-1.000,-6.71,0.77,0.0379,0.0072
71.697,0.593,0,,,,,0,,,,AVOID,0.160,aeb_escape,1,-19.5,40,0.001,1,0,-1.000,-6.71,0.77,0.0344,0.0272
71.719,0.603,1,8.421,8.531,-1.217,0.196,1,8.421,8.421,,AVOID,0.160,aeb_escape,1,-18.9,40,0.014,1,0,-1.000,-6.96,0.77,0.0301,0.0016
71.737,0.605,1,8.421,8.531,-1.217,0.196,1,8.421,8.421,,AVOID,0.160,aeb_escape,1,-18.9,40,0.011,1,0,-1.000,-7.37,0.77,0.0488,0.0203
71.758,0.607,1,8.422,8.522,-1.169,0.180,1,8.422,8.422,,AVOID,0.160,aeb_escape,1,-18.2,40,0.006,1,0,-1.000,-7.18,0.77,0.0449,0.0107
71.777,0.612,0,,,,,0,,,8.384,AVOID,0.160,aeb_escape,1,-17.6,40,0.026,1,0,-1.000,-7.18,0.77,0.0392,0.0093
71.797,0.611,1,8.398,8.518,-1.001,0.179,1,8.398,8.398,,AVOID,0.160,aeb_escape,1,-17.0,40,0.013,1,0,-1.000,-6.17,0.77,0.0334,0.0014
71.817,0.613,1,8.398,8.518,-1.001,0.179,1,8.398,8.398,,AVOID,0.160,aeb_escape,1,-17.0,40,0.017,1,0,-1.000,-6.29,0.76,0.0279,0.0210
71.837,0.615,1,8.454,8.513,-0.907,0.107,1,8.454,8.454,,AVOID,0.160,aeb_escape,1,-16.5,40,0.010,1,0,-1.000,-6.29,0.76,0.0480,0.0092
71.859,0.617,1,8.360,8.497,-0.861,0.180,1,8.360,8.360,,AVOID,0.160,aeb_escape,1,-16.0,40,0.001,1,0,-1.000,-5.52,0.76,0.0457,0.0153
71.877,0.613,0,,,,,0,,,8.376,AVOID,0.160,aeb_escape,1,-15.7,40,0.019,1,0,-1.000,-4.38,0.77,0.0393,0.0101
71.897,0.610,0,,,,,0,,,,AVOID,0.160,aeb_escape,1,-14.9,40,0.014,1,0,-1.000,-4.38,0.77,0.0335,0.0028
71.917,0.610,0,,,,,0,,,,AVOID,0.160,aeb_escape,1,-14.9,40,0.001,1,0,-1.000,-5.99,0.77,0.0536,0.0229
71.937,0.615,0,,,,,0,,,,AVOID,0.160,aeb_escape,1,-14.6,40,0.009,1,0,-1.000,-5.04,0.77,0.0477,0.0156
71.958,0.618,0,,,,,0,,,,AVOID,0.160,aeb_escape,1,-14.4,40,0.001,1,0,-1.000,-5.04,0.77,0.0420,0.0152
71.978,0.624,0,,,,,0,,,,AVOID,0.160,aeb_escape,1,-14.0,40,0.001,1,0,-1.000,-4.32,0.77,0.0372,0.0117
71.997,0.628,0,,,,,0,,,,AVOID,0.160,aeb_escape,1,-13.4,40,0.020,1,0,-1.000,-5.16,0.77,0.0340,0.0053
72.017,0.632,0,,,,,0,,,,AVOID,0.160,aeb_escape,1,-13.4,40,0.017,1,0,-1.000,-5.16,0.77,0.0279,0.0005
72.037,0.632,0,,,,,0,,,,AVOID,0.160,aeb_escape,1,-12.9,40,0.012,1,0,-1.000,-5.06,0.76,0.0480,0.0206
72.058,0.633,0,,,,,0,,,,AVOID,0.160,aeb_escape,1,-12.4,40,0.006,1,0,-1.000,-4.56,0.76,0.0444,0.0121
72.079,0.630,0,,,,,0,,,,AVOID,0.160,aeb_escape,1,-11.9,40,0.001,1,0,-1.000,-4.56,0.76,0.0349,0.0119
72.098,0.631,0,,,,,0,,,,AVOID,0.160,aeb_escape,1,-11.6,40,0.000,1,0,-1.000,-4.71,0.76,0.0308,0.0045
72.117,0.630,0,,,,,0,,,,AVOID,0.160,aeb_escape,1,-11.0,40,0.019,1,0,-1.000,-4.09,0.76,0.0273,0.0235
72.137,0.631,0,,,,,0,,,,AVOID,0.160,aeb_escape,1,-11.0,40,0.014,1,0,-1.000,-4.09,0.76,0.0472,0.0178
72.157,0.634,0,,,,,0,,,,AVOID,0.160,aeb_escape,1,-11.0,40,0.004,1,0,-1.000,-3.53,0.76,0.0447,0.0162
72.177,0.629,0,,,,,0,,,,AVOID,0.160,aeb_escape,1,-10.3,40,0.023,1,0,-1.000,-3.72,0.76,0.0387,0.0097
72.198,0.631,0,,,,,0,,,,AVOID,0.160,aeb_escape,1,-10.1,40,0.001,1,0,-1.000,-3.72,0.76,0.0309,0.0049
72.218,0.639,0,,,,,0,,,,AVOID,0.160,aeb_escape,1,-10.1,40,0.017,1,0,-1.000,-3.90,0.76,0.0300,0.0254
72.238,0.639,0,,,,,0,,,,AVOID,0.160,aeb_escape,1,-9.9,40,0.015,1,0,-1.000,-3.41,0.76,0.0496,0.0126
72.257,0.630,0,,,,,0,,,,AVOID,0.160,aeb_escape,1,-9.5,40,0.008,1,0,-1.000,-3.41,0.76,0.0435,0.0066
72.277,0.641,0,,,,,0,,,,AVOID,0.160,aeb_escape,1,-9.1,40,0.006,1,0,-1.000,-3.57,0.76,0.0381,0.0023
72.297,0.637,0,,,,,0,,,,AVOID,0.184,avoid_cruise,1,-8.7,40,0.026,1,0,-1.000,-3.37,0.76,0.0339,0.0046
72.321,0.637,0,,,,,0,,,,AVOID,0.184,avoid_cruise,1,-8.7,127,0.001,1,0,-1.000,-3.37,0.76,0.0571,0.0278
72.337,0.629,0,,,,,0,,,,AVOID,0.204,avoid_cruise,1,-2.6,127,0.004,1,0,-1.000,-7.07,0.87,0.0494,0.0158
72.361,0.629,0,,,,,0,,,,REJOIN,0.225,avoid_cruise,1,-0.8,127,0.001,1,0,-1.000,-5.72,0.96,0.0473,0.0147
72.377,0.621,0,,,,,0,,,,REJOIN,0.248,avoid_cruise,1,-0.2,127,0.017,1,0,-1.000,-5.72,0.96,0.0396,0.0031
72.399,0.621,0,,,,,0,,,,REJOIN,0.248,avoid_cruise,1,-0.2,127,0.012,1,0,-1.000,-5.25,1.06,0.0356,0.0248
72.418,0.638,0,,,,,0,,,,REJOIN,0.261,avoid_cruise,1,-0.0,127,0.007,1,0,-1.000,-5.25,1.06,0.0287,0.0170
72.437,0.659,1,7.923,8.099,-1.023,0.240,1,7.923,7.923,,REJOIN,0.284,avoid_cruise,1,-0.0,127,0.005,1,0,-1.000,-4.86,1.17,0.0482,0.0139
72.458,0.659,1,7.917,8.087,-1.070,0.240,1,7.917,7.917,,REJOIN,0.304,avoid_cruise,1,-6.1,127,0.001,1,0,-1.000,-4.86,1.17,0.0453,0.0142
72.477,0.717,1,7.901,8.074,-1.036,0.239,1,7.901,7.901,,REJOIN,0.325,avoid_cruise,1,-12.0,127,0.019,1,0,-1.000,-4.80,1.34,0.0383,0.0101
72.497,0.741,1,7.901,8.074,-1.036,0.239,1,7.901,7.901,,REJOIN,0.325,avoid_cruise,1,-13.8,127,0.009,1,0,-1.000,-4.68,1.44,0.0344,0.0301
72.517,0.802,1,7.999,8.092,-0.380,0.102,1,7.999,7.999,,REJOIN,0.346,avoid_cruise,1,-11.0,127,0.005,1,0,-1.000,-5.28,1.53,0.0290,0.0004
72.538,0.802,1,7.999,8.092,-0.380,0.102,1,7.999,7.999,,REJOIN,0.367,avoid_cruise,1,-11.0,127,0.001,1,0,-1.000,-5.28,1.53,0.0492,0.0207
72.559,0.837,1,7.999,8.092,-0.380,0.102,1,7.999,7.999,,REJOIN,0.385,avoid_cruise,1,-9.5,127,0.001,1,0,-1.000,-4.80,1.63,0.0467,0.0423
72.586,0.956,1,7.816,8.002,-0.910,0.238,1,7.816,7.816,,REJOIN,0.403,avoid_cruise,1,-13.9,127,0.001,1,0,-1.000,-4.80,1.63,0.0430,0.0124
72.598,1.011,1,7.896,8.027,-0.280,0.135,1,7.896,7.896,,REJOIN,0.403,avoid_cruise,1,-13.7,127,0.013,1,0,-1.000,-4.97,1.81,0.0285,0.0024
72.620,1.011,1,7.896,8.027,-0.280,0.135,1,7.896,7.896,,REJOIN,0.431,avoid_cruise,1,-13.7,127,0.001,1,0,-1.000,-4.95,1.89,0.0509,0.0248
72.637,1.121,0,,,,,0,,,7.613,REJOIN,0.449,avoid_cruise,1,-10.1,127,0.018,1,0,-1.000,-4.96,2.01,0.0447,0.0164
72.668,1.187,0,,,,,0,,,7.630,REJOIN,0.463,avoid_cruise,1,-9.2,127,0.001,1,0,-1.000,-4.96,2.01,0.0484,0.0143
72.677,1.262,0,,,,,0,,,7.582,REJOIN,0.463,avoid_cruise,1,-9.6,127,0.010,1,0,-1.000,-5.11,2.09,0.0349,0.0041
72.697,1.347,0,,,,,0,,,7.509,REJOIN,0.463,avoid_cruise,1,-9.1,127,0.031,1,0,-1.000,-5.08,2.15,0.0276,0.0011
72.721,1.347,0,,,,,0,,,7.509,REJOIN,0.512,avoid_cruise,1,-9.1,127,0.001,1,0,-1.000,-5.08,2.15,0.0512,0.0248
72.737,1.504,0,,,,,0,,,7.722,REJOIN,0.525,avoid_cruise,1,-9.2,127,0.003,1,0,-1.000,-5.13,2.14,0.0411,0.0156
72.757,1.504,0,,,,,0,,,,REJOIN,0.542,avoid_cruise,1,-7.6,127,0.001,1,0,-1.000,-5.13,2.14,0.0373,0.0104
72.786,1.673,0,,,,,0,,,7.676,REJOIN,0.561,avoid_cruise,1,-2.2,127,0.001,1,0,-1.000,-5.07,2.43,0.0423,0.0172
72.797,1.747,0,,,,,0,,,7.668,REJOIN,0.561,avoid_cruise,1,-2.0,127,0.012,1,0,-1.000,-5.12,2.50,0.0258,0.0042
72.822,1.747,0,,,,,0,,,7.668,REJOIN,0.589,avoid_cruise,1,-2.0,127,0.001,1,0,-1.000,-5.60,2.58,0.0508,0.0292
72.837,1.887,0,,,,,0,,,,REJOIN,0.600,avoid_cruise,1,-1.0,127,0.005,1,0,-1.000,-5.60,2.58,0.0418,0.0141
72.857,1.973,0,,,,,0,,,,REJOIN,0.603,avoid_cruise,1,-0.3,127,0.003,1,0,-1.000,-3.23,2.76,0.0374,0.0133
72.878,2.066,0,,,,,0,,,,REJOIN,0.605,avoid_cruise,1,-0.1,127,0.025,1,0,-1.000,-3.51,2.76,0.0331,0.0123
72.907,2.138,0,,,,,0,,,,REJOIN,0.606,avoid_cruise,1,-0.0,127,0.001,1,0,-1.000,-3.51,2.76,0.0619,0.0411
72.917,2.223,0,,,,,0,,,,REJOIN,0.606,avoid_cruise,1,-0.0,127,0.012,1,0,-1.000,-4.19,2.77,0.0482,0.0099
72.937,2.310,1,1.117,0.930,1.122,0.341,1,1.117,1.117,,REJOIN,0.610,avoid_cruise,1,-0.0,127,0.009,1,0,-1.000,-4.25,2.78,0.0408,0.0079
72.957,2.375,1,1.078,0.872,1.124,0.345,1,1.078,1.078,,REJOIN,0.610,avoid_cruise,1,-0.0,127,0.029,1,0,-1.000,-4.18,2.80,0.0375,0.0116
72.977,2.420,0,,,,,0,,,1.064,REJOIN,0.612,avoid_cruise,1,-0.0,127,0.007,1,0,-1.000,-4.18,2.80,0.0325,0.0036
72.997,2.420,1,1.247,0.908,1.160,0.226,1,1.247,1.247,,REJOIN,0.612,avoid_cruise,1,-0.0,127,0.011,1,0,-1.000,-4.16,2.79,0.0266,0.0054
73.017,2.521,1,1.247,0.908,1.160,0.226,1,1.247,1.247,,REJOIN,0.616,avoid_cruise,1,-0.0,127,0.010,1,0,-1.000,-4.16,2.79,0.0169,0.0252
73.037,2.542,0,,,,,0,,,1.022,REJOIN,0.618,avoid_cruise,1,-0.0,127,0.003,1,0,-1.000,-4.07,2.80,0.0369,0.0187
73.058,2.542,0,,,,,0,,,1.046,REJOIN,0.620,avoid_cruise,1,-0.0,127,0.001,1,0,-1.000,-3.93,2.80,0.0425,0.0104
73.077,2.601,0,,,,,0,,,1.092,REJOIN,0.620,avoid_cruise,1,-0.0,127,0.019,1,0,-1.000,-3.75,2.77,0.0371,0.0102
73.097,2.625,0,,,,,0,,,1.326,REJOIN,0.625,avoid_cruise,1,-0.0,127,0.003,1,0,-1.000,-3.75,2.77,0.0338,0.0013
73.117,2.625,0,,,,,0,,,1.326,REJOIN,0.625,avoid_cruise,1,-0.0,127,0.001,1,0,-1.000,-2.23,2.73,0.0539,0.0214
73.141,2.645,0,,,,,0,,,1.303,REJOIN,0.625,avoid_cruise,1,-0.0,127,0.001,1,0,-1.000,-2.03,2.71,0.0438,0.0228
73.162,2.669,0,,,,,0,,,,REJOIN,0.629,avoid_cruise,1,-0.0,127,0.001,1,0,-1.000,-2.03,2.71,0.0421,0.0186
73.177,2.664,0,,,,,0,,,,REJOIN,0.629,avoid_cruise,1,-0.0,127,0.016,1,0,-1.000,-1.75,2.72,0.0367,0.0106
73.197,2.654,0,,,,,0,,,,REJOIN,0.629,avoid_cruise,1,-0.0,127,0.036,1,0,-1.000,-1.85,2.70,0.0275,0.0013
73.217,2.655,0,,,,,0,,,,REJOIN,0.631,avoid_cruise,1,-0.0,127,0.056,1,0,-1.000,-1.85,2.70,0.0226,0.0212
73.238,2.655,0,,,,,0,,,,REJOIN,0.631,avoid_cruise,1,-0.0,127,0.001,1,0,-1.000,-1.85,2.70,0.0430,0.0201
73.258,2.657,0,,,,,0,,,,REJOIN,0.640,avoid_cruise,1,-0.0,127,0.010,1,0,-1.000,-1.63,2.68,0.0446,0.0054
73.277,2.645,0,,,,,0,,,,REJOIN,0.640,avoid_cruise,1,-0.0,127,0.004,1,0,-1.000,-1.98,2.68,0.0369,0.0022
73.297,2.645,0,,,,,0,,,,REJOIN,0.640,avoid_cruise,1,-0.0,127,0.001,1,0,-1.000,-0.64,2.71,0.0570,0.0223
73.317,2.643,0,,,,,0,,,,REJOIN,0.647,avoid_cruise,1,-0.0,127,0.004,1,0,-1.000,-0.64,2.71,0.0269,0.0192
73.338,2.643,0,,,,,0,,,,REJOIN,0.654,avoid_cruise,1,-0.0,127,0.001,1,0,-1.000,-0.11,2.71,0.0473,0.0142
73.361,2.651,0,,,,,0,,,,REJOIN,0.657,avoid_cruise,1,-0.0,127,0.001,1,0,-1.000,-0.35,2.74,0.0448,0.0172
73.385,2.658,0,,,,,0,,,,REJOIN,0.659,avoid_cruise,1,-0.0,127,0.001,1,0,-1.000,0.17,2.74,0.0408,0.0177
73.397,2.659,0,,,,,0,,,,REJOIN,0.662,avoid_cruise,1,-0.0,127,0.013,1,0,-1.000,0.17,2.74,0.0333,0.0011
73.417,2.662,0,,,,,0,,,,REJOIN,0.662,avoid_cruise,1,-0.0,127,0.010,1,0,-1.000,2.36,2.73,0.0294,0.0212
73.437,2.663,0,,,,,0,,,,REJOIN,0.664,avoid_cruise,1,-0.0,127,0.003,1,0,-1.000,2.71,2.72,0.0490,0.0193
73.460,2.663,0,,,,,0,,,,REJOIN,0.667,avoid_cruise,1,-0.0,127,0.001,1,0,-1.000,2.71,2.72,0.0460,0.0166
73.480,2.659,0,,,,,0,,,,REJOIN,0.669,avoid_cruise,1,-0.0,127,0.001,1,0,-1.000,2.90,2.72,0.0425,0.0370
73.497,2.659,0,,,,,0,,,,REJOIN,0.669,avoid_cruise,1,-0.0,127,0.018,1,0,-1.000,2.90,2.72,0.0334,0.0065
73.517,2.659,0,,,,,0,,,,REJOIN,0.672,avoid_cruise,1,-0.0,127,0.008,1,0,-1.000,3.01,2.73,0.0281,0.0013
73.537,2.659,0,,,,,0,,,,REJOIN,0.677,avoid_cruise,1,-0.0,127,0.007,1,0,-1.000,3.33,2.72,0.0476,0.0207
73.558,2.666,0,,,,,0,,,,REJOIN,0.680,avoid_cruise,1,-0.0,127,0.002,1,0,-1.000,3.71,2.73,0.0441,0.0147
73.584,2.663,0,,,,,0,,,,REJOIN,0.683,avoid_cruise,1,-0.0,127,0.001,1,0,-1.000,3.71,2.73,0.0436,0.0167
73.597,2.663,0,,,,,0,,,,REJOIN,0.683,avoid_cruise,1,-1.9,127,0.014,1,0,-1.000,4.90,2.72,0.0340,0.0043
73.617,2.659,0,,,,,0,,,,REJOIN,0.685,avoid_cruise,1,-0.6,127,0.010,1,0,-1.000,4.90,2.72,0.0270,0.0009
73.637,2.659,0,,,,,0,,,,REJOIN,0.691,avoid_cruise,1,-0.6,127,0.004,1,0,-1.000,5.41,2.72,0.0470,0.0209
73.657,2.656,0,,,,,0,,,,REJOIN,0.694,avoid_cruise,1,-0.2,127,0.003,1,0,-1.000,5.69,2.74,0.0440,0.0018
73.677,2.653,0,,,,,0,,,,REJOIN,0.694,avoid_cruise,1,-0.1,127,0.023,1,0,-1.000,5.69,2.74,0.0368,0.0105
73.697,2.655,0,,,,,0,,,,REJOIN,0.697,avoid_cruise,1,-0.0,127,0.043,1,0,-1.000,4.59,2.74,0.0342,0.0032
73.718,2.651,0,,,,,0,,,,REJOIN,0.697,avoid_cruise,1,-0.0,127,0.010,1,0,-1.000,6.10,2.70,0.0270,0.0236
73.737,2.650,0,,,,,0,,,,REJOIN,0.706,avoid_cruise,1,-0.0,127,0.003,1,0,-1.000,5.85,2.73,0.0465,0.0192
73.757,2.650,0,,,,,0,,,,REJOIN,0.709,avoid_cruise,1,-0.0,127,0.001,1,0,-1.000,5.85,2.73,0.0430,0.0161
73.777,2.640,0,,,,,0,,,,REJOIN,0.709,avoid_cruise,1,-0.0,127,0.021,1,0,-1.000,6.45,2.73,0.0376,0.0097
73.797,2.651,0,,,,,0,,,,REJOIN,0.712,avoid_cruise,1,-1.6,127,0.007,1,0,-1.000,6.45,2.73,0.0328,0.0051
73.818,2.651,0,,,,,0,,,,REJOIN,0.715,avoid_cruise,1,-0.5,127,0.009,1,0,-1.000,6.25,2.72,0.0282,0.0009
73.837,2.639,0,,,,,0,,,,REJOIN,0.718,avoid_cruise,1,-0.5,127,0.004,1,0,-1.000,6.72,2.74,0.0473,0.0199
73.857,2.636,0,,,,,0,,,,REJOIN,0.722,avoid_cruise,1,-0.2,127,0.001,1,0,-1.000,6.72,2.74,0.0433,0.0166
73.877,2.637,0,,,,,0,,,,GLOBAL,0.753,clear,0,-0.0,127,0.021,1,0,-1.000,6.23,2.73,0.0373,0.0103
73.898,2.632,0,,,,,0,,,,GLOBAL,0.753,clear,0,-0.0,127,0.042,0,0,-1.000,6.88,2.87,0.0340,0.0070
73.917,2.638,0,,,,,0,,,,GLOBAL,0.784,clear,0,-0.0,127,0.061,0,0,-1.000,6.88,2.87,0.0274,0.0006
73.937,2.655,0,,,,,0,,,,GLOBAL,0.809,clear,0,-0.0,127,0.081,0,0,-1.000,7.65,2.97,0.0475,0.0207
73.957,2.659,0,,,,,0,,,,GLOBAL,0.835,clear,0,-0.0,127,0.101,0,0,-1.000,8.03,3.01,0.0436,0.0166
73.977,2.671,0,,,,,0,,,,GLOBAL,0.863,clear,0,-0.0,127,0.121,0,0,-1.000,8.03,3.01,0.0377,0.0111
73.997,2.700,0,,,,,0,,,,GLOBAL,0.898,clear,0,-0.0,127,0.141,0,0,-1.000,8.25,3.05,0.0338,0.0067
74.018,2.723,0,,,,,0,,,,GLOBAL,0.898,clear,0,-0.0,127,0.162,0,0,-1.000,7.88,3.23,0.0303,0.0006
74.037,2.755,0,,,,,0,,,,GLOBAL,0.929,clear,0,-0.0,127,0.181,0,0,-1.000,7.88,3.23,0.0496,0.0199
74.057,2.798,0,,,,,0,,,,GLOBAL,0.956,clear,0,-0.0,127,0.201,0,0,-1.000,7.70,3.32,0.0406,0.0137
74.077,2.837,0,,,,,0,,,,GLOBAL,0.986,clear,0,-0.0,127,0.221,0,0,-1.000,7.85,3.39,0.0396,0.0109
74.097,2.881,0,,,,,0,,,,GLOBAL,0.986,clear,0,-0.0,127,0.242,0,0,-1.000,7.69,3.46,0.0343,0.0060
74.117,2.946,0,,,,,0,,,,GLOBAL,1.000,clear,0,-0.0,127,0.261,0,0,-1.000,7.69,3.46,0.0302,0.0259
74.138,2.983,0,,,,,0,,,,GLOBAL,1.000,clear,0,-0.0,127,0.282,0,0,-1.000,7.57,3.48,0.0511,0.0196
74.157,3.048,0,,,,,0,,,,GLOBAL,1.000,clear,0,-0.0,127,0.301,0,0,-1.000,6.44,3.44,0.0428,0.0166
74.177,3.098,0,,,,,0,,,,GLOBAL,1.000,clear,0,-0.0,127,0.322,0,0,-1.000,6.44,3.44,0.0404,0.0110
74.197,3.134,0,,,,,0,,,,GLOBAL,1.000,clear,0,-0.0,127,0.341,0,0,-1.000,7.08,3.41,0.0344,0.0057
74.218,3.183,0,,,,,0,,,,GLOBAL,1.000,clear,0,-0.0,127,0.362,0,0,-1.000,7.08,3.41,0.0278,0.0010
74.237,3.190,0,,,,,0,,,,GLOBAL,1.000,clear,0,-0.0,127,0.382,0,0,-1.000,6.32,3.37,0.0476,0.0209
74.257,3.218,0,,,,,0,,,,GLOBAL,1.000,clear,0,-0.0,127,0.402,0,0,-1.000,5.64,3.37,0.0446,0.0133
74.277,3.229,0,,,,,0,,,,GLOBAL,1.000,clear,0,-0.0,127,0.421,0,0,-1.000,5.64,3.37,0.0346,0.0079
74.298,3.233,0,,,,,0,,,,GLOBAL,1.000,clear,0,-0.0,127,0.442,0,0,-1.000,4.80,3.30,0.0336,0.0059
74.318,3.246,0,,,,,0,,,,GLOBAL,1.000,clear,0,-0.0,127,0.462,0,0,-1.000,4.55,3.28,0.0247,0.0008
74.337,3.241,0,,,,,0,,,,GLOBAL,1.000,clear,0,-0.0,127,0.481,0,0,-1.000,4.16,3.23,0.0437,0.0198
74.357,3.218,0,,,,,0,,,,GLOBAL,1.000,clear,0,-0.0,127,0.501,0,0,-1.000,4.16,3.23,0.0384,0.0117
74.377,3.220,0,,,,,0,,,,GLOBAL,1.000,clear,0,-0.0,127,0.521,0,0,-1.000,3.36,3.18,0.0370,0.0116
74.397,3.202,0,,,,,0,,,1.254,GLOBAL,1.000,clear,0,-0.0,127,0.541,0,0,-1.000,3.36,3.18,0.0338,0.0042
74.417,3.189,0,,,,,0,,,1.254,GLOBAL,1.000,clear,0,-0.0,127,0.562,0,0,-1.000,2.84,3.15,0.0267,0.0246
74.437,3.180,0,,,,,0,,,1.282,GLOBAL,1.000,clear,0,-0.0,127,0.581,0,0,-1.000,2.93,3.13,0.0463,0.0187
74.457,3.161,0,,,,,0,,,1.303,GLOBAL,1.000,clear,0,-0.0,127,0.602,0,0,-1.000,2.87,3.08,0.0411,0.0155
74.477,3.143,0,,,,,0,,,0.973,GLOBAL,1.000,clear,0,-0.0,127,0.621,0,0,-1.000,2.87,3.08,0.0382,0.0105
74.498,3.134,0,,,,,0,,,0.899,GLOBAL,1.000,clear,0,-0.0,127,0.642,0,0,-1.000,2.72,3.03,0.0332,0.0068
74.517,3.127,0,,,,,0,,,0.899,GLOBAL,1.000,clear,0,-0.0,127,0.662,0,0,-1.000,2.72,3.03,0.0221,0.0264
74.538,3.103,0,,,,,0,,,0.877,GLOBAL,1.000,clear,0,-0.0,127,0.682,0,0,-1.000,3.15,3.00,0.0425,0.0177
74.557,3.078,0,,,,,0,,,0.834,GLOBAL,1.000,clear,0,-0.0,127,0.701,0,0,-1.000,2.51,3.00,0.0429,0.0122
74.577,3.059,0,,,,,0,,,0.861,GLOBAL,1.000,clear,0,-0.0,127,0.721,0,0,-1.000,2.84,3.00,0.0368,0.0062
74.603,3.036,0,,,,,0,,,,GLOBAL,1.000,clear,0,-0.0,127,0.747,0,0,-1.000,2.84,3.00,0.0403,0.0059
74.617,3.027,0,,,,,0,,,,GLOBAL,1.000,clear,0,-0.0,127,0.761,0,0,-1.000,3.28,3.00,0.0271,0.0199
74.637,3.026,0,,,,,0,,,,GLOBAL,1.000,clear,0,-0.0,127,0.781,0,0,-1.000,3.96,3.00,0.0470,0.0195
74.657,3.017,0,,,,,0,,,,GLOBAL,1.000,clear,0,-0.0,127,0.802,0,0,-1.000,3.96,3.00,0.0448,0.0120
74.677,3.014,0,,,,,0,,,,GLOBAL,1.000,clear,0,-0.0,127,0.821,0,0,-1.000,3.28,3.00,0.0372,0.0105
74.697,3.007,0,,,,,0,,,0.644,GLOBAL,1.000,clear,0,-0.0,127,0.841,0,0,-1.000,4.30,3.00,0.0348,0.0031
74.717,2.998,0,,,,,0,,,0.644,GLOBAL,1.000,clear,0,-0.0,127,0.861,0,0,-1.000,4.30,3.00,0.0280,0.0230
74.738,2.989,0,,,,,0,,,,GLOBAL,1.000,clear,0,-0.0,127,0.882,0,0,-1.000,4.24,3.00,0.0485,0.0195
74.757,2.989,0,,,,,0,,,0.602,GLOBAL,1.000,clear,0,-0.0,127,0.901,0,0,-1.000,4.75,3.00,0.0436,0.0164
74.778,2.986,0,,,,,0,,,,GLOBAL,1.000,clear,0,-0.0,127,0.923,0,0,-1.000,4.75,3.00,0.0387,0.0115
74.797,2.983,0,,,,,0,,,0.515,GLOBAL,1.000,clear,0,-0.0,127,0.941,0,0,-1.000,5.77,3.00,0.0337,0.0034
74.817,2.973,0,,,,,0,,,0.515,GLOBAL,1.000,clear,0,-0.0,127,0.961,0,0,-1.000,6.44,3.00,0.0239,0.0235
74.837,2.960,0,,,,,0,,,,GLOBAL,1.000,clear,0,-0.0,127,0.981,0,0,-1.000,6.44,3.00,0.0439,0.0174
74.857,2.945,0,,,,,0,,,0.554,GLOBAL,1.000,clear,0,-0.0,127,1.002,0,0,-1.000,6.36,3.00,0.0415,0.0104
74.877,2.937,0,,,,,0,,,,GLOBAL,1.000,clear,0,-0.0,127,1.021,0,0,-1.000,6.36,3.00,0.0352,0.0102
74.897,2.927,0,,,,,0,,,,GLOBAL,1.000,clear,0,-0.0,127,1.041,0,0,-1.000,6.74,3.00,0.0325,0.0052
74.917,2.924,0,,,,,0,,,,GLOBAL,1.000,clear,0,-0.0,127,1.061,0,0,-1.000,9.29,3.00,0.0196,0.0252
74.937,2.924,0,,,,,0,,,,GLOBAL,1.000,clear,0,-0.0,127,1.081,0,0,-1.000,10.33,3.00,0.0398,0.0195
74.957,2.924,0,,,,,0,,,,GLOBAL,1.000,clear,0,-0.0,127,1.101,0,0,-1.000,10.33,3.00,0.0421,0.0155
74.977,2.916,0,,,,,0,,,,GLOBAL,1.000,clear,0,-0.0,127,1.121,0,0,-1.000,10.76,3.00,0.0342,0.0110
74.997,2.917,0,,,,,0,,,,GLOBAL,1.000,clear,0,-0.0,127,1.141,0,0,-1.000,10.29,3.00,0.0331,0.0046
75.017,2.909,0,,,,,0,,,,GLOBAL,1.000,clear,0,-0.0,127,1.162,0,0,-1.000,10.29,3.00,0.0261,0.0009
75.037,2.910,0,,,,,0,,,,GLOBAL,1.000,clear,0,-0.0,127,1.181,0,0,-1.000,11.24,3.00,0.0459,0.0207
75.057,2.915,0,,,,,0,,,,GLOBAL,1.000,clear,0,-0.0,127,1.202,0,0,-1.000,10.55,3.00,0.0432,0.0153
75.077,2.912,0,,,,,0,,,,GLOBAL,1.000,clear,0,-0.0,127,1.221,0,0,-1.000,10.55,3.00,0.0360,0.0100
75.097,2.914,0,,,,,0,,,,GLOBAL,1.000,clear,0,-0.0,127,1.242,0,0,-1.000,11.11,3.00,0.0320,0.0061
75.118,2.917,0,,,,,0,,,,GLOBAL,1.000,clear,0,-0.0,127,1.262,0,0,-1.000,11.18,3.00,0.0253,0.0264
75.137,2.908,0,,,,,0,,,,GLOBAL,1.000,clear,0,-0.0,127,1.281,0,0,-1.000,11.18,3.00,0.0448,0.0184
75.157,2.911,0,,,,,0,,,,GLOBAL,1.000,clear,0,-0.0,127,1.302,0,0,-1.000,10.43,3.00,0.0435,0.0160
75.177,2.914,0,,,,,0,,,,GLOBAL,1.000,clear,0,-0.0,127,1.322,0,0,-1.000,10.36,3.00,0.0375,0.0104
75.197,2.913,0,,,,,0,,,,GLOBAL,1.000,clear,0,-0.0,127,1.341,0,0,-1.000,10.36,3.00,0.0335,0.0059
75.217,2.908,0,,,,,0,,,,GLOBAL,1.000,clear,0,-0.0,127,1.361,0,0,-1.000,9.89,3.00,0.0275,0.0258
75.237,2.905,0,,,,,0,,,,GLOBAL,1.000,clear,0,-0.0,127,1.381,0,0,-1.000,9.05,3.00,0.0475,0.0183
75.257,2.902,0,,,,,0,,,,GLOBAL,1.000,clear,0,-0.0,127,1.401,0,0,-1.000,9.05,3.00,0.0436,0.0159
75.277,2.895,0,,,,,0,,,,GLOBAL,1.000,clear,0,-0.0,127,1.421,0,0,-1.000,9.01,3.00,0.0379,0.0102
75.297,2.899,0,,,,,0,,,,GLOBAL,1.000,clear,0,-0.0,127,1.441,0,0,-1.000,9.01,3.00,0.0337,0.0047
75.317,2.900,0,,,,,0,,,,GLOBAL,1.000,clear,0,-0.0,127,1.461,0,0,-1.000,8.88,3.00,0.0298,0.0248
75.337,2.890,0,,,,,0,,,,GLOBAL,1.000,clear,0,-0.0,127,1.481,0,0,-1.000,8.71,3.00,0.0497,0.0189
75.357,2.899,0,,,,,0,,,,GLOBAL,1.000,clear,0,-0.0,127,1.501,0,0,-1.000,8.76,3.00,0.0428,0.0162
75.377,2.892,0,,,,,0,,,,GLOBAL,1.000,clear,0,-0.0,127,1.521,0,0,-1.000,8.76,3.00,0.0398,0.0109
75.397,2.889,0,,,,,0,,,,GLOBAL,1.000,clear,0,-0.0,127,1.542,0,0,-1.000,8.23,3.00,0.0345,0.0065
75.417,2.899,0,,,,,0,,,,GLOBAL,1.000,clear,0,-0.0,127,1.561,0,0,-1.000,7.99,3.00,0.0300,0.0263
75.438,2.890,0,,,,,0,,,,GLOBAL,1.000,clear,0,-0.0,127,1.582,0,0,-1.000,7.99,3.00,0.0225,0.0153
75.457,2.889,0,,,,,0,,,,GLOBAL,1.000,clear,0,-0.0,127,1.601,0,0,-1.000,8.03,3.00,0.0420,0.0130
75.477,2.901,0,,,,,0,,,,GLOBAL,1.000,clear,0,-0.0,127,1.621,0,0,-1.000,7.97,3.00,0.0402,0.0098
75.497,2.887,0,,,,,0,,,,GLOBAL,1.000,clear,0,-0.0,127,1.641,0,0,-1.000,7.97,3.00,0.0346,0.0059
75.517,2.887,0,,,,,0,,,,GLOBAL,1.000,clear,0,-0.0,127,1.662,0,0,-1.000,7.86,3.00,0.0293,0.0004
75.537,2.899,0,,,,,0,,,,GLOBAL,1.000,clear,0,-0.0,127,1.681,0,0,-1.000,7.38,3.00,0.0489,0.0200
75.557,2.889,0,,,,,0,,,,GLOBAL,1.000,clear,0,-0.0,127,1.701,0,0,-1.000,7.38,3.00,0.0437,0.0081
75.577,2.898,0,,,,,0,,,,GLOBAL,1.000,clear,0,-0.0,127,1.721,0,0,-1.000,7.87,3.00,0.0376,0.0117
75.597,2.904,0,,,,,0,,,,GLOBAL,1.000,clear,0,-0.0,127,1.741,0,0,-1.000,7.87,3.00,0.0322,0.0061
75.617,2.893,0,,,,,0,,,,GLOBAL,1.000,clear,0,-0.0,127,1.761,0,0,-1.000,7.93,3.00,0.0276,0.0262
75.637,2.901,0,,,,,0,,,,GLOBAL,1.000,clear,0,-0.0,127,1.781,0,0,-1.000,7.26,3.00,0.0476,0.0192
75.657,2.906,0,,,,,0,,,,GLOBAL,1.000,clear,0,-0.0,127,1.801,0,0,-1.000,7.73,3.00,0.0431,0.0152
75.677,2.895,0,,,,,0,,,,GLOBAL,1.000,clear,0,-0.0,127,1.821,0,0,-1.000,7.73,3.00,0.0378,0.0120
75.697,2.912,0,,,,,0,,,,GLOBAL,1.000,clear,0,-0.0,127,1.841,0,0,-1.000,7.82,3.00,0.0339,0.0063
75.717,2.908,0,,,,,0,,,,GLOBAL,1.000,clear,0,-0.0,127,1.862,0,0,-1.000,7.82,3.00,0.0253,0.0008
75.739,2.900,0,,,,,0,,,,GLOBAL,1.000,clear,0,-0.0,127,1.883,0,0,-1.000,7.81,3.00,0.0469,0.0223
75.757,2.916,0,,,,,0,,,,GLOBAL,1.000,clear,0,-0.0,127,1.902,0,0,-1.000,7.29,3.00,0.0439,0.0154
75.777,2.913,0,,,,,0,,,3.953,GLOBAL,1.000,clear,0,-0.0,127,1.921,0,0,-1.000,7.29,3.00,0.0349,0.0098
75.798,2.907,0,,,,,0,,,3.933,GLOBAL,1.000,clear,0,-0.0,127,1.942,0,0,-1.000,7.46,3.00,0.0347,0.0067
75.817,2.922,0,,,,,0,,,3.933,GLOBAL,1.000,clear,0,-0.0,127,1.962,0,0,-1.000,6.92,3.00,0.0302,0.0265
75.837,2.910,0,,,,,0,,,3.880,GLOBAL,1.000,clear,0,-0.0,127,1.981,0,0,-1.000,7.24,3.00,0.0499,0.0164
75.857,2.906,1,3.890,4.100,-0.295,0.221,1,3.890,3.890,,GLOBAL,1.000,clear,0,-0.0,127,2.002,0,0,-1.000,7.24,3.00,0.0422,0.0142
75.877,2.919,0,,,,,0,,,3.774,GLOBAL,1.000,clear,0,-0.0,127,2.021,0,0,-1.000,7.29,3.00,0.0401,0.0102
75.897,2.911,0,,,,,0,,,3.781,GLOBAL,1.000,clear,0,-0.0,127,2.042,0,0,-1.000,7.29,3.00,0.0348,0.0073
75.917,2.914,0,,,,,0,,,3.781,GLOBAL,1.000,clear,0,-0.0,127,2.061,0,0,-1.000,7.29,3.00,0.0304,0.0271
75.937,2.920,0,,,,,0,,,3.793,GLOBAL,1.000,clear,0,-0.0,127,2.081,0,0,-1.000,6.77,3.00,0.0504,0.0184
75.957,2.905,0,,,,,0,,,,GLOBAL,1.000,clear,0,-0.0,127,2.101,0,0,-1.000,7.12,3.00,0.0409,0.0161
75.977,2.914,0,,,,,0,,,,GLOBAL,1.000,clear,0,-0.0,127,2.121,0,0,-1.000,7.12,3.00,0.0367,0.0116
75.997,2.913,0,,,,,0,,,,GLOBAL,1.000,clear,0,-0.0,127,2.141,0,0,-1.000,6.95,3.00,0.0332,0.0063
76.017,2.909,0,,,,,0,,,,GLOBAL,1.000,clear,0,-0.0,127,2.161,0,0,-1.000,7.15,3.00,0.0223,0.0263
76.037,2.921,0,,,,,0,,,,GLOBAL,1.000,clear,0,-0.0,127,2.181,0,0,-1.000,7.15,3.00,0.0422,0.0190
76.057,2.919,0,,,,,0,,,,GLOBAL,1.000,clear,0,-0.0,127,2.201,0,0,-1.000,7.64,3.00,0.0426,0.0162
76.077,2.907,0,,,,,0,,,,GLOBAL,1.000,clear,0,-0.0,127,2.221,0,0,-1.000,7.83,3.00,0.0378,0.0125
76.097,2.922,0,,,,,0,,,,GLOBAL,1.000,clear,0,-0.0,127,2.241,0,0,-1.000,7.83,3.00,0.0338,0.0063
76.117,2.915,0,,,,,0,,,,GLOBAL,1.000,clear,0,-0.0,127,2.261,0,0,-1.000,7.54,3.00,0.0254,0.0264
76.138,2.916,0,,,,,0,,,,GLOBAL,1.000,clear,0,-0.0,127,2.282,0,0,-1.000,7.70,3.00,0.0461,0.0204
76.158,2.922,0,,,,,0,,,,GLOBAL,1.000,clear,0,-0.0,127,2.302,0,0,-1.000,7.70,3.00,0.0442,0.0156
76.177,2.920,0,,,,,0,,,,GLOBAL,1.000,clear,0,-0.0,127,2.322,0,0,-1.000,8.54,3.00,0.0392,0.0104
76.197,2.914,0,,,,,0,,,,GLOBAL,1.000,clear,0,-0.0,127,2.342,0,0,-1.000,8.54,3.00,0.0340,0.0058
76.217,2.920,0,,,,,0,,,,GLOBAL,1.000,clear,0,-0.0,127,2.361,0,0,-1.000,8.10,3.00,0.0297,0.0256
76.237,2.913,0,,,,,0,,,,GLOBAL,1.000,clear,0,-0.0,127,2.382,0,0,-1.000,9.01,3.00,0.0499,0.0153
76.257,2.920,0,,,,,0,,,,GLOBAL,1.000,clear,0,-0.0,127,2.402,0,0,-1.000,9.01,3.00,0.0429,0.0140
76.277,2.920,0,,,,,0,,,,GLOBAL,1.000,clear,0,-0.0,127,2.422,0,0,-1.000,9.01,3.00,0.0400,0.0099
76.297,2.920,0,,,,,0,,,,GLOBAL,1.000,clear,0,-0.0,127,2.441,0,0,-1.000,9.91,3.00,0.0342,0.0031
76.317,2.919,0,,,,,0,,,,GLOBAL,1.000,clear,0,-0.0,127,2.462,0,0,-1.000,12.20,3.00,0.0304,0.0235
76.337,2.923,0,,,,,0,,,,GLOBAL,1.000,clear,0,-0.0,127,2.481,0,0,-1.000,12.20,3.00,0.0499,0.0189
76.357,2.919,0,,,,,0,,,,GLOBAL,1.000,clear,0,-0.0,127,2.502,0,0,-1.000,14.40,3.00,0.0445,0.0127
76.377,2.926,0,,,,,0,,,,GLOBAL,1.000,clear,0,-0.0,127,2.521,0,0,-1.000,16.51,3.00,0.0354,0.0096
76.397,2.926,0,,,,,0,,,,GLOBAL,1.000,clear,0,-0.0,127,2.541,0,0,-1.000,16.51,3.00,0.0329,0.0061
76.417,2.923,0,,,,,0,,,,GLOBAL,1.000,clear,0,-0.0,127,2.562,0,0,-1.000,15.53,3.00,0.0207,0.0018
76.437,2.923,0,,,,,0,,,,GLOBAL,1.000,clear,0,-0.0,127,2.581,0,0,-1.000,18.36,3.00,0.0405,0.0216
76.457,2.926,0,,,,,0,,,,GLOBAL,1.000,clear,0,-0.0,127,2.602,0,0,-1.000,18.36,3.00,0.0431,0.0160
76.477,2.920,0,,,,,0,,,,GLOBAL,1.000,clear,0,-0.0,127,2.622,0,0,-1.000,16.66,3.00,0.0347,0.0122
76.497,2.923,0,,,,,0,,,,GLOBAL,1.000,clear,0,-0.0,127,2.641,0,0,-1.000,16.66,3.00,0.0332,0.0061
76.517,2.928,0,,,,,0,,,,GLOBAL,1.000,clear,0,-0.0,127,2.661,0,0,-1.000,16.76,3.00,0.0251,0.0260
76.537,2.911,0,,,,,0,,,,GLOBAL,1.000,clear,0,-0.0,127,2.681,0,0,-1.000,16.59,3.00,0.0451,0.0194
76.557,2.916,0,,,,,0,,,,GLOBAL,1.000,clear,0,-0.0,127,2.702,0,0,-1.000,16.23,3.00,0.0415,0.0121
76.577,2.918,0,,,,,0,,,,GLOBAL,1.000,clear,0,-0.0,127,2.722,0,0,-1.000,16.23,3.00,0.0370,0.0108
76.597,2.891,0,,,,,0,,,,GLOBAL,1.000,clear,0,-0.0,127,2.741,0,0,-1.000,15.50,3.00,0.0334,0.0044
76.617,2.908,0,,,,,0,,,,GLOBAL,1.000,clear,0,-0.0,127,2.761,0,0,-1.000,15.50,3.00,0.0286,0.0015
76.637,2.917,0,,,,,0,,,,GLOBAL,1.000,clear,0,-0.0,127,2.782,0,0,-1.000,15.22,3.00,0.0489,0.0218
76.657,2.888,0,,,,,0,,,,GLOBAL,1.000,clear,0,-0.0,127,2.801,0,0,-1.000,15.36,3.00,0.0423,0.0079
76.677,2.893,0,,,,,0,,,,GLOBAL,1.000,clear,0,-0.0,127,2.821,0,0,-1.000,15.36,3.00,0.0380,0.0126
76.697,2.898,0,,,,,0,,,,GLOBAL,1.000,clear,0,-0.0,127,2.842,0,0,-1.000,17.94,3.00,0.0338,0.0030
76.717,2.868,0,,,,,0,,,,GLOBAL,1.000,clear,0,-0.0,127,2.861,0,0,-1.000,18.63,3.00,0.0295,0.0228
76.737,2.887,0,,,,,0,,,,GLOBAL,1.000,clear,0,-0.0,127,2.882,0,0,-1.000,18.63,3.00,0.0497,0.0174
76.757,2.894,0,,,,,0,,,,GLOBAL,1.000,clear,0,-0.0,127,2.901,0,0,-1.000,19.22,3.00,0.0438,0.0120
76.777,2.869,0,,,,,0,,,,GLOBAL,1.000,clear,0,-0.0,127,2.921,0,0,-1.000,19.11,3.00,0.0390,0.0072
76.797,2.878,0,,,,,0,,,,GLOBAL,1.000,clear,0,-0.0,127,2.941,0,0,-1.000,20.44,3.00,0.0340,0.0064
76.817,2.879,0,,,,,0,,,,GLOBAL,1.000,clear,0,-0.0,127,2.962,0,0,-1.000,20.44,3.00,0.0302,0.0011
76.837,2.853,0,,,,,0,,,,GLOBAL,1.000,clear,0,-0.0,127,2.981,0,0,-1.000,21.40,3.00,0.0498,0.0207
76.857,2.875,0,,,,,0,,,,GLOBAL,1.000,clear,0,-0.0,127,3.002,0,0,-1.000,21.40,3.00,0.0444,0.0169
76.877,2.877,0,,,,,0,,,,GLOBAL,1.000,clear,0,-0.0,127,3.021,0,0,-1.000,20.94,3.00,0.0398,0.0110
76.897,2.847,0,,,,,0,,,,GLOBAL,1.000,clear,0,-0.0,127,3.041,0,0,-1.000,19.74,3.00,0.0342,0.0069
76.917,2.865,0,,,,,0,,,,GLOBAL,1.000,clear,0,-0.0,127,3.061,0,0,-1.000,19.81,3.00,0.0301,0.0269
76.937,2.856,0,,,,,0,,,,GLOBAL,1.000,clear,0,-0.0,127,3.081,0,0,-1.000,19.81,3.00,0.0501,0.0197
76.957,2.831,0,,,,,0,,,,GLOBAL,1.000,clear,0,-0.0,127,3.101,0,0,-1.000,19.30,3.00,0.0429,0.0138
76.977,2.851,1,2.333,2.316,1.075,0.220,1,2.333,2.333,,GLOBAL,1.000,clear,0,-0.0,127,3.121,0,0,-1.000,19.15,3.00,0.0359,0.0112
76.997,2.844,1,2.286,2.311,0.983,0.226,1,2.286,2.286,,GLOBAL,1.000,clear,0,-0.0,127,3.141,0,0,-1.000,19.15,3.00,0.0331,0.0054
77.017,2.824,1,2.221,2.283,0.906,0.235,1,2.221,2.221,,GLOBAL,1.000,clear,0,-0.0,127,3.161,0,0,-1.000,18.25,3.00,0.0261,0.0006
77.037,2.832,1,2.221,2.283,0.906,0.235,1,2.221,2.221,,GLOBAL,1.000,clear,0,-0.0,127,3.182,0,0,-1.000,17.51,3.00,0.0464,0.0209
77.057,2.825,1,2.211,2.246,0.829,0.184,1,2.211,2.211,,GLOBAL,1.000,clear,0,-0.0,127,3.201,0,0,-1.000,17.51,3.00,0.0430,0.0147
77.077,2.808,1,2.160,2.215,0.741,0.175,1,2.160,2.160,,GLOBAL,1.000,clear,0,-0.0,127,3.221,0,0,-1.000,16.85,3.00,0.0367,0.0108
77.097,2.819,1,2.139,2.190,0.666,0.151,1,2.139,2.139,,GLOBAL,1.000,clear,0,-0.0,127,3.242,0,0,-1.000,15.22,3.00,0.0352,0.0031
77.117,2.829,1,2.002,2.139,0.539,0.204,1,2.002,2.002,,GLOBAL,1.000,clear,0,-0.0,127,3.261,0,0,-1.000,15.22,3.00,0.0291,0.0014
77.137,2.810,1,2.002,2.139,0.539,0.204,1,2.002,2.002,,GLOBAL,1.000,clear,0,-0.0,127,3.281,0,0,-1.000,14.90,3.00,0.0492,0.0215
77.157,2.816,1,1.950,2.095,0.475,0.198,1,1.950,1.950,,GLOBAL,1.000,clear,0,-0.0,127,3.301,0,0,-1.000,13.78,3.00,0.0451,0.0149
77.177,2.819,1,1.894,2.041,0.349,0.176,1,1.894,1.894,,GLOBAL,1.000,clear,0,-0.0,127,3.321,0,0,-1.000,13.78,3.00,0.0378,0.0099
77.197,2.808,1,1.849,2.004,0.276,0.174,1,1.849,1.849,,GLOBAL,1.000,clear,0,-0.0,127,3.342,0,0,-1.000,13.29,3.00,0.0353,0.0016
77.218,2.813,1,1.816,1.955,0.204,0.150,1,1.816,1.816,,GLOBAL,1.000,clear,0,-0.0,127,3.362,0,0,-1.000,13.29,3.00,0.0302,0.0008
77.237,2.827,1,1.816,1.955,0.204,0.150,1,1.816,1.816,,GLOBAL,1.000,clear,0,-0.0,127,3.382,0,0,-1.000,11.32,3.00,0.0498,0.0204
77.258,2.813,1,1.736,1.906,0.111,0.173,1,1.736,1.736,,GLOBAL,1.000,clear,0,-0.0,127,3.402,0,0,-1.000,11.01,3.00,0.0459,0.0136
77.277,2.818,1,1.607,1.824,0.020,0.218,1,1.607,1.607,,GLOBAL,1.000,clear,0,-0.0,127,3.421,0,0,-1.000,11.01,3.00,0.0375,0.0077
77.297,2.825,1,1.607,1.824,0.020,0.218,1,1.607,1.607,,GLOBAL,1.000,clear,0,-0.0,127,3.441,0,0,-1.000,11.11,3.00,0.0342,0.0278
77.317,2.821,0,,,,,0,,,1.567,GLOBAL,1.000,clear,0,-0.0,127,3.461,0,0,-1.000,8.46,3.00,0.0299,0.0182
77.337,2.828,1,1.511,1.715,-0.114,0.208,1,1.511,1.511,,GLOBAL,1.000,clear,0,-0.0,127,3.481,0,0,-1.000,7.57,3.00,0.0500,0.0172
77.357,2.843,1,1.480,1.630,-0.188,0.161,1,1.480,1.480,,GLOBAL,1.000,clear,0,-0.0,127,3.501,0,0,-1.000,7.57,3.00,0.0442,0.0139
77.377,2.839,1,1.358,1.560,-0.265,0.225,1,1.358,1.358,,GLOBAL,1.000,clear,0,-0.0,127,3.521,0,0,-1.000,6.63,3.00,0.0401,0.0110
77.397,2.850,0,,,,,0,,,1.277,GLOBAL,1.000,clear,0,-0.0,127,3.541,0,0,-1.000,4.80,3.00,0.0346,0.0020
77.419,2.859,0,,,,,0,,,1.277,GLOBAL,1.000,clear,0,-0.0,127,3.563,0,0,-1.000,4.80,3.00,0.0322,0.0237
77.438,2.864,1,1.208,1.399,-0.399,0.247,1,1.208,1.208,,GLOBAL,1.000,clear,0,-0.0,127,3.582,0,0,-1.000,4.16,3.00,0.0509,0.0183
77.457,2.878,0,,,,,0,,,1.129,GLOBAL,1.000,clear,0,-0.0,127,3.602,0,0,-1.000,4.16,3.00,0.0380,0.0123
77.477,2.883,0,,,,,0,,,1.173,GLOBAL,1.000,clear,0,-0.0,127,3.621,0,0,-1.000,2.46,3.00,0.0365,0.0088
77.497,2.878,1,1.014,1.157,-0.557,0.270,1,1.014,1.014,,GLOBAL,1.000,clear,0,-0.0,127,3.641,0,0,-1.000,2.38,3.00,0.0336,0.0024
77.517,2.884,1,1.014,1.157,-0.557,0.270,1,1.014,1.014,,GLOBAL,1.000,clear,0,-0.0,127,3.661,0,0,1.345,-0.10,3.00,0.0269,0.0224
77.537,2.884,1,0.912,1.044,-0.624,0.304,1,0.912,0.912,,GLOBAL,1.000,clear,0,-0.0,127,3.681,0,0,-1.000,-0.10,3.00,0.0469,0.0174
77.557,2.886,1,0.862,0.954,-0.670,0.304,1,0.862,0.862,,GLOBAL,1.000,clear,0,-0.0,127,3.701,0,0,-1.000,-1.13,3.00,0.0449,0.0159
77.577,2.901,1,0.786,0.862,-0.692,0.320,1,0.786,0.786,,GLOBAL,1.000,clear,0,-0.0,127,3.721,0,0,-1.000,-1.11,3.00,0.0380,0.0103
77.597,2.906,1,0.722,0.761,-0.728,0.332,2,0.722,0.740,,GLOBAL,1.000,clear,0,-0.0,127,3.742,0,0,-1.000,-1.11,3.00,0.0321,0.0032
77.617,2.913,1,0.722,0.761,-0.728,0.332,2,0.722,0.740,,GLOBAL,1.000,clear,0,-0.0,127,3.761,0,0,-1.000,-2.02,3.00,0.0295,0.0231
77.639,2.923,0,,,,,0,,,0.650,GLOBAL,1.000,clear,0,-0.0,127,3.784,0,0,-1.000,-2.23,3.05,0.0517,0.0218
77.657,2.921,1,0.683,0.710,-0.721,0.329,1,0.683,0.683,,GLOBAL,1.000,clear,0,-0.0,127,3.801,0,0,-1.000,-2.23,3.05,0.0426,0.0143
77.677,2.936,0,,,,,0,,,0.656,GLOBAL,1.000,clear,0,-0.0,127,3.821,0,0,-1.000,-3.15,3.13,0.0398,0.0093
77.697,2.948,1,0.598,0.488,-0.772,0.315,1,0.598,0.598,,GLOBAL,1.000,clear,0,-0.0,127,3.841,0,0,-1.000,-3.15,3.13,0.0341,0.0035
77.718,2.952,1,0.613,0.495,-0.738,0.275,1,0.613,0.613,,GLOBAL,1.000,clear,0,-0.0,127,3.862,0,0,-1.000,-3.43,3.22,0.0290,0.0007
77.737,2.977,1,0.613,0.495,-0.738,0.275,1,0.613,0.613,,GLOBAL,1.000,clear,0,-0.0,127,3.881,0,0,-1.000,-4.60,3.26,0.0483,0.0200
77.757,2.993,1,0.530,0.418,-0.746,0.325,1,0.530,0.530,,GLOBAL,1.000,clear,0,-0.0,127,3.901,0,0,-1.000,-4.91,3.35,0.0445,0.0136
77.782,3.018,0,,,,,0,,,0.458,GLOBAL,1.000,clear,0,-0.0,127,3.926,0,0,-1.000,-4.91,3.35,0.0421,0.0145
77.799,3.018,0,,,,,0,,,0.458,GLOBAL,1.000,clear,0,-0.0,127,3.943,0,0,-1.000,-4.91,3.35,0.0360,0.0310
77.818,3.082,0,,,,,1,0.408,0.408,,GLOBAL,0.998,clear,0,-0.0,127,3.962,0,0,-1.000,-5.27,3.27,0.0295,0.0182
77.837,3.118,0,,,,,1,0.390,0.390,,GLOBAL,0.996,clear,0,-0.0,127,3.981,0,0,-1.000,-5.27,3.27,0.0486,0.0153
77.857,3.129,0,,,,,0,,,,GLOBAL,1.000,clear,0,-0.0,127,4.001,0,0,-1.000,-4.75,3.22,0.0429,0.0115
77.878,3.135,0,,,,,0,,,,GLOBAL,1.000,clear,0,-0.0,127,4.022,0,0,-1.000,-6.50,3.21,0.0396,0.0104
77.897,3.153,0,,,,,0,,,,GLOBAL,1.000,clear,0,-0.0,127,4.041,0,0,-1.000,-6.50,3.21,0.0333,0.0028
77.917,3.156,0,,,,,0,,,,GLOBAL,1.000,clear,0,-0.0,127,4.062,0,0,-1.000,-6.33,3.21,0.0265,0.0232
77.937,3.163,0,,,,,0,,,,GLOBAL,1.000,clear,0,-0.0,127,4.081,0,0,-1.000,-6.13,3.21,0.0461,0.0124
77.957,3.174,0,,,,,0,,,,GLOBAL,1.000,clear,0,-0.0,127,4.101,0,0,-1.000,-6.13,3.21,0.0410,0.0121
77.977,3.165,0,,,,,0,,,,GLOBAL,1.000,clear,0,-0.0,127,4.121,0,0,-1.000,-5.61,3.21,0.0367,0.0066
78.001,3.165,0,,,,,0,,,,GLOBAL,1.000,clear,0,-0.0,127,4.146,0,0,-1.000,-5.61,3.21,0.0361,0.0066
78.017,3.173,0,,,,,0,,,,GLOBAL,1.000,clear,0,-0.0,127,4.161,0,0,-1.000,-5.60,3.21,0.0279,0.0005
78.037,3.171,0,,,,,0,,,,GLOBAL,1.000,clear,0,-0.0,127,4.181,0,0,-1.000,-5.70,3.21,0.0478,0.0204
78.057,3.178,0,,,,,0,,,,GLOBAL,1.000,clear,0,-0.0,127,4.201,0,0,-1.000,-5.70,3.21,0.0437,0.0149
78.077,3.171,0,,,,,0,,,,GLOBAL,1.000,clear,0,-0.0,127,4.221,0,0,-1.000,-5.60,3.21,0.0378,0.0089
78.099,3.170,0,,,,,0,,,,GLOBAL,1.000,clear,0,-0.0,127,4.243,0,0,-1.000,-5.45,3.21,0.0340,0.0065
78.117,3.173,0,,,,,0,,,,GLOBAL,1.000,clear,0,-0.0,127,4.261,0,0,-1.000,-5.45,3.21,0.0284,0.0251
78.137,3.168,0,,,,,0,,,,GLOBAL,1.000,clear,0,-0.0,127,4.281,0,0,-1.000,-4.92,3.21,0.0483,0.0176
78.157,3.176,0,,,,,0,,,,GLOBAL,1.000,clear,0,-0.0,127,4.301,0,0,-1.000,-4.07,3.21,0.0426,0.0155
78.177,3.173,0,,,,,0,,,,GLOBAL,1.000,clear,0,-0.0,127,4.321,0,0,-1.000,-4.07,3.21,0.0386,0.0091
78.197,3.168,0,,,,,0,,,,GLOBAL,1.000,clear,0,-0.0,127,4.341,0,0,-1.000,-4.39,3.21,0.0330,0.0029
78.217,3.182,0,,,,,0,,,,GLOBAL,1.000,clear,0,-0.0,127,4.361,0,0,-1.000,-3.72,3.22,0.0228,0.0229
78.237,3.175,0,,,,,0,,,,GLOBAL,1.000,clear,0,-0.0,127,4.381,0,0,-1.000,-8.50,3.34,0.0429,0.0185
78.257,3.183,0,,,,,0,,,,GLOBAL,1.000,clear,0,-0.0,127,4.401,0,0,-1.000,-8.50,3.34,0.0432,0.0136
78.277,3.186,0,,,,,0,,,,GLOBAL,1.000,clear,0,-0.0,127,4.421,0,0,-1.000,-8.50,3.34,0.0375,0.0096
78.297,3.189,0,,,,,0,,,,GLOBAL,1.000,clear,0,-0.0,127,4.442,0,0,-1.000,-7.88,3.45,0.0335,0.0297
78.317,3.208,0,,,,,0,,,,GLOBAL,1.000,clear,0,-0.0,127,4.461,0,0,-1.000,-7.88,3.45,0.0274,0.0159
78.337,3.215,0,,,,,0,,,,GLOBAL,1.000,clear,0,-0.0,127,4.482,0,0,-1.000,-6.33,3.51,0.0476,0.0157
78.357,3.237,0,,,,,0,,,,GLOBAL,1.000,clear,0,-0.0,127,4.501,0,0,-1.000,-6.13,3.58,0.0436,0.0116
78.377,3.261,0,,,,,0,,,,GLOBAL,1.000,clear,0,-0.0,127,4.521,0,0,-1.000,-6.13,3.58,0.0378,0.0069
78.397,3.261,0,,,,,0,,,,GLOBAL,1.000,clear,0,-0.0,127,4.541,0,0,-1.000,-6.03,3.64,0.0322,0.0033
78.420,3.278,0,,,,,0,,,,GLOBAL,1.000,clear,0,-0.0,127,4.565,0,0,-1.000,-6.03,3.64,0.0554,0.0265
78.437,3.350,0,,,,,0,,,,GLOBAL,1.000,clear,0,-0.0,127,4.581,0,0,-1.000,-5.75,3.69,0.0426,0.0161
78.457,3.387,0,,,,,0,,,,GLOBAL,1.000,clear,0,-0.0,127,4.602,0,0,-1.000,-5.59,3.74,0.0398,0.0101
78.478,3.417,0,,,,,0,,,,GLOBAL,1.000,clear,0,-0.0,127,4.622,0,0,-1.000,-4.60,3.77,0.0360,0.0310
78.497,3.442,0,,,,,0,,,,GLOBAL,1.000,clear,0,-0.0,127,4.641,0,0,-1.000,-4.60,3.77,0.0325,0.0185
78.517,3.474,0,,,,,0,,,,GLOBAL,1.000,clear,0,-0.0,127,4.661,0,0,-1.000,-3.98,3.81,0.0269,0.0194
78.537,3.499,0,,,,,0,,,,GLOBAL,1.000,clear,0,-0.0,127,4.681,0,0,-1.000,-3.98,3.81,0.0469,0.0144
78.558,3.549,0,,,,,0,,,,GLOBAL,1.000,clear,0,-0.0,127,4.702,0,0,-1.000,-3.94,3.86,0.0435,0.0096
78.577,3.570,0,,,,,0,,,,GLOBAL,1.000,clear,0,-0.0,127,4.721,0,0,-1.000,-3.36,3.86,0.0369,0.0059
78.602,3.606,0,,,,,0,,,,GLOBAL,1.000,clear,0,-0.0,127,4.746,0,0,-1.000,-2.61,3.95,0.0377,0.0307
78.617,3.640,0,,,,,0,,,,GLOBAL,1.000,clear,0,-0.0,127,4.762,0,0,-1.000,-2.61,3.95,0.0275,0.0007
78.638,3.667,0,,,,,0,,,,GLOBAL,1.000,clear,0,-0.0,127,4.782,0,0,-1.000,-2.61,3.95,0.0477,0.0176
78.657,3.693,0,,,,,0,,,,GLOBAL,1.000,clear,0,-0.0,127,4.802,0,0,-1.000,-2.34,3.99,0.0387,0.0125
78.677,3.720,0,,,,,0,,,,GLOBAL,1.000,clear,0,-0.0,127,4.821,0,0,-1.000,-2.60,3.99,0.0349,0.0094
78.697,3.745,0,,,,,0,,,,GLOBAL,1.000,clear,0,-0.0,127,4.841,0,0,-1.000,-2.22,4.04,0.0333,0.0294
78.717,3.777,0,,,,,0,,,,GLOBAL,1.000,clear,0,-0.0,127,4.862,0,0,-1.000,-2.22,4.04,0.0262,0.0148
78.737,3.797,0,,,,,0,,,,GLOBAL,1.000,clear,0,-0.0,127,4.881,0,0,-1.000,-1.08,4.11,0.0458,0.0181
78.758,3.823,0,,,,,0,,,,GLOBAL,1.000,clear,0,-0.0,127,4.902,0,0,-1.000,-1.05,4.13,0.0416,0.0139
78.777,3.852,0,,,,,0,,,,GLOBAL,1.000,clear,0,-0.0,127,4.921,0,0,-1.000,-1.05,4.13,0.0364,0.0107
78.797,3.889,0,,,,,0,,,,GLOBAL,1.000,clear,0,-0.0,127,4.941,0,0,-1.000,-0.78,4.20,0.0322,0.0036
78.817,3.915,0,,,,,0,,,,GLOBAL,1.000,clear,0,-0.0,127,4.961,0,0,-1.000,-0.94,4.22,0.0253,0.0236
78.837,3.947,0,,,,,0,,,,GLOBAL,1.000,clear,0,-0.0,127,4.982,0,0,-1.000,-0.57,4.27,0.0457,0.0191
78.858,3.977,0,,,,,0,,,,GLOBAL,1.000,clear,0,-0.0,127,5.002,0,0,-1.000,-0.57,4.27,0.0414,0.0144
78.878,4.006,0,,,,,0,,,,GLOBAL,1.000,clear,0,-0.0,127,5.022,0,0,-1.000,-0.34,4.35,0.0360,0.0087
78.897,4.038,0,,,,,0,,,,GLOBAL,1.000,clear,0,-0.0,127,5.041,0,0,-1.000,-0.34,4.35,0.0299,0.0280
78.917,4.067,0,,,,,0,,,,GLOBAL,1.000,clear,0,-0.0,127,5.061,0,0,-1.000,-0.18,4.41,0.0251,0.0189
78.937,4.100,0,,,,,0,,,,GLOBAL,1.000,clear,0,-0.0,127,5.081,0,0,-1.000,0.17,4.46,0.0451,0.0170
78.957,4.137,0,,,,,0,,,,GLOBAL,1.000,clear,0,-0.0,127,5.102,0,0,-1.000,0.30,4.55,0.0411,0.0142
78.977,4.175,1,0.635,0.717,-0.589,0.293,1,0.635,0.635,,GLOBAL,1.000,clear,0,-0.0,127,5.121,0,0,-1.000,0.30,4.55,0.0332,0.0090
78.997,4.206,0,,,,,0,,,0.550,GLOBAL,1.000,clear,0,-0.0,127,5.141,0,0,-1.000,0.72,4.61,0.0306,0.0050
79.017,4.249,0,,,,,0,,,0.550,GLOBAL,1.000,clear,0,-0.0,127,5.162,0,0,-1.000,0.72,4.61,0.0272,0.0252
79.037,4.286,0,,,,,0,,,0.483,GLOBAL,1.000,clear,0,-0.0,127,5.181,0,0,-1.000,0.51,4.67,0.0470,0.0184
79.057,4.323,0,,,,,0,,,10.076,GLOBAL,1.000,clear,0,-0.0,127,5.202,0,0,-1.000,0.08,4.75,0.0406,0.0108
79.077,4.361,0,,,,,0,,,0.336,GLOBAL,1.000,clear,0,-0.0,127,5.221,0,0,-1.000,0.19,4.81,0.0355,0.0102
79.097,4.401,0,,,,,0,,,0.336,GLOBAL,1.000,clear,0,-0.0,127,5.242,0,0,-1.000,0.19,4.81,0.0278,0.0304
79.118,4.446,0,,,,,0,,,9.840,GLOBAL,1.000,clear,0,-0.0,127,5.262,0,0,-1.000,0.23,4.84,0.0238,0.0194
79.137,4.482,1,9.611,9.779,-0.492,0.180,1,9.611,9.611,,GLOBAL,1.000,clear,0,-0.0,127,5.282,0,0,-1.000,0.20,4.84,0.0436,0.0174
79.157,4.526,0,,,,,0,,,9.467,GLOBAL,1.000,clear,0,-0.0,127,5.302,0,0,-1.000,0.20,4.84,0.0436,0.0074
79.178,4.563,0,,,,,0,,,,GLOBAL,1.000,clear,0,-0.0,127,5.322,0,0,-1.000,0.30,4.80,0.0371,0.0106
79.197,4.597,0,,,,,0,,,,GLOBAL,1.000,clear,0,-0.0,127,5.341,0,0,-1.000,0.30,4.80,0.0335,0.0300
79.218,4.627,0,,,,,0,,,,GLOBAL,1.000,clear,0,-0.0,127,5.362,0,0,-1.000,-0.72,4.73,0.0272,0.0197
79.237,4.654,0,,,,,0,,,,GLOBAL,1.000,clear,0,-0.0,127,5.381,0,0,-1.000,-0.63,4.70,0.0463,0.0171
79.257,4.677,0,,,,,0,,,,GLOBAL,1.000,clear,0,-0.0,127,5.401,0,0,-1.000,-0.63,4.70,0.0436,0.0119
79.277,4.684,0,,,,,0,,,,GLOBAL,1.000,clear,0,-0.0,127,5.421,0,0,-1.000,-0.78,4.65,0.0369,0.0098
79.297,4.691,0,,,,,0,,,,GLOBAL,1.000,clear,0,-0.0,127,5.441,0,0,-1.000,-0.95,4.61,0.0337,0.0024
79.318,4.690,0,,,,,0,,,,GLOBAL,1.000,clear,0,-0.0,127,5.462,0,0,-1.000,-0.95,4.61,0.0544,0.0231
79.337,4.685,0,,,,,0,,,,GLOBAL,1.000,clear,0,-0.0,127,5.481,0,0,-1.000,-1.26,4.58,0.0467,0.0147
79.357,4.675,0,,,,,0,,,,GLOBAL,1.000,clear,0,-0.0,127,5.501,0,0,-1.000,-1.66,4.55,0.0419,0.0085
79.377,4.660,0,,,,,0,,,0.565,GLOBAL,1.000,clear,0,-0.0,127,5.521,0,0,-1.000,-1.66,4.55,0.0369,0.0097
79.397,4.641,0,,,,,0,,,0.354,GLOBAL,1.000,clear,0,-0.0,127,5.541,0,0,-1.000,-1.52,4.49,0.0339,0.0047
79.417,4.618,0,,,,,0,,,0.255,GLOBAL,1.000,clear,0,-0.0,127,5.562,0,0,-1.000,-1.29,4.44,0.0287,0.0012
79.437,4.589,0,,,,,0,,,0.255,AVOID,0.982,avoid_cruise,1,-0.0,127,5.581,0,0,-1.000,-1.42,4.41,0.0484,0.0209
79.457,4.540,0,,,,,0,,,,AVOID,0.970,avoid_cruise,1,41.3,127,5.601,0,0,-1.000,-1.42,4.41,0.0441,0.0145
79.477,4.501,0,,,,,0,,,,AVOID,0.969,avoid_cruise,1,34.6,127,5.622,0,0,-1.000,-1.37,4.24,0.0384,0.0006
79.502,4.501,0,,,,,0,,,,AVOID,0.958,avoid_cruise,1,29.0,127,5.646,0,0,-1.000,-1.22,4.18,0.0376,0.0050
79.517,4.504,0,,,,,0,,,,AVOID,0.958,avoid_cruise,1,29.0,127,5.661,0,0,-1.000,-1.22,4.18,0.0267,0.0200
79.537,4.504,0,,,,,0,,,,GLOBAL,0.987,clear,0,24.5,127,5.681,0,0,-1.000,-1.06,4.10,0.0467,0.0192
79.558,4.488,0,,,,,0,,,,GLOBAL,1.000,clear,0,24.5,127,5.702,0,0,-1.000,-1.06,4.10,0.0435,0.0149
79.579,4.465,0,,,,,0,,,,GLOBAL,1.000,clear,0,24.5,127,5.723,0,0,-1.000,-0.49,4.19,0.0390,0.0106
79.597,4.440,0,,,,,0,,,,GLOBAL,1.000,clear,0,24.5,127,5.742,0,0,-1.000,-0.79,4.23,0.0331,0.0287
79.617,4.403,0,,,,,0,,,,GLOBAL,1.000,clear,0,24.5,127,5.762,0,0,-1.000,-0.79,4.23,0.0290,0.0189
79.637,4.371,0,,,,,0,,,,GLOBAL,1.000,clear,0,24.5,127,5.782,0,0,-1.000,0.23,4.15,0.0492,0.0199
79.657,4.343,0,,,,,0,,,,GLOBAL,1.000,clear,0,24.5,127,5.801,0,0,-1.000,0.24,4.11,0.0377,0.0124
79.677,4.305,0,,,,,0,,,,GLOBAL,1.000,clear,0,24.5,127,5.821,0,0,-1.000,0.24,4.11,0.0389,0.0098
79.697,4.269,0,,,,,0,,,,GLOBAL,1.000,clear,0,24.5,127,5.842,0,0,-1.000,0.58,4.07,0.0334,0.0009
79.718,4.231,0,,,,,0,,,,GLOBAL,1.000,clear,0,24.5,127,5.862,0,0,-1.000,0.67,4.02,0.0277,0.0215
79.737,4.196,0,,,,,0,,,,GLOBAL,1.000,clear,0,24.5,127,5.881,0,0,-1.000,0.67,4.02,0.0469,0.0175
79.757,4.157,0,,,,,0,,,,GLOBAL,1.000,clear,0,24.5,127,5.901,0,0,-1.000,0.69,3.98,0.0435,0.0132
79.777,4.122,0,,,,,0,,,,GLOBAL,1.000,clear,0,24.5,127,5.922,0,0,-1.000,1.00,3.94,0.0373,0.0105
79.797,4.091,0,,,,,0,,,,GLOBAL,1.000,clear,0,24.5,127,5.942,0,0,-1.000,1.00,3.94,0.0322,0.0304
79.817,4.049,0,,,,,0,,,,GLOBAL,1.000,clear,0,24.5,127,5.961,0,0,-1.000,1.35,3.90,0.0204,0.0160
79.837,4.024,0,,,,,0,,,,GLOBAL,1.000,clear,0,24.5,127,5.981,0,0,-1.000,1.60,3.88,0.0404,0.0177
79.857,3.988,0,,,,,0,,,,GLOBAL,1.000,clear,0,24.5,127,6.001,0,0,-1.000,2.25,3.80,0.0422,0.0148
79.877,3.966,0,,,,,0,,,,GLOBAL,1.000,clear,0,24.5,127,6.021,0,0,-1.000,2.25,3.80,0.0384,0.0097
79.898,3.930,0,,,,,0,,,,GLOBAL,1.000,clear,0,24.5,127,6.042,0,0,-1.000,2.45,3.78,0.0332,0.0037
79.917,3.907,0,,,,,0,,,,GLOBAL,1.000,clear,0,24.5,127,6.061,0,0,-1.000,2.86,3.71,0.0269,0.0231
79.937,3.869,0,,,,,0,,,,GLOBAL,1.000,clear,0,24.5,127,6.081,0,0,-1.000,2.86,3.71,0.0469,0.0171
79.957,3.845,0,,,,,0,,,,GLOBAL,1.000,clear,0,24.5,127,6.102,0,0,-1.000,2.79,3.67,0.0431,0.0158
79.978,3.811,0,,,,,0,,,,GLOBAL,1.000,clear,0,24.5,127,6.122,0,0,-1.000,2.79,3.67,0.0378,0.0103
79.997,3.777,0,,,,,0,,,,GLOBAL,1.000,clear,0,24.5,127,6.142,0,0,-1.000,3.21,3.63,0.0333,0.0030
80.017,3.751,0,,,,,0,,,,GLOBAL,1.000,clear,0,24.5,127,6.162,0,0,-1.000,3.30,3.59,0.0272,0.0230
80.037,3.717,0,,,,,0,,,,GLOBAL,1.000,clear,0,24.5,127,6.181,0,0,-1.000,3.30,3.59,0.0469,0.0194
80.057,3.686,0,,,,,0,,,,GLOBAL,1.000,clear,0,24.5,127,6.201,0,0,-1.000,3.84,3.56,0.0428,0.0115
80.077,3.649,0,,,,,0,,,,GLOBAL,1.000,clear,0,24.5,127,6.221,0,0,-1.000,3.16,3.50,0.0373,0.0107
80.097,3.628,0,,,,,0,,,,GLOBAL,1.000,clear,0,24.5,127,6.242,0,0,-1.000,3.77,3.45,0.0335,0.0043
80.117,3.590,0,,,,,0,,,,GLOBAL,1.000,clear,0,24.5,127,6.261,0,0,-1.000,3.77,3.45,0.0276,0.0010
80.137,3.566,0,,,,,0,,,,GLOBAL,1.000,clear,0,24.5,127,6.281,0,0,-1.000,3.90,3.41,0.0477,0.0210
80.157,3.537,0,,,,,0,,,,GLOBAL,1.000,clear,0,24.5,127,6.302,0,0,-1.000,4.25,3.36,0.0431,0.0142
80.178,3.499,0,,,,,0,,,,GLOBAL,1.000,clear,0,24.5,127,6.322,0,0,-1.000,4.25,3.36,0.0385,0.0115
80.197,3.479,0,,,,,0,,,,GLOBAL,1.000,clear,0,24.5,127,6.342,0,0,-1.000,4.35,3.34,0.0338,0.0042
80.217,3.442,0,,,,,0,,,,GLOBAL,1.000,clear,0,24.5,127,6.361,0,0,-1.000,4.35,3.34,0.0269,0.0240
80.238,3.417,0,,,,,0,,,0.604,GLOBAL,1.000,clear,0,24.5,127,6.382,0,0,-1.000,3.94,3.29,0.0473,0.0192
80.258,3.396,1,0.557,0.430,0.649,0.221,1,0.557,0.557,,GLOBAL,1.000,clear,0,24.5,127,6.402,0,0,-1.000,4.01,3.27,0.0430,0.0126
80.277,3.356,1,0.540,0.379,0.637,0.201,1,0.540,0.540,,GLOBAL,1.000,clear,0,24.5,127,6.421,0,0,-1.000,4.01,3.27,0.0353,0.0084
80.297,3.334,1,0.480,0.316,0.626,0.221,1,0.480,0.480,,GLOBAL,1.000,clear,0,24.5,127,6.441,0,0,-1.000,4.46,3.22,0.0323,0.0029
80.318,3.312,1,0.480,0.316,0.626,0.221,1,0.480,0.480,,GLOBAL,1.000,clear,0,24.5,127,6.462,0,0,-1.000,4.15,3.19,0.0263,0.0235
80.337,3.282,0,,,,,1,0.459,0.459,,GLOBAL,1.000,clear,0,24.5,127,6.481,0,0,-1.000,4.07,3.17,0.0457,0.0184
80.357,3.265,0,,,,,1,0.430,0.430,,GLOBAL,1.000,clear,0,24.5,127,6.501,0,0,-1.000,4.07,3.17,0.0426,0.0140
80.382,3.232,0,,,,,0,,,,GLOBAL,1.000,clear,0,24.5,127,6.526,0,0,-1.000,4.64,3.14,0.0417,0.0141
80.397,3.211,0,,,,,0,,,,GLOBAL,1.000,clear,0,24.5,127,6.541,0,0,-1.000,4.64,3.14,0.0329,0.0015
80.417,3.200,0,,,,,0,,,,GLOBAL,1.000,clear,0,24.5,127,6.562,0,0,-1.000,4.39,3.10,0.0270,0.0216
80.437,3.176,0,,,,,0,,,,GLOBAL,1.000,clear,0,24.5,127,6.581,0,0,-1.000,4.60,3.07,0.0469,0.0187
80.457,3.156,0,,,,,0,,,4.967,GLOBAL,1.000,clear,0,24.5,127,6.602,0,0,-1.000,4.07,3.02,0.0419,0.0139
80.477,3.126,0,,,,,0,,,,GLOBAL,1.000,clear,0,24.5,127,6.622,0,0,-1.000,4.07,3.02,0.0375,0.0100
80.497,3.039,0,,,,,0,,,4.517,GLOBAL,1.000,clear,0,24.5,127,6.641,0,0,-1.000,4.59,3.00,0.0331,0.0037
80.518,2.925,0,,,,,0,,,4.517,GLOBAL,1.000,clear,0,24.5,127,6.662,0,0,-1.000,4.50,3.00,0.0279,0.0241
80.537,2.833,0,,,,,0,,,4.737,GLOBAL,1.000,clear,0,24.5,127,6.681,0,0,-1.000,4.50,3.00,0.0474,0.0132
80.558,2.746,1,4.581,4.677,-0.880,0.178,1,4.581,4.581,,GLOBAL,1.000,clear,0,24.5,127,6.702,0,0,-1.000,4.34,3.00,0.0430,0.0108
80.577,2.685,0,,,,,0,,,,GLOBAL,1.000,clear,0,24.5,127,6.722,0,0,-1.000,4.34,3.00,0.0370,0.0068
80.597,2.625,0,,,,,0,,,,GLOBAL,1.000,clear,0,24.5,127,6.741,0,0,-1.000,4.93,3.00,0.0335,0.0265
80.617,2.565,0,,,,,0,,,,GLOBAL,1.000,clear,0,24.5,127,6.761,0,0,-1.000,4.62,3.00,0.0278,0.0193
80.637,2.504,0,,,,,0,,,3.787,GLOBAL,1.000,clear,0,24.5,127,6.781,0,0,-1.000,4.62,3.00,0.0478,0.0156
80.657,2.447,0,,,,,0,,,,GLOBAL,1.000,clear,0,24.5,127,6.801,0,0,-1.000,4.62,3.00,0.0420,0.0115
80.677,2.375,0,,,,,0,,,,GLOBAL,1.000,clear,0,24.5,127,6.822,0,0,-1.000,4.60,3.00,0.0349,0.0070
80.697,2.298,0,,,,,0,,,,GLOBAL,1.000,clear,0,24.5,127,6.841,0,0,-1.000,4.60,3.00,0.0321,0.0005
80.717,2.226,0,,,,,0,,,,GLOBAL,1.000,clear,0,24.5,127,6.861,0,0,-1.000,5.21,3.00,0.0269,0.0205
80.737,2.146,0,,,,,0,,,,GLOBAL,1.000,clear,0,24.5,127,6.881,0,0,-1.000,5.50,3.00,0.0468,0.0145
80.757,2.067,0,,,,,0,,,,GLOBAL,1.000,clear,0,24.5,127,6.901,0,0,-1.000,5.86,3.00,0.0424,0.0107
80.777,1.995,0,,,,,0,,,,GLOBAL,1.000,clear,0,24.5,127,6.922,0,0,-1.000,5.86,3.00,0.0369,0.0016
80.797,1.883,0,,,,,0,,,,GLOBAL,1.000,clear,0,24.5,127,6.941,0,0,-1.000,5.77,3.00,0.0327,0.0016
80.817,1.816,0,,,,,0,,,,GLOBAL,1.000,clear,0,24.5,127,6.962,0,0,-1.000,7.00,3.00,0.0273,0.0219
80.837,1.739,0,,,,,0,,,,GLOBAL,1.000,clear,0,24.5,127,6.981,0,0,-1.000,7.00,3.00,0.0471,0.0183
80.857,1.655,0,,,,,0,,,,GLOBAL,1.000,clear,0,24.5,127,7.002,0,0,-1.000,6.77,3.00,0.0430,0.0138
80.877,1.582,0,,,,,0,,,,GLOBAL,1.000,clear,0,24.5,127,7.021,0,0,-1.000,6.77,3.00,0.0371,0.0044
80.897,1.505,0,,,,,0,,,,GLOBAL,1.000,clear,0,24.5,127,7.041,0,0,-1.000,6.99,3.00,0.0314,0.0015
80.921,1.423,0,,,,,0,,,,GLOBAL,1.000,clear,0,24.5,127,7.066,0,0,-1.000,7.33,3.00,0.0557,0.0258
80.937,1.330,0,,,,,0,,,,GLOBAL,1.000,clear,0,24.5,127,7.081,0,0,-1.000,7.26,3.00,0.0472,0.0128
80.957,1.218,0,,,,,0,,,,GLOBAL,1.000,clear,0,24.5,127,7.102,0,0,-1.000,7.26,3.00,0.0418,0.0132
80.977,1.163,0,,,,,0,,,,GLOBAL,1.000,clear,0,24.5,127,7.121,0,0,-1.000,6.76,3.00,0.0372,0.0088
80.997,1.073,0,,,,,0,,,,GLOBAL,1.000,clear,0,24.5,127,7.141,0,0,-1.000,6.76,3.00,0.0316,0.0038
81.017,0.987,0,,,,,0,,,,GLOBAL,1.000,clear,0,24.5,127,7.161,0,0,-1.000,7.61,3.00,0.0269,0.0239
81.037,0.926,0,,,,,0,,,,GLOBAL,1.000,clear,0,24.5,127,7.181,0,0,-1.000,7.83,3.00,0.0470,0.0157
81.057,0.861,0,,,,,0,,,,GLOBAL,1.000,clear,0,24.5,127,7.201,0,0,-1.000,7.76,3.00,0.0417,0.0132
81.077,0.800,0,,,,,0,,,,GLOBAL,1.000,clear,0,24.5,127,7.221,0,0,-1.000,7.76,3.00,0.0360,0.0074
81.098,0.736,0,,,,,0,,,,GLOBAL,1.000,clear,0,24.5,127,7.242,0,0,-1.000,8.81,3.00,0.0322,0.0007
81.117,0.686,0,,,,,0,,,,GLOBAL,1.000,clear,0,24.5,127,7.262,0,0,-1.000,8.81,3.00,0.0267,0.0206
81.137,0.649,0,,,,,0,,,,GLOBAL,1.000,clear,0,24.5,127,7.281,0,0,-1.000,7.84,3.00,0.0462,0.0154
81.157,0.612,0,,,,,0,,,,GLOBAL,1.000,clear,0,24.5,127,7.301,0,0,-1.000,7.64,3.00,0.0421,0.0127
81.177,0.550,0,,,,,0,,,,GLOBAL,1.000,clear,0,24.5,127,7.321,0,0,-1.000,9.08,3.00,0.0365,0.0054
81.197,0.518,0,,,,,0,,,,GLOBAL,1.000,clear,0,24.5,127,7.341,0,0,-1.000,9.08,3.00,0.0324,0.0029
81.217,0.499,0,,,,,0,,,,GLOBAL,1.000,clear,0,24.5,127,7.362,0,0,-1.000,8.25,3.00,0.0268,0.0230
81.237,0.449,0,,,,,0,,,,GLOBAL,1.000,clear,0,24.5,127,7.381,0,0,-1.000,8.20,3.00,0.0467,0.0171
81.257,0.438,0,,,,,0,,,,GLOBAL,1.000,clear,0,24.5,127,7.401,0,0,-1.000,8.20,3.00,0.0425,0.0117
81.278,0.392,0,,,,,0,,,,GLOBAL,1.000,clear,0,24.5,127,7.422,0,0,-1.000,7.66,3.00,0.0372,0.0064
81.297,0.387,0,,,,,0,,,,GLOBAL,1.000,clear,0,24.5,127,7.442,0,0,-1.000,7.66,3.00,0.0329,0.0015
81.317,0.346,0,,,,,0,,,,GLOBAL,1.000,clear,0,24.5,127,7.462,0,0,-1.000,8.02,3.00,0.0271,0.0216
81.338,0.336,0,,,,,0,,,,GLOBAL,1.000,clear,0,24.5,127,7.482,0,0,-1.000,8.72,3.00,0.0475,0.0176
81.357,0.314,0,,,,,0,,,,GLOBAL,1.000,clear,0,24.5,127,7.501,0,0,-1.000,8.38,3.00,0.0411,0.0142
81.377,0.285,0,,,,,0,,,,GLOBAL,1.000,clear,0,24.5,127,7.521,0,0,-1.000,8.38,3.00,0.0370,0.0085
81.397,0.286,0,,,,,0,,,,GLOBAL,1.000,clear,0,24.5,127,7.541,0,0,-1.000,8.38,3.00,0.0315,0.0018
81.417,0.259,0,,,,,0,,,,GLOBAL,1.000,clear,0,24.5,127,7.562,0,0,-1.000,8.27,3.00,0.0275,0.0221
81.437,0.234,0,,,,,0,,,,GLOBAL,1.000,clear,0,24.5,127,7.582,0,0,-1.000,8.27,3.00,0.0474,0.0174
81.457,0.233,0,,,,,0,,,,GLOBAL,1.000,clear,0,24.5,127,7.602,0,0,-1.000,8.41,3.00,0.0418,0.0136
81.477,0.221,0,,,,,0,,,,GLOBAL,1.000,clear,0,24.5,127,7.621,0,0,-1.000,8.41,3.00,0.0370,0.0038
81.497,0.168,0,,,,,0,,,,GLOBAL,1.000,clear,0,24.5,127,7.641,0,0,-1.000,7.60,3.00,0.0291,0.0016
81.517,0.111,0,,,,,0,,,,GLOBAL,1.000,clear,0,24.5,127,7.661,0,0,-1.000,7.46,3.00,0.0271,0.0217
81.537,0.133,0,,,,,0,,,,GLOBAL,1.000,clear,0,24.5,127,7.681,0,0,-1.000,6.71,3.00,0.0471,0.0187
81.557,0.123,0,,,,,0,,,,GLOBAL,1.000,clear,0,24.5,127,7.701,0,0,-1.000,6.71,3.00,0.0416,0.0131
81.577,0.127,0,,,,,0,,,,GLOBAL,1.000,clear,0,24.5,127,7.722,0,0,-1.000,7.67,3.00,0.0379,0.0061
81.599,0.012,0,,,,,0,,,,GLOBAL,1.000,clear,0,24.5,127,7.743,0,0,-1.000,7.67,3.00,0.0332,0.0272
81.617,0.022,0,,,,,0,,,,GLOBAL,1.000,clear,0,24.5,127,7.761,0,0,-1.000,6.88,3.00,0.0244,0.0182
81.637,0.036,0,,,,,0,,,,GLOBAL,1.000,clear,0,24.5,127,7.781,0,0,-1.000,7.96,3.00,0.0444,0.0164
81.657,0.051,0,,,,,0,,,,GLOBAL,1.000,clear,0,24.5,127,7.801,0,0,-1.000,7.96,3.00,0.0419,0.0106
81.677,-0.006,0,,,,,0,,,,GLOBAL,1.000,clear,0,24.5,127,7.821,0,0,-1.000,7.63,3.00,0.0363,0.0092
81.697,0.015,0,,,,,0,,,,GLOBAL,1.000,clear,0,24.5,127,7.842,0,0,-1.000,7.14,3.00,0.0325,0.0040
81.717,0.031,0,,,,,0,,,,GLOBAL,1.000,clear,0,24.5,127,7.861,0,0,-1.000,7.56,3.00,0.0264,0.0236
81.737,0.008,0,,,,,0,,,,GLOBAL,1.000,clear,0,24.5,127,7.881,0,0,-1.000,7.56,3.00,0.0464,0.0187
81.757,0.000,0,,,,,0,,,,GLOBAL,1.000,clear,0,24.5,127,7.901,0,0,-1.000,7.12,3.00,0.0415,0.0110
81.777,0.000,0,,,,,0,,,,GLOBAL,1.000,clear,0,24.5,127,7.921,0,0,-1.000,7.12,3.00,0.0324,0.0080
81.797,-0.011,0,,,,,0,,,,GLOBAL,1.000,clear,0,24.5,127,7.941,0,0,-1.000,6.44,3.00,0.0324,0.0281
81.817,-0.034,0,,,,,0,,,,GLOBAL,1.000,clear,0,24.5,127,7.962,0,0,-1.000,6.02,3.00,0.0270,0.0191
81.837,-0.021,0,,,,,0,,,,GLOBAL,1.000,clear,0,24.5,127,7.981,0,0,-1.000,7.58,3.00,0.0467,0.0149
81.857,-0.001,0,,,,,0,,,,GLOBAL,1.000,clear,0,24.5,127,8.001,0,0,-1.000,7.58,3.00,0.0420,0.0129
81.877,0.000,0,,,,,0,,,,GLOBAL,1.000,clear,0,24.5,127,8.021,0,0,-1.000,8.33,3.00,0.0369,0.0064
81.897,0.000,0,,,,,0,,,,GLOBAL,1.000,clear,0,24.5,127,8.042,0,0,-1.000,8.33,3.00,0.0329,0.0037
81.917,0.000,0,,,,,0,,,,GLOBAL,1.000,clear,0,24.5,127,8.061,0,0,-1.000,5.05,3.00,0.0267,0.0235
81.937,0.000,0,,,,,0,,,,GLOBAL,1.000,clear,0,24.5,127,8.081,0,0,-1.000,6.88,3.00,0.0468,0.0185
81.957,0.000,0,,,,,0,,,,GLOBAL,1.000,clear,0,24.5,127,8.102,0,0,-1.000,6.81,3.00,0.0415,0.0145
81.977,0.000,0,,,,,0,,,,GLOBAL,1.000,clear,0,24.5,127,8.122,0,0,-1.000,6.81,3.00,0.0372,0.0089
81.997,0.000,0,,,,,0,,,,GLOBAL,1.000,clear,0,24.5,127,8.142,0,0,-1.000,6.66,3.00,0.0315,0.0046
82.017,0.000,0,,,,,0,,,,GLOBAL,1.000,clear,0,24.5,127,8.161,0,0,-1.000,6.51,3.00,0.0273,0.0244
82.037,0.000,0,,,,,0,,,,GLOBAL,1.000,clear,0,24.5,127,8.182,0,0,-1.000,6.51,3.00,0.0474,0.0192
82.057,0.000,0,,,,,0,,,,GLOBAL,1.000,clear,0,24.5,127,8.201,0,0,-1.000,6.34,3.00,0.0416,0.0140
82.077,0.000,0,,,,,0,,,,GLOBAL,1.000,clear,0,24.5,127,8.222,0,0,-1.000,6.34,3.00,0.0371,0.0070
82.097,0.000,0,,,,,0,,,,GLOBAL,1.000,clear,0,24.5,127,8.242,0,0,-1.000,4.43,3.00,0.0310,0.0007
82.117,0.000,0,,,,,0,,,,GLOBAL,1.000,clear,0,24.5,127,8.261,0,0,-1.000,5.85,3.00,0.0269,0.0204
82.137,0.000,0,,,,,0,,,,GLOBAL,1.000,clear,0,24.5,127,8.282,0,0,-1.000,5.82,3.00,0.0472,0.0145
82.157,0.000,0,,,,,0,,,,GLOBAL,1.000,clear,0,24.5,127,8.302,0,0,-1.000,5.82,3.00,0.0417,0.0130
82.177,0.000,0,,,,,0,,,,GLOBAL,1.000,clear,0,24.5,127,8.321,0,0,-1.000,5.91,3.00,0.0378,0.0055
82.198,0.000,0,,,,,0,,,,GLOBAL,1.000,clear,0,24.5,127,8.342,0,0,-1.000,5.91,3.00,0.0328,0.0028
82.218,0.000,0,,,,,0,,,,GLOBAL,1.000,clear,0,24.5,127,8.362,0,0,-1.000,5.96,3.00,0.0281,0.0226
82.237,0.000,0,,,,,0,,,,GLOBAL,1.000,clear,0,24.5,127,8.381,0,0,-1.000,5.35,3.00,0.0476,0.0167
82.257,0.000,0,,,,,0,,,,GLOBAL,1.000,clear,0,24.5,127,8.402,0,0,-1.000,7.40,3.00,0.0426,0.0124
82.277,0.000,0,,,,,0,,,,GLOBAL,1.000,clear,0,24.5,127,8.421,0,0,-1.000,7.40,3.00,0.0368,0.0058
82.298,0.000,0,,,,,0,,,,GLOBAL,1.000,clear,0,24.5,127,8.442,0,0,-1.000,6.18,3.00,0.0328,0.0264
82.317,0.000,0,,,,,0,,,,GLOBAL,1.000,clear,0,24.5,127,8.461,0,0,-1.000,6.14,3.00,0.0267,0.0176
82.337,0.000,0,,,,,0,,,,GLOBAL,1.000,clear,0,24.5,127,8.481,0,0,-1.000,6.14,3.00,0.0466,0.0149
82.358,0.000,0,,,,,0,,,,GLOBAL,1.000,clear,0,24.5,127,8.502,0,0,-1.000,5.54,3.00,0.0428,0.0105
82.377,0.000,0,,,,,0,,,,GLOBAL,1.000,clear,0,24.5,127,8.521,0,0,-1.000,5.54,3.00,0.0368,0.0299
82.398,0.000,0,,,,,0,,,,GLOBAL,1.000,clear,0,24.5,127,8.542,0,0,-1.000,5.84,3.00,0.0332,0.0202
82.418,0.000,0,,,,,0,,,,GLOBAL,1.000,clear,0,24.5,127,8.562,0,0,-1.000,6.05,3.00,0.0275,0.0169
82.437,0.000,0,,,,,0,,,,GLOBAL,1.000,clear,0,24.5,127,8.581,0,0,-1.000,6.06,3.00,0.0470,0.0161
82.457,0.000,0,,,,,0,,,,GLOBAL,1.000,clear,0,24.5,127,8.602,0,0,-1.000,6.06,3.00,0.0430,0.0101
82.477,0.000,0,,,,,0,,,,GLOBAL,1.000,clear,0,24.5,127,8.621,0,0,-1.000,5.96,3.00,0.0369,0.0093
82.497,0.000,0,,,,,0,,,,GLOBAL,1.000,clear,0,24.5,127,8.642,0,0,-1.000,5.96,3.00,0.0333,0.0037
82.517,0.000,0,,,,,0,,,,GLOBAL,1.000,clear,0,24.5,127,8.661,0,0,-1.000,5.96,3.00,0.0269,0.0234
82.537,0.000,0,,,,,0,,,,GLOBAL,1.000,clear,0,24.5,127,8.682,0,0,-1.000,5.19,3.00,0.0472,0.0191
82.558,0.000,0,,,,,0,,,,GLOBAL,1.000,clear,0,24.5,127,8.702,0,0,-1.000,5.75,3.00,0.0434,0.0146
82.577,0.000,0,,,,,0,,,,GLOBAL,1.000,clear,0,24.5,127,8.721,0,0,-1.000,5.75,3.00,0.0370,0.0101
82.597,0.000,0,,,,,0,,,,GLOBAL,1.000,clear,0,24.5,127,8.742,0,0,-1.000,6.56,3.00,0.0334,0.0036
82.617,0.000,0,,,,,0,,,,GLOBAL,1.000,clear,0,24.5,127,8.761,0,0,-1.000,6.43,3.00,0.0270,0.0234
82.637,0.000,0,,,,,0,,,,GLOBAL,1.000,clear,0,24.5,127,8.781,0,0,-1.000,6.43,3.00,0.0470,0.0188
82.657,0.000,0,,,,,0,,,,GLOBAL,1.000,clear,0,24.5,127,8.801,0,0,-1.000,6.15,3.00,0.0426,0.0112
82.677,0.000,0,,,,,0,,,,GLOBAL,1.000,clear,0,24.5,127,8.821,0,0,-1.000,6.15,3.00,0.0369,0.0033
82.697,0.000,0,,,,,0,,,,GLOBAL,1.000,clear,0,24.5,127,8.842,0,0,-1.000,4.90,3.00,0.0321,0.0008
82.717,0.000,0,,,,,0,,,,GLOBAL,1.000,clear,0,24.5,127,8.861,0,0,-1.000,5.60,3.00,0.0277,0.0206
82.737,0.000,0,,,,,0,,,,GLOBAL,1.000,clear,0,24.5,127,8.881,0,0,-1.000,5.57,3.00,0.0476,0.0146
82.757,0.000,0,,,,,0,,,,GLOBAL,1.000,clear,0,24.5,127,8.901,0,0,-1.000,5.57,3.00,0.0420,0.0127
82.777,0.000,0,,,,,0,,,,GLOBAL,1.000,clear,0,24.5,127,8.922,0,0,-1.000,5.46,3.00,0.0382,0.0058
82.798,0.000,0,,,,,0,,,,GLOBAL,1.000,clear,0,24.5,127,8.942,0,0,-1.000,7.42,3.00,0.0328,0.0263
82.818,0.000,0,,,,,0,,,,GLOBAL,1.000,clear,0,24.5,127,8.962,0,0,-1.000,7.42,3.00,0.0289,0.0185
82.837,0.000,0,,,,,0,,,,GLOBAL,1.000,clear,0,24.5,127,8.981,0,0,-1.000,5.11,3.00,0.0481,0.0144
82.857,0.000,0,,,,,0,,,,GLOBAL,1.000,clear,0,24.5,127,9.002,0,0,-1.000,5.83,3.00,0.0425,0.0125
82.878,0.000,0,,,,,0,,,,GLOBAL,1.000,clear,0,24.5,127,9.022,0,0,-1.000,5.83,3.00,0.0386,0.0054
82.897,0.000,0,,,,,0,,,,GLOBAL,1.000,clear,0,24.5,127,9.041,0,0,-1.000,4.67,3.00,0.0324,0.0034
82.917,0.000,0,,,,,0,,,,GLOBAL,1.000,clear,0,24.5,127,9.062,0,0,-1.000,6.77,3.00,0.0273,0.0238
82.937,0.000,0,,,,,0,,,,GLOBAL,1.000,clear,0,24.5,127,9.081,0,0,-1.000,6.77,3.00,0.0469,0.0183
82.957,0.000,0,,,,,0,,,,GLOBAL,1.000,clear,0,24.5,127,9.102,0,0,-1.000,5.17,3.00,0.0422,0.0135
82.977,0.000,0,,,,,0,,,,GLOBAL,1.000,clear,0,24.5,127,9.122,0,0,-1.000,5.57,3.00,0.0357,0.0098
82.997,0.000,0,,,,,0,,,,GLOBAL,1.000,clear,0,24.5,127,9.141,0,0,-1.000,5.57,3.00,0.0313,0.0294
83.017,0.000,0,,,,,0,,,,GLOBAL,1.000,clear,0,24.5,127,9.161,0,0,-1.000,5.65,3.00,0.0270,0.0185
83.038,0.000,0,,,,,0,,,,GLOBAL,1.000,clear,0,24.5,127,9.182,0,0,-1.000,4.60,3.00,0.0478,0.0173
83.057,0.000,0,,,,,0,,,,GLOBAL,1.000,clear,0,24.5,127,9.201,0,0,-1.000,4.60,3.00,0.0426,0.0110
83.078,0.000,0,,,,,0,,,,GLOBAL,1.000,clear,0,24.5,127,9.222,0,0,-1.000,5.92,3.00,0.0371,0.0105
83.097,0.000,0,,,,,0,,,,GLOBAL,1.000,clear,0,24.5,127,9.242,0,0,-1.000,5.92,3.00,0.0332,0.0042
83.118,0.000,0,,,,,0,,,,GLOBAL,1.000,clear,0,24.5,127,9.262,0,0,-1.000,5.64,3.00,0.0282,0.0009
83.137,0.000,0,,,,,0,,,,GLOBAL,1.000,clear,0,24.5,127,9.281,0,0,-1.000,5.48,3.00,0.0472,0.0199
83.157,0.000,0,,,,,0,,,,GLOBAL,1.000,clear,0,24.5,127,9.302,0,0,-1.000,5.53,3.00,0.0435,0.0119
83.177,0.000,0,,,,,0,,,,GLOBAL,1.000,clear,0,24.5,127,9.322,0,0,-1.000,5.53,3.00,0.0375,0.0064
83.197,0.000,0,,,,,0,,,,GLOBAL,1.000,clear,0,24.5,127,9.341,0,0,-1.000,7.43,3.00,0.0335,0.0028
83.217,0.000,0,,,,,0,,,,GLOBAL,1.000,clear,0,24.5,127,9.362,0,0,-1.000,5.46,3.00,0.0272,0.0231
83.238,0.000,0,,,,,0,,,,GLOBAL,1.000,clear,0,24.5,127,9.382,0,0,-1.000,5.46,3.00,0.0474,0.0137
83.257,0.000,0,,,,,0,,,,GLOBAL,1.000,clear,0,24.5,127,9.401,0,0,-1.000,4.93,3.00,0.0413,0.0127
83.277,0.000,0,,,,,0,,,,GLOBAL,1.000,clear,0,24.5,127,9.422,0,0,-1.000,4.93,3.00,0.0370,0.0051
83.297,0.000,0,,,,,0,,,,GLOBAL,1.000,clear,0,24.5,127,9.441,0,0,-1.000,5.56,3.00,0.0320,0.0025
83.317,0.000,0,,,,,0,,,,GLOBAL,1.000,clear,0,24.5,127,9.461,0,0,-1.000,5.61,3.00,0.0267,0.0225
83.337,0.000,0,,,,,0,,,,GLOBAL,1.000,clear,0,24.5,127,9.481,0,0,-1.000,5.77,3.00,0.0466,0.0188
83.358,0.000,0,,,,,0,,,,GLOBAL,1.000,clear,0,24.5,127,9.502,0,0,-1.000,5.77,3.00,0.0422,0.0148
83.377,0.000,0,,,,,0,,,,GLOBAL,1.000,clear,0,24.5,127,9.521,0,0,-1.000,7.05,3.00,0.0370,0.0058
83.397,0.000,0,,,,,0,,,,GLOBAL,1.000,clear,0,24.5,127,9.541,0,0,-1.000,7.05,3.00,0.0322,0.0258
83.418,0.000,0,,,,,0,,,,GLOBAL,1.000,clear,0,24.5,127,9.563,0,0,-1.000,6.14,3.00,0.0285,0.0166
83.437,0.000,0,,,,,0,,,,GLOBAL,1.000,clear,0,24.5,127,9.581,0,0,-1.000,5.65,3.00,0.0472,0.0111
83.457,0.000,0,,,,,0,,,,GLOBAL,1.000,clear,0,24.5,127,9.601,0,0,-1.000,5.65,3.00,0.0421,0.0121
83.477,0.000,0,,,,,0,,,,GLOBAL,1.000,clear,0,24.5,127,9.621,0,0,-1.000,7.34,3.00,0.0374,0.0094
83.497,0.000,0,,,,,0,,,,GLOBAL,1.000,clear,0,24.5,127,9.641,0,0,-1.000,4.42,3.00,0.0325,0.0046
83.517,0.000,0,,,,,0,,,,GLOBAL,1.000,clear,0,24.5,127,9.661,0,0,-1.000,4.07,3.00,0.0285,0.0247
83.537,0.000,0,,,,,0,,,,GLOBAL,1.000,clear,0,24.5,127,9.682,0,0,-1.000,4.07,3.00,0.0489,0.0157
83.557,0.000,0,,,,,0,,,,GLOBAL,1.000,clear,0,24.5,127,9.701,0,0,-1.000,5.84,3.00,0.0418,0.0138
83.577,0.000,0,,,,,0,,,,GLOBAL,1.000,clear,0,24.5,127,9.721,0,0,-1.000,5.84,3.00,0.0372,0.0087
83.597,0.000,0,,,,,0,,,,GLOBAL,1.000,clear,0,24.5,127,9.742,0,0,-1.000,5.64,3.00,0.0332,0.0005
83.617,0.000,0,,,,,0,,,,GLOBAL,1.000,clear,0,24.5,127,9.762,0,0,-1.000,5.05,3.00,0.0276,0.0207
83.637,0.000,0,,,,,0,,,,GLOBAL,1.000,clear,0,24.5,127,9.781,0,0,-1.000,6.05,3.00,0.0473,0.0169
83.657,0.000,0,,,,,0,,,,GLOBAL,1.000,clear,0,24.5,127,9.801,0,0,-1.000,6.05,3.00,0.0429,0.0107
83.677,0.000,0,,,,,0,,,,GLOBAL,1.000,clear,0,24.5,127,9.821,0,0,-1.000,5.60,3.00,0.0369,0.0078
83.698,0.000,0,,,,,0,,,,GLOBAL,1.000,clear,0,24.5,127,9.842,0,0,-1.000,5.60,3.00,0.0321,0.0008
83.717,0.000,0,,,,,0,,,,GLOBAL,1.000,clear,0,24.5,127,9.861,0,0,-1.000,6.26,3.00,0.0271,0.0202
83.737,0.000,0,,,,,0,,,,GLOBAL,1.000,clear,0,24.5,127,9.881,0,0,-1.000,5.92,3.00,0.0471,0.0180
83.757,0.000,0,,,,,0,,,,GLOBAL,1.000,clear,0,24.5,127,9.901,0,0,-1.000,6.03,3.00,0.0430,0.0133
83.777,0.000,0,,,,,0,,,,GLOBAL,1.000,clear,0,24.5,127,9.922,0,0,-1.000,6.03,3.00,0.0372,0.0106
83.797,0.000,0,,,,,0,,,,GLOBAL,1.000,clear,0,24.5,127,9.941,0,0,-1.000,7.10,3.00,0.0335,0.0034
83.817,0.000,0,,,,,0,,,,GLOBAL,1.000,clear,0,24.5,127,9.961,0,0,-1.000,5.50,3.00,0.0275,0.0233
83.837,0.000,0,,,,,0,,,,GLOBAL,1.000,clear,0,24.5,127,9.982,0,0,-1.000,5.50,3.00,0.0479,0.0201
83.858,0.000,0,,,,,0,,,,GLOBAL,1.000,clear,0,24.5,127,10.002,0,0,-1.000,6.31,3.00,0.0440,0.0078
83.877,0.000,0,,,,,0,,,,GLOBAL,1.000,clear,0,24.5,127,10.021,0,0,-1.000,6.31,3.00,0.0371,0.0096
83.897,0.000,0,,,,,0,,,,GLOBAL,1.000,clear,0,24.5,127,10.041,0,0,-1.000,6.43,3.00,0.0335,0.0031
83.917,0.000,0,,,,,0,,,,GLOBAL,1.000,clear,0,24.5,127,10.062,0,0,-1.000,3.07,3.00,0.0273,0.0233
83.937,0.000,0,,,,,0,,,,GLOBAL,1.000,clear,0,24.5,127,10.082,0,0,-1.000,3.07,3.00,0.0472,0.0195
83.957,0.000,0,,,,,0,,,,GLOBAL,1.000,clear,0,24.5,127,10.101,0,0,-1.000,5.54,3.00,0.0434,0.0100
83.977,0.000,0,,,,,0,,,,GLOBAL,1.000,clear,0,24.5,127,10.121,0,0,-1.000,5.52,3.00,0.0371,0.0093
83.997,0.000,0,,,,,0,,,,GLOBAL,1.000,clear,0,24.5,127,10.141,0,0,-1.000,5.52,3.00,0.0319,0.0020
84.017,0.000,0,,,,,0,,,,GLOBAL,1.000,clear,0,24.5,127,10.162,0,0,-1.000,6.24,3.00,0.0283,0.0223
84.037,0.000,0,,,,,0,,,,GLOBAL,1.000,clear,0,24.5,127,10.181,0,0,-1.000,5.61,3.00,0.0482,0.0179
84.057,0.000,0,,,,,0,,,,GLOBAL,1.000,clear,0,24.5,127,10.201,0,0,-1.000,5.81,3.00,0.0422,0.0151
84.077,0.000,0,,,,,0,,,,GLOBAL,1.000,clear,0,24.5,127,10.221,0,0,-1.000,5.81,3.00,0.0365,0.0088
84.097,0.000,0,,,,,0,,,,GLOBAL,1.000,clear,0,24.5,127,10.241,0,0,-1.000,5.95,3.00,0.0324,0.0038
84.117,0.000,0,,,,,0,,,,GLOBAL,1.000,clear,0,24.5,127,10.261,0,0,-1.000,5.85,3.00,0.0271,0.0239
84.137,0.000,0,,,,,0,,,,GLOBAL,1.000,clear,0,24.5,127,10.281,0,0,-1.000,5.85,3.00,0.0471,0.0190
84.157,0.000,0,,,,,0,,,,GLOBAL,1.000,clear,0,24.5,127,10.301,0,0,-1.000,6.76,3.00,0.0423,0.0137
84.177,0.000,0,,,,,0,,,,GLOBAL,1.000,clear,0,24.5,127,10.321,0,0,-1.000,4.25,3.00,0.0368,0.0092
84.197,0.000,0,,,,,0,,,,GLOBAL,1.000,clear,0,24.5,127,10.342,0,0,-1.000,4.25,3.00,0.0330,0.0045
84.217,0.000,0,,,,,0,,,,GLOBAL,1.000,clear,0,24.5,127,10.361,0,0,-1.000,4.41,3.00,0.0271,0.0243
84.237,0.000,0,,,,,0,,,,GLOBAL,1.000,clear,0,24.5,127,10.381,0,0,-1.000,6.07,3.00,0.0471,0.0196
84.257,0.000,0,,,,,0,,,,GLOBAL,1.000,clear,0,24.5,127,10.401,0,0,-1.000,6.07,3.00,0.0426,0.0131
84.278,0.000,0,,,,,0,,,,GLOBAL,1.000,clear,0,24.5,127,10.422,0,0,-1.000,6.07,3.00,0.0373,0.0090
84.297,0.000,0,,,,,0,,,,GLOBAL,1.000,clear,0,24.5,127,10.441,0,0,-1.000,5.42,3.00,0.0322,0.0039
84.317,0.000,0,,,,,0,,,,GLOBAL,1.000,clear,0,24.5,127,10.462,0,0,-1.000,7.09,3.00,0.0273,0.0007
84.337,0.000,0,,,,,0,,,,GLOBAL,1.000,clear,0,24.5,127,10.481,0,0,-1.000,6.51,3.00,0.0470,0.0204
84.357,0.000,0,,,,,0,,,,GLOBAL,1.000,clear,0,24.5,127,10.501,0,0,-1.000,4.90,3.00,0.0432,0.0136
84.377,0.000,0,,,,,0,,,,GLOBAL,1.000,clear,0,24.5,127,10.522,0,0,-1.000,4.90,3.00,0.0375,0.0109
84.397,0.000,0,,,,,0,,,,GLOBAL,1.000,clear,0,24.5,127,10.542,0,0,-1.000,5.66,3.00,0.0322,0.0032
84.418,0.000,0,,,,,0,,,,GLOBAL,1.000,clear,0,24.5,127,10.562,0,0,-1.000,4.57,3.00,0.0276,0.0234
84.439,0.000,0,,,,,0,,,,GLOBAL,1.000,clear,0,24.5,127,10.583,0,0,-1.000,4.57,3.00,0.0486,0.0161
84.457,0.000,0,,,,,0,,,,GLOBAL,1.000,clear,0,24.5,127,10.602,0,0,-1.000,5.22,3.00,0.0425,0.0106
84.477,0.000,0,,,,,0,,,,GLOBAL,1.000,clear,0,24.5,127,10.621,0,0,-1.000,5.22,3.00,0.0368,0.0073
84.497,0.000,0,,,,,0,,,,GLOBAL,1.000,clear,0,24.5,127,10.642,0,0,-1.000,7.10,3.00,0.0337,0.0045
84.518,0.000,0,,,,,0,,,,GLOBAL,1.000,clear,0,24.5,127,10.662,0,0,-1.000,5.27,3.00,0.0276,0.0006
84.537,0.000,0,,,,,0,,,,GLOBAL,1.000,clear,0,24.5,127,10.682,0,0,-1.000,6.61,3.00,0.0473,0.0202
84.557,0.000,0,,,,,0,,,,GLOBAL,1.000,clear,0,24.5,127,10.701,0,0,-1.000,6.61,3.00,0.0429,0.0109
84.577,0.000,0,,,,,0,,,,GLOBAL,1.000,clear,0,24.5,127,10.722,0,0,-1.000,3.87,3.00,0.0364,0.0057
84.597,0.000,0,,,,,0,,,,GLOBAL,1.000,clear,0,24.5,127,10.742,0,0,-1.000,5.96,3.00,0.0314,0.0035
84.617,0.000,0,,,,,0,,,,GLOBAL,1.000,clear,0,24.5,127,10.761,0,0,-1.000,5.96,3.00,0.0280,0.0231
84.637,0.000,0,,,,,0,,,,GLOBAL,1.000,clear,0,24.5,127,10.781,0,0,-1.000,4.52,3.00,0.0479,0.0162
84.657,0.000,0,,,,,0,,,,GLOBAL,1.000,clear,0,24.5,127,10.801,0,0,-1.000,6.71,3.00,0.0422,0.0128
84.677,0.000,0,,,,,0,,,,GLOBAL,1.000,clear,0,24.5,127,10.821,0,0,-1.000,6.71,3.00,0.0368,0.0074
84.697,0.000,0,,,,,0,,,,GLOBAL,1.000,clear,0,24.5,127,10.842,0,0,-1.000,4.54,3.00,0.0327,0.0039
84.717,0.000,0,,,,,0,,,,GLOBAL,1.000,clear,0,24.5,127,10.861,0,0,-1.000,6.84,3.00,0.0269,0.0236
84.737,0.000,0,,,,,0,,,,GLOBAL,1.000,clear,0,24.5,127,10.881,0,0,-1.000,6.84,3.00,0.0469,0.0191
84.757,0.000,0,,,,,0,,,,GLOBAL,1.000,clear,0,24.5,127,10.901,0,0,-1.000,5.89,3.00,0.0425,0.0154
84.777,0.000,0,,,,,0,,,,GLOBAL,1.000,clear,0,24.5,127,10.921,0,0,-1.000,4.49,3.00,0.0367,0.0081
84.797,0.000,0,,,,,0,,,,GLOBAL,1.000,clear,0,24.5,127,10.941,0,0,-1.000,4.49,3.00,0.0328,0.0017
84.817,0.000,0,,,,,0,,,,GLOBAL,1.000,clear,0,24.5,127,10.962,0,0,-1.000,5.30,3.00,0.0274,0.0221
84.837,0.000,0,,,,,0,,,,GLOBAL,1.000,clear,0,24.5,127,10.981,0,0,-1.000,3.89,3.00,0.0470,0.0180
84.857,0.000,0,,,,,0,,,,GLOBAL,1.000,clear,0,24.5,127,11.001,0,0,-1.000,3.89,3.00,0.0430,0.0122
84.877,0.000,0,,,,,0,,,,GLOBAL,1.000,clear,0,24.5,127,11.022,0,0,-1.000,5.78,3.00,0.0372,0.0098
84.898,0.000,0,,,,,0,,,,GLOBAL,1.000,clear,0,24.5,127,11.042,0,0,-1.000,4.28,3.00,0.0339,0.0034
84.917,0.000,0,,,,,0,,,,GLOBAL,1.000,clear,0,24.5,127,11.061,0,0,-1.000,4.28,3.00,0.0270,0.0226
84.937,0.000,0,,,,,0,,,,GLOBAL,1.000,clear,0,24.5,127,11.081,0,0,-1.000,4.34,3.00,0.0471,0.0188
84.957,0.000,0,,,,,0,,,,GLOBAL,1.000,clear,0,24.5,127,11.102,0,0,-1.000,5.94,3.00,0.0434,0.0132
84.977,0.000,0,,,,,0,,,,GLOBAL,1.000,clear,0,24.5,127,11.122,0,0,-1.000,5.94,3.00,0.0371,0.0104
84.997,0.000,0,,,,,0,,,,GLOBAL,1.000,clear,0,24.5,127,11.141,0,0,-1.000,5.24,3.00,0.0335,0.0015
85.017,0.000,0,,,,,0,,,,GLOBAL,1.000,clear,0,24.5,127,11.161,0,0,-1.000,5.11,3.00,0.0269,0.0215
85.037,0.000,0,,,,,0,,,,GLOBAL,1.000,clear,0,24.5,127,11.182,0,0,-1.000,5.11,3.00,0.0470,0.0189
85.057,0.000,0,,,,,0,,,,GLOBAL,1.000,clear,0,24.5,127,11.201,0,0,-1.000,4.23,3.00,0.0417,0.0139
85.077,0.000,0,,,,,0,,,,GLOBAL,1.000,clear,0,24.5,127,11.221,0,0,-1.000,4.23,3.00,0.0368,0.0084
85.097,0.000,0,,,,,0,,,,GLOBAL,1.000,clear,0,24.5,127,11.242,0,0,-1.000,4.78,3.00,0.0342,0.0033
85.117,0.000,0,,,,,0,,,,GLOBAL,1.000,clear,0,24.5,127,11.262,0,0,-1.000,4.82,3.00,0.0272,0.0232
85.137,0.000,0,,,,,0,,,,GLOBAL,1.000,clear,0,24.5,127,11.281,0,0,-1.000,4.85,3.00,0.0468,0.0171
85.157,0.000,0,,,,,0,,,,GLOBAL,1.000,clear,0,24.5,127,11.301,0,0,-1.000,4.85,3.00,0.0423,0.0150
85.177,0.000,0,,,,,0,,,,GLOBAL,1.000,clear,0,24.5,127,11.322,0,0,-1.000,4.85,3.00,0.0385,0.0058
85.197,0.000,0,,,,,0,,,,GLOBAL,1.000,clear,0,24.5,127,11.342,0,0,-1.000,4.85,3.00,0.0327,0.0015
85.217,0.000,0,,,,,0,,,,GLOBAL,1.000,clear,0,24.5,127,11.362,0,0,-1.000,5.41,3.00,0.0271,0.0217
85.237,0.000,0,,,,,0,,,,GLOBAL,1.000,clear,0,24.5,127,11.381,0,0,-1.000,4.90,3.00,0.0466,0.0185
85.257,0.000,0,,,,,0,,,,GLOBAL,1.000,clear,0,24.5,127,11.401,0,0,-1.000,4.90,3.00,0.0424,0.0139
85.277,0.000,0,,,,,0,,,,GLOBAL,1.000,clear,0,24.5,127,11.422,0,0,-1.000,4.71,3.00,0.0372,0.0093
85.297,0.000,0,,,,,0,,,,GLOBAL,1.000,clear,0,24.5,127,11.442,0,0,-1.000,4.58,3.00,0.0328,0.0054
85.317,0.000,0,,,,,0,,,,GLOBAL,1.000,clear,0,24.5,127,11.461,0,0,-1.000,4.04,3.00,0.0281,0.0252
85.337,0.000,0,,,,,0,,,,GLOBAL,1.000,clear,0,24.5,127,11.482,0,0,-1.000,4.04,3.00,0.0482,0.0128
85.357,0.000,0,,,,,0,,,,GLOBAL,1.000,clear,0,24.5,127,11.502,0,0,-1.000,3.76,3.00,0.0425,0.0155
85.377,0.000,0,,,,,0,,,,GLOBAL,1.000,clear,0,24.5,127,11.521,0,0,-1.000,4.37,3.00,0.0373,0.0093
85.397,0.000,0,,,,,0,,,,GLOBAL,1.000,clear,0,24.5,127,11.541,0,0,-1.000,4.37,3.00,0.0573,0.0292
85.417,0.000,0,,,,,0,,,,GLOBAL,1.000,clear,0,24.5,127,11.561,0,0,-1.000,4.43,3.00,0.0183,0.0127
85.438,0.000,0,,,,,0,,,,GLOBAL,1.000,clear,0,24.5,127,11.582,0,0,-1.000,4.43,3.00,0.0392,0.0180
85.458,0.000,0,,,,,0,,,,GLOBAL,1.000,clear,0,24.5,127,11.602,0,0,-1.000,4.93,3.00,0.0430,0.0092
85.477,0.000,0,,,,,0,,,,GLOBAL,1.000,clear,0,24.5,127,11.621,0,0,-1.000,4.43,3.00,0.0368,0.0071
85.497,0.000,0,,,,,0,,,,GLOBAL,1.000,clear,0,24.5,127,11.642,0,0,-1.000,4.43,3.00,0.0334,0.0034
85.517,0.000,0,,,,,0,,,,GLOBAL,1.000,clear,0,24.5,127,11.661,0,0,-1.000,5.27,3.00,0.0274,0.0232
85.537,0.000,0,,,,,0,,,,GLOBAL,1.000,clear,0,24.5,127,11.681,0,0,-1.000,5.27,3.00,0.0473,0.0133
85.557,0.000,0,,,,,0,,,,GLOBAL,1.000,clear,0,24.5,127,11.701,0,0,-1.000,4.57,3.00,0.0422,0.0123
85.577,0.000,0,,,,,0,,,,GLOBAL,1.000,clear,0,24.5,127,11.722,0,0,-1.000,4.57,3.00,0.0380,0.0086
85.597,0.000,0,,,,,0,,,,GLOBAL,1.000,clear,0,24.5,127,11.741,0,0,-1.000,4.48,3.00,0.0335,0.0015
85.618,0.000,0,,,,,0,,,,GLOBAL,1.000,clear,0,24.5,127,11.762,0,0,-1.000,4.48,3.00,0.0285,0.0008
85.637,0.000,0,,,,,0,,,,GLOBAL,1.000,clear,0,24.5,127,11.781,0,0,-1.000,5.06,3.00,0.0478,0.0202
85.657,0.000,0,,,,,0,,,,GLOBAL,1.000,clear,0,24.5,127,11.801,0,0,-1.000,4.66,3.00,0.0408,0.0071
85.677,0.000,0,,,,,0,,,,GLOBAL,1.000,clear,0,24.5,127,11.821,0,0,-1.000,4.66,3.00,0.0367,0.0050
85.697,0.000,0,,,,,0,,,,GLOBAL,1.000,clear,0,24.5,127,11.841,0,0,-1.000,4.86,3.00,0.0277,0.0250
85.717,0.000,0,,,,,0,,,,GLOBAL,1.000,clear,0,24.5,127,11.861,0,0,-1.000,3.97,3.00,0.0270,0.0193
85.737,0.000,0,,,,,0,,,,GLOBAL,1.000,clear,0,24.5,127,11.882,0,0,-1.000,4.77,3.00,0.0471,0.0163
85.757,0.000,0,,,,,0,,,,GLOBAL,1.000,clear,0,24.5,127,11.901,0,0,-1.000,4.77,3.00,0.0423,0.0135
85.777,0.000,0,,,,,0,,,,GLOBAL,1.000,clear,0,24.5,127,11.921,0,0,-1.000,4.82,3.00,0.0367,0.0053
85.797,0.000,0,,,,,0,,,,GLOBAL,1.000,clear,0,24.5,127,11.941,0,0,-1.000,4.83,3.00,0.0323,0.0033
85.820,0.000,0,,,,,0,,,,GLOBAL,1.000,clear,0,24.5,127,11.964,0,0,-1.000,4.83,3.00,0.0555,0.0265
85.837,0.000,0,,,,,0,,,,GLOBAL,1.000,clear,0,24.5,127,11.981,0,0,-1.000,5.43,3.00,0.0426,0.0161
85.857,0.000,0,,,,,0,,,,GLOBAL,1.000,clear,0,24.5,127,12.002,0,0,-1.000,5.43,3.00,0.0370,0.0126
85.878,0.000,0,,,,,0,,,,GLOBAL,1.000,clear,0,24.5,127,12.022,0,0,-1.000,4.84,3.00,0.0390,0.0098
85.897,0.000,0,,,,,0,,,,GLOBAL,1.000,clear,0,24.5,127,12.041,0,0,-1.000,5.37,3.00,0.0302,0.0293
85.917,0.000,0,,,,,0,,,,GLOBAL,1.000,clear,0,24.5,127,12.061,0,0,-1.000,3.75,3.00,0.0286,0.0193
85.937,0.000,0,,,,,0,,,,GLOBAL,1.000,clear,0,24.5,127,12.081,0,0,-1.000,3.75,3.00,0.0487,0.0192
85.957,0.000,0,,,,,0,,,,GLOBAL,1.000,clear,0,24.5,127,12.101,0,0,-1.000,4.73,3.00,0.0429,0.0127
85.981,0.000,0,,,,,0,,,,GLOBAL,1.000,clear,0,24.5,127,12.125,0,0,-1.000,4.73,3.00,0.0407,0.0132
85.998,0.000,0,,,,,0,,,,GLOBAL,1.000,clear,0,24.5,127,12.142,0,0,-1.000,4.70,3.00,0.0342,0.0307
86.017,0.000,0,,,,,0,,,,GLOBAL,1.000,clear,0,24.5,127,12.161,0,0,-1.000,4.77,3.00,0.0289,0.0177
86.037,0.000,0,,,,,0,,,,GLOBAL,1.000,clear,0,24.5,127,12.182,0,0,-1.000,4.77,3.00,0.0490,0.0156
86.059,0.000,0,,,,,0,,,,GLOBAL,1.000,clear,0,24.5,127,12.203,0,0,-1.000,4.58,3.00,0.0453,0.0144
86.077,0.000,0,,,,,0,,,,GLOBAL,1.000,clear,0,24.5,127,12.221,0,0,-1.000,4.62,3.00,0.0355,0.0092
86.097,0.000,0,,,,,0,,,,GLOBAL,1.000,clear,0,24.5,127,12.242,0,0,-1.000,4.62,3.00,0.0332,0.0041
86.117,0.000,0,,,,,0,,,,GLOBAL,1.000,clear,0,24.5,127,12.261,0,0,-1.000,5.12,3.00,0.0265,0.0237
86.137,0.000,0,,,,,0,,,,GLOBAL,1.000,clear,0,24.5,127,12.281,0,0,-1.000,4.72,3.00,0.0466,0.0088
86.157,0.000,0,,,,,0,,,,GLOBAL,1.000,clear,0,24.5,127,12.301,0,0,-1.000,4.60,3.00,0.0435,0.0138
86.177,0.000,0,,,,,0,,,,GLOBAL,1.000,clear,0,24.5,127,12.322,0,0,-1.000,4.60,3.00,0.0382,0.0106
86.198,0.000,0,,,,,0,,,,GLOBAL,1.000,clear,0,24.5,127,12.342,0,0,-1.000,4.60,3.00,0.0348,0.0313
86.217,0.000,0,,,,,0,,,,GLOBAL,1.000,clear,0,24.5,127,12.361,0,0,-1.000,5.46,3.00,0.0279,0.0151
86.237,0.000,0,,,,,0,,,,GLOBAL,1.000,clear,0,24.5,127,12.381,0,0,-1.000,4.09,3.00,0.0480,0.0154
86.257,0.000,0,,,,,0,,,,GLOBAL,1.000,clear,0,24.5,127,12.402,0,0,-1.000,4.55,3.00,0.0441,0.0121
86.277,0.000,0,,,,,0,,,,GLOBAL,1.000,clear,0,24.5,127,12.421,0,0,-1.000,4.55,3.00,0.0381,0.0032
86.297,0.000,0,,,,,0,,,,GLOBAL,1.000,clear,0,24.5,127,12.441,0,0,-1.000,4.55,3.00,0.0339,0.0047
86.318,0.000,0,,,,,0,,,,GLOBAL,1.000,clear,0,24.5,127,12.463,0,0,-1.000,4.69,3.00,0.0553,0.0262
86.337,0.000,0,,,,,0,,,,GLOBAL,1.000,clear,0,24.5,127,12.481,0,0,-1.000,4.69,3.00,0.0481,0.0177
86.357,0.000,0,,,,,0,,,,GLOBAL,1.000,clear,0,24.5,127,12.501,0,0,-1.000,4.69,3.00,0.0441,0.0154
86.378,0.000,0,,,,,0,,,,GLOBAL,1.000,clear,0,24.5,127,12.522,0,0,-1.000,4.70,3.00,0.0391,0.0046
86.399,0.000,0,,,,,0,,,,GLOBAL,1.000,clear,0,24.5,127,12.543,0,0,-1.000,4.70,3.00,0.0343,0.0256
86.417,0.000,0,,,,,0,,,,GLOBAL,1.000,clear,0,24.5,127,12.562,0,0,-1.000,4.70,3.00,0.0287,0.0176
86.437,0.000,0,,,,,0,,,,GLOBAL,1.000,clear,0,24.5,127,12.581,0,0,-1.000,4.70,3.00,0.0483,0.0152
86.457,0.000,0,,,,,0,,,,GLOBAL,1.000,clear,0,24.5,127,12.601,0,0,-1.000,3.76,3.00,0.0427,0.0124
86.477,0.000,0,,,,,0,,,,GLOBAL,1.000,clear,0,24.5,127,12.621,0,0,-1.000,3.76,3.00,0.0380,0.0062
86.497,0.000,0,,,,,0,,,,GLOBAL,1.000,clear,0,24.5,127,12.642,0,0,-1.000,4.68,3.00,0.0329,0.0037
86.517,0.000,0,,,,,0,,,,GLOBAL,1.000,clear,0,24.5,127,12.661,0,0,-1.000,4.68,3.00,0.0286,0.0233
86.537,0.000,0,,,,,0,,,,GLOBAL,1.000,clear,0,24.5,127,12.681,0,0,-1.000,5.28,3.00,0.0487,0.0191
86.557,0.000,0,,,,,0,,,,GLOBAL,1.000,clear,0,24.5,127,12.701,0,0,-1.000,3.73,3.00,0.0429,0.0149
86.578,0.000,0,,,,,0,,,,GLOBAL,1.000,clear,0,24.5,127,12.722,0,0,-1.000,3.73,3.00,0.0394,0.0095
86.597,0.000,0,,,,,0,,,,GLOBAL,1.000,clear,0,24.5,127,12.741,0,0,-1.000,4.27,3.00,0.0331,0.0290
86.619,0.000,0,,,,,0,,,,GLOBAL,1.000,clear,0,24.5,127,12.763,0,0,-1.000,4.83,3.00,0.0308,0.0169
86.637,0.000,0,,,,,0,,,,GLOBAL,1.000,clear,0,24.5,127,12.782,0,0,-1.000,4.83,3.00,0.0490,0.0119
86.657,0.000,0,,,,,0,,,,GLOBAL,1.000,clear,0,24.5,127,12.802,0,0,-1.000,4.53,3.00,0.0432,0.0088
86.678,0.000,0,,,,,0,,,,GLOBAL,1.000,clear,0,24.5,127,12.822,0,0,-1.000,4.32,3.00,0.0385,0.0065
86.697,0.000,0,,,,,0,,,,GLOBAL,1.000,clear,0,24.5,127,12.841,0,0,-1.000,4.32,3.00,0.0324,0.0258
86.718,0.000,0,,,,,0,,,,GLOBAL,1.000,clear,0,24.5,127,12.862,0,0,-1.000,3.86,3.00,0.0296,0.0167
86.737,0.000,0,,,,,0,,,,GLOBAL,1.000,clear,0,24.5,127,12.882,0,0,-1.000,4.09,3.00,0.0493,0.0153
86.757,0.000,0,,,,,0,,,,GLOBAL,1.000,clear,0,24.5,127,12.901,0,0,-1.000,3.89,3.00,0.0425,0.0116
86.777,0.000,0,,,,,0,,,,GLOBAL,1.000,clear,0,24.5,127,12.922,0,0,-1.000,3.89,3.00,0.0378,0.0080
86.798,0.000,0,,,,,0,,,,GLOBAL,1.000,clear,0,24.5,127,12.942,0,0,-1.000,4.01,3.00,0.0341,0.0282
86.823,0.000,0,,,,,0,,,,GLOBAL,1.000,clear,0,24.5,127,12.967,0,0,-1.000,4.01,3.00,0.0296,0.0234
86.837,0.000,0,,,,,0,,,,GLOBAL,1.000,clear,0,24.5,127,12.982,0,0,-1.000,2.61,3.00,0.0438,0.0136
86.857,0.000,0,,,,,0,,,,GLOBAL,1.000,clear,0,24.5,127,13.001,0,0,-1.000,4.71,3.00,0.0427,0.0025
86.877,0.000,0,,,,,0,,,,GLOBAL,1.000,clear,0,24.5,127,13.022,0,0,-1.000,4.71,3.00,0.0380,0.0104
86.897,0.000,0,,,,,0,,,,GLOBAL,1.000,clear,0,24.5,127,13.042,0,0,-1.000,4.04,3.00,0.0341,0.0027
86.920,0.000,0,,,,,0,,,,GLOBAL,1.000,clear,0,24.5,127,13.064,0,0,-1.000,3.89,3.00,0.0307,0.0249
86.937,0.000,0,,,,,0,,,,GLOBAL,1.000,clear,0,24.5,127,13.081,0,0,-1.000,3.89,3.00,0.0482,0.0120
86.958,0.000,0,,,,,0,,,,GLOBAL,1.000,clear,0,24.5,127,13.102,0,0,-1.000,3.89,3.00,0.0429,0.0156
86.977,0.000,0,,,,,0,,,,GLOBAL,1.000,clear,0,24.5,127,13.121,0,0,-1.000,3.38,3.00,0.0371,0.0103
86.997,0.000,0,,,,,0,,,,GLOBAL,1.000,clear,0,24.5,127,13.141,0,0,-1.000,5.13,3.00,0.0343,0.0053
87.017,0.000,0,,,,,0,,,,GLOBAL,1.000,clear,0,24.5,127,13.162,0,0,-1.000,5.13,3.00,0.0287,0.0254
87.038,0.000,0,,,,,0,,,,GLOBAL,1.000,clear,0,24.5,127,13.182,0,0,-1.000,3.95,3.00,0.0490,0.0128
87.057,0.000,0,,,,,0,,,,GLOBAL,1.000,clear,0,24.5,127,13.201,0,0,-1.000,3.95,3.00,0.0428,0.0141
87.077,0.000,0,,,,,0,,,,GLOBAL,1.000,clear,0,24.5,127,13.221,0,0,-1.000,3.82,3.00,0.0386,0.0094
87.097,0.000,0,,,,,0,,,,GLOBAL,1.000,clear,0,24.5,127,13.241,0,0,-1.000,2.82,3.00,0.0329,0.0295
87.117,0.000,0,,,,,0,,,,GLOBAL,1.000,clear,0,24.5,127,13.261,0,0,-1.000,2.12,3.00,0.0286,0.0159
87.137,0.000,0,,,,,0,,,,GLOBAL,1.000,clear,0,24.5,127,13.281,0,0,-1.000,2.12,3.00,0.0487,0.0139
87.157,0.000,0,,,,,0,,,,GLOBAL,1.000,clear,0,24.5,127,13.302,0,0,-1.000,4.10,3.00,0.0434,0.0059
87.177,0.000,0,,,,,0,,,,GLOBAL,1.000,clear,0,24.5,127,13.321,0,0,-1.000,4.10,3.00,0.0310,0.0064
87.197,0.000,0,,,,,0,,,,GLOBAL,1.000,clear,0,24.5,127,13.341,0,0,-1.000,3.56,3.00,0.0332,0.0026
87.217,0.000,0,,,,,0,,,,GLOBAL,1.000,clear,0,24.5,127,13.361,0,0,-1.000,4.35,3.00,0.0290,0.0227
87.237,0.000,0,,,,,0,,,,GLOBAL,1.000,clear,0,24.5,127,13.381,0,0,-1.000,2.79,3.00,0.0490,0.0189
87.257,0.000,0,,,,,0,,,,GLOBAL,1.000,clear,0,24.5,127,13.401,0,0,-1.000,2.79,3.00,0.0435,0.0063
87.277,0.000,0,,,,,0,,,,GLOBAL,1.000,clear,0,24.5,127,13.421,0,0,-1.000,3.48,3.00,0.0393,0.0097
87.298,0.000,0,,,,,0,,,,GLOBAL,1.000,clear,0,24.5,127,13.442,0,0,-1.000,4.19,3.00,0.0345,0.0307
87.318,0.000,0,,,,,0,,,,GLOBAL,1.000,clear,0,24.5,127,13.462,0,0,-1.000,4.19,3.00,0.0288,0.0161
87.337,0.000,0,,,,,0,,,,GLOBAL,1.000,clear,0,24.5,127,13.482,0,0,-1.000,3.83,3.00,0.0480,0.0124
87.357,0.000,0,,,,,0,,,,GLOBAL,1.000,clear,0,24.5,127,13.501,0,0,-1.000,2.81,3.00,0.0430,0.0054
87.377,0.000,0,,,,,0,,,,GLOBAL,1.000,clear,0,24.5,127,13.522,0,0,-1.000,2.81,3.00,0.0381,0.0094
87.397,0.000,0,,,,,0,,,,GLOBAL,1.000,clear,0,24.5,127,13.541,0,0,-1.000,3.07,3.00,0.0340,0.0292
87.418,0.000,0,,,,,0,,,,GLOBAL,1.000,clear,0,24.5,127,13.562,0,0,-1.000,3.07,3.00,0.0288,0.0009
87.437,0.000,0,,,,,0,,,,GLOBAL,1.000,clear,0,24.5,127,13.581,0,0,-1.000,3.99,3.00,0.0480,0.0201
87.458,0.000,0,,,,,0,,,,GLOBAL,1.000,clear,0,24.5,127,13.602,0,0,-1.000,2.37,3.00,0.0449,0.0134
87.478,0.000,0,,,,,0,,,,GLOBAL,1.000,clear,0,24.5,127,13.622,0,0,-1.000,4.39,3.00,0.0375,0.0110
87.497,0.000,0,,,,,0,,,,GLOBAL,1.000,clear,0,24.5,127,13.641,0,0,-1.000,4.39,3.00,0.0311,0.0034
87.517,0.000,0,,,,,0,,,,GLOBAL,1.000,clear,0,24.5,127,13.661,0,0,-1.000,2.72,3.00,0.0269,0.0234
87.537,0.000,0,,,,,0,,,,GLOBAL,1.000,clear,0,24.5,127,13.681,0,0,-1.000,3.79,3.00,0.0469,0.0188
87.557,0.000,0,,,,,0,,,,GLOBAL,1.000,clear,0,24.5,127,13.701,0,0,-1.000,3.79,3.00,0.0443,0.0117
87.578,0.000,0,,,,,0,,,,GLOBAL,1.000,clear,0,24.5,127,13.722,0,0,-1.000,4.00,3.00,0.0377,0.0112
87.597,0.000,0,,,,,0,,,,GLOBAL,1.000,clear,0,24.5,127,13.741,0,0,-1.000,4.28,3.00,0.0344,0.0007
87.617,0.000,0,,,,,0,,,,GLOBAL,1.000,clear,0,24.5,127,13.762,0,0,-1.000,4.28,3.00,0.0290,0.0209
87.637,0.000,0,,,,,0,,,,GLOBAL,1.000,clear,0,24.5,127,13.782,0,0,-1.000,2.29,3.00,0.0490,0.0197
87.657,0.000,0,,,,,0,,,,GLOBAL,1.000,clear,0,24.5,127,13.801,0,0,-1.000,3.25,3.00,0.0430,0.0145
87.677,0.000,0,,,,,0,,,,GLOBAL,1.000,clear,0,24.5,127,13.821,0,0,-1.000,3.25,3.00,0.0390,0.0064
87.697,0.000,0,,,,,0,,,,GLOBAL,1.000,clear,0,24.5,127,13.842,0,0,-1.000,2.65,3.00,0.0334,0.0011
87.717,0.000,0,,,,,0,,,,GLOBAL,1.000,clear,0,24.5,127,13.861,0,0,-1.000,2.36,3.00,0.0274,0.0208
87.737,0.000,0,,,,,0,,,,GLOBAL,1.000,clear,0,24.5,127,13.881,0,0,-1.000,2.36,3.00,0.0473,0.0147
87.757,0.000,0,,,,,0,,,,GLOBAL,1.000,clear,0,24.5,127,13.901,0,0,-1.000,4.39,3.00,0.0423,0.0152
87.778,0.000,0,,,,,0,,,,GLOBAL,1.000,clear,0,24.5,127,13.922,0,0,-1.000,3.36,3.00,0.0381,0.0110
87.797,0.000,0,,,,,0,,,,GLOBAL,1.000,clear,0,24.5,127,13.941,0,0,-1.000,3.36,3.00,0.0336,0.0062
87.817,0.000,0,,,,,0,,,,GLOBAL,1.000,clear,0,24.5,127,13.961,0,0,-1.000,3.51,3.00,0.0276,0.0260
87.837,0.000,0,,,,,0,,,,GLOBAL,1.000,clear,0,24.5,127,13.982,0,0,-1.000,2.74,3.00,0.0479,0.0199
87.857,0.000,0,,,,,0,,,,GLOBAL,1.000,clear,0,24.5,127,14.002,0,0,-1.000,2.74,3.00,0.0436,0.0162
87.877,0.000,0,,,,,0,,,,GLOBAL,1.000,clear,0,24.5,127,14.022,0,0,-1.000,3.25,3.00,0.0395,0.0090
87.897,0.000,0,,,,,0,,,,GLOBAL,1.000,clear,0,24.5,127,14.041,0,0,-1.000,3.25,3.00,0.0328,0.0033
87.917,0.000,0,,,,,0,,,,GLOBAL,1.000,clear,0,24.5,127,14.062,0,0,-1.000,3.25,3.00,0.0280,0.0235
87.937,0.000,0,,,,,0,,,,GLOBAL,1.000,clear,0,24.5,127,14.081,0,0,-1.000,2.76,3.00,0.0476,0.0193
87.957,0.000,0,,,,,0,,,,GLOBAL,1.000,clear,0,24.5,127,14.102,0,0,-1.000,4.19,3.00,0.0431,0.0098
87.977,0.000,0,,,,,0,,,,GLOBAL,1.000,clear,0,24.5,127,14.121,0,0,-1.000,4.19,3.00,0.0371,0.0015
87.997,0.000,0,,,,,0,,,,GLOBAL,1.000,clear,0,24.5,127,14.141,0,0,-1.000,3.51,3.00,0.0339,0.0215
88.017,0.000,0,,,,,0,,,,GLOBAL,1.000,clear,0,24.5,127,14.161,0,0,-1.000,3.34,3.00,0.0270,0.0158
88.037,0.000,0,,,,,0,,,,GLOBAL,1.000,clear,0,24.5,127,14.181,0,0,-1.000,3.34,3.00,0.0471,0.0171
88.057,0.000,0,,,,,0,,,,GLOBAL,1.000,clear,0,24.5,127,14.202,0,0,-1.000,3.52,3.00,0.0442,0.0075
88.078,0.000,0,,,,,0,,,,GLOBAL,1.000,clear,0,24.5,127,14.222,0,0,-1.000,2.24,3.00,0.0374,0.0104
88.097,0.000,0,,,,,0,,,,GLOBAL,1.000,clear,0,24.5,127,14.242,0,0,-1.000,2.24,3.00,0.0345,0.0032
88.118,0.000,0,,,,,0,,,,GLOBAL,1.000,clear,0,24.5,127,14.262,0,0,-1.000,3.18,3.00,0.0274,0.0008
88.137,0.000,0,,,,,0,,,,GLOBAL,1.000,clear,0,24.5,127,14.281,0,0,-1.000,3.14,3.00,0.0469,0.0202
88.157,0.000,0,,,,,0,,,,GLOBAL,1.000,clear,0,24.5,127,14.301,0,0,-1.000,3.14,3.00,0.0442,0.0129
88.177,0.000,0,,,,,0,,,,GLOBAL,1.000,clear,0,24.5,127,14.321,0,0,-1.000,3.60,3.00,0.0369,0.0108
88.198,0.000,0,,,,,0,,,,GLOBAL,1.000,clear,0,24.5,127,14.342,0,0,-1.000,3.60,3.00,0.0353,0.0010
88.217,0.000,0,,,,,0,,,,GLOBAL,1.000,clear,0,24.5,127,14.362,0,0,-1.000,2.11,3.00,0.0271,0.0204
88.238,0.000,0,,,,,0,,,,GLOBAL,1.000,clear,0,24.5,127,14.382,0,0,-1.000,4.06,3.00,0.0474,0.0165
88.257,0.000,0,,,,,0,,,,GLOBAL,1.000,clear,0,24.5,127,14.402,0,0,-1.000,2.26,3.00,0.0433,0.0115
88.277,0.000,0,,,,,0,,,,GLOBAL,1.000,clear,0,24.5,127,14.421,0,0,-1.000,2.26,3.00,0.0379,0.0093
88.298,0.000,0,,,,,0,,,,GLOBAL,1.000,clear,0,24.5,127,14.442,0,0,-1.000,2.94,3.00,0.0335,0.0023
88.317,0.000,0,,,,,0,,,,GLOBAL,1.000,clear,0,24.5,127,14.461,0,0,-1.000,3.80,3.00,0.0274,0.0218
88.337,0.000,0,,,,,0,,,,GLOBAL,1.000,clear,0,24.5,127,14.482,0,0,-1.000,3.80,3.00,0.0477,0.0167
88.358,0.000,0,,,,,0,,,,GLOBAL,1.000,clear,0,24.5,127,14.502,0,0,-1.000,3.23,3.00,0.0432,0.0158
88.377,0.000,0,,,,,0,,,,GLOBAL,1.000,clear,0,24.5,127,14.521,0,0,-1.000,3.35,3.00,0.0367,0.0100
88.397,0.000,0,,,,,0,,,,GLOBAL,1.000,clear,0,24.5,127,14.541,0,0,-1.000,3.35,3.00,0.0333,0.0060
88.417,0.000,0,,,,,0,,,,GLOBAL,1.000,clear,0,24.5,127,14.562,0,0,-1.000,3.37,3.00,0.0284,0.0264
88.437,0.000,0,,,,,0,,,,GLOBAL,1.000,clear,0,24.5,127,14.582,0,0,-1.000,2.74,3.00,0.0477,0.0143
88.457,0.000,0,,,,,0,,,,GLOBAL,1.000,clear,0,24.5,127,14.601,0,0,-1.000,2.74,3.00,0.0431,0.0117
88.477,0.000,0,,,,,0,,,,GLOBAL,1.000,clear,0,24.5,127,14.621,0,0,-1.000,3.69,3.00,0.0377,0.0072
88.497,0.000,0,,,,,0,,,,GLOBAL,1.000,clear,0,24.5,127,14.642,0,0,-1.000,1.54,3.00,0.0340,0.0276
88.517,0.000,0,,,,,0,,,,GLOBAL,1.000,clear,0,24.5,127,14.661,0,0,-1.000,1.54,3.00,0.0278,0.0181
88.537,0.000,0,,,,,0,,,,GLOBAL,1.000,clear,0,24.5,127,14.681,0,0,-1.000,3.51,3.00,0.0479,0.0150
88.557,0.000,0,,,,,0,,,,GLOBAL,1.000,clear,0,24.5,127,14.702,0,0,-1.000,3.52,3.00,0.0439,0.0095
88.577,0.000,0,,,,,0,,,,GLOBAL,1.000,clear,0,24.5,127,14.721,0,0,-1.000,3.52,3.00,0.0370,0.0110
88.597,0.000,0,,,,,0,,,,GLOBAL,1.000,clear,0,24.5,127,14.741,0,0,-1.000,3.23,3.00,0.0340,0.0016
88.617,0.000,0,,,,,0,,,,GLOBAL,1.000,clear,0,24.5,127,14.761,0,0,-1.000,3.31,3.00,0.0268,0.0215
88.637,0.000,0,,,,,0,,,,GLOBAL,1.000,clear,0,24.5,127,14.781,0,0,-1.000,3.31,3.00,0.0467,0.0189
88.657,0.000,0,,,,,0,,,,GLOBAL,1.000,clear,0,24.5,127,14.801,0,0,-1.000,2.76,3.00,0.0422,0.0123
88.677,0.000,0,,,,,0,,,,GLOBAL,1.000,clear,0,24.5,127,14.821,0,0,-1.000,3.14,3.00,0.0368,0.0105
88.698,0.000,0,,,,,0,,,,GLOBAL,1.000,clear,0,24.5,127,14.842,0,0,-1.000,3.14,3.00,0.0348,0.0049
88.717,0.000,0,,,,,0,,,,GLOBAL,1.000,clear,0,24.5,127,14.861,0,0,-1.000,2.99,3.00,0.0272,0.0007
88.737,0.000,0,,,,,0,,,,GLOBAL,1.000,clear,0,24.5,127,14.882,0,0,-1.000,3.01,3.00,0.0474,0.0210
88.757,0.000,0,,,,,0,,,,GLOBAL,1.000,clear,0,24.5,127,14.901,0,0,-1.000,3.01,3.00,0.0444,0.0146
88.777,0.000,0,,,,,0,,,,GLOBAL,1.000,clear,0,24.5,127,14.921,0,0,-1.000,2.20,3.00,0.0370,0.0109
88.797,0.000,0,,,,,0,,,,GLOBAL,1.000,clear,0,24.5,127,14.942,0,0,-1.000,5.62,3.00,0.0343,0.0048
88.817,0.000,0,,,,,0,,,,GLOBAL,1.000,clear,0,24.5,127,14.962,0,0,-1.000,5.62,3.00,0.0275,0.0248
88.837,0.000,0,,,,,0,,,,GLOBAL,1.000,clear,0,24.5,127,14.981,0,0,-1.000,2.82,3.00,0.0471,0.0180
88.857,0.000,0,,,,,0,,,,GLOBAL,1.000,clear,0,24.5,127,15.001,0,0,-1.000,2.92,3.00,0.0432,0.0128
88.877,0.000,0,,,,,0,,,,GLOBAL,1.000,clear,0,24.5,127,15.022,0,0,-1.000,2.92,3.00,0.0375,0.0103
88.897,0.000,0,,,,,0,,,,GLOBAL,1.000,clear,0,24.5,127,15.042,0,0,-1.000,2.59,3.00,0.0336,0.0017
88.918,0.000,0,,,,,0,,,,GLOBAL,1.000,clear,0,24.5,127,15.062,0,0,-1.000,2.62,3.00,0.0298,0.0006
88.937,0.000,0,,,,,0,,,,GLOBAL,1.000,clear,0,24.5,127,15.081,0,0,-1.000,2.62,3.00,0.0491,0.0199
88.957,0.000,0,,,,,0,,,,GLOBAL,1.000,clear,0,24.5,127,15.101,0,0,-1.000,3.01,3.00,0.0433,0.0133
88.977,0.000,0,,,,,0,,,,GLOBAL,1.000,clear,0,24.5,127,15.121,0,0,-1.000,3.01,3.00,0.0377,0.0104
88.997,0.000,0,,,,,0,,,,GLOBAL,1.000,clear,0,24.5,127,15.141,0,0,-1.000,2.88,3.00,0.0336,0.0051
89.017,0.000,0,,,,,0,,,,GLOBAL,1.000,clear,0,24.5,127,15.162,0,0,-1.000,3.89,3.00,0.0282,0.0005
89.038,0.000,0,,,,,0,,,,GLOBAL,1.000,clear,0,24.5,127,15.182,0,0,-1.000,3.73,3.00,0.0482,0.0206
89.057,0.000,0,,,,,0,,,,GLOBAL,1.000,clear,0,24.5,127,15.202,0,0,-1.000,3.73,3.00,0.0434,0.0138
89.077,0.000,0,,,,,0,,,,GLOBAL,1.000,clear,0,24.5,127,15.221,0,0,-1.000,2.77,3.00,0.0370,0.0095
89.097,0.000,0,,,,,0,,,,GLOBAL,1.000,clear,0,24.5,127,15.241,0,0,-1.000,2.77,3.00,0.0338,0.0034
89.117,0.000,0,,,,,0,,,,GLOBAL,1.000,clear,0,24.5,127,15.261,0,0,-1.000,3.19,3.00,0.0270,0.0010
89.137,0.000,0,,,,,0,,,,GLOBAL,1.000,clear,0,24.5,127,15.281,0,0,-1.000,5.24,3.00,0.0470,0.0210
89.157,0.000,0,,,,,0,,,,GLOBAL,1.000,clear,0,24.5,127,15.301,0,0,-1.000,2.56,3.00,0.0439,0.0142
89.177,0.000,0,,,,,0,,,,GLOBAL,1.000,clear,0,24.5,127,15.321,0,0,-1.000,2.56,3.00,0.0371,0.0111
89.197,0.000,0,,,,,0,,,,GLOBAL,1.000,clear,0,24.5,127,15.342,0,0,-1.000,2.96,3.00,0.0343,0.0036
89.219,0.000,0,,,,,0,,,,GLOBAL,1.000,clear,0,24.5,127,15.363,0,0,-1.000,2.79,3.00,0.0282,0.0249
89.237,0.000,0,,,,,0,,,,GLOBAL,1.000,clear,0,24.5,127,15.381,0,0,-1.000,2.79,3.00,0.0467,0.0145
89.257,0.000,0,,,,,0,,,,GLOBAL,1.000,clear,0,24.5,127,15.401,0,0,-1.000,2.98,3.00,0.0428,0.0136
89.277,0.000,0,,,,,0,,,,GLOBAL,1.000,clear,0,24.5,127,15.421,0,0,-1.000,3.95,3.00,0.0386,0.0096
89.297,0.000,0,,,,,0,,,,GLOBAL,1.000,clear,0,24.5,127,15.442,0,0,-1.000,3.95,3.00,0.0341,0.0020
89.318,0.000,0,,,,,0,,,,GLOBAL,1.000,clear,0,24.5,127,15.462,0,0,-1.000,3.40,3.00,0.0269,0.0223
89.337,0.000,0,,,,,0,,,,GLOBAL,1.000,clear,0,24.5,127,15.481,0,0,-1.000,3.27,3.00,0.0464,0.0171
89.357,0.000,0,,,,,0,,,,GLOBAL,1.000,clear,0,24.5,127,15.501,0,0,-1.000,3.27,3.00,0.0432,0.0121
89.377,0.000,0,,,,,0,,,,GLOBAL,1.000,clear,0,24.5,127,15.521,0,0,-1.000,3.14,3.00,0.0372,0.0098
89.397,0.000,0,,,,,0,,,,GLOBAL,1.000,clear,0,24.5,127,15.542,0,0,-1.000,3.14,3.00,0.0333,0.0062
89.417,0.000,0,,,,,0,,,,GLOBAL,1.000,clear,0,24.5,127,15.561,0,0,-1.000,3.23,3.00,0.0273,0.0260
89.437,0.000,0,,,,,0,,,,GLOBAL,1.000,clear,0,24.5,127,15.582,0,0,-1.000,3.24,3.00,0.0475,0.0198
89.458,0.000,0,,,,,0,,,,GLOBAL,1.000,clear,0,24.5,127,15.602,0,0,-1.000,3.23,3.00,0.0438,0.0163
89.477,0.000,0,,,,,0,,,,GLOBAL,1.000,clear,0,24.5,127,15.622,0,0,-1.000,3.23,3.00,0.0376,0.0105
89.497,0.000,0,,,,,0,,,,GLOBAL,1.000,clear,0,24.5,127,15.642,0,0,-1.000,2.12,3.00,0.0337,0.0056
89.517,0.000,0,,,,,0,,,,GLOBAL,1.000,clear,0,24.5,127,15.661,0,0,-1.000,3.51,3.00,0.0275,0.0252
89.537,0.000,0,,,,,0,,,,GLOBAL,1.000,clear,0,24.5,127,15.681,0,0,-1.000,3.51,3.00,0.0476,0.0136
89.557,0.000,0,,,,,0,,,,GLOBAL,1.000,clear,0,24.5,127,15.701,0,0,-1.000,3.12,3.00,0.0428,0.0139
89.577,0.000,0,,,,,0,,,,GLOBAL,1.000,clear,0,24.5,127,15.722,0,0,-1.000,3.03,3.00,0.0378,0.0107
89.597,0.000,0,,,,,0,,,,GLOBAL,1.000,clear,0,24.5,127,15.741,0,0,-1.000,3.03,3.00,0.0335,0.0025
89.618,0.000,0,,,,,0,,,,GLOBAL,1.000,clear,0,24.5,127,15.763,0,0,-1.000,2.90,3.00,0.0290,0.0237
89.637,0.000,0,,,,,0,,,,GLOBAL,1.000,clear,0,24.5,127,15.781,0,0,-1.000,3.59,3.00,0.0478,0.0184
89.657,0.000,0,,,,,0,,,,GLOBAL,1.000,clear,0,24.5,127,15.801,0,0,-1.000,3.59,3.00,0.0435,0.0148
89.679,0.000,0,,,,,0,,,,GLOBAL,1.000,clear,0,24.5,127,15.823,0,0,-1.000,3.00,3.00,0.0378,0.0115
89.697,0.000,0,,,,,0,,,,GLOBAL,1.000,clear,0,24.5,127,15.841,0,0,-1.000,3.07,3.00,0.0336,0.0021
89.717,0.000,0,,,,,0,,,,GLOBAL,1.000,clear,0,24.5,127,15.861,0,0,-1.000,3.07,3.00,0.0269,0.0220
89.737,0.000,0,,,,,0,,,,GLOBAL,1.000,clear,0,24.5,127,15.882,0,0,-1.000,3.07,3.00,0.0472,0.0175
89.757,0.000,0,,,,,0,,,,GLOBAL,1.000,clear,0,24.5,127,15.902,0,0,-1.000,2.99,3.00,0.0429,0.0131
89.777,0.000,0,,,,,0,,,,GLOBAL,1.000,clear,0,24.5,127,15.921,0,0,-1.000,2.99,3.00,0.0369,0.0096
89.797,0.000,0,,,,,0,,,,GLOBAL,1.000,clear,0,24.5,127,15.941,0,0,-1.000,3.11,3.00,0.0340,0.0032
89.817,0.000,0,,,,,0,,,,GLOBAL,1.000,clear,0,24.5,127,15.961,0,0,-1.000,3.11,3.00,0.0280,0.0230
89.837,0.000,0,,,,,0,,,,GLOBAL,1.000,clear,0,24.5,127,15.981,0,0,-1.000,4.64,3.00,0.0482,0.0090
89.857,0.000,0,,,,,0,,,,GLOBAL,1.000,clear,0,24.5,127,16.001,0,0,-1.000,2.61,3.00,0.0430,0.0115
89.877,0.000,0,,,,,0,,,,GLOBAL,1.000,clear,0,24.5,127,16.022,0,0,-1.000,3.26,3.00,0.0367,0.0106
89.897,0.000,0,,,,,0,,,,GLOBAL,1.000,clear,0,24.5,127,16.042,0,0,-1.000,3.26,3.00,0.0344,0.0035
89.918,0.000,0,,,,,0,,,,GLOBAL,1.000,clear,0,24.5,127,16.062,0,0,-1.000,3.23,3.00,0.0278,0.0014
89.937,0.000,0,,,,,0,,,,GLOBAL,1.000,clear,0,24.5,127,16.082,0,0,-1.000,3.21,3.00,0.0472,0.0208
89.957,0.000,0,,,,,0,,,,GLOBAL,1.000,clear,0,24.5,127,16.101,0,0,-1.000,3.21,3.00,0.0443,0.0129
89.977,0.000,0,,,,,0,,,,GLOBAL,1.000,clear,0,24.5,127,16.122,0,0,-1.000,3.71,3.00,0.0371,0.0095
89.997,0.000,0,,,,,0,,,,GLOBAL,1.000,clear,0,24.5,127,16.142,0,0,-1.000,3.36,3.00,0.0332,0.0026
90.018,0.000,0,,,,,0,,,,GLOBAL,1.000,clear,0,24.5,127,16.162,0,0,-1.000,3.36,3.00,0.0276,0.0228
90.037,0.000,0,,,,,0,,,,GLOBAL,1.000,clear,0,24.5,127,16.181,0,0,-1.000,3.37,3.00,0.0470,0.0183
90.057,0.000,0,,,,,0,,,,GLOBAL,1.000,clear,0,24.5,127,16.201,0,0,-1.000,3.37,3.00,0.0429,0.0139
90.077,0.000,0,,,,,0,,,,GLOBAL,1.000,clear,0,24.5,127,16.221,0,0,-1.000,2.74,3.00,0.0372,0.0056
90.097,0.000,0,,,,,0,,,,GLOBAL,1.000,clear,0,24.5,127,16.241,0,0,-1.000,2.57,3.00,0.0332,0.0256
90.117,0.000,0,,,,,0,,,,GLOBAL,1.000,clear,0,24.5,127,16.261,0,0,-1.000,2.57,3.00,0.0271,0.0187
90.137,0.000,0,,,,,0,,,,GLOBAL,1.000,clear,0,24.5,127,16.281,0,0,-1.000,3.02,3.00,0.0471,0.0156
90.157,0.000,0,,,,,0,,,,GLOBAL,1.000,clear,0,24.5,127,16.301,0,0,-1.000,2.19,3.00,0.0431,0.0158
90.177,0.000,0,,,,,0,,,,GLOBAL,1.000,clear,0,24.5,127,16.321,0,0,-1.000,2.19,3.00,0.0376,0.0064
90.198,0.000,0,,,,,0,,,,GLOBAL,1.000,clear,0,24.5,127,16.342,0,0,-1.000,2.90,3.00,0.0342,0.0058
90.217,0.000,0,,,,,0,,,,GLOBAL,1.000,clear,0,24.5,127,16.362,0,0,-1.000,5.15,3.00,0.0277,0.0253
90.237,0.000,0,,,,,0,,,,GLOBAL,1.000,clear,0,24.5,127,16.381,0,0,-1.000,5.15,3.00,0.0475,0.0193
90.258,0.000,0,,,,,0,,,,GLOBAL,1.000,clear,0,24.5,127,16.402,0,0,-1.000,0.37,3.00,0.0442,0.0145
90.278,0.000,0,,,,,0,,,,GLOBAL,1.000,clear,0,24.5,127,16.422,0,0,-1.000,3.31,3.00,0.0375,0.0098
90.297,0.000,0,,,,,0,,,,GLOBAL,1.000,clear,0,24.5,127,16.441,0,0,-1.000,3.31,3.00,0.0337,0.0029
90.317,0.000,0,,,,,0,,,,GLOBAL,1.000,clear,0,24.5,127,16.461,0,0,-1.000,2.96,3.00,0.0269,0.0230
90.337,0.000,0,,,,,0,,,,GLOBAL,1.000,clear,0,24.5,127,16.481,0,0,-1.000,3.60,3.00,0.0468,0.0190
90.357,0.000,0,,,,,0,,,,GLOBAL,1.000,clear,0,24.5,127,16.501,0,0,-1.000,1.47,3.00,0.0424,0.0106
90.377,0.000,0,,,,,0,,,,GLOBAL,1.000,clear,0,24.5,127,16.521,0,0,-1.000,1.47,3.00,0.0367,0.0022
90.397,0.000,0,,,,,0,,,,GLOBAL,1.000,clear,0,24.5,127,16.541,0,0,-1.000,3.67,3.00,0.0340,0.0223
90.417,0.000,0,,,,,0,,,,GLOBAL,1.000,clear,0,24.5,127,16.562,0,0,-1.000,3.67,3.00,0.0271,0.0007
90.437,0.000,0,,,,,0,,,,GLOBAL,1.000,clear,0,24.5,127,16.581,0,0,-1.000,1.97,3.00,0.0467,0.0203
90.457,0.000,0,,,,,0,,,,GLOBAL,1.000,clear,0,24.5,127,16.601,0,0,-1.000,4.09,3.00,0.0441,0.0093
90.477,0.000,0,,,,,0,,,,GLOBAL,1.000,clear,0,24.5,127,16.622,0,0,-1.000,3.25,3.00,0.0371,0.0115
90.497,0.000,0,,,,,0,,,,GLOBAL,1.000,clear,0,24.5,127,16.642,0,0,-1.000,3.25,3.00,0.0333,0.0006
90.517,0.000,0,,,,,0,,,,GLOBAL,1.000,clear,0,24.5,127,16.662,0,0,-1.000,3.80,3.00,0.0259,0.0204
90.537,0.000,0,,,,,0,,,,GLOBAL,1.000,clear,0,24.5,127,16.681,0,0,-1.000,4.06,3.00,0.0457,0.0144
90.557,0.000,0,,,,,0,,,,GLOBAL,1.000,clear,0,24.5,127,16.701,0,0,-1.000,4.06,3.00,0.0444,0.0118
90.577,0.000,0,,,,,0,,,,GLOBAL,1.000,clear,0,24.5,127,16.721,0,0,-1.000,3.07,3.00,0.0369,0.0069
90.597,0.000,0,,,,,0,,,,GLOBAL,1.000,clear,0,24.5,127,16.742,0,0,-1.000,3.07,3.00,0.0331,0.0033
90.617,0.000,0,,,,,0,,,,GLOBAL,1.000,clear,0,24.5,127,16.761,0,0,-1.000,3.65,3.00,0.0287,0.0231
90.638,0.000,0,,,,,0,,,,GLOBAL,1.000,clear,0,24.5,127,16.782,0,0,-1.000,2.69,3.00,0.0493,0.0194
90.657,0.000,0,,,,,0,,,,GLOBAL,1.000,clear,0,24.5,127,16.801,0,0,-1.000,3.44,3.00,0.0429,0.0118
90.677,0.000,0,,,,,0,,,,GLOBAL,1.000,clear,0,24.5,127,16.822,0,0,-1.000,3.44,3.00,0.0391,0.0097
90.697,0.000,0,,,,,0,,,,GLOBAL,1.000,clear,0,24.5,127,16.842,0,0,-1.000,3.36,3.00,0.0333,0.0023
90.718,0.000,0,,,,,0,,,,GLOBAL,1.000,clear,0,24.5,127,16.862,0,0,-1.000,2.30,3.00,0.0269,0.0229
90.737,0.000,0,,,,,0,,,,GLOBAL,1.000,clear,0,24.5,127,16.881,0,0,-1.000,2.30,3.00,0.0463,0.0166
90.757,0.000,0,,,,,0,,,,GLOBAL,1.000,clear,0,24.5,127,16.901,0,0,-1.000,3.03,3.00,0.0434,0.0128
90.777,0.000,0,,,,,0,,,,GLOBAL,1.000,clear,0,24.5,127,16.921,0,0,-1.000,3.03,3.00,0.0376,0.0049
90.797,0.000,0,,,,,0,,,,GLOBAL,1.000,clear,0,24.5,127,16.941,0,0,-1.000,2.99,3.00,0.0336,0.0027
90.817,0.000,0,,,,,0,,,,GLOBAL,1.000,clear,0,24.5,127,16.961,0,0,-1.000,3.49,3.00,0.0280,0.0228
90.837,0.000,0,,,,,0,,,,GLOBAL,1.000,clear,0,24.5,127,16.981,0,0,-1.000,3.10,3.00,0.0480,0.0164
90.857,0.000,0,,,,,0,,,,GLOBAL,1.000,clear,0,24.5,127,17.001,0,0,-1.000,3.10,3.00,0.0436,0.0096
90.878,0.000,0,,,,,0,,,,GLOBAL,1.000,clear,0,24.5,127,17.022,0,0,-1.000,3.15,3.00,0.0377,0.0113
90.897,0.000,0,,,,,0,,,,GLOBAL,1.000,clear,0,24.5,127,17.041,0,0,-1.000,3.65,3.00,0.0339,0.0308
90.917,0.000,0,,,,,0,,,,GLOBAL,1.000,clear,0,24.5,127,17.062,0,0,-1.000,3.65,3.00,0.0272,0.0161
90.937,0.000,0,,,,,0,,,,GLOBAL,1.000,clear,0,24.5,127,17.081,0,0,-1.000,3.19,3.00,0.0468,0.0150
90.958,0.000,0,,,,,0,,,,GLOBAL,1.000,clear,0,24.5,127,17.102,0,0,-1.000,3.02,3.00,0.0430,0.0113
90.977,0.000,0,,,,,0,,,,GLOBAL,1.000,clear,0,24.5,127,17.121,0,0,-1.000,3.02,3.00,0.0369,0.0105
90.997,0.000,0,,,,,0,,,,GLOBAL,1.000,clear,0,24.5,127,17.141,0,0,-1.000,2.35,3.00,0.0340,0.0017
91.017,0.000,0,,,,,0,,,,GLOBAL,1.000,clear,0,24.5,127,17.161,0,0,-1.000,2.35,3.00,0.0268,0.0217
91.037,0.000,0,,,,,0,,,,GLOBAL,1.000,clear,0,24.5,127,17.182,0,0,-1.000,2.91,3.00,0.0471,0.0132
91.057,0.000,0,,,,,0,,,,GLOBAL,1.000,clear,0,24.5,127,17.201,0,0,-1.000,2.73,3.00,0.0427,0.0129
91.077,0.000,0,,,,,0,,,,GLOBAL,1.000,clear,0,24.5,127,17.221,0,0,-1.000,2.73,3.00,0.0379,0.0111
91.097,0.000,0,,,,,0,,,,GLOBAL,1.000,clear,0,24.5,127,17.241,0,0,-1.000,3.47,3.00,0.0344,0.0034
91.117,0.000,0,,,,,0,,,,GLOBAL,1.000,clear,0,24.5,127,17.262,0,0,-1.000,2.91,3.00,0.0273,0.0237
91.137,0.000,0,,,,,0,,,,GLOBAL,1.000,clear,0,24.5,127,17.282,0,0,-1.000,2.93,3.00,0.0474,0.0197
91.157,0.000,0,,,,,0,,,,GLOBAL,1.000,clear,0,24.5,127,17.301,0,0,-1.000,2.93,3.00,0.0421,0.0149
91.177,0.000,0,,,,,0,,,,GLOBAL,1.000,clear,0,24.5,127,17.321,0,0,-1.000,2.82,3.00,0.0369,0.0089
91.197,0.000,0,,,,,0,,,,GLOBAL,1.000,clear,0,24.5,127,17.341,0,0,-1.000,2.82,3.00,0.0330,0.0050
91.217,0.000,0,,,,,0,,,,GLOBAL,1.000,clear,0,24.5,127,17.362,0,0,-1.000,2.80,3.00,0.0272,0.0251
91.238,0.000,0,,,,,0,,,,GLOBAL,1.000,clear,0,24.5,127,17.382,0,0,-1.000,3.63,3.00,0.0478,0.0196
91.257,0.000,0,,,,,0,,,,GLOBAL,1.000,clear,0,24.5,127,17.401,0,0,-1.000,3.63,3.00,0.0430,0.0111
91.278,0.000,0,,,,,0,,,,GLOBAL,1.000,clear,0,24.5,127,17.422,0,0,-1.000,2.45,3.00,0.0376,0.0103
91.298,0.000,0,,,,,0,,,,GLOBAL,1.000,clear,0,24.5,127,17.442,0,0,-1.000,2.84,3.00,0.0336,0.0063
91.317,0.000,0,,,,,0,,,,GLOBAL,1.000,clear,0,24.5,127,17.461,0,0,-1.000,2.88,3.00,0.0274,0.0258
91.337,0.000,0,,,,,0,,,,GLOBAL,1.000,clear,0,24.5,127,17.481,0,0,-1.000,2.88,3.00,0.0473,0.0184
91.358,0.000,0,,,,,0,,,,GLOBAL,1.000,clear,0,24.5,127,17.502,0,0,-1.000,2.22,3.00,0.0428,0.0149
91.377,0.000,0,,,,,0,,,,GLOBAL,1.000,clear,0,24.5,127,17.521,0,0,-1.000,2.70,3.00,0.0375,0.0101
91.397,0.000,0,,,,,0,,,,GLOBAL,1.000,clear,0,24.5,127,17.541,0,0,-1.000,2.70,3.00,0.0335,0.0047
91.417,0.000,0,,,,,0,,,,GLOBAL,1.000,clear,0,24.5,127,17.561,0,0,-1.000,3.55,3.00,0.0276,0.0245
91.437,0.000,0,,,,,0,,,,GLOBAL,1.000,clear,0,24.5,127,17.582,0,0,-1.000,3.55,3.00,0.0479,0.0193
91.457,0.000,0,,,,,0,,,,GLOBAL,1.000,clear,0,24.5,127,17.601,0,0,-1.000,2.90,3.00,0.0435,0.0130
91.477,0.000,0,,,,,0,,,,GLOBAL,1.000,clear,0,24.5,127,17.621,0,0,-1.000,3.60,3.00,0.0365,0.0081
91.497,0.000,0,,,,,0,,,,GLOBAL,1.000,clear,0,24.5,127,17.641,0,0,-1.000,3.60,3.00,0.0336,0.0019
91.518,0.000,0,,,,,0,,,,GLOBAL,1.000,clear,0,24.5,127,17.662,0,0,-1.000,2.26,3.00,0.0283,0.0016
91.537,0.000,0,,,,,0,,,,GLOBAL,1.000,clear,0,24.5,127,17.682,0,0,-1.000,2.86,3.00,0.0478,0.0211
91.558,0.000,0,,,,,0,,,,GLOBAL,1.000,clear,0,24.5,127,17.702,0,0,-1.000,2.94,3.00,0.0444,0.0144
91.577,0.000,0,,,,,0,,,,GLOBAL,1.000,clear,0,24.5,127,17.721,0,0,-1.000,2.94,3.00,0.0381,0.0108
91.597,0.000,0,,,,,0,,,,GLOBAL,1.000,clear,0,24.5,127,17.741,0,0,-1.000,4.30,3.00,0.0340,0.0038
91.618,0.000,0,,,,,0,,,,GLOBAL,1.000,clear,0,24.5,127,17.762,0,0,-1.000,4.30,3.00,0.0290,0.0011
91.637,0.000,0,,,,,0,,,,GLOBAL,1.000,clear,0,24.5,127,17.782,0,0,-1.000,1.82,3.00,0.0485,0.0206
91.657,0.000,0,,,,,0,,,,GLOBAL,1.000,clear,0,24.5,127,17.802,0,0,-1.000,2.27,3.00,0.0440,0.0143
91.677,0.000,0,,,,,0,,,,GLOBAL,1.000,clear,0,24.5,127,17.821,0,0,-1.000,4.63,3.00,0.0375,0.0107
91.697,0.000,0,,,,,0,,,,GLOBAL,1.000,clear,0,24.5,127,17.841,0,0,-1.000,4.63,3.00,0.0342,0.0046
91.717,0.000,0,,,,,0,,,,GLOBAL,1.000,clear,0,24.5,127,17.861,0,0,-1.000,0.65,3.00,0.0285,0.0245
91.738,0.000,0,,,,,0,,,,GLOBAL,1.000,clear,0,24.5,127,17.882,0,0,-1.000,3.05,3.00,0.0494,0.0205
91.757,0.000,0,,,,,0,,,,GLOBAL,1.000,clear,0,24.5,127,17.901,0,0,-1.000,3.05,3.00,0.0430,0.0149
91.777,0.000,0,,,,,0,,,,GLOBAL,1.000,clear,0,24.5,127,17.922,0,0,-1.000,2.71,3.00,0.0385,0.0090
91.797,0.000,0,,,,,0,,,,GLOBAL,1.000,clear,0,24.5,127,17.942,0,0,-1.000,2.71,3.00,0.0332,0.0015
91.818,0.000,0,,,,,0,,,,GLOBAL,1.000,clear,0,24.5,127,17.962,0,0,-1.000,2.92,3.00,0.0278,0.0219
91.837,0.000,0,,,,,0,,,,GLOBAL,1.000,clear,0,24.5,127,17.982,0,0,-1.000,2.76,3.00,0.0474,0.0138
91.857,0.000,0,,,,,0,,,,GLOBAL,1.000,clear,0,24.5,127,18.001,0,0,-1.000,2.26,3.00,0.0430,0.0070
91.878,0.000,0,,,,,0,,,,GLOBAL,1.000,clear,0,24.5,127,18.022,0,0,-1.000,2.26,3.00,0.0380,0.0097
91.897,0.000,0,,,,,0,,,,GLOBAL,1.000,clear,0,24.5,127,18.041,0,0,-1.000,2.56,3.00,0.0333,0.0013
91.924,0.000,0,,,,,0,,,,GLOBAL,1.000,clear,0,24.5,127,18.068,0,0,-1.000,2.56,3.00,0.0599,0.0279
91.937,0.000,0,,,,,0,,,,GLOBAL,1.000,clear,0,24.5,127,18.081,0,0,-1.000,1.58,3.00,0.0472,0.0124
91.957,0.000,0,,,,,0,,,,GLOBAL,1.000,clear,0,24.5,127,18.101,0,0,-1.000,1.45,3.00,0.0397,0.0129
91.977,0.000,0,,,,,0,,,,GLOBAL,1.000,clear,0,24.5,127,18.121,0,0,-1.000,2.09,3.00,0.0373,0.0100
91.997,0.000,0,,,,,0,,,,GLOBAL,1.000,clear,0,24.5,127,18.142,0,0,-1.000,2.09,3.00,0.0337,0.0032
92.017,0.000,0,,,,,0,,,,GLOBAL,1.000,clear,0,24.5,127,18.162,0,0,-1.000,2.28,3.00,0.0279,0.0232
92.038,0.000,0,,,,,0,,,,GLOBAL,1.000,clear,0,24.5,127,18.182,0,0,-1.000,3.84,3.00,0.0485,0.0202
92.057,0.000,0,,,,,0,,,,GLOBAL,1.000,clear,0,24.5,127,18.201,0,0,-1.000,3.84,3.00,0.0437,0.0121
92.077,0.000,0,,,,,0,,,,GLOBAL,1.000,clear,0,24.5,127,18.222,0,0,-1.000,2.68,3.00,0.0370,0.0108
92.097,0.000,0,,,,,0,,,,GLOBAL,1.000,clear,0,24.5,127,18.242,0,0,-1.000,2.68,3.00,0.0340,0.0039
92.117,0.000,0,,,,,0,,,,GLOBAL,1.000,clear,0,24.5,127,18.261,0,0,-1.000,2.65,3.00,0.0256,0.0237
92.137,0.000,0,,,,,0,,,,GLOBAL,1.000,clear,0,24.5,127,18.281,0,0,-1.000,2.16,3.00,0.0456,0.0179
92.157,0.000,0,,,,,0,,,,GLOBAL,1.000,clear,0,24.5,127,18.302,0,0,-1.000,2.47,3.00,0.0441,0.0102
92.177,0.000,0,,,,,0,,,,GLOBAL,1.000,clear,0,24.5,127,18.322,0,0,-1.000,2.47,3.00,0.0372,0.0106
92.197,0.000,0,,,,,0,,,,GLOBAL,1.000,clear,0,24.5,127,18.342,0,0,-1.000,2.55,3.00,0.0344,0.0045
92.218,0.000,0,,,,,0,,,,GLOBAL,1.000,clear,0,24.5,127,18.362,0,0,-1.000,3.05,3.00,0.0276,0.0016
92.238,0.000,0,,,,,0,,,,GLOBAL,1.000,clear,0,24.5,127,18.382,0,0,-1.000,3.05,3.00,0.0477,0.0216
92.257,0.000,0,,,,,0,,,,GLOBAL,1.000,clear,0,24.5,127,18.402,0,0,-1.000,2.86,3.00,0.0446,0.0139
92.278,0.000,0,,,,,0,,,,GLOBAL,1.000,clear,0,24.5,127,18.422,0,0,-1.000,2.86,3.00,0.0376,0.0076
92.298,0.000,0,,,,,0,,,,GLOBAL,1.000,clear,0,24.5,127,18.442,0,0,-1.000,2.27,3.00,0.0332,0.0048
92.317,0.000,0,,,,,0,,,,GLOBAL,1.000,clear,0,24.5,127,18.461,0,0,-1.000,2.12,3.00,0.0270,0.0243
92.337,0.000,0,,,,,0,,,,GLOBAL,1.000,clear,0,24.5,127,18.481,0,0,-1.000,2.12,3.00,0.0470,0.0179
92.357,0.000,0,,,,,0,,,,GLOBAL,1.000,clear,0,24.5,127,18.502,0,0,-1.000,3.29,3.00,0.0427,0.0149
92.377,0.000,0,,,,,0,,,,GLOBAL,1.000,clear,0,24.5,127,18.522,0,0,-1.000,2.71,3.00,0.0371,0.0087
92.397,0.000,0,,,,,0,,,,GLOBAL,1.000,clear,0,24.5,127,18.542,0,0,-1.000,2.71,3.00,0.0324,0.0053
92.417,0.000,0,,,,,0,,,,GLOBAL,1.000,clear,0,24.5,127,18.561,0,0,-1.000,2.87,3.00,0.0272,0.0250
92.437,0.000,0,,,,,0,,,,GLOBAL,1.000,clear,0,24.5,127,18.581,0,0,-1.000,2.78,3.00,0.0471,0.0195
92.457,0.000,0,,,,,0,,,,GLOBAL,1.000,clear,0,24.5,127,18.601,0,0,-1.000,2.70,3.00,0.0428,0.0152
92.477,0.000,0,,,,,0,,,,GLOBAL,1.000,clear,0,24.5,127,18.621,0,0,-1.000,2.70,3.00,0.0372,0.0103
92.497,0.000,0,,,,,0,,,,GLOBAL,1.000,clear,0,24.5,127,18.641,0,0,-1.000,2.62,3.00,0.0333,0.0027
92.518,0.000,0,,,,,0,,,,GLOBAL,1.000,clear,0,24.5,127,18.662,0,0,-1.000,1.75,3.00,0.0254,0.0236
92.537,0.000,0,,,,,0,,,,GLOBAL,1.000,clear,0,24.5,127,18.681,0,0,-1.000,1.75,3.00,0.0445,0.0188
92.557,0.000,0,,,,,0,,,,GLOBAL,1.000,clear,0,24.5,127,18.701,0,0,-1.000,2.97,3.00,0.0433,0.0119
92.577,0.000,0,,,,,0,,,,GLOBAL,1.000,clear,0,24.5,127,18.721,0,0,-1.000,2.97,3.00,0.0378,0.0036
92.597,0.000,0,,,,,0,,,,GLOBAL,1.000,clear,0,24.5,127,18.741,0,0,-1.000,3.03,3.00,0.0335,0.0005
92.617,0.000,0,,,,,0,,,,GLOBAL,1.000,clear,0,24.5,127,18.761,0,0,-1.000,2.75,3.00,0.0276,0.0204
92.637,0.000,0,,,,,0,,,,GLOBAL,1.000,clear,0,24.5,127,18.781,0,0,-1.000,2.75,3.00,0.0476,0.0184
92.657,0.000,0,,,,,0,,,,GLOBAL,1.000,clear,0,24.5,127,18.801,0,0,-1.000,2.54,3.00,0.0414,0.0115
92.677,0.000,0,,,,,0,,,,GLOBAL,1.000,clear,0,24.5,127,18.821,0,0,-1.000,2.71,3.00,0.0378,0.0097
92.697,0.000,0,,,,,0,,,,GLOBAL,1.000,clear,0,24.5,127,18.841,0,0,-1.000,2.78,3.00,0.0336,0.0297
92.717,0.000,0,,,,,0,,,,GLOBAL,1.000,clear,0,24.5,127,18.861,0,0,-1.000,2.78,3.00,0.0279,0.0136
92.737,0.000,0,,,,,0,,,,GLOBAL,1.000,clear,0,24.5,127,18.881,0,0,-1.000,3.23,3.00,0.0478,0.0162
92.757,0.000,0,,,,,0,,,,GLOBAL,1.000,clear,0,24.5,127,18.901,0,0,-1.000,0.55,3.00,0.0438,0.0144
92.777,0.000,0,,,,,0,,,,GLOBAL,1.000,clear,0,24.5,127,18.921,0,0,-1.000,0.55,3.00,0.0382,0.0105
92.798,0.000,0,,,,,0,,,,GLOBAL,1.000,clear,0,24.5,127,18.942,0,0,-1.000,2.83,3.00,0.0344,0.0007
92.821,0.000,0,,,,,0,,,,GLOBAL,1.000,clear,0,24.5,127,18.965,0,0,-1.000,2.83,3.00,0.0576,0.0239
92.837,0.000,0,,,,,0,,,,GLOBAL,1.000,clear,0,24.5,127,18.982,0,0,-1.000,2.95,3.00,0.0468,0.0158
92.859,0.000,0,,,,,0,,,,GLOBAL,1.000,clear,0,24.5,127,19.003,0,0,-1.000,2.36,3.00,0.0413,0.0092
92.878,0.000,0,,,,,0,,,,GLOBAL,1.000,clear,0,24.5,127,19.022,0,0,-1.000,2.36,3.00,0.0381,0.0014
92.897,0.000,0,,,,,0,,,,GLOBAL,1.000,clear,0,24.5,127,19.041,0,0,-1.000,2.57,3.00,0.0342,0.0030
92.918,0.000,0,,,,,0,,,,GLOBAL,1.000,clear,0,24.5,127,19.063,0,0,-1.000,2.69,3.00,0.0297,0.0240
92.937,0.000,0,,,,,0,,,,GLOBAL,1.000,clear,0,24.5,127,19.081,0,0,-1.000,2.69,3.00,0.0484,0.0176
92.957,0.000,0,,,,,0,,,,GLOBAL,1.000,clear,0,24.5,127,19.101,0,0,-1.000,2.14,3.00,0.0426,0.0111
92.977,0.000,0,,,,,0,,,,GLOBAL,1.000,clear,0,24.5,127,19.121,0,0,-1.000,2.57,3.00,0.0386,0.0041
92.997,0.000,0,,,,,0,,,,GLOBAL,1.000,clear,0,24.5,127,19.141,0,0,-1.000,2.57,3.00,0.0329,0.0045
93.017,0.000,0,,,,,0,,,,GLOBAL,1.000,clear,0,24.5,127,19.162,0,0,-1.000,1.87,3.00,0.0273,0.0248
93.037,0.000,0,,,,,0,,,,GLOBAL,1.000,clear,0,24.5,127,19.181,0,0,-1.000,3.63,3.00,0.0470,0.0185
93.057,0.000,0,,,,,0,,,,GLOBAL,1.000,clear,0,24.5,127,19.201,0,0,-1.000,2.67,3.00,0.0430,0.0139
93.077,0.000,0,,,,,0,,,,GLOBAL,1.000,clear,0,24.5,127,19.221,0,0,-1.000,2.67,3.00,0.0373,0.0056
93.097,0.000,0,,,,,0,,,,GLOBAL,1.000,clear,0,24.5,127,19.241,0,0,-1.000,3.13,3.00,0.0331,0.0042
93.117,0.000,0,,,,,0,,,,GLOBAL,1.000,clear,0,24.5,127,19.261,0,0,-1.000,3.13,3.00,0.0290,0.0242
93.137,0.000,0,,,,,0,,,,GLOBAL,1.000,clear,0,24.5,127,19.281,0,0,-1.000,2.95,3.00,0.0490,0.0193
93.157,0.000,0,,,,,0,,,,GLOBAL,1.000,clear,0,24.5,127,19.301,0,0,-1.000,2.15,3.00,0.0433,0.0162
93.178,0.000,0,,,,,0,,,,GLOBAL,1.000,clear,0,24.5,127,19.322,0,0,-1.000,1.95,3.00,0.0395,0.0108
93.197,0.000,0,,,,,0,,,,GLOBAL,1.000,clear,0,24.5,127,19.341,0,0,-1.000,1.95,3.00,0.0334,0.0033
93.217,0.000,0,,,,,0,,,,GLOBAL,1.000,clear,0,24.5,127,19.362,0,0,-1.000,2.65,3.00,0.0279,0.0236
93.237,0.000,0,,,,,0,,,,GLOBAL,1.000,clear,0,24.5,127,19.381,0,0,-1.000,2.65,3.00,0.0476,0.0175
93.257,0.000,0,,,,,0,,,,GLOBAL,1.000,clear,0,24.5,127,19.402,0,0,-1.000,2.00,3.00,0.0437,0.0086
93.278,0.000,0,,,,,0,,,,GLOBAL,1.000,clear,0,24.5,127,19.423,0,0,-1.000,2.00,3.00,0.0380,0.0296
93.297,0.000,0,,,,,0,,,,GLOBAL,1.000,clear,0,24.5,127,19.441,0,0,-1.000,3.08,3.00,0.0334,0.0023
93.317,0.000,0,,,,,0,,,,GLOBAL,1.000,clear,0,24.5,127,19.462,0,0,-1.000,2.85,3.00,0.0283,0.0227
93.337,0.000,0,,,,,0,,,,GLOBAL,1.000,clear,0,24.5,127,19.481,0,0,-1.000,2.73,3.00,0.0479,0.0182
93.358,0.000,0,,,,,0,,,,GLOBAL,1.000,clear,0,24.5,127,19.502,0,0,-1.000,2.73,3.00,0.0444,0.0107
93.377,0.000,0,,,,,0,,,,GLOBAL,1.000,clear,0,24.5,127,19.521,0,0,-1.000,3.32,3.00,0.0380,0.0036
93.397,0.000,0,,,,,0,,,,GLOBAL,1.000,clear,0,24.5,127,19.541,0,0,-1.000,2.86,3.00,0.0337,0.0049
93.418,0.000,0,,,,,0,,,,GLOBAL,1.000,clear,0,24.5,127,19.562,0,0,-1.000,2.86,3.00,0.0287,0.0008
93.437,0.000,0,,,,,0,,,,GLOBAL,1.000,clear,0,24.5,127,19.581,0,0,-1.000,2.43,3.00,0.0480,0.0201
93.457,0.000,0,,,,,0,,,,GLOBAL,1.000,clear,0,24.5,127,19.602,0,0,-1.000,1.97,3.00,0.0440,0.0137
93.478,0.000,0,,,,,0,,,,GLOBAL,1.000,clear,0,24.5,127,19.622,0,0,-1.000,2.68,3.00,0.0373,0.0107
93.497,0.000,0,,,,,0,,,,GLOBAL,1.000,clear,0,24.5,127,19.642,0,0,-1.000,2.68,3.00,0.0335,0.0047
93.517,0.000,0,,,,,0,,,,GLOBAL,1.000,clear,0,24.5,127,19.661,0,0,-1.000,0.98,3.00,0.0283,0.0243
93.537,0.000,0,,,,,0,,,,GLOBAL,1.000,clear,0,24.5,127,19.682,0,0,-1.000,4.49,3.00,0.0486,0.0195
93.557,0.000,0,,,,,0,,,,GLOBAL,1.000,clear,0,24.5,127,19.702,0,0,-1.000,4.49,3.00,0.0429,0.0103
93.577,0.000,0,,,,,0,,,,GLOBAL,1.000,clear,0,24.5,127,19.721,0,0,-1.000,2.23,3.00,0.0384,0.0094
93.597,0.000,0,,,,,0,,,,GLOBAL,1.000,clear,0,24.5,127,19.741,0,0,-1.000,2.23,3.00,0.0327,0.0039
93.618,0.000,0,,,,,0,,,,GLOBAL,1.000,clear,0,24.5,127,19.762,0,0,-1.000,3.22,3.00,0.0290,0.0245
93.637,0.000,0,,,,,0,,,,GLOBAL,1.000,clear,0,24.5,127,19.782,0,0,-1.000,0.93,3.00,0.0487,0.0192
93.657,0.000,0,,,,,0,,,,GLOBAL,1.000,clear,0,24.5,127,19.801,0,0,-1.000,0.93,3.00,0.0430,0.0138
93.677,0.000,0,,,,,0,,,,GLOBAL,1.000,clear,0,24.5,127,19.821,0,0,-1.000,3.05,3.00,0.0371,0.0075
93.700,0.000,0,,,,,0,,,,GLOBAL,1.000,clear,0,24.5,127,19.844,0,0,-1.000,3.24,3.00,0.0357,0.0085
93.717,0.000,0,,,,,0,,,,GLOBAL,1.000,clear,0,24.5,127,19.862,0,0,-1.000,3.24,3.00,0.0292,0.0005
93.737,0.000,0,,,,,0,,,,GLOBAL,1.000,clear,0,24.5,127,19.881,0,0,-1.000,2.19,3.00,0.0488,0.0201
93.757,0.000,0,,,,,0,,,,GLOBAL,1.000,clear,0,24.5,127,19.901,0,0,-1.000,2.54,3.00,0.0431,0.0153
93.777,0.000,0,,,,,0,,,,GLOBAL,1.000,clear,0,24.5,127,19.921,0,0,-1.000,2.54,3.00,0.0391,0.0100
93.797,0.000,0,,,,,0,,,,GLOBAL,1.000,clear,0,24.5,127,19.942,0,0,-1.000,2.37,3.00,0.0337,0.0037
93.818,0.000,0,,,,,0,,,,GLOBAL,1.000,clear,0,24.5,127,19.962,0,0,-1.000,3.03,3.00,0.0212,0.0008
93.837,0.000,0,,,,,0,,,,GLOBAL,1.000,clear,0,24.5,127,19.981,0,0,-1.000,3.03,3.00,0.0402,0.0198
93.857,0.000,0,,,,,0,,,,GLOBAL,1.000,clear,0,24.5,127,20.001,0,0,-1.000,2.61,3.00,0.0375,0.0134
93.877,0.000,0,,,,,0,,,,GLOBAL,1.000,clear,0,24.5,127,20.021,0,0,-1.000,2.61,3.00,0.0373,0.0100
93.897,0.000,0,,,,,0,,,,GLOBAL,1.000,clear,0,24.5,127,20.041,0,0,-1.000,2.43,3.00,0.0338,0.0025
93.917,0.000,0,,,,,0,,,,GLOBAL,1.000,clear,0,24.5,127,20.061,0,0,-1.000,2.43,3.00,0.0279,0.0225
93.937,0.000,0,,,,,0,,,,GLOBAL,1.000,clear,0,24.5,127,20.081,0,0,-1.000,3.12,3.00,0.0480,0.0193
93.957,0.000,0,,,,,0,,,,GLOBAL,1.000,clear,0,24.5,127,20.101,0,0,-1.000,3.35,3.00,0.0428,0.0099
93.977,0.000,0,,,,,0,,,,GLOBAL,1.000,clear,0,24.5,127,20.122,0,0,-1.000,3.35,3.00,0.0335,0.0103
93.997,0.000,0,,,,,0,,,,GLOBAL,1.000,clear,0,24.5,127,20.141,0,0,-1.000,2.31,3.00,0.0339,0.0301
94.017,0.000,0,,,,,0,,,,GLOBAL,1.000,clear,0,24.5,127,20.161,0,0,-1.000,2.71,3.00,0.0270,0.0163
94.037,0.000,0,,,,,0,,,,GLOBAL,1.000,clear,0,24.5,127,20.181,0,0,-1.000,2.71,3.00,0.0470,0.0165
94.057,0.000,0,,,,,0,,,,GLOBAL,1.000,clear,0,24.5,127,20.201,0,0,-1.000,2.81,3.00,0.0423,0.0109
94.077,0.000,0,,,,,0,,,,GLOBAL,1.000,clear,0,24.5,127,20.221,0,0,-1.000,2.81,3.00,0.0379,0.0093
94.097,0.000,0,,,,,0,,,,GLOBAL,1.000,clear,0,24.5,127,20.242,0,0,-1.000,0.39,3.00,0.0331,0.0053
94.117,0.000,0,,,,,0,,,,GLOBAL,1.000,clear,0,24.5,127,20.262,0,0,-1.000,1.09,3.00,0.0281,0.0254
94.137,0.000,0,,,,,0,,,,GLOBAL,1.000,clear,0,24.5,127,20.281,0,0,-1.000,3.74,3.00,0.0477,0.0189
94.162,0.000,0,,,,,0,,,,GLOBAL,1.000,clear,0,24.5,127,20.306,0,0,-1.000,3.74,3.00,0.0464,0.0183
94.177,0.000,0,,,,,0,,,,GLOBAL,1.000,clear,0,24.5,127,20.321,0,0,-1.000,2.83,3.00,0.0372,0.0339
94.199,0.000,0,,,,,0,,,,GLOBAL,1.000,clear,0,24.5,127,20.343,0,0,-1.000,2.83,3.00,0.0351,0.0015
94.220,0.000,0,,,,,0,,,,GLOBAL,1.000,clear,0,24.5,127,20.364,0,0,-1.000,3.21,3.00,0.0313,0.0221
94.238,0.000,0,,,,,0,,,,GLOBAL,1.000,clear,0,24.5,127,20.382,0,0,-1.000,2.85,3.00,0.0494,0.0155
94.258,0.000,0,,,,,0,,,,GLOBAL,1.000,clear,0,24.5,127,20.403,0,0,-1.000,2.85,3.00,0.0444,0.0126
94.277,0.000,0,,,,,0,,,,GLOBAL,1.000,clear,0,24.5,127,20.421,0,0,-1.000,0.73,3.00,0.0392,0.0054
94.297,0.000,0,,,,,0,,,,GLOBAL,1.000,clear,0,24.5,127,20.441,0,0,-1.000,1.35,3.00,0.0334,0.0255
94.317,0.000,0,,,,,0,,,,GLOBAL,1.000,clear,0,24.5,127,20.462,0,0,-1.000,1.35,3.00,0.0281,0.0179
94.337,0.000,0,,,,,0,,,,GLOBAL,1.000,clear,0,24.5,127,20.481,0,0,-1.000,1.81,3.00,0.0477,0.0140
94.358,0.000,0,,,,,0,,,,GLOBAL,1.000,clear,0,24.5,127,20.503,0,0,-1.000,2.26,3.00,0.0450,0.0036
94.378,0.000,0,,,,,0,,,,GLOBAL,1.000,clear,0,24.5,127,20.522,0,0,-1.000,2.77,3.00,0.0375,0.0080
94.397,0.000,0,,,,,0,,,,GLOBAL,1.000,clear,0,24.5,127,20.542,0,0,-1.000,2.77,3.00,0.0340,0.0276
94.417,0.000,0,,,,,0,,,,GLOBAL,1.000,clear,0,24.5,127,20.561,0,0,-1.000,2.17,3.00,0.0227,0.0194
94.437,0.000,0,,,,,0,,,,GLOBAL,1.000,clear,0,24.5,127,20.581,0,0,-1.000,2.68,3.00,0.0427,0.0183
94.457,0.000,0,,,,,0,,,,GLOBAL,1.000,clear,0,24.5,127,20.601,0,0,-1.000,2.68,3.00,0.0437,0.0066
94.477,0.000,0,,,,,0,,,,GLOBAL,1.000,clear,0,24.5,127,20.621,0,0,-1.000,2.91,3.00,0.0367,0.0080
94.497,0.000,0,,,,,0,,,,GLOBAL,1.000,clear,0,24.5,127,20.642,0,0,-1.000,1.56,3.00,0.0341,0.0284
94.517,0.000,0,,,,,0,,,,GLOBAL,1.000,clear,0,24.5,127,20.662,0,0,-1.000,1.56,3.00,0.0284,0.0147
94.537,0.000,0,,,,,0,,,,GLOBAL,1.000,clear,0,24.5,127,20.681,0,0,-1.000,2.99,3.00,0.0482,0.0152
94.557,0.000,0,,,,,0,,,,GLOBAL,1.000,clear,0,24.5,127,20.701,0,0,-1.000,2.99,3.00,0.0440,0.0123
94.577,0.000,0,,,,,0,,,,GLOBAL,1.000,clear,0,24.5,127,20.721,0,0,-1.000,1.78,3.00,0.0381,0.0104
94.598,0.000,0,,,,,0,,,,GLOBAL,1.000,clear,0,24.5,127,20.742,0,0,-1.000,3.04,3.00,0.0350,0.0313
94.617,0.000,0,,,,,0,,,,GLOBAL,1.000,clear,0,24.5,127,20.762,0,0,-1.000,2.39,3.00,0.0285,0.0113
94.637,0.000,0,,,,,0,,,,GLOBAL,1.000,clear,0,24.5,127,20.781,0,0,-1.000,2.39,3.00,0.0482,0.0146
94.657,0.000,0,,,,,0,,,,GLOBAL,1.000,clear,0,24.5,127,20.801,0,0,-1.000,2.59,3.00,0.0424,0.0075
94.677,0.000,0,,,,,0,,,,GLOBAL,1.000,clear,0,24.5,127,20.821,0,0,-1.000,2.59,3.00,0.0384,0.0062
94.702,0.000,0,,,,,0,,,,GLOBAL,1.000,clear,0,24.5,127,20.846,0,0,-1.000,2.41,3.00,0.0378,0.0312
94.718,0.000,0,,,,,0,,,,GLOBAL,1.000,clear,0,24.5,127,20.862,0,0,-1.000,0.44,3.00,0.0295,0.0151
94.737,0.000,0,,,,,0,,,,GLOBAL,1.000,clear,0,24.5,127,20.881,0,0,-1.000,2.06,3.00,0.0485,0.0145
94.757,0.000,0,,,,,0,,,,GLOBAL,1.000,clear,0,24.5,127,20.901,0,0,-1.000,2.06,3.00,0.0428,0.0129
94.778,0.000,0,,,,,0,,,,GLOBAL,1.000,clear,0,24.5,127,20.922,0,0,-1.000,2.52,3.00,0.0391,0.0087
94.797,0.000,0,,,,,0,,,,GLOBAL,1.000,clear,0,24.5,127,20.941,0,0,-1.000,2.52,3.00,0.0329,0.0026
94.817,0.000,0,,,,,0,,,,GLOBAL,1.000,clear,0,24.5,127,20.961,0,0,-1.000,2.71,3.00,0.0289,0.0228
94.837,0.000,0,,,,,0,,,,GLOBAL,1.000,clear,0,24.5,127,20.981,0,0,-1.000,-0.15,3.00,0.0488,0.0170
94.857,0.000,0,,,,,0,,,,GLOBAL,1.000,clear,0,24.5,127,21.002,0,0,-1.000,-0.15,3.00,0.0431,0.0134
94.878,0.000,0,,,,,0,,,,GLOBAL,1.000,clear,0,24.5,127,21.023,0,0,-1.000,4.63,3.00,0.0398,0.0111
94.897,0.000,0,,,,,0,,,,GLOBAL,1.000,clear,0,24.5,127,21.041,0,0,-1.000,3.44,3.00,0.0330,0.0036
94.921,0.000,0,,,,,0,,,,GLOBAL,1.000,clear,0,24.5,127,21.065,0,0,-1.000,3.44,3.00,0.0567,0.0272
94.937,0.000,0,,,,,0,,,,GLOBAL,1.000,clear,0,24.5,127,21.081,0,0,-1.000,1.28,3.00,0.0470,0.0130
94.958,0.000,0,,,,,0,,,,GLOBAL,1.000,clear,0,24.5,127,21.102,0,0,-1.000,2.36,3.00,0.0433,0.0141
94.978,0.000,0,,,,,0,,,,GLOBAL,1.000,clear,0,24.5,127,21.122,0,0,-1.000,2.36,3.00,0.0380,0.0107
94.997,0.000,0,,,,,0,,,,GLOBAL,1.000,clear,0,24.5,127,21.142,0,0,-1.000,2.47,3.00,0.0337,0.0008
95.017,0.000,0,,,,,0,,,,GLOBAL,1.000,clear,0,24.5,127,21.161,0,0,-1.000,2.26,3.00,0.0266,0.0204
95.037,0.000,0,,,,,0,,,,GLOBAL,1.000,clear,0,24.5,127,21.182,0,0,-1.000,2.39,3.00,0.0468,0.0169
95.057,0.000,0,,,,,0,,,,GLOBAL,1.000,clear,0,24.5,127,21.201,0,0,-1.000,2.39,3.00,0.0433,0.0103
95.077,0.000,0,,,,,0,,,,GLOBAL,1.000,clear,0,24.5,127,21.221,0,0,-1.000,1.75,3.00,0.0351,0.0099
95.097,0.000,0,,,,,0,,,,GLOBAL,1.000,clear,0,24.5,127,21.241,0,0,-1.000,2.20,3.00,0.0333,0.0025
95.117,0.000,0,,,,,0,,,,GLOBAL,1.000,clear,0,24.5,127,21.262,0,0,-1.000,2.20,3.00,0.0275,0.0230
95.137,0.000,0,,,,,0,,,,GLOBAL,1.000,clear,0,24.5,127,21.281,0,0,-1.000,2.89,3.00,0.0472,0.0157
95.158,0.000,0,,,,,0,,,,GLOBAL,1.000,clear,0,24.5,127,21.302,0,0,-1.000,3.01,3.00,0.0447,0.0124
95.178,0.000,0,,,,,0,,,,GLOBAL,1.000,clear,0,24.5,127,21.322,0,0,-1.000,3.01,3.00,0.0374,0.0099
95.197,0.000,0,,,,,0,,,,GLOBAL,1.000,clear,0,24.5,127,21.341,0,0,-1.000,2.75,3.00,0.0326,0.0036
95.218,0.000,0,,,,,0,,,,GLOBAL,1.000,clear,0,24.5,127,21.362,0,0,-1.000,2.75,3.00,0.0295,0.0246
95.237,0.000,0,,,,,0,,,,GLOBAL,1.000,clear,0,24.5,127,21.381,0,0,-1.000,1.97,3.00,0.0484,0.0172
95.257,0.000,0,,,,,0,,,,GLOBAL,1.000,clear,0,24.5,127,21.401,0,0,-1.000,2.70,3.00,0.0428,0.0155
95.277,0.000,0,,,,,0,,,,GLOBAL,1.000,clear,0,24.5,127,21.421,0,0,-1.000,2.56,3.00,0.0387,0.0098
95.297,0.000,0,,,,,0,,,,GLOBAL,1.000,clear,0,24.5,127,21.441,0,0,-1.000,2.56,3.00,0.0326,0.0055
95.317,0.000,0,,,,,0,,,,GLOBAL,1.000,clear,0,24.5,127,21.461,0,0,-1.000,3.52,3.00,0.0273,0.0256
95.337,0.000,0,,,,,0,,,,GLOBAL,1.000,clear,0,24.5,127,21.481,0,0,-1.000,1.62,3.00,0.0473,0.0161
95.357,0.000,0,,,,,0,,,,GLOBAL,1.000,clear,0,24.5,127,21.501,0,0,-1.000,1.62,3.00,0.0420,0.0158
95.377,0.000,0,,,,,0,,,,GLOBAL,1.000,clear,0,24.5,127,21.521,0,0,-1.000,1.35,3.00,0.0374,0.0097
95.397,0.000,0,,,,,0,,,,GLOBAL,1.000,clear,0,24.5,127,21.541,0,0,-1.000,1.35,3.00,0.0332,0.0007
95.417,0.000,0,,,,,0,,,,GLOBAL,1.000,clear,0,24.5,127,21.562,0,0,-1.000,2.21,3.00,0.0270,0.0209
95.437,0.000,0,,,,,0,,,,GLOBAL,1.000,clear,0,24.5,127,21.582,0,0,-1.000,2.29,3.00,0.0471,0.0198
95.457,0.000,0,,,,,0,,,,GLOBAL,1.000,clear,0,24.5,127,21.601,0,0,-1.000,2.21,3.00,0.0432,0.0132
95.477,0.000,0,,,,,0,,,,GLOBAL,1.000,clear,0,24.5,127,21.621,0,0,-1.000,2.21,3.00,0.0368,0.0102
95.497,0.000,0,,,,,0,,,,GLOBAL,1.000,clear,0,24.5,127,21.641,0,0,-1.000,3.70,3.00,0.0334,0.0303
95.518,0.000,0,,,,,0,,,,GLOBAL,1.000,clear,0,24.5,127,21.662,0,0,-1.000,2.50,3.00,0.0281,0.0189
95.537,0.000,0,,,,,0,,,,GLOBAL,1.000,clear,0,24.5,127,21.681,0,0,-1.000,2.50,3.00,0.0469,0.0158
95.557,0.000,0,,,,,0,,,,GLOBAL,1.000,clear,0,24.5,127,21.701,0,0,-1.000,2.98,3.00,0.0425,0.0134
95.577,0.000,0,,,,,0,,,,GLOBAL,1.000,clear,0,24.5,127,21.721,0,0,-1.000,2.98,3.00,0.0369,0.0106
95.597,0.000,0,,,,,0,,,,GLOBAL,1.000,clear,0,24.5,127,21.741,0,0,-1.000,3.26,3.00,0.0321,0.0010
95.617,0.000,0,,,,,0,,,,GLOBAL,1.000,clear,0,24.5,127,21.762,0,0,-1.000,2.82,3.00,0.0271,0.0212
95.637,0.000,0,,,,,0,,,,GLOBAL,1.000,clear,0,24.5,127,21.782,0,0,-1.000,1.36,3.00,0.0472,0.0186
95.657,0.000,0,,,,,0,,,,GLOBAL,1.000,clear,0,24.5,127,21.801,0,0,-1.000,1.36,3.00,0.0434,0.0082
95.677,0.000,0,,,,,0,,,,GLOBAL,1.000,clear,0,24.5,127,21.821,0,0,-1.000,2.54,3.00,0.0368,0.0060
95.697,0.000,0,,,,,0,,,,GLOBAL,1.000,clear,0,24.5,127,21.841,0,0,-1.000,2.35,3.00,0.0322,0.0260
95.717,0.000,0,,,,,0,,,,GLOBAL,1.000,clear,0,24.5,127,21.862,0,0,-1.000,2.35,3.00,0.0271,0.0141
95.737,0.000,0,,,,,0,,,,GLOBAL,1.000,clear,0,24.5,127,21.881,0,0,-1.000,2.30,3.00,0.0470,0.0181
95.757,0.000,0,,,,,0,,,,GLOBAL,1.000,clear,0,24.5,127,21.901,0,0,-1.000,2.48,3.00,0.0425,0.0130
95.777,0.000,0,,,,,0,,,,GLOBAL,1.000,clear,0,24.5,127,21.921,0,0,-1.000,2.48,3.00,0.0353,0.0091
95.797,0.000,0,,,,,0,,,,GLOBAL,1.000,clear,0,24.5,127,21.942,0,0,-1.000,2.35,3.00,0.0329,0.0026
95.817,0.000,0,,,,,0,,,,GLOBAL,1.000,clear,0,24.5,127,21.961,0,0,-1.000,2.42,3.00,0.0268,0.0224
95.837,0.000,0,,,,,0,,,,GLOBAL,1.000,clear,0,24.5,127,21.981,0,0,-1.000,2.42,3.00,0.0469,0.0172
95.857,0.000,0,,,,,0,,,,GLOBAL,1.000,clear,0,24.5,127,22.001,0,0,-1.000,2.62,3.00,0.0427,0.0090
95.877,0.000,0,,,,,0,,,,GLOBAL,1.000,clear,0,24.5,127,22.021,0,0,-1.000,2.62,3.00,0.0386,0.0094
95.898,0.000,0,,,,,0,,,,GLOBAL,1.000,clear,0,24.5,127,22.042,0,0,-1.000,3.09,3.00,0.0336,0.0300
95.917,0.000,0,,,,,0,,,,GLOBAL,1.000,clear,0,24.5,127,22.061,0,0,-1.000,2.55,3.00,0.0269,0.0188
95.937,0.000,0,,,,,0,,,,GLOBAL,1.000,clear,0,24.5,127,22.082,0,0,-1.000,0.92,3.00,0.0472,0.0193
95.957,0.000,0,,,,,0,,,,GLOBAL,1.000,clear,0,24.5,127,22.101,0,0,-1.000,0.92,3.00,0.0429,0.0096
95.977,0.000,0,,,,,0,,,,GLOBAL,1.000,clear,0,24.5,127,22.121,0,0,-1.000,3.48,3.00,0.0371,0.0090
95.997,0.000,0,,,,,0,,,,GLOBAL,1.000,clear,0,24.5,127,22.141,0,0,-1.000,3.48,3.00,0.0331,0.0035
96.017,0.000,0,,,,,0,,,,GLOBAL,1.000,clear,0,24.5,127,22.161,0,0,-1.000,2.68,3.00,0.0271,0.0235
96.037,0.000,0,,,,,0,,,,GLOBAL,1.000,clear,0,24.5,127,22.181,0,0,-1.000,2.87,3.00,0.0471,0.0191
96.057,0.000,0,,,,,0,,,,GLOBAL,1.000,clear,0,24.5,127,22.201,0,0,-1.000,2.88,3.00,0.0429,0.0084
96.077,0.000,0,,,,,0,,,,GLOBAL,1.000,clear,0,24.5,127,22.222,0,0,-1.000,2.88,3.00,0.0372,0.0046
96.097,0.000,0,,,,,0,,,,GLOBAL,1.000,clear,0,24.5,127,22.241,0,0,-1.000,1.01,3.00,0.0335,0.0243
96.117,0.000,0,,,,,0,,,,GLOBAL,1.000,clear,0,24.5,127,22.261,0,0,-1.000,3.38,3.00,0.0271,0.0178
96.137,0.000,0,,,,,0,,,,GLOBAL,1.000,clear,0,24.5,127,22.281,0,0,-1.000,3.38,3.00,0.0471,0.0175
96.158,0.000,0,,,,,0,,,,GLOBAL,1.000,clear,0,24.5,127,22.302,0,0,-1.000,2.47,3.00,0.0443,0.0104
96.177,0.000,0,,,,,0,,,,GLOBAL,1.000,clear,0,24.5,127,22.321,0,0,-1.000,1.66,3.00,0.0369,0.0068
96.197,0.000,0,,,,,0,,,,GLOBAL,1.000,clear,0,24.5,127,22.342,0,0,-1.000,1.66,3.00,0.0325,0.0033
96.218,0.000,0,,,,,0,,,,GLOBAL,1.000,clear,0,24.5,127,22.363,0,0,-1.000,3.34,3.00,0.0284,0.0244
96.238,0.000,0,,,,,0,,,,GLOBAL,1.000,clear,0,24.5,127,22.382,0,0,-1.000,3.78,3.00,0.0476,0.0165
96.257,0.000,0,,,,,0,,,,GLOBAL,1.000,clear,0,24.5,127,22.402,0,0,-1.000,3.78,3.00,0.0426,0.0127
96.277,0.000,0,,,,,0,,,,GLOBAL,1.000,clear,0,24.5,127,22.422,0,0,-1.000,2.17,3.00,0.0373,0.0072
96.298,0.000,0,,,,,0,,,,GLOBAL,1.000,clear,0,24.5,127,22.442,0,0,-1.000,1.40,3.00,0.0331,0.0036
96.317,0.000,0,,,,,0,,,,GLOBAL,1.000,clear,0,24.5,127,22.462,0,0,-1.000,1.40,3.00,0.0273,0.0233
96.337,0.000,0,,,,,0,,,,GLOBAL,1.000,clear,0,24.5,127,22.481,0,0,-1.000,1.50,3.00,0.0470,0.0180
96.357,0.000,0,,,,,0,,,,GLOBAL,1.000,clear,0,24.5,127,22.501,0,0,-1.000,1.90,3.00,0.0428,0.0121
96.377,0.000,0,,,,,0,,,,GLOBAL,1.000,clear,0,24.5,127,22.521,0,0,-1.000,1.90,3.00,0.0370,0.0100
96.397,0.000,0,,,,,0,,,,GLOBAL,1.000,clear,0,24.5,127,22.542,0,0,-1.000,3.50,3.00,0.0332,0.0037
96.418,0.000,0,,,,,0,,,,GLOBAL,1.000,clear,0,24.5,127,22.562,0,0,-1.000,3.50,3.00,0.0276,0.0240
96.437,0.000,0,,,,,0,,,,GLOBAL,1.000,clear,0,24.5,127,22.581,0,0,-1.000,2.38,3.00,0.0471,0.0191
96.457,0.000,0,,,,,0,,,,GLOBAL,1.000,clear,0,24.5,127,22.601,0,0,-1.000,1.84,3.00,0.0427,0.0127
96.477,0.000,0,,,,,0,,,,GLOBAL,1.000,clear,0,24.5,127,22.622,0,0,-1.000,2.38,3.00,0.0373,0.0100
96.497,0.000,0,,,,,0,,,,GLOBAL,1.000,clear,0,24.5,127,22.641,0,0,-1.000,2.38,3.00,0.0331,0.0034
96.517,0.000,0,,,,,0,,,,GLOBAL,1.000,clear,0,24.5,127,22.661,0,0,-1.000,2.56,3.00,0.0271,0.0234
96.538,0.000,0,,,,,0,,,,GLOBAL,1.000,clear,0,24.5,127,22.682,0,0,-1.000,1.55,3.00,0.0478,0.0203
96.557,0.000,0,,,,,0,,,,GLOBAL,1.000,clear,0,24.5,127,22.702,0,0,-1.000,1.55,3.00,0.0437,0.0148
96.577,0.000,0,,,,,0,,,,GLOBAL,1.000,clear,0,24.5,127,22.722,0,0,-1.000,2.89,3.00,0.0379,0.0037
96.597,0.000,0,,,,,0,,,,GLOBAL,1.000,clear,0,24.5,127,22.741,0,0,-1.000,1.36,3.00,0.0335,0.0234
96.618,0.000,0,,,,,0,,,,GLOBAL,1.000,clear,0,24.5,127,22.762,0,0,-1.000,1.36,3.00,0.0281,0.0194
96.637,0.000,0,,,,,0,,,,GLOBAL,1.000,clear,0,24.5,127,22.781,0,0,-1.000,3.08,3.00,0.0476,0.0159
96.658,0.000,0,,,,,0,,,,GLOBAL,1.000,clear,0,24.5,127,22.802,0,0,-1.000,2.93,3.00,0.0441,0.0090
96.677,0.000,0,,,,,0,,,,GLOBAL,1.000,clear,0,24.5,127,22.821,0,0,-1.000,2.93,3.00,0.0376,0.0071
96.697,0.000,0,,,,,0,,,,GLOBAL,1.000,clear,0,24.5,127,22.841,0,0,-1.000,2.38,3.00,0.0336,0.0044
96.718,0.000,0,,,,,0,,,,GLOBAL,1.000,clear,0,24.5,127,22.862,0,0,-1.000,3.76,3.00,0.0289,0.0255
96.737,0.000,0,,,,,0,,,,GLOBAL,1.000,clear,0,24.5,127,22.881,0,0,-1.000,3.76,3.00,0.0481,0.0188
96.758,0.000,0,,,,,0,,,,GLOBAL,1.000,clear,0,24.5,127,22.902,0,0,-1.000,2.93,3.00,0.0431,0.0141
96.777,0.000,0,,,,,0,,,,GLOBAL,1.000,clear,0,24.5,127,22.921,0,0,-1.000,2.93,3.00,0.0382,0.0089
96.797,0.000,0,,,,,0,,,,GLOBAL,1.000,clear,0,24.5,127,22.941,0,0,-1.000,1.73,3.00,0.0324,0.0037
96.817,0.000,0,,,,,0,,,,GLOBAL,1.000,clear,0,24.5,127,22.961,0,0,-1.000,1.87,3.00,0.0270,0.0238
96.837,0.000,0,,,,,0,,,,GLOBAL,1.000,clear,0,24.5,127,22.981,0,0,-1.000,2.42,3.00,0.0471,0.0191
96.857,0.000,0,,,,,0,,,,GLOBAL,1.000,clear,0,24.5,127,23.001,0,0,-1.000,2.42,3.00,0.0424,0.0133
96.877,0.000,0,,,,,0,,,,GLOBAL,1.000,clear,0,24.5,127,23.021,0,0,-1.000,2.86,3.00,0.0371,0.0081
96.897,0.000,0,,,,,0,,,,GLOBAL,1.000,clear,0,24.5,127,23.041,0,0,-1.000,0.69,3.00,0.0326,0.0019
96.917,0.000,0,,,,,0,,,,GLOBAL,1.000,clear,0,24.5,127,23.062,0,0,-1.000,0.69,3.00,0.0272,0.0222
96.937,0.000,0,,,,,0,,,,GLOBAL,1.000,clear,0,24.5,127,23.081,0,0,-1.000,1.81,3.00,0.0469,0.0185
96.959,0.000,0,,,,,0,,,,GLOBAL,1.000,clear,0,24.5,127,23.103,0,0,-1.000,1.81,3.00,0.0447,0.0125
96.977,0.000,0,,,,,0,,,,GLOBAL,1.000,clear,0,24.5,127,23.122,0,0,-1.000,2.41,3.00,0.0371,0.0099
96.997,0.000,0,,,,,0,,,,GLOBAL,1.000,clear,0,24.5,127,23.141,0,0,-1.000,2.88,3.00,0.0327,0.0025
97.018,0.000,0,,,,,0,,,,GLOBAL,1.000,clear,0,24.5,127,23.162,0,0,-1.000,2.88,3.00,0.0272,0.0231
97.037,0.000,0,,,,,0,,,,GLOBAL,1.000,clear,0,24.5,127,23.181,0,0,-1.000,2.40,3.00,0.0467,0.0191
97.057,0.000,0,,,,,0,,,,GLOBAL,1.000,clear,0,24.5,127,23.201,0,0,-1.000,2.54,3.00,0.0430,0.0107
97.077,0.000,0,,,,,0,,,,GLOBAL,1.000,clear,0,24.5,127,23.221,0,0,-1.000,2.54,3.00,0.0368,0.0102
97.097,0.000,0,,,,,0,,,,GLOBAL,1.000,clear,0,24.5,127,23.241,0,0,-1.000,2.35,3.00,0.0333,0.0010
97.117,0.000,0,,,,,0,,,,GLOBAL,1.000,clear,0,24.5,127,23.261,0,0,-1.000,2.28,3.00,0.0277,0.0211
97.137,0.000,0,,,,,0,,,,GLOBAL,1.000,clear,0,24.5,127,23.281,0,0,-1.000,2.28,3.00,0.0477,0.0187
97.157,0.000,0,,,,,0,,,,GLOBAL,1.000,clear,0,24.5,127,23.301,0,0,-1.000,2.82,3.00,0.0435,0.0115
97.178,0.000,0,,,,,0,,,,GLOBAL,1.000,clear,0,24.5,127,23.322,0,0,-1.000,1.72,3.00,0.0390,0.0326
97.197,0.000,0,,,,,0,,,,GLOBAL,1.000,clear,0,24.5,127,23.341,0,0,-1.000,1.72,3.00,0.0322,0.0185
97.217,0.000,0,,,,,0,,,,GLOBAL,1.000,clear,0,24.5,127,23.361,0,0,-1.000,2.85,3.00,0.0267,0.0132
97.237,0.000,0,,,,,0,,,,GLOBAL,1.000,clear,0,24.5,127,23.381,0,0,-1.000,2.36,3.00,0.0466,0.0163
97.258,0.000,0,,,,,0,,,,GLOBAL,1.000,clear,0,24.5,127,23.402,0,0,-1.000,2.36,3.00,0.0429,0.0132
97.277,0.000,0,,,,,0,,,,GLOBAL,1.000,clear,0,24.5,127,23.421,0,0,-1.000,2.87,3.00,0.0367,0.0049
97.297,0.000,0,,,,,0,,,,GLOBAL,1.000,clear,0,24.5,127,23.441,0,0,-1.000,2.61,3.00,0.0324,0.0030
97.317,0.000,0,,,,,0,,,,GLOBAL,1.000,clear,0,24.5,127,23.462,0,0,-1.000,3.31,3.00,0.0273,0.0235
97.338,0.000,0,,,,,0,,,,GLOBAL,1.000,clear,0,24.5,127,23.482,0,0,-1.000,3.31,3.00,0.0479,0.0160
97.357,0.000,0,,,,,0,,,,GLOBAL,1.000,clear,0,24.5,127,23.501,0,0,-1.000,2.35,3.00,0.0424,0.0121
97.377,0.000,0,,,,,0,,,,GLOBAL,1.000,clear,0,24.5,127,23.521,0,0,-1.000,2.35,3.00,0.0368,0.0043
97.397,0.000,0,,,,,0,,,,GLOBAL,1.000,clear,0,24.5,127,23.541,0,0,-1.000,2.65,3.00,0.0327,0.0043
97.417,0.000,0,,,,,0,,,,GLOBAL,1.000,clear,0,24.5,127,23.562,0,0,-1.000,2.53,3.00,0.0272,0.0246
97.437,0.000,0,,,,,0,,,,GLOBAL,1.000,clear,0,24.5,127,23.582,0,0,-1.000,1.87,3.00,0.0470,0.0189
97.458,0.000,0,,,,,0,,,,GLOBAL,1.000,clear,0,24.5,127,23.602,0,0,-1.000,1.87,3.00,0.0434,0.0097
97.477,0.000,0,,,,,0,,,,GLOBAL,1.000,clear,0,24.5,127,23.622,0,0,-1.000,3.13,3.00,0.0371,0.0101
97.498,0.000,0,,,,,0,,,,GLOBAL,1.000,clear,0,24.5,127,23.642,0,0,-1.000,1.65,3.00,0.0335,0.0305
97.517,0.000,0,,,,,0,,,,GLOBAL,1.000,clear,0,24.5,127,23.661,0,0,-1.000,1.65,3.00,0.0270,0.0189
97.537,0.000,0,,,,,0,,,,GLOBAL,1.000,clear,0,24.5,127,23.682,0,0,-1.000,3.13,3.00,0.0472,0.0197
97.557,0.000,0,,,,,0,,,,GLOBAL,1.000,clear,0,24.5,127,23.701,0,0,-1.000,3.13,3.00,0.0430,0.0124
97.577,0.000,0,,,,,0,,,,GLOBAL,1.000,clear,0,24.5,127,23.721,0,0,-1.000,2.56,3.00,0.0368,0.0101
97.598,0.000,0,,,,,0,,,,GLOBAL,1.000,clear,0,24.5,127,23.742,0,0,-1.000,2.59,3.00,0.0337,0.0041
97.618,0.000,0,,,,,0,,,,GLOBAL,1.000,clear,0,24.5,127,23.762,0,0,-1.000,1.93,3.00,0.0280,0.0011
97.637,0.000,0,,,,,0,,,,GLOBAL,1.000,clear,0,24.5,127,23.781,0,0,-1.000,1.93,3.00,0.0471,0.0202
97.657,0.000,0,,,,,0,,,,GLOBAL,1.000,clear,0,24.5,127,23.802,0,0,-1.000,2.39,3.00,0.0436,0.0123
97.678,0.000,0,,,,,0,,,,GLOBAL,1.000,clear,0,24.5,127,23.822,0,0,-1.000,2.22,3.00,0.0378,0.0107
97.697,0.000,0,,,,,0,,,,GLOBAL,1.000,clear,0,24.5,127,23.842,0,0,-1.000,2.22,3.00,0.0337,0.0038
97.717,0.000,0,,,,,0,,,,GLOBAL,1.000,clear,0,24.5,127,23.861,0,0,-1.000,1.07,3.00,0.0270,0.0237
97.737,0.000,0,,,,,0,,,,GLOBAL,1.000,clear,0,24.5,127,23.882,0,0,-1.000,3.04,3.00,0.0471,0.0175
97.757,0.000,0,,,,,0,,,,GLOBAL,1.000,clear,0,24.5,127,23.902,0,0,-1.000,3.04,3.00,0.0422,0.0136
97.777,0.000,0,,,,,0,,,,GLOBAL,1.000,clear,0,24.5,127,23.921,0,0,-1.000,2.25,3.00,0.0370,0.0033
97.797,0.000,0,,,,,0,,,,GLOBAL,1.000,clear,0,24.5,127,23.942,0,0,-1.000,2.42,3.00,0.0324,0.0237
97.817,0.000,0,,,,,0,,,,GLOBAL,1.000,clear,0,24.5,127,23.961,0,0,-1.000,2.42,3.00,0.0269,0.0187
97.837,0.000,0,,,,,0,,,,GLOBAL,1.000,clear,0,24.5,127,23.981,0,0,-1.000,2.45,3.00,0.0469,0.0189
97.858,0.000,0,,,,,0,,,,GLOBAL,1.000,clear,0,24.5,127,24.002,0,0,-1.000,3.01,3.00,0.0432,0.0140
97.877,0.000,0,,,,,0,,,,GLOBAL,1.000,clear,0,24.5,127,24.021,0,0,-1.000,3.01,3.00,0.0370,0.0072
97.897,0.000,0,,,,,0,,,,GLOBAL,1.000,clear,0,24.5,127,24.042,0,0,-1.000,1.07,3.00,0.0328,0.0041
97.918,0.000,0,,,,,0,,,,GLOBAL,1.000,clear,0,24.5,127,24.062,0,0,-1.000,2.12,3.00,0.0278,0.0246
97.937,0.000,0,,,,,0,,,,GLOBAL,1.000,clear,0,24.5,127,24.081,0,0,-1.000,2.12,3.00,0.0470,0.0189
97.957,0.000,0,,,,,0,,,,GLOBAL,1.000,clear,0,24.5,127,24.101,0,0,-1.000,2.20,3.00,0.0426,0.0120
97.977,0.000,0,,,,,0,,,,GLOBAL,1.000,clear,0,24.5,127,24.121,0,0,-1.000,2.20,3.00,0.0370,0.0099
97.997,0.000,0,,,,,0,,,,GLOBAL,1.000,clear,0,24.5,127,24.141,0,0,-1.000,1.51,3.00,0.0329,0.0039
98.017,0.000,0,,,,,0,,,,GLOBAL,1.000,clear,0,24.5,127,24.162,0,0,-1.000,2.53,3.00,0.0272,0.0240
98.037,0.000,0,,,,,0,,,,GLOBAL,1.000,clear,0,24.5,127,24.181,0,0,-1.000,3.47,3.00,0.0471,0.0189
98.058,0.000,0,,,,,0,,,,GLOBAL,1.000,clear,0,24.5,127,24.203,0,0,-1.000,3.47,3.00,0.0442,0.0147
98.077,0.000,0,,,,,0,,,,GLOBAL,1.000,clear,0,24.5,127,24.221,0,0,-1.000,2.63,3.00,0.0365,0.0099
98.097,0.000,0,,,,,0,,,,GLOBAL,1.000,clear,0,24.5,127,24.241,0,0,-1.000,1.75,3.00,0.0329,0.0034
98.117,0.000,0,,,,,0,,,,GLOBAL,1.000,clear,0,24.5,127,24.261,0,0,-1.000,1.75,3.00,0.0231,0.0233
98.137,0.000,0,,,,,0,,,,GLOBAL,1.000,clear,0,24.5,127,24.281,0,0,-1.000,1.86,3.00,0.0432,0.0193
98.157,0.000,0,,,,,0,,,,GLOBAL,1.000,clear,0,24.5,127,24.302,0,0,-1.000,1.86,3.00,0.0435,0.0145
98.177,0.000,0,,,,,0,,,,GLOBAL,1.000,clear,0,24.5,127,24.321,0,0,-1.000,1.18,3.00,0.0373,0.0099
98.197,0.000,0,,,,,0,,,,GLOBAL,1.000,clear,0,24.5,127,24.341,0,0,-1.000,4.41,3.00,0.0331,0.0029
98.217,0.000,0,,,,,0,,,,GLOBAL,1.000,clear,0,24.5,127,24.361,0,0,-1.000,2.65,3.00,0.0228,0.0229
98.237,0.000,0,,,,,0,,,,GLOBAL,1.000,clear,0,24.5,127,24.382,0,0,-1.000,2.65,3.00,0.0432,0.0186
98.258,0.000,0,,,,,0,,,,GLOBAL,1.000,clear,0,24.5,127,24.402,0,0,-1.000,-0.37,3.00,0.0423,0.0145
98.277,0.000,0,,,,,0,,,,GLOBAL,1.000,clear,0,24.5,127,24.422,0,0,-1.000,-0.37,3.00,0.0374,0.0104
98.297,0.000,0,,,,,0,,,,GLOBAL,1.000,clear,0,24.5,127,24.441,0,0,-1.000,2.64,3.00,0.0315,0.0025
98.318,0.000,0,,,,,0,,,,GLOBAL,1.000,clear,0,24.5,127,24.462,0,0,-1.000,2.24,3.00,0.0257,0.0233
98.337,0.000,0,,,,,0,,,,GLOBAL,1.000,clear,0,24.5,127,24.481,0,0,-1.000,2.25,3.00,0.0450,0.0179
98.357,0.000,0,,,,,0,,,,GLOBAL,1.000,clear,0,24.5,127,24.502,0,0,-1.000,2.25,3.00,0.0408,0.0108
98.377,0.000,0,,,,,0,,,,GLOBAL,1.000,clear,0,24.5,127,24.521,0,0,-1.000,3.06,3.00,0.0369,0.0307
98.397,0.000,0,,,,,0,,,,GLOBAL,1.000,clear,0,24.5,127,24.541,0,0,-1.000,2.40,3.00,0.0319,0.0192
98.417,0.000,0,,,,,0,,,,GLOBAL,1.000,clear,0,24.5,127,24.561,0,0,-1.000,2.40,3.00,0.0267,0.0143
98.437,0.000,0,,,,,0,,,,GLOBAL,1.000,clear,0,24.5,127,24.582,0,0,-1.000,2.59,3.00,0.0470,0.0190
98.457,0.000,0,,,,,0,,,,GLOBAL,1.000,clear,0,24.5,127,24.602,0,0,-1.000,1.95,3.00,0.0424,0.0108
98.477,0.000,0,,,,,0,,,,GLOBAL,1.000,clear,0,24.5,127,24.621,0,0,-1.000,1.95,3.00,0.0368,0.0091
98.497,0.000,0,,,,,0,,,,GLOBAL,1.000,clear,0,24.5,127,24.641,0,0,-1.000,1.95,3.00,0.0323,0.0031
98.518,0.000,0,,,,,0,,,,GLOBAL,1.000,clear,0,24.5,127,24.662,0,0,-1.000,1.95,3.00,0.0257,0.0236
98.537,0.000,0,,,,,0,,,,GLOBAL,1.000,clear,0,24.5,127,24.682,0,0,-1.000,0.57,3.00,0.0454,0.0128
98.557,0.000,0,,,,,0,,,,GLOBAL,1.000,clear,0,24.5,127,24.701,0,0,-1.000,3.50,3.00,0.0424,0.0072
98.577,0.000,0,,,,,0,,,,GLOBAL,1.000,clear,0,24.5,127,24.722,0,0,-1.000,3.50,3.00,0.0371,0.0098
98.597,0.000,0,,,,,0,,,,GLOBAL,1.000,clear,0,24.5,127,24.741,0,0,-1.000,2.37,3.00,0.0328,0.0024
98.618,0.000,0,,,,,0,,,,GLOBAL,1.000,clear,0,24.5,127,24.762,0,0,-1.000,2.25,3.00,0.0277,0.0233
98.637,0.000,0,,,,,0,,,,GLOBAL,1.000,clear,0,24.5,127,24.781,0,0,-1.000,2.13,3.00,0.0469,0.0139
98.660,0.000,0,,,,,0,,,,GLOBAL,1.000,clear,0,24.5,127,24.804,0,0,-1.000,2.13,3.00,0.0458,0.0118
98.677,0.000,0,,,,,0,,,,GLOBAL,1.000,clear,0,24.5,127,24.822,0,0,-1.000,2.05,3.00,0.0353,0.0095
98.697,0.000,0,,,,,0,,,,GLOBAL,1.000,clear,0,24.5,127,24.841,0,0,-1.000,3.20,3.00,0.0328,0.0025
98.717,0.000,0,,,,,0,,,,GLOBAL,1.000,clear,0,24.5,127,24.861,0,0,-1.000,3.20,3.00,0.0270,0.0227
98.737,0.000,0,,,,,0,,,,GLOBAL,1.000,clear,0,24.5,127,24.881,0,0,-1.000,1.58,3.00,0.0468,0.0148
98.757,0.000,0,,,,,0,,,,GLOBAL,1.000,clear,0,24.5,127,24.901,0,0,-1.000,1.19,3.00,0.0429,0.0132
98.778,0.000,0,,,,,0,,,,GLOBAL,1.000,clear,0,24.5,127,24.922,0,0,-1.000,1.19,3.00,0.0382,0.0089
98.797,0.000,0,,,,,0,,,,GLOBAL,1.000,clear,0,24.5,127,24.942,0,0,-1.000,3.03,3.00,0.0335,0.0024
98.817,0.000,0,,,,,0,,,,GLOBAL,1.000,clear,0,24.5,127,24.962,0,0,-1.000,3.03,3.00,0.0535,0.0224
98.837,0.000,0,,,,,0,,,,GLOBAL,1.000,clear,0,24.5,127,24.981,0,0,-1.000,2.12,3.00,0.0437,0.0170
98.858,0.000,0,,,,,0,,,,GLOBAL,1.000,clear,0,24.5,127,25.002,0,0,-1.000,2.33,3.00,0.0430,0.0145
98.877,0.000,0,,,,,0,,,,GLOBAL,1.000,clear,0,24.5,127,25.021,0,0,-1.000,2.29,3.00,0.0352,0.0088
98.897,0.000,0,,,,,0,,,,GLOBAL,1.000,clear,0,24.5,127,25.041,0,0,-1.000,2.29,3.00,0.0301,0.0038
98.917,0.000,0,,,,,0,,,,GLOBAL,1.000,clear,0,24.5,127,25.061,0,0,-1.000,2.41,3.00,0.0255,0.0238
98.937,0.000,0,,,,,0,,,,GLOBAL,1.000,clear,0,24.5,127,25.082,0,0,-1.000,2.86,3.00,0.0457,0.0187
98.957,0.000,0,,,,,0,,,,GLOBAL,1.000,clear,0,24.5,127,25.102,0,0,-1.000,2.86,3.00,0.0421,0.0153
98.977,0.000,0,,,,,0,,,,GLOBAL,1.000,clear,0,24.5,127,25.121,0,0,-1.000,2.40,3.00,0.0379,0.0090
98.997,0.000,0,,,,,0,,,,GLOBAL,1.000,clear,0,24.5,127,25.141,0,0,-1.000,2.29,3.00,0.0268,0.0031
99.017,0.000,0,,,,,0,,,,GLOBAL,1.000,clear,0,24.5,127,25.162,0,0,-1.000,2.29,3.00,0.0273,0.0233
99.037,0.000,0,,,,,0,,,,GLOBAL,1.000,clear,0,24.5,127,25.181,0,0,-1.000,2.12,3.00,0.0470,0.0187
99.057,0.000,0,,,,,0,,,,GLOBAL,1.000,clear,0,24.5,127,25.201,0,0,-1.000,3.20,3.00,0.0423,0.0128
99.077,0.000,0,,,,,0,,,,GLOBAL,1.000,clear,0,24.5,127,25.221,0,0,-1.000,3.20,3.00,0.0369,0.0041
99.097,0.000,0,,,,,0,,,,GLOBAL,1.000,clear,0,24.5,127,25.242,0,0,-1.000,2.62,3.00,0.0302,0.0245
99.118,0.000,0,,,,,0,,,,GLOBAL,1.000,clear,0,24.5,127,25.262,0,0,-1.000,2.40,3.00,0.0274,0.0177
99.137,0.000,0,,,,,0,,,,GLOBAL,1.000,clear,0,24.5,127,25.281,0,0,-1.000,2.40,3.00,0.0468,0.0161
99.158,0.000,0,,,,,0,,,,GLOBAL,1.000,clear,0,24.5,127,25.302,0,0,-1.000,2.58,3.00,0.0432,0.0148
99.178,0.000,0,,,,,0,,,,GLOBAL,1.000,clear,0,24.5,127,25.322,0,0,-1.000,2.60,3.00,0.0376,0.0108
99.197,0.000,0,,,,,0,,,,GLOBAL,1.000,clear,0,24.5,127,25.342,0,0,-1.000,2.60,3.00,0.0331,0.0023
99.218,0.000,0,,,,,0,,,,GLOBAL,1.000,clear,0,24.5,127,25.362,0,0,-1.000,1.92,3.00,0.0277,0.0228
99.237,0.000,0,,,,,0,,,,GLOBAL,1.000,clear,0,24.5,127,25.381,0,0,-1.000,1.92,3.00,0.0470,0.0185
99.257,0.000,0,,,,,0,,,,GLOBAL,1.000,clear,0,24.5,127,25.401,0,0,-1.000,3.75,3.00,0.0418,0.0139
99.278,0.000,0,,,,,0,,,,GLOBAL,1.000,clear,0,24.5,127,25.422,0,0,-1.000,1.70,3.00,0.0372,0.0105
99.299,0.000,0,,,,,0,,,,GLOBAL,1.000,clear,0,24.5,127,25.443,0,0,-1.000,1.70,3.00,0.0587,0.0321
99.317,0.000,0,,,,,0,,,,GLOBAL,1.000,clear,0,24.5,127,25.461,0,0,-1.000,2.32,3.00,0.0255,0.0160
99.337,0.000,0,,,,,0,,,,GLOBAL,1.000,clear,0,24.5,127,25.481,0,0,-1.000,1.54,3.00,0.0456,0.0193
99.357,0.000,0,,,,,0,,,,GLOBAL,1.000,clear,0,24.5,127,25.501,0,0,-1.000,2.25,3.00,0.0432,0.0073
99.377,0.000,0,,,,,0,,,,GLOBAL,1.000,clear,0,24.5,127,25.522,0,0,-1.000,2.25,3.00,0.0360,0.0011
99.397,0.000,0,,,,,0,,,,GLOBAL,1.000,clear,0,24.5,127,25.541,0,0,-1.000,2.33,3.00,0.0316,0.0011
99.417,0.000,0,,,,,0,,,,GLOBAL,1.000,clear,0,24.5,127,25.562,0,0,-1.000,2.33,3.00,0.0256,0.0212
99.437,0.000,0,,,,,0,,,,GLOBAL,1.000,clear,0,24.5,127,25.581,0,0,-1.000,2.88,3.00,0.0454,0.0154
99.457,0.000,0,,,,,0,,,,GLOBAL,1.000,clear,0,24.5,127,25.601,0,0,-1.000,1.85,3.00,0.0417,0.0141
99.477,0.000,0,,,,,0,,,,GLOBAL,1.000,clear,0,24.5,127,25.621,0,0,-1.000,2.39,3.00,0.0366,0.0006
99.498,0.000,0,,,,,0,,,,GLOBAL,1.000,clear,0,24.5,127,25.642,0,0,-1.000,2.39,3.00,0.0325,0.0034
99.517,0.000,0,,,,,0,,,,GLOBAL,1.000,clear,0,24.5,127,25.662,0,0,-1.000,2.45,3.00,0.0281,0.0231
99.537,0.000,0,,,,,0,,,,GLOBAL,1.000,clear,0,24.5,127,25.681,0,0,-1.000,3.13,3.00,0.0479,0.0160
99.557,0.000,0,,,,,0,,,,GLOBAL,1.000,clear,0,24.5,127,25.702,0,0,-1.000,3.13,3.00,0.0425,0.0130
99.578,0.000,0,,,,,0,,,,GLOBAL,1.000,clear,0,24.5,127,25.722,0,0,-1.000,4.28,3.00,0.0376,0.0062
99.597,0.000,0,,,,,0,,,,GLOBAL,1.000,clear,0,24.5,127,25.741,0,0,-1.000,2.92,3.00,0.0323,0.0034
99.617,0.000,0,,,,,0,,,,GLOBAL,1.000,clear,0,24.5,127,25.761,0,0,-1.000,2.92,3.00,0.0270,0.0233
99.637,0.000,0,,,,,0,,,,GLOBAL,1.000,clear,0,24.5,127,25.782,0,0,-1.000,2.91,3.00,0.0472,0.0164
99.657,0.000,0,,,,,0,,,,GLOBAL,1.000,clear,0,24.5,127,25.802,0,0,-1.000,2.25,3.00,0.0427,0.0123
99.677,0.000,0,,,,,0,,,,GLOBAL,1.000,clear,0,24.5,127,25.821,0,0,-1.000,2.25,3.00,0.0367,0.0093
99.697,0.000,0,,,,,0,,,,GLOBAL,1.000,clear,0,24.5,127,25.841,0,0,-1.000,1.74,3.00,0.0327,0.0293
99.718,0.000,0,,,,,0,,,,GLOBAL,1.000,clear,0,24.5,127,25.862,0,0,-1.000,3.43,3.00,0.0274,0.0196
99.737,0.000,0,,,,,0,,,,GLOBAL,1.000,clear,0,24.5,127,25.881,0,0,-1.000,3.43,3.00,0.0467,0.0159
99.757,0.000,0,,,,,0,,,,GLOBAL,1.000,clear,0,24.5,127,25.902,0,0,-1.000,2.77,3.00,0.0429,0.0134
99.777,0.000,0,,,,,0,,,,GLOBAL,1.000,clear,0,24.5,127,25.922,0,0,-1.000,2.57,3.00,0.0373,0.0097
99.797,0.000,0,,,,,0,,,,GLOBAL,1.000,clear,0,24.5,127,25.942,0,0,-1.000,2.57,3.00,0.0331,0.0013
99.817,0.000,0,,,,,0,,,,GLOBAL,1.000,clear,0,24.5,127,25.961,0,0,-1.000,2.52,3.00,0.0271,0.0209
99.837,0.000,0,,,,,0,,,,GLOBAL,1.000,clear,0,24.5,127,25.982,0,0,-1.000,2.73,3.00,0.0473,0.0137
99.858,0.000,0,,,,,0,,,,GLOBAL,1.000,clear,0,24.5,127,26.002,0,0,-1.000,2.73,3.00,0.0440,0.0127
99.878,0.000,0,,,,,0,,,,GLOBAL,1.000,clear,0,24.5,127,26.022,0,0,-1.000,2.89,3.00,0.0379,0.0103
99.897,0.000,0,,,,,0,,,,GLOBAL,1.000,clear,0,24.5,127,26.041,0,0,-1.000,2.89,3.00,0.0331,0.0034
99.917,0.000,0,,,,,0,,,,GLOBAL,1.000,clear,0,24.5,127,26.062,0,0,-1.000,1.29,3.00,0.0277,0.0237
99.937,0.000,0,,,,,0,,,,GLOBAL,1.000,clear,0,24.5,127,26.081,0,0,-1.000,1.25,3.00,0.0476,0.0180
99.957,0.000,0,,,,,0,,,,GLOBAL,1.000,clear,0,24.5,127,26.102,0,0,-1.000,3.57,3.00,0.0420,0.0141
99.977,0.000,0,,,,,0,,,,GLOBAL,1.000,clear,0,24.5,127,26.121,0,0,-1.000,3.57,3.00,0.0367,0.0031
99.997,0.000,0,,,,,0,,,,GLOBAL,1.000,clear,0,24.5,127,26.141,0,0,-1.000,2.49,3.00,0.0317,0.0231
100.018,0.000,0,,,,,0,,,,GLOBAL,1.000,clear,0,24.5,127,26.162,0,0,-1.000,2.93,3.00,0.0288,0.0197
100.037,0.000,0,,,,,0,,,,GLOBAL,1.000,clear,0,24.5,127,26.182,0,0,-1.000,2.93,3.00,0.0479,0.0153
100.058,0.000,0,,,,,0,,,,GLOBAL,1.000,clear,0,24.5,127,26.202,0,0,-1.000,2.46,3.00,0.0426,0.0143
100.077,0.000,0,,,,,0,,,,GLOBAL,1.000,clear,0,24.5,127,26.221,0,0,-1.000,2.46,3.00,0.0379,0.0071
100.097,0.000,0,,,,,0,,,,GLOBAL,1.000,clear,0,24.5,127,26.241,0,0,-1.000,2.28,3.00,0.0314,0.0028
100.118,0.000,0,,,,,0,,,,GLOBAL,1.000,clear,0,24.5,127,26.262,0,0,-1.000,2.23,3.00,0.0287,0.0234
100.137,0.000,0,,,,,0,,,,GLOBAL,1.000,clear,0,24.5,127,26.281,0,0,-1.000,2.77,3.00,0.0482,0.0146
100.157,0.000,0,,,,,0,,,,GLOBAL,1.000,clear,0,24.5,127,26.301,0,0,-1.000,2.77,3.00,0.0423,0.0151
100.177,0.000,0,,,,,0,,,,GLOBAL,1.000,clear,0,24.5,127,26.321,0,0,-1.000,2.22,3.00,0.0383,0.0062
100.197,0.000,0,,,,,0,,,,GLOBAL,1.000,clear,0,24.5,127,26.341,0,0,-1.000,2.22,3.00,0.0325,0.0263
100.218,0.000,0,,,,,0,,,,GLOBAL,1.000,clear,0,24.5,127,26.362,0,0,-1.000,2.80,3.00,0.0274,0.0201
100.237,0.000,0,,,,,0,,,,GLOBAL,1.000,clear,0,24.5,127,26.381,0,0,-1.000,3.29,3.00,0.0467,0.0139
100.258,0.000,0,,,,,0,,,,GLOBAL,1.000,clear,0,24.5,127,26.402,0,0,-1.000,1.35,3.00,0.0431,0.0131
100.277,0.000,0,,,,,0,,,,GLOBAL,1.000,clear,0,24.5,127,26.421,0,0,-1.000,1.35,3.00,0.0367,0.0021
100.298,0.000,0,,,,,0,,,,GLOBAL,1.000,clear,0,24.5,127,26.442,0,0,-1.000,2.41,3.00,0.0320,0.0038
100.318,0.000,0,,,,,0,,,,GLOBAL,1.000,clear,0,24.5,127,26.462,0,0,-1.000,2.41,3.00,0.0517,0.0235
100.337,0.000,0,,,,,0,,,,GLOBAL,1.000,clear,0,24.5,127,26.481,0,0,-1.000,2.49,3.00,0.0471,0.0145
100.361,0.000,0,,,,,0,,,,GLOBAL,1.000,clear,0,24.5,127,26.505,0,0,-1.000,2.32,3.00,0.0455,0.0171
100.379,0.000,0,,,,,0,,,,GLOBAL,1.000,clear,0,24.5,127,26.523,0,0,-1.000,2.26,3.00,0.0395,0.0106
100.397,0.000,0,,,,,0,,,,GLOBAL,1.000,clear,0,24.5,127,26.542,0,0,-1.000,2.26,3.00,0.0332,0.0015
100.417,0.000,0,,,,,0,,,,GLOBAL,1.000,clear,0,24.5,127,26.562,0,0,-1.000,2.14,3.00,0.0271,0.0214
100.437,0.000,0,,,,,0,,,,GLOBAL,1.000,clear,0,24.5,127,26.582,0,0,-1.000,4.25,3.00,0.0471,0.0197
100.457,0.000,0,,,,,0,,,,GLOBAL,1.000,clear,0,24.5,127,26.602,0,0,-1.000,4.25,3.00,0.0434,0.0129
100.477,0.000,0,,,,,0,,,,GLOBAL,1.000,clear,0,24.5,127,26.621,0,0,-1.000,1.26,3.00,0.0367,0.0098
100.497,0.000,0,,,,,0,,,,GLOBAL,1.000,clear,0,24.5,127,26.642,0,0,-1.000,1.26,3.00,0.0335,0.0034
100.517,0.000,0,,,,,0,,,,GLOBAL,1.000,clear,0,24.5,127,26.662,0,0,-1.000,2.15,3.00,0.0277,0.0232
100.537,0.000,0,,,,,0,,,,GLOBAL,1.000,clear,0,24.5,127,26.681,0,0,-1.000,3.07,3.00,0.0475,0.0194
100.557,0.000,0,,,,,0,,,,GLOBAL,1.000,clear,0,24.5,127,26.701,0,0,-1.000,3.07,3.00,0.0433,0.0139
100.577,0.000,0,,,,,0,,,,GLOBAL,1.000,clear,0,24.5,127,26.721,0,0,-1.000,2.91,3.00,0.0375,0.0076
100.597,0.000,0,,,,,0,,,,GLOBAL,1.000,clear,0,24.5,127,26.741,0,0,-1.000,2.62,3.00,0.0315,0.0007
100.617,0.000,0,,,,,0,,,,GLOBAL,1.000,clear,0,24.5,127,26.761,0,0,-1.000,1.41,3.00,0.0277,0.0209
100.637,0.000,0,,,,,0,,,,GLOBAL,1.000,clear,0,24.5,127,26.781,0,0,-1.000,1.41,3.00,0.0477,0.0156
100.657,0.000,0,,,,,0,,,,GLOBAL,1.000,clear,0,24.5,127,26.801,0,0,-1.000,3.35,3.00,0.0412,0.0123
100.677,0.000,0,,,,,0,,,,GLOBAL,1.000,clear,0,24.5,127,26.821,0,0,-1.000,3.35,3.00,0.0367,0.0080
100.697,0.000,0,,,,,0,,,,GLOBAL,1.000,clear,0,24.5,127,26.841,0,0,-1.000,3.06,3.00,0.0321,0.0281
100.718,0.000,0,,,,,0,,,,GLOBAL,1.000,clear,0,24.5,127,26.862,0,0,-1.000,3.56,3.00,0.0526,0.0171
100.737,0.000,0,,,,,0,,,,GLOBAL,1.000,clear,0,24.5,127,26.881,0,0,-1.000,3.56,3.00,0.0479,0.0133
100.757,0.000,0,,,,,0,,,,GLOBAL,1.000,clear,0,24.5,127,26.901,0,0,-1.000,1.09,3.00,0.0422,0.0110
100.777,0.000,0,,,,,0,,,,GLOBAL,1.000,clear,0,24.5,127,26.921,0,0,-1.000,2.40,3.00,0.0381,0.0021
100.797,0.000,0,,,,,0,,,,GLOBAL,1.000,clear,0,24.5,127,26.941,0,0,-1.000,2.40,3.00,0.0322,0.0039
100.817,0.000,0,,,,,0,,,,GLOBAL,1.000,clear,0,24.5,127,26.962,0,0,-1.000,3.10,3.00,0.0285,0.0244
100.838,0.000,0,,,,,0,,,,GLOBAL,1.000,clear,0,24.5,127,26.982,0,0,-1.000,2.76,3.00,0.0486,0.0198
100.858,0.000,0,,,,,0,,,,GLOBAL,1.000,clear,0,24.5,127,27.003,0,0,-1.000,2.98,3.00,0.0437,0.0120
100.878,0.000,0,,,,,0,,,,GLOBAL,1.000,clear,0,24.5,127,27.022,0,0,-1.000,2.98,3.00,0.0370,0.0106
100.897,0.000,0,,,,,0,,,,GLOBAL,1.000,clear,0,24.5,127,27.042,0,0,-1.000,1.23,3.00,0.0329,0.0033
100.918,0.000,0,,,,,0,,,,GLOBAL,1.000,clear,0,24.5,127,27.063,0,0,-1.000,1.23,3.00,0.0540,0.0244
100.937,0.000,0,,,,,0,,,,GLOBAL,1.000,clear,0,24.5,127,27.081,0,0,-1.000,1.83,3.00,0.0468,0.0161
100.957,0.000,0,,,,,0,,,,GLOBAL,1.000,clear,0,24.5,127,27.101,0,0,-1.000,3.56,3.00,0.0440,0.0133
100.977,0.000,0,,,,,0,,,,GLOBAL,1.000,clear,0,24.5,127,27.121,0,0,-1.000,3.56,3.00,0.0368,0.0090
100.997,0.000,0,,,,,0,,,,GLOBAL,1.000,clear,0,24.5,127,27.141,0,0,-1.000,2.69,3.00,0.0330,0.0032
101.018,0.000,0,,,,,0,,,,GLOBAL,1.000,clear,0,24.5,127,27.162,0,0,-1.000,1.70,3.00,0.0259,0.0237
101.038,0.000,0,,,,,0,,,,GLOBAL,1.000,clear,0,24.5,127,27.182,0,0,-1.000,4.63,3.00,0.0461,0.0183
101.057,0.000,0,,,,,0,,,,GLOBAL,1.000,clear,0,24.5,127,27.201,0,0,-1.000,4.63,3.00,0.0430,0.0129
101.077,0.000,0,,,,,0,,,,GLOBAL,1.000,clear,0,24.5,127,27.221,0,0,-1.000,2.03,3.00,0.0368,0.0103
101.097,0.000,0,,,,,0,,,,GLOBAL,1.000,clear,0,24.5,127,27.241,0,0,-1.000,2.03,3.00,0.0333,0.0303
101.118,0.000,0,,,,,0,,,,GLOBAL,1.000,clear,0,24.5,127,27.262,0,0,-1.000,1.51,3.00,0.0277,0.0194
101.137,0.000,0,,,,,0,,,,GLOBAL,1.000,clear,0,24.5,127,27.281,0,0,-1.000,1.75,3.00,0.0472,0.0144
101.157,0.000,0,,,,,0,,,,GLOBAL,1.000,clear,0,24.5,127,27.302,0,0,-1.000,2.91,3.00,0.0409,0.0110
101.178,0.000,0,,,,,0,,,,GLOBAL,1.000,clear,0,24.5,127,27.322,0,0,-1.000,2.91,3.00,0.0379,0.0059
101.197,0.000,0,,,,,0,,,,GLOBAL,1.000,clear,0,24.5,127,27.341,0,0,-1.000,2.33,3.00,0.0318,0.0247
101.217,0.000,0,,,,,0,,,,GLOBAL,1.000,clear,0,24.5,127,27.361,0,0,-1.000,2.33,3.00,0.0263,0.0198
101.237,0.000,0,,,,,0,,,,GLOBAL,1.000,clear,0,24.5,127,27.381,0,0,-1.000,2.33,3.00,0.0461,0.0139
101.257,0.000,0,,,,,0,,,,GLOBAL,1.000,clear,0,24.5,127,27.401,0,0,-1.000,2.54,3.00,0.0421,0.0108
101.277,0.000,0,,,,,0,,,,GLOBAL,1.000,clear,0,24.5,127,27.422,0,0,-1.000,3.22,3.00,0.0380,0.0009
101.297,0.000,0,,,,,0,,,,GLOBAL,1.000,clear,0,24.5,127,27.441,0,0,-1.000,3.22,3.00,0.0321,0.0207
101.317,0.000,0,,,,,0,,,,GLOBAL,1.000,clear,0,24.5,127,27.461,0,0,-1.000,2.52,3.00,0.0281,0.0161
101.337,0.000,0,,,,,0,,,,GLOBAL,1.000,clear,0,24.5,127,27.482,0,0,-1.000,1.57,3.00,0.0482,0.0165
101.357,0.000,0,,,,,0,,,,GLOBAL,1.000,clear,0,24.5,127,27.501,0,0,-1.000,1.57,3.00,0.0424,0.0095
101.377,0.000,0,,,,,0,,,,GLOBAL,1.000,clear,0,24.5,127,27.522,0,0,-1.000,2.14,3.00,0.0367,0.0097
101.397,0.000,0,,,,,0,,,,GLOBAL,1.000,clear,0,24.5,127,27.541,0,0,-1.000,2.99,3.00,0.0324,0.0294
101.418,0.000,0,,,,,0,,,,GLOBAL,1.000,clear,0,24.5,127,27.562,0,0,-1.000,2.99,3.00,0.0253,0.0182
101.437,0.000,0,,,,,0,,,,GLOBAL,1.000,clear,0,24.5,127,27.582,0,0,-1.000,2.92,3.00,0.0449,0.0192
101.458,0.000,0,,,,,0,,,,GLOBAL,1.000,clear,0,24.5,127,27.602,0,0,-1.000,0.42,3.00,0.0437,0.0065
101.478,0.000,0,,,,,0,,,,GLOBAL,1.000,clear,0,24.5,127,27.622,0,0,-1.000,0.42,3.00,0.0375,0.0262
101.497,0.000,0,,,,,0,,,,GLOBAL,1.000,clear,0,24.5,127,27.642,0,0,-1.000,3.88,3.00,0.0328,0.0191
101.519,0.000,0,,,,,0,,,,GLOBAL,1.000,clear,0,24.5,127,27.663,0,0,-1.000,2.02,3.00,0.0286,0.0136
101.538,0.000,0,,,,,0,,,,GLOBAL,1.000,clear,0,24.5,127,27.682,0,0,-1.000,2.02,3.00,0.0477,0.0131
101.557,0.000,0,,,,,0,,,,GLOBAL,1.000,clear,0,24.5,127,27.701,0,0,-1.000,2.52,3.00,0.0409,0.0131
101.578,0.000,0,,,,,0,,,,GLOBAL,1.000,clear,0,24.5,127,27.722,0,0,-1.000,3.14,3.00,0.0376,0.0107
101.597,0.000,0,,,,,0,,,,GLOBAL,1.000,clear,0,24.5,127,27.741,0,0,-1.000,3.14,3.00,0.0312,0.0034
101.617,0.000,0,,,,,0,,,,GLOBAL,1.000,clear,0,24.5,127,27.761,0,0,-1.000,2.69,3.00,0.0272,0.0235
101.637,0.000,0,,,,,0,,,,GLOBAL,1.000,clear,0,24.5,127,27.781,0,0,-1.000,2.69,3.00,0.0472,0.0186
101.657,0.000,0,,,,,0,,,,GLOBAL,1.000,clear,0,24.5,127,27.801,0,0,-1.000,1.96,3.00,0.0429,0.0081
101.677,0.000,0,,,,,0,,,,GLOBAL,1.000,clear,0,24.5,127,27.822,0,0,-1.000,2.52,3.00,0.0377,0.0058
101.697,0.000,0,,,,,0,,,,GLOBAL,1.000,clear,0,24.5,127,27.841,0,0,-1.000,2.52,3.00,0.0316,0.0256
101.717,0.000,0,,,,,0,,,,GLOBAL,1.000,clear,0,24.5,127,27.861,0,0,-1.000,1.92,3.00,0.0272,0.0187
101.738,0.000,0,,,,,0,,,,GLOBAL,1.000,clear,0,24.5,127,27.882,0,0,-1.000,2.40,3.00,0.0478,0.0172
101.757,0.000,0,,,,,0,,,,GLOBAL,1.000,clear,0,24.5,127,27.902,0,0,-1.000,2.40,3.00,0.0412,0.0117
101.777,0.000,0,,,,,0,,,,GLOBAL,1.000,clear,0,24.5,127,27.921,0,0,-1.000,2.53,3.00,0.0362,0.0067
101.797,0.000,0,,,,,0,,,,GLOBAL,1.000,clear,0,24.5,127,27.941,0,0,-1.000,2.71,3.00,0.0319,0.0027
101.819,0.000,0,,,,,0,,,,GLOBAL,1.000,clear,0,24.5,127,27.963,0,0,-1.000,1.32,3.00,0.0539,0.0248
101.837,0.000,0,,,,,0,,,,GLOBAL,1.000,clear,0,24.5,127,27.982,0,0,-1.000,1.32,3.00,0.0479,0.0148
101.858,0.000,0,,,,,0,,,,GLOBAL,1.000,clear,0,24.5,127,28.003,0,0,-1.000,3.90,3.00,0.0431,0.0012
101.882,0.000,0,,,,,0,,,,GLOBAL,1.000,clear,0,24.5,127,28.026,0,0,-1.000,3.90,3.00,0.0426,0.0102
101.897,0.000,0,,,,,0,,,,GLOBAL,1.000,clear,0,24.5,127,28.041,0,0,-1.000,1.58,3.00,0.0319,0.0254
101.917,0.000,0,,,,,0,,,,GLOBAL,1.000,clear,0,24.5,127,28.062,0,0,-1.000,3.85,3.00,0.0283,0.0194
101.937,0.000,0,,,,,0,,,,GLOBAL,1.000,clear,0,24.5,127,28.081,0,0,-1.000,3.85,3.00,0.0480,0.0151
101.961,0.000,0,,,,,0,,,,GLOBAL,1.000,clear,0,24.5,127,28.105,0,0,-1.000,2.82,3.00,0.0458,0.0168
101.977,0.000,0,,,,,0,,,,GLOBAL,1.000,clear,0,24.5,127,28.122,0,0,-1.000,1.28,3.00,0.0367,0.0098
101.997,0.000,0,,,,,0,,,,GLOBAL,1.000,clear,0,24.5,127,28.142,0,0,-1.000,1.28,3.00,0.0313,0.0035
102.017,0.000,0,,,,,0,,,,GLOBAL,1.000,clear,0,24.5,127,28.161,0,0,-1.000,1.79,3.00,0.0267,0.0233
102.038,0.000,0,,,,,0,,,,GLOBAL,1.000,clear,0,24.5,127,28.182,0,0,-1.000,4.26,3.00,0.0471,0.0196
102.057,0.000,0,,,,,0,,,,GLOBAL,1.000,clear,0,24.5,127,28.202,0,0,-1.000,0.31,3.00,0.0426,0.0090
102.077,0.000,0,,,,,0,,,,GLOBAL,1.000,clear,0,24.5,127,28.222,0,0,-1.000,0.31,3.00,0.0370,0.0033
102.097,0.000,0,,,,,0,,,,GLOBAL,1.000,clear,0,24.5,127,28.241,0,0,-1.000,0.31,3.00,0.0327,0.0012
102.118,0.000,0,,,,,0,,,,GLOBAL,1.000,clear,0,24.5,127,28.263,0,0,-1.000,2.20,3.00,0.0280,0.0224
102.137,0.000,0,,,,,0,,,,GLOBAL,1.000,clear,0,24.5,127,28.282,0,0,-1.000,3.67,3.00,0.0471,0.0086
102.157,0.000,0,,,,,0,,,,GLOBAL,1.000,clear,0,24.5,127,28.302,0,0,-1.000,3.67,3.00,0.0379,0.0129
102.177,0.000,0,,,,,0,,,,GLOBAL,1.000,clear,0,24.5,127,28.322,0,0,-1.000,3.50,3.00,0.0327,0.0073
102.201,0.000,0,,,,,0,,,,GLOBAL,1.000,clear,0,24.5,127,28.345,0,0,-1.000,2.05,3.00,0.0300,0.0309
102.217,0.000,0,,,,,0,,,,GLOBAL,1.000,clear,0,24.5,127,28.362,0,0,-1.000,2.05,3.00,0.0270,0.0160
102.237,0.000,0,,,,,0,,,,GLOBAL,1.000,clear,0,24.5,127,28.382,0,0,-1.000,2.47,3.00,0.0469,0.0180
102.257,0.000,0,,,,,0,,,,GLOBAL,1.000,clear,0,24.5,127,28.402,0,0,-1.000,2.47,3.00,0.0419,0.0130
102.277,0.000,0,,,,,0,,,,GLOBAL,1.000,clear,0,24.5,127,28.421,0,0,-1.000,2.47,3.00,0.0368,0.0076
102.297,0.000,0,,,,,0,,,,GLOBAL,1.000,clear,0,24.5,127,28.441,0,0,-1.000,2.47,3.00,0.0316,0.0042
102.318,0.000,0,,,,,0,,,,GLOBAL,1.000,clear,0,24.5,127,28.462,0,0,-1.000,2.47,3.00,0.0283,0.0249
102.337,0.000,0,,,,,0,,,,GLOBAL,1.000,clear,0,24.5,127,28.481,0,0,-1.000,1.58,3.00,0.0478,0.0184
102.357,0.000,0,,,,,0,,,,GLOBAL,1.000,clear,0,24.5,127,28.502,0,0,-1.000,2.28,3.00,0.0374,0.0145
102.377,0.000,0,,,,,0,,,,GLOBAL,1.000,clear,0,24.5,127,28.522,0,0,-1.000,2.28,3.00,0.0383,0.0087
102.397,0.000,0,,,,,0,,,,GLOBAL,1.000,clear,0,24.5,127,28.541,0,0,-1.000,2.37,3.00,0.0322,0.0284
102.418,0.000,0,,,,,0,,,,GLOBAL,1.000,clear,0,24.5,127,28.562,0,0,-1.000,2.37,3.00,0.0269,0.0188
102.437,0.000,0,,,,,0,,,,GLOBAL,1.000,clear,0,24.5,127,28.581,0,0,-1.000,2.49,3.00,0.0464,0.0162
102.457,0.000,0,,,,,0,,,,GLOBAL,1.000,clear,0,24.5,127,28.602,0,0,-1.000,1.98,3.00,0.0426,0.0121
102.477,0.000,0,,,,,0,,,,GLOBAL,1.000,clear,0,24.5,127,28.621,0,0,-1.000,1.98,3.00,0.0366,0.0091
102.497,0.000,0,,,,,0,,,,GLOBAL,1.000,clear,0,24.5,127,28.641,0,0,-1.000,3.08,3.00,0.0325,0.0036
102.517,0.000,0,,,,,0,,,,GLOBAL,1.000,clear,0,24.5,127,28.661,0,0,-1.000,0.78,3.00,0.0267,0.0236
102.537,0.000,0,,,,,0,,,,GLOBAL,1.000,clear,0,24.5,127,28.681,0,0,-1.000,0.78,3.00,0.0466,0.0148
102.557,0.000,0,,,,,0,,,,GLOBAL,1.000,clear,0,24.5,127,28.701,0,0,-1.000,2.58,3.00,0.0425,0.0122
102.577,0.000,0,,,,,0,,,,GLOBAL,1.000,clear,0,24.5,127,28.721,0,0,-1.000,1.52,3.00,0.0368,0.0098
102.597,0.000,0,,,,,0,,,,GLOBAL,1.000,clear,0,24.5,127,28.742,0,0,-1.000,1.52,3.00,0.0327,0.0015
102.617,0.000,0,,,,,0,,,,GLOBAL,1.000,clear,0,24.5,127,28.762,0,0,-1.000,3.97,3.00,0.0271,0.0216
102.637,0.000,0,,,,,0,,,,GLOBAL,1.000,clear,0,24.5,127,28.781,0,0,-1.000,0.97,3.00,0.0467,0.0193
102.657,0.000,0,,,,,0,,,,GLOBAL,1.000,clear,0,24.5,127,28.801,0,0,-1.000,3.34,3.00,0.0427,0.0118
102.678,0.000,0,,,,,0,,,,GLOBAL,1.000,clear,0,24.5,127,28.823,0,0,-1.000,3.34,3.00,0.0381,0.0108
102.697,0.000,0,,,,,0,,,,GLOBAL,1.000,clear,0,24.5,127,28.842,0,0,-1.000,2.34,3.00,0.0331,0.0034
102.719,0.000,0,,,,,0,,,,GLOBAL,1.000,clear,0,24.5,127,28.863,0,0,-1.000,2.24,3.00,0.0286,0.0247
102.737,0.000,0,,,,,0,,,,GLOBAL,1.000,clear,0,24.5,127,28.881,0,0,-1.000,2.24,3.00,0.0470,0.0176
102.757,0.000,0,,,,,0,,,,GLOBAL,1.000,clear,0,24.5,127,28.901,0,0,-1.000,2.24,3.00,0.0411,0.0134
102.777,0.000,0,,,,,0,,,,GLOBAL,1.000,clear,0,24.5,127,28.921,0,0,-1.000,2.67,3.00,0.0372,0.0082
102.797,0.000,0,,,,,0,,,,GLOBAL,1.000,clear,0,24.5,127,28.941,0,0,-1.000,2.67,3.00,0.0314,0.0012
102.818,0.000,0,,,,,0,,,,GLOBAL,1.000,clear,0,24.5,127,28.962,0,0,-1.000,2.44,3.00,0.0277,0.0220
102.837,0.000,0,,,,,0,,,,GLOBAL,1.000,clear,0,24.5,127,28.981,0,0,-1.000,2.46,3.00,0.0470,0.0175
102.858,0.000,0,,,,,0,,,,GLOBAL,1.000,clear,0,24.5,127,29.002,0,0,-1.000,2.46,3.00,0.0420,0.0132
102.877,0.000,0,,,,,0,,,,GLOBAL,1.000,clear,0,24.5,127,29.022,0,0,-1.000,3.58,3.00,0.0370,0.0081
102.897,0.000,0,,,,,0,,,,GLOBAL,1.000,clear,0,24.5,127,29.041,0,0,-1.000,3.58,3.00,0.0318,0.0033
102.918,0.000,0,,,,,0,,,,GLOBAL,1.000,clear,0,24.5,127,29.063,0,0,-1.000,2.86,3.00,0.0280,0.0244
102.937,0.000,0,,,,,0,,,,GLOBAL,1.000,clear,0,24.5,127,29.081,0,0,-1.000,1.75,3.00,0.0470,0.0175
102.957,0.000,0,,,,,0,,,,GLOBAL,1.000,clear,0,24.5,127,29.102,0,0,-1.000,2.48,3.00,0.0423,0.0124
102.977,0.000,0,,,,,0,,,,GLOBAL,1.000,clear,0,24.5,127,29.121,0,0,-1.000,2.48,3.00,0.0346,0.0088
102.997,0.000,0,,,,,0,,,,GLOBAL,1.000,clear,0,24.5,127,29.142,0,0,-1.000,1.96,3.00,0.0322,0.0016
103.018,0.000,0,,,,,0,,,,GLOBAL,1.000,clear,0,24.5,127,29.162,0,0,-1.000,2.52,3.00,0.0252,0.0220
103.037,0.000,0,,,,,0,,,,GLOBAL,1.000,clear,0,24.5,127,29.181,0,0,-1.000,2.52,3.00,0.0446,0.0191
103.057,0.000,0,,,,,0,,,,GLOBAL,1.000,clear,0,24.5,127,29.201,0,0,-1.000,1.80,3.00,0.0423,0.0134
103.077,0.000,0,,,,,0,,,,GLOBAL,1.000,clear,0,24.5,127,29.222,0,0,-1.000,2.50,3.00,0.0350,0.0087
103.098,0.000,0,,,,,0,,,,GLOBAL,1.000,clear,0,24.5,127,29.242,0,0,-1.000,2.50,3.00,0.0330,0.0017
103.117,0.000,0,,,,,0,,,,GLOBAL,1.000,clear,0,24.5,127,29.262,0,0,-1.000,2.38,3.00,0.0270,0.0214
103.137,0.000,0,,,,,0,,,,GLOBAL,1.000,clear,0,24.5,127,29.282,0,0,-1.000,2.41,3.00,0.0471,0.0138
103.157,0.000,0,,,,,0,,,,GLOBAL,1.000,clear,0,24.5,127,29.301,0,0,-1.000,2.41,3.00,0.0425,0.0108
103.177,0.000,0,,,,,0,,,,GLOBAL,1.000,clear,0,24.5,127,29.321,0,0,-1.000,2.24,3.00,0.0368,0.0089
103.197,0.000,0,,,,,0,,,,GLOBAL,1.000,clear,0,24.5,127,29.341,0,0,-1.000,2.24,3.00,0.0326,0.0040
103.218,0.000,0,,,,,0,,,,GLOBAL,1.000,clear,0,24.5,127,29.362,0,0,-1.000,3.16,3.00,0.0272,0.0247
103.237,0.000,0,,,,,0,,,,GLOBAL,1.000,clear,0,24.5,127,29.382,0,0,-1.000,2.69,3.00,0.0468,0.0185
103.257,0.000,0,,,,,0,,,,GLOBAL,1.000,clear,0,24.5,127,29.401,0,0,-1.000,2.69,3.00,0.0412,0.0137
103.277,0.000,0,,,,,0,,,,GLOBAL,1.000,clear,0,24.5,127,29.421,0,0,-1.000,2.56,3.00,0.0372,0.0081
103.297,0.000,0,,,,,0,,,,GLOBAL,1.000,clear,0,24.5,127,29.441,0,0,-1.000,2.50,3.00,0.0313,0.0020
103.317,0.000,0,,,,,0,,,,GLOBAL,1.000,clear,0,24.5,127,29.462,0,0,-1.000,2.54,3.00,0.0515,0.0223
103.337,0.000,0,,,,,0,,,,GLOBAL,1.000,clear,0,24.5,127,29.482,0,0,-1.000,2.54,3.00,0.0472,0.0178
103.357,0.000,0,,,,,0,,,,GLOBAL,1.000,clear,0,24.5,127,29.501,0,0,-1.000,2.69,3.00,0.0414,0.0118
103.377,0.000,0,,,,,0,,,,GLOBAL,1.000,clear,0,24.5,127,29.522,0,0,-1.000,2.69,3.00,0.0374,0.0059
103.397,0.000,0,,,,,0,,,,GLOBAL,1.000,clear,0,24.5,127,29.541,0,0,-1.000,2.60,3.00,0.0318,0.0256
103.417,0.000,0,,,,,0,,,,GLOBAL,1.000,clear,0,24.5,127,29.562,0,0,-1.000,2.66,3.00,0.0273,0.0157
103.437,0.000,0,,,,,0,,,,GLOBAL,1.000,clear,0,24.5,127,29.582,0,0,-1.000,2.70,3.00,0.0471,0.0151
103.457,0.000,0,,,,,0,,,,GLOBAL,1.000,clear,0,24.5,127,29.601,0,0,-1.000,2.70,3.00,0.0416,0.0138
103.477,0.000,0,,,,,0,,,,GLOBAL,1.000,clear,0,24.5,127,29.621,0,0,-1.000,2.05,3.00,0.0353,0.0090
103.498,0.000,0,,,,,0,,,,GLOBAL,1.000,clear,0,24.5,127,29.642,0,0,-1.000,2.05,3.00,0.0325,0.0009
103.517,0.000,0,,,,,0,,,,GLOBAL,1.000,clear,0,24.5,127,29.662,0,0,-1.000,2.66,3.00,0.0265,0.0205
103.537,0.000,0,,,,,0,,,,GLOBAL,1.000,clear,0,24.5,127,29.682,0,0,-1.000,2.59,3.00,0.0465,0.0164
103.557,0.000,0,,,,,0,,,,GLOBAL,1.000,clear,0,24.5,127,29.702,0,0,-1.000,2.51,3.00,0.0423,0.0137
103.577,0.000,0,,,,,0,,,,GLOBAL,1.000,clear,0,24.5,127,29.722,0,0,-1.000,2.51,3.00,0.0366,0.0089
103.597,0.000,0,,,,,0,,,,GLOBAL,1.000,clear,0,24.5,127,29.741,0,0,-1.000,2.42,3.00,0.0324,0.0032
103.617,0.000,0,,,,,0,,,,GLOBAL,1.000,clear,0,24.5,127,29.761,0,0,-1.000,2.32,3.00,0.0265,0.0233
103.637,0.000,0,,,,,0,,,,GLOBAL,1.000,clear,0,24.5,127,29.781,0,0,-1.000,2.32,3.00,0.0463,0.0187
103.657,0.000,0,,,,,0,,,,GLOBAL,1.000,clear,0,24.5,127,29.801,0,0,-1.000,1.10,3.00,0.0422,0.0130
103.677,0.000,0,,,,,0,,,,GLOBAL,1.000,clear,0,24.5,127,29.821,0,0,-1.000,3.43,3.00,0.0365,0.0095
103.697,0.000,0,,,,,0,,,,GLOBAL,1.000,clear,0,24.5,127,29.841,0,0,-1.000,3.43,3.00,0.0310,0.0034
103.717,0.000,0,,,,,0,,,,GLOBAL,1.000,clear,0,24.5,127,29.862,0,0,-1.000,2.53,3.00,0.0258,0.0237
103.737,0.000,0,,,,,0,,,,GLOBAL,1.000,clear,0,24.5,127,29.881,0,0,-1.000,1.86,3.00,0.0452,0.0184
103.757,0.000,0,,,,,0,,,,GLOBAL,1.000,clear,0,24.5,127,29.901,0,0,-1.000,1.86,3.00,0.0397,0.0133
103.777,0.000,0,,,,,0,,,,GLOBAL,1.000,clear,0,24.5,127,29.922,0,0,-1.000,2.85,3.00,0.0372,0.0068
103.797,0.000,0,,,,,0,,,,GLOBAL,1.000,clear,0,24.5,127,29.942,0,0,-1.000,2.38,3.00,0.0313,0.0009
103.818,0.000,0,,,,,0,,,,GLOBAL,1.000,clear,0,24.5,127,29.962,0,0,-1.000,2.38,3.00,0.0259,0.0213
103.837,0.000,0,,,,,0,,,,GLOBAL,1.000,clear,0,24.5,127,29.981,0,0,-1.000,2.38,3.00,0.0454,0.0174
103.857,0.000,0,,,,,0,,,,GLOBAL,1.000,clear,0,24.5,127,30.001,0,0,-1.000,3.25,3.00,0.0410,0.0135
103.878,0.000,0,,,,,0,,,,GLOBAL,1.000,clear,0,24.5,127,30.022,0,0,-1.000,3.25,3.00,0.0360,0.0066
103.897,0.000,0,,,,,0,,,,GLOBAL,1.000,clear,0,24.5,127,30.041,0,0,-1.000,1.70,3.00,0.0297,0.0028
103.917,0.000,0,,,,,0,,,,GLOBAL,1.000,clear,0,24.5,127,30.062,0,0,-1.000,2.23,3.00,0.0499,0.0230
103.937,0.000,0,,,,,0,,,,GLOBAL,1.000,clear,0,24.5,127,30.081,0,0,-1.000,2.23,3.00,0.0419,0.0159
103.957,0.000,0,,,,,0,,,,GLOBAL,1.000,clear,0,24.5,127,30.102,0,0,-1.000,2.40,3.00,0.0405,0.0094
103.977,0.000,0,,,,,0,,,,GLOBAL,1.000,clear,0,24.5,127,30.122,0,0,-1.000,2.40,3.00,0.0372,0.0025
103.997,0.000,0,,,,,0,,,,GLOBAL,1.000,clear,0,24.5,127,30.141,0,0,-1.000,1.94,3.00,0.0315,0.0034
104.017,0.000,0,,,,,0,,,,GLOBAL,1.000,clear,0,24.5,127,30.162,0,0,-1.000,2.22,3.00,0.0269,0.0236
104.037,0.000,0,,,,,0,,,,GLOBAL,1.000,clear,0,24.5,127,30.181,0,0,-1.000,2.12,3.00,0.0467,0.0179
104.057,0.000,0,,,,,0,,,,GLOBAL,1.000,clear,0,24.5,127,30.201,0,0,-1.000,2.12,3.00,0.0413,0.0133
104.077,0.000,0,,,,,0,,,,GLOBAL,1.000,clear,0,24.5,127,30.221,0,0,-1.000,3.24,3.00,0.0360,0.0082
104.097,0.000,0,,,,,0,,,,GLOBAL,1.000,clear,0,24.5,127,30.241,0,0,-1.000,3.24,3.00,0.0317,0.0032
104.117,0.000,0,,,,,0,,,,GLOBAL,1.000,clear,0,24.5,127,30.261,0,0,-1.000,2.65,3.00,0.0262,0.0232
104.137,0.000,0,,,,,0,,,,GLOBAL,1.000,clear,0,24.5,127,30.281,0,0,-1.000,2.46,3.00,0.0461,0.0187
104.157,0.000,0,,,,,0,,,,GLOBAL,1.000,clear,0,24.5,127,30.301,0,0,-1.000,2.38,3.00,0.0419,0.0137
104.177,0.000,0,,,,,0,,,,GLOBAL,1.000,clear,0,24.5,127,30.322,0,0,-1.000,2.38,3.00,0.0366,0.0092
104.198,0.000,0,,,,,0,,,,GLOBAL,1.000,clear,0,24.5,127,30.342,0,0,-1.000,2.18,3.00,0.0328,0.0035
104.217,0.000,0,,,,,0,,,,GLOBAL,1.000,clear,0,24.5,127,30.361,0,0,-1.000,2.22,3.00,0.0264,0.0228
104.237,0.000,0,,,,,0,,,,GLOBAL,1.000,clear,0,24.5,127,30.381,0,0,-1.000,2.22,3.00,0.0463,0.0186
104.257,0.000,0,,,,,0,,,,GLOBAL,1.000,clear,0,24.5,127,30.401,0,0,-1.000,2.05,3.00,0.0423,0.0131
104.277,0.000,0,,,,,0,,,,GLOBAL,1.000,clear,0,24.5,127,30.422,0,0,-1.000,2.05,3.00,0.0366,0.0054
104.297,0.000,0,,,,,0,,,,GLOBAL,1.000,clear,0,24.5,127,30.441,0,0,-1.000,2.04,3.00,0.0321,0.0010
104.317,0.000,0,,,,,0,,,,GLOBAL,1.000,clear,0,24.5,127,30.461,0,0,-1.000,3.07,3.00,0.0521,0.0210
104.337,0.000,0,,,,,0,,,,GLOBAL,1.000,clear,0,24.5,127,30.481,0,0,-1.000,2.31,3.00,0.0467,0.0154
104.357,0.000,0,,,,,0,,,,GLOBAL,1.000,clear,0,24.5,127,30.501,0,0,-1.000,2.31,3.00,0.0423,0.0121
104.377,0.000,0,,,,,0,,,,GLOBAL,1.000,clear,0,24.5,127,30.521,0,0,-1.000,2.29,3.00,0.0366,0.0044
104.397,0.000,0,,,,,0,,,,GLOBAL,1.000,clear,0,24.5,127,30.542,0,0,-1.000,2.10,3.00,0.0314,0.0035
104.420,0.000,0,,,,,0,,,,GLOBAL,1.000,clear,0,24.5,127,30.565,0,0,-1.000,2.10,3.00,0.0543,0.0264
104.437,0.000,0,,,,,0,,,,GLOBAL,1.000,clear,0,24.5,127,30.581,0,0,-1.000,2.05,3.00,0.0468,0.0114
104.458,0.000,0,,,,,0,,,,GLOBAL,1.000,clear,0,24.5,127,30.602,0,0,-1.000,1.94,3.00,0.0405,0.0143
104.477,0.000,0,,,,,0,,,,GLOBAL,1.000,clear,0,24.5,127,30.621,0,0,-1.000,1.94,3.00,0.0329,0.0068
104.497,0.000,0,,,,,0,,,,GLOBAL,1.000,clear,0,24.5,127,30.641,0,0,-1.000,3.23,3.00,0.0311,0.0025
104.517,0.000,0,,,,,0,,,,GLOBAL,1.000,clear,0,24.5,127,30.662,0,0,-1.000,2.47,3.00,0.0274,0.0229
104.537,0.000,0,,,,,0,,,,GLOBAL,1.000,clear,0,24.5,127,30.681,0,0,-1.000,2.47,3.00,0.0471,0.0151
104.557,0.000,0,,,,,0,,,,GLOBAL,1.000,clear,0,24.5,127,30.701,0,0,-1.000,3.81,3.00,0.0402,0.0135
104.577,0.000,0,,,,,0,,,,GLOBAL,1.000,clear,0,24.5,127,30.721,0,0,-1.000,3.81,3.00,0.0368,0.0077
104.598,0.000,0,,,,,0,,,,GLOBAL,1.000,clear,0,24.5,127,30.742,0,0,-1.000,1.07,3.00,0.0319,0.0282
104.617,0.000,0,,,,,0,,,,GLOBAL,1.000,clear,0,24.5,127,30.762,0,0,-1.000,2.86,3.00,0.0256,0.0191
104.637,0.000,0,,,,,0,,,,GLOBAL,1.000,clear,0,24.5,127,30.781,0,0,-1.000,2.86,3.00,0.0453,0.0166
104.658,0.000,0,,,,,0,,,,GLOBAL,1.000,clear,0,24.5,127,30.802,0,0,-1.000,2.59,3.00,0.0425,0.0130
104.678,0.000,0,,,,,0,,,,GLOBAL,1.000,clear,0,24.5,127,30.822,0,0,-1.000,3.16,3.00,0.0364,0.0090
104.697,0.000,0,,,,,0,,,,GLOBAL,1.000,clear,0,24.5,127,30.842,0,0,-1.000,2.06,3.00,0.0318,0.0035
104.717,0.000,0,,,,,0,,,,GLOBAL,1.000,clear,0,24.5,127,30.862,0,0,-1.000,2.06,3.00,0.0265,0.0238
104.738,0.000,0,,,,,0,,,,GLOBAL,1.000,clear,0,24.5,127,30.882,0,0,-1.000,2.38,3.00,0.0466,0.0190
104.757,0.000,0,,,,,0,,,,GLOBAL,1.000,clear,0,24.5,127,30.901,0,0,-1.000,2.37,3.00,0.0418,0.0134
104.778,0.000,0,,,,,0,,,,GLOBAL,1.000,clear,0,24.5,127,30.922,0,0,-1.000,2.37,3.00,0.0368,0.0070
104.797,0.000,0,,,,,0,,,,GLOBAL,1.000,clear,0,24.5,127,30.941,0,0,-1.000,2.48,3.00,0.0321,0.0264
