t,v,obs_n,obs_d,obs_x,obs_y,obs_r,raw_n,raw_d,raw_far,dyn_d,mode,scale,reason,fgm_en,fgm_ang,path_n,path_age,override,aeb,ttc,steer,cmd_v,scan_age,obs_age
0.086,0.000,0,,,,,0,,,,,1.000,,0,,0,,0,0,,0.00,0.00,,
0.098,0.000,0,,,,,0,,,,GLOBAL,1.000,clear,0,,0,,0,0,,0.00,0.00,0.0344,
0.118,0.000,0,,,,,0,,,,GLOBAL,1.000,clear,0,,0,,0,0,,0.00,0.00,0.0283,
0.138,0.000,0,,,,,0,,,,GLOBAL,1.000,clear,0,,0,,0,0,,0.00,0.00,0.0486,
0.158,0.000,0,,,,,0,,,,GLOBAL,1.000,clear,0,,0,,0,0,,0.00,0.00,0.0427,
0.178,0.000,0,,,,,0,,,,GLOBAL,1.000,clear,0,,0,,0,0,,0.00,0.00,0.0388,
0.198,0.000,0,,,,,0,,,,GLOBAL,1.000,clear,0,,0,,0,0,,0.00,0.00,0.0329,
0.218,0.000,0,,,,,0,,,,GLOBAL,1.000,clear,0,,0,,0,0,,0.00,0.00,0.0286,
0.238,0.000,0,,,,,0,,,,GLOBAL,1.000,clear,0,,0,,0,0,,0.00,0.00,0.0488,
0.258,0.000,0,,,,,0,,,,GLOBAL,1.000,clear,0,,0,,0,0,,0.00,0.00,0.0436,
0.279,0.000,0,,,,,0,,,,GLOBAL,1.000,clear,0,,0,,0,0,,0.00,0.00,0.0399,
0.298,0.000,0,,,,,0,,,,GLOBAL,1.000,clear,0,,0,,0,0,,0.00,0.00,0.0330,
0.318,0.000,0,,,,,0,,,,GLOBAL,1.000,clear,0,,0,,0,0,,0.00,0.00,0.0276,
0.338,0.000,0,,,,,0,,,,GLOBAL,1.000,clear,0,,0,,0,0,,0.00,0.00,0.0480,
0.358,0.000,0,,,,,0,,,,GLOBAL,1.000,clear,0,,0,,0,0,,0.00,0.00,0.0426,
0.378,0.000,0,,,,,0,,,,GLOBAL,1.000,clear,0,,0,,0,0,,0.00,0.00,0.0390,
0.398,0.000,0,,,,,0,,,,GLOBAL,1.000,clear,0,,0,,0,0,,0.00,0.00,0.0351,
0.418,0.000,0,,,,,0,,,,GLOBAL,1.000,clear,0,,0,,0,0,,0.00,0.00,0.0280,
0.438,0.000,0,,,,,0,,,,GLOBAL,1.000,clear,0,,0,,0,0,,0.00,0.00,0.0482,
0.458,0.000,0,,,,,0,,,,GLOBAL,1.000,clear,0,,0,,0,0,,0.00,0.00,0.0452,
0.478,0.000,0,,,,,0,,,,GLOBAL,1.000,clear,0,,0,,0,0,,0.00,0.00,0.0393,
0.498,0.000,0,,,,,0,,,,GLOBAL,1.000,clear,0,,0,,0,0,,0.00,0.00,0.0321,
0.518,0.000,0,,,,,0,,,,GLOBAL,1.000,clear,0,,0,,0,0,,0.00,0.00,0.0296,
0.539,0.000,0,,,,,0,,,,GLOBAL,1.000,clear,0,,0,,0,0,,0.00,0.00,0.0508,
0.558,0.000,0,,,,,0,,,,GLOBAL,1.000,clear,0,,0,,0,0,,0.00,0.00,0.0423,
0.579,0.000,0,,,,,0,,,,GLOBAL,1.000,clear,0,,0,,0,0,,0.00,0.00,0.0408,
0.599,0.000,0,,,,,0,,,,GLOBAL,1.000,clear,0,,0,,0,0,,0.00,0.00,0.0331,
0.618,0.000,0,,,,,0,,,,GLOBAL,1.000,clear,0,,0,,0,0,,0.00,0.00,0.0298,
0.638,0.000,0,,,,,0,,,,GLOBAL,1.000,clear,0,,0,,0,0,,0.00,0.00,0.0500,
0.658,0.000,0,,,,,0,,,,GLOBAL,1.000,clear,0,,0,,0,0,,0.00,0.00,0.0428,
0.678,0.000,0,,,,,0,,,,GLOBAL,1.000,clear,0,,0,,0,0,,0.00,0.00,0.0384,
0.698,0.000,0,,,,,0,,,,GLOBAL,1.000,clear,0,,0,,0,0,,0.00,0.00,0.0314,
0.718,0.000,0,,,,,0,,,,GLOBAL,1.000,clear,0,,0,,0,0,,0.00,0.00,0.0269,
0.739,0.000,0,,,,,0,,,,GLOBAL,1.000,clear,0,,0,,0,0,,0.00,0.00,0.0481,
0.759,0.000,0,,,,,0,,,,GLOBAL,1.000,clear,0,,0,,0,0,,0.00,0.00,0.0421,
0.785,0.000,0,,,,,0,,,,GLOBAL,1.000,clear,0,,0,,0,0,,0.00,0.00,0.0449,
0.801,0.000,0,,,,,0,,,,GLOBAL,1.000,clear,0,,0,,0,0,,0.00,0.00,0.0606,0.0039
0.818,0.000,0,,,,,0,,,,GLOBAL,1.000,clear,0,,0,,0,0,-1.000,0.00,0.00,0.0269,0.0076
0.839,0.000,0,,,,,0,,,,GLOBAL,1.000,clear,0,,0,,0,0,-1.000,0.00,0.00,0.0476,0.0169
0.858,0.000,0,,,,,0,,,,GLOBAL,1.000,clear,0,,0,,0,0,-1.000,0.00,0.00,0.0420,0.0142
0.878,0.000,0,,,,,0,,,,GLOBAL,1.000,clear,0,,0,,0,0,-1.000,0.00,0.00,0.0384,0.0091
0.898,0.000,0,,,,,0,,,,GLOBAL,1.000,clear,0,,0,,0,0,-1.000,0.00,0.00,0.0348,0.0288
0.918,0.000,0,,,,,0,,,,GLOBAL,1.000,clear,0,,0,,0,0,-1.000,0.00,0.00,0.0275,0.0191
0.938,0.000,0,,,,,0,,,,GLOBAL,1.000,clear,0,,0,,0,0,-1.000,0.00,0.00,0.0476,0.0189
0.958,0.000,0,,,,,0,,,,GLOBAL,1.000,clear,0,,0,,0,0,-1.000,0.00,0.00,0.0454,0.0152
0.978,0.000,0,,,,,0,,,,GLOBAL,1.000,clear,0,,0,,0,0,-1.000,0.00,0.00,0.0393,0.0099
0.999,0.000,0,,,,,0,,,,GLOBAL,1.000,clear,0,,0,,0,0,-1.000,0.00,0.00,0.0358,0.0068
1.018,0.000,0,,,,,0,,,,GLOBAL,1.000,clear,0,,0,,0,0,-1.000,0.00,0.00,0.0296,0.0264
1.038,0.000,0,,,,,0,,,,GLOBAL,1.000,clear,0,,0,,0,0,-1.000,0.00,0.00,0.0494,0.0157
1.058,0.000,0,,,,,0,,,,GLOBAL,1.000,clear,0,,0,,0,0,-1.000,0.00,0.00,0.0422,0.0129
1.078,0.000,0,,,,,0,,,,GLOBAL,1.000,clear,0,,0,,0,0,-1.000,0.00,0.00,0.0385,0.0098
1.099,0.000,0,,,,,0,,,,GLOBAL,1.000,clear,0,,0,,0,0,-1.000,0.00,0.00,0.0329,0.0055
1.118,0.000,0,,,,,0,,,,GLOBAL,1.000,clear,0,,0,,0,0,-1.000,0.00,0.00,0.0281,0.0247
1.138,0.000,0,,,,,0,,,,GLOBAL,1.000,clear,0,,0,,0,0,-1.000,0.00,0.00,0.0481,0.0188
1.158,0.000,0,,,,,0,,,,GLOBAL,1.000,clear,0,,0,,0,0,-1.000,0.00,0.00,0.0408,0.0133
1.178,0.000,0,,,,,0,,,,GLOBAL,1.000,clear,0,,0,,0,0,-1.000,0.00,0.00,0.0395,0.0074
1.198,0.000,0,,,,,0,,,,GLOBAL,1.000,clear,0,,0,,0,0,-1.000,0.00,0.00,0.0325,0.0039
1.218,0.000,0,,,,,0,,,,GLOBAL,1.000,clear,0,,0,,0,0,-1.000,0.00,0.00,0.0300,0.0240
1.238,0.000,0,,,,,0,,,,GLOBAL,1.000,clear,0,,0,,0,0,-1.000,0.00,0.00,0.0500,0.0181
1.258,0.000,0,,,,,0,,,,GLOBAL,1.000,clear,0,,0,,0,0,-1.000,0.00,0.00,0.0425,0.0150
1.278,0.000,0,,,,,0,,,,GLOBAL,1.000,clear,0,,0,,0,0,-1.000,0.00,0.00,0.0385,0.0095
1.298,0.000,0,,,,,0,,,,GLOBAL,1.000,clear,0,,0,,0,0,-1.000,0.00,0.00,0.0329,0.0024
1.318,0.000,0,,,,,0,,,,GLOBAL,1.000,clear,0,,0,,0,0,-1.000,0.00,0.00,0.0271,0.0224
1.338,0.000,0,,,,,0,,,,GLOBAL,1.000,clear,0,,0,,0,0,-1.000,0.00,0.00,0.0476,0.0161
1.358,0.000,0,,,,,0,,,,GLOBAL,1.000,clear,0,,0,,0,0,-1.000,0.00,0.00,0.0444,0.0155
1.378,0.000,0,,,,,0,,,,GLOBAL,1.000,clear,0,,0,,0,0,-1.000,0.00,0.00,0.0388,0.0095
1.398,0.000,0,,,,,0,,,,GLOBAL,1.000,clear,0,,0,,0,0,-1.000,0.00,0.00,0.0326,0.0038
1.418,0.000,0,,,,,0,,,,GLOBAL,1.000,clear,0,,0,,0,0,-1.000,0.00,0.00,0.0288,0.0238
1.438,0.000,0,,,,,0,,,,GLOBAL,1.000,clear,0,,0,,0,0,-1.000,0.00,0.00,0.0490,0.0188
1.458,0.000,0,,,,,0,,,,GLOBAL,1.000,clear,0,,0,,0,0,-1.000,0.00,0.00,0.0449,0.0143
1.478,0.000,0,,,,,0,,,,GLOBAL,1.000,clear,0,,0,,0,0,-1.000,0.00,0.00,0.0375,0.0113
1.498,0.000,0,,,,,0,,,,GLOBAL,1.000,clear,0,,0,,0,0,-1.000,0.00,0.00,0.0350,0.0053
1.518,0.000,0,,,,,0,,,,GLOBAL,1.000,clear,0,,0,,0,0,-1.000,0.00,0.00,0.0297,0.0021
1.539,0.000,0,,,,,0,,,,GLOBAL,1.000,clear,0,,0,,0,0,-1.000,0.00,0.00,0.0500,0.0224
1.559,0.000,0,,,,,0,,,,GLOBAL,1.000,clear,0,,0,,0,0,-1.000,0.00,0.00,0.0428,0.0166
1.578,0.000,0,,,,,0,,,,GLOBAL,1.000,clear,0,,0,,0,0,-1.000,0.00,0.00,0.0396,0.0058
1.598,0.000,0,,,,,0,,,,GLOBAL,1.000,clear,0,,0,,0,0,-1.000,0.00,0.00,0.0324,0.0055
1.618,0.000,0,,,,,0,,,,GLOBAL,1.000,clear,0,,0,,0,0,-1.000,0.00,0.00,0.0294,0.0254
1.638,0.000,0,,,,,0,,,,GLOBAL,1.000,clear,0,,0,,0,0,-1.000,0.00,0.00,0.0493,0.0158
1.659,0.000,0,,,,,0,,,,GLOBAL,1.000,clear,0,,0,,0,0,-1.000,0.00,0.00,0.0383,0.0146
1.678,0.000,0,,,,,0,,,,GLOBAL,1.000,clear,0,,0,,0,0,-1.000,0.00,0.00,0.0392,0.0091
1.698,0.000,0,,,,,0,,,,GLOBAL,1.000,clear,0,,0,,0,0,-1.000,0.00,0.00,0.0339,0.0022
1.721,0.000,0,,,,,0,,,,GLOBAL,1.000,clear,0,,0,,0,0,-1.000,0.00,0.00,0.0323,0.0252
1.738,0.000,0,,,,,0,,,,GLOBAL,1.000,clear,0,,0,,0,0,-1.000,0.00,0.00,0.0496,0.0132
1.759,0.000,0,,,,,0,,,,GLOBAL,1.000,clear,0,,0,,0,0,-1.000,0.00,0.00,0.0435,0.0131
1.782,0.000,0,,,,,0,,,,GLOBAL,1.000,clear,0,,0,,0,0,-1.000,0.00,0.00,0.0418,0.0080
1.798,0.000,0,,,,,0,,,,GLOBAL,1.000,clear,0,,0,,0,0,-1.000,21.40,3.00,0.0314,0.0042
1.819,0.000,0,,,,,0,,,,GLOBAL,1.000,clear,0,,0,,0,0,-1.000,21.40,3.00,0.0310,0.0249
1.838,0.000,0,,,,,0,,,,GLOBAL,1.000,clear,0,,0,,0,0,-1.000,21.40,3.00,0.0503,0.0188
1.858,0.000,0,,,,,0,,,,GLOBAL,1.000,clear,0,,0,,0,0,-1.000,21.40,3.00,0.0428,0.0149
1.878,0.000,0,,,,,0,,,,GLOBAL,1.000,clear,0,,0,,0,0,-1.000,21.40,3.00,0.0383,0.0106
1.898,0.000,0,,,,,0,,,,GLOBAL,1.000,clear,0,,0,,0,0,-1.000,21.40,3.00,0.0357,0.0041
1.918,0.000,0,,,,,0,,,,GLOBAL,1.000,clear,0,,0,,0,0,-1.000,21.40,3.00,0.0288,0.0240
1.938,0.000,0,,,,,0,,,,GLOBAL,1.000,clear,0,,0,,0,0,-1.000,21.40,3.00,0.0492,0.0164
1.959,0.000,0,,,,,0,,,,GLOBAL,1.000,clear,0,,0,,0,0,-1.000,21.40,3.00,0.0438,0.0129
1.979,0.000,0,,,,,0,,,,GLOBAL,1.000,clear,0,,0,,0,0,-1.000,21.40,3.00,0.0395,0.0095
1.998,0.000,0,,,,,0,,,,GLOBAL,1.000,clear,0,,0,,0,0,-1.000,21.40,3.00,0.0345,0.0036
2.018,0.000,0,,,,,0,,,,GLOBAL,1.000,clear,0,,0,,0,0,-1.000,21.40,3.00,0.0289,0.0237
2.038,0.000,0,,,,,0,,,,GLOBAL,1.000,clear,0,,0,,0,0,-1.000,21.40,3.00,0.0491,0.0156
2.058,0.000,0,,,,,0,,,,GLOBAL,1.000,clear,0,,0,,0,0,-1.000,21.40,3.00,0.0449,0.0146
2.079,0.000,0,,,,,0,,,,GLOBAL,1.000,clear,0,,0,,0,0,-1.000,21.40,3.00,0.0384,0.0071
2.098,0.000,0,,,,,0,,,,GLOBAL,1.000,clear,0,,0,,0,0,-1.000,21.40,3.00,0.0323,0.0055
2.120,0.000,0,,,,,0,,,,GLOBAL,1.000,clear,0,,0,,0,0,-1.000,21.40,3.00,0.0313,0.0272
2.138,0.000,0,,,,,0,,,,GLOBAL,1.000,clear,0,,0,,0,0,-1.000,21.40,3.00,0.0493,0.0161
2.158,0.000,0,,,,,0,,,,GLOBAL,1.000,clear,0,,0,,0,0,-1.000,21.40,3.00,0.0420,0.0115
2.178,0.000,0,,,,,0,,,,GLOBAL,1.000,clear,0,,0,,0,0,-1.000,21.40,3.00,0.0401,0.0114
2.198,0.000,0,,,,,0,,,,GLOBAL,1.000,clear,0,,0,,0,0,-1.000,21.40,3.00,0.0322,0.0061
2.219,0.000,0,,,,,0,,,,GLOBAL,1.000,clear,0,,0,,0,0,-1.000,21.40,3.00,0.0308,0.0010
2.238,0.000,0,,,,,0,,,,GLOBAL,1.000,clear,0,,0,,0,0,-1.000,21.40,3.00,0.0503,0.0205
2.258,0.000,0,,,,,0,,,,GLOBAL,1.000,clear,0,,0,,0,0,-1.000,21.40,3.00,0.0390,0.0154
2.286,0.000,0,,,,,0,,,,GLOBAL,1.000,clear,0,,0,,0,0,-1.000,21.40,3.00,0.0467,0.0177
2.298,0.000,0,,,,,0,,,,GLOBAL,1.000,clear,0,,0,,0,0,-1.000,21.40,3.00,0.0341,0.0054
2.320,0.000,0,,,,,0,,,,GLOBAL,1.000,clear,0,,0,,0,0,-1.000,21.40,3.00,0.0562,0.0275
2.338,0.000,0,,,,,0,,,,GLOBAL,1.000,clear,0,,0,,0,0,-1.000,21.40,3.00,0.0489,0.0169
2.358,0.000,0,,,,,0,,,,GLOBAL,1.000,clear,0,,0,,0,0,-1.000,21.40,3.00,0.0393,0.0149
2.378,0.000,0,,,,,0,,,,GLOBAL,1.000,clear,0,,0,,0,0,-1.000,21.40,3.00,0.0378,0.0106
2.398,0.000,0,,,,,0,,,,GLOBAL,1.000,clear,0,,0,,0,0,-1.000,21.40,3.00,0.0328,0.0039
2.418,0.000,0,,,,,0,,,,GLOBAL,1.000,clear,0,,0,,0,0,-1.000,21.40,3.00,0.0289,0.0240
2.438,0.000,0,,,,,0,,,,GLOBAL,1.000,clear,0,,0,,0,0,-1.000,21.40,3.00,0.0491,0.0186
2.458,0.000,0,,,,,0,,,,GLOBAL,1.000,clear,0,,0,,0,0,-1.000,21.40,3.00,0.0452,0.0145
2.478,0.000,0,,,,,0,,,,GLOBAL,1.000,clear,0,,0,,0,0,-1.000,21.40,3.00,0.0381,0.0119
2.498,0.000,0,,,,,0,,,,GLOBAL,1.000,clear,0,,0,,0,0,-1.000,21.40,3.00,0.0340,0.0057
2.518,0.000,0,,,,,0,,,,GLOBAL,1.000,clear,0,,0,,0,0,-1.000,21.40,3.00,0.0282,0.0022
2.538,0.000,0,,,,,0,,,,GLOBAL,1.000,clear,0,,0,,0,0,-1.000,21.40,3.00,0.0479,0.0219
2.558,0.000,0,,,,,0,,,,GLOBAL,1.000,clear,0,,0,,0,0,-1.000,21.40,3.00,0.0457,0.0158
2.578,0.000,0,,,,,0,,,,GLOBAL,1.000,clear,0,,0,,0,0,-1.000,21.40,3.00,0.0393,0.0082
2.598,0.000,0,,,,,0,,,,GLOBAL,1.000,clear,0,,0,,0,0,-1.000,21.40,3.00,0.0321,0.0042
2.618,0.000,0,,,,,0,,,,GLOBAL,1.000,clear,0,,0,,0,0,-1.000,21.40,3.00,0.0299,0.0009
2.639,0.000,0,,,,,0,,,,GLOBAL,1.000,clear,0,,0,,0,0,-1.000,21.40,3.00,0.0506,0.0216
2.658,0.000,0,,,,,0,,,,GLOBAL,1.000,clear,0,,0,,0,0,-1.000,21.40,3.00,0.0443,0.0157
2.678,0.000,0,,,,,0,,,,GLOBAL,1.000,clear,0,,0,,0,0,-1.000,21.40,3.00,0.0393,0.0096
2.698,0.000,0,,,,,0,,,,GLOBAL,1.000,clear,0,,0,,0,0,-1.000,21.40,3.00,0.0319,0.0029
2.719,0.000,0,,,,,0,,,,GLOBAL,1.000,clear,0,,0,,0,0,-1.000,21.40,3.00,0.0310,0.0243
2.739,0.000,0,,,,,0,,,,GLOBAL,1.000,clear,0,,0,,0,0,-1.000,21.40,3.00,0.0504,0.0159
2.758,0.000,0,,,,,0,,,,GLOBAL,1.000,clear,0,,0,,0,0,-1.000,21.40,3.00,0.0442,0.0152
2.779,0.000,0,,,,,0,,,,GLOBAL,1.000,clear,0,,0,,0,0,-1.000,21.40,3.00,0.0390,0.0105
2.798,0.000,0,,,,,0,,,,GLOBAL,1.000,clear,0,,0,,0,0,-1.000,21.40,3.00,0.0338,0.0066
2.819,0.000,0,,,,,0,,,,GLOBAL,1.000,clear,0,,0,,0,0,-1.000,21.40,3.00,0.0548,0.0276
2.838,0.000,0,,,,,0,,,,GLOBAL,1.000,clear,0,,0,,0,0,-1.000,21.40,3.00,0.0500,0.0116
2.858,0.000,0,,,,,0,,,,GLOBAL,1.000,clear,0,,0,,0,0,-1.000,21.40,3.00,0.0444,0.0160
2.878,0.000,0,,,,,0,,,,GLOBAL,1.000,clear,0,,0,,0,0,-1.000,21.40,3.00,0.0385,0.0103
2.898,0.000,0,,,,,0,,,,GLOBAL,1.000,clear,0,,0,,0,0,-1.000,21.40,3.00,0.0346,0.0057
2.918,0.000,0,,,,,0,,,,GLOBAL,1.000,clear,0,,0,,0,0,-1.000,21.40,3.00,0.0290,0.0006
2.939,0.000,0,,,,,0,,,,GLOBAL,1.000,clear,0,,0,,0,0,-1.000,21.40,3.00,0.0494,0.0210
2.958,0.000,0,,,,,0,,,,GLOBAL,1.000,clear,0,,0,,0,0,-1.000,21.40,3.00,0.0448,0.0166
2.978,0.000,0,,,,,0,,,,GLOBAL,1.000,clear,0,,0,,0,0,-1.000,21.40,3.00,0.0386,0.0113
2.998,0.000,0,,,,,0,,,,GLOBAL,1.000,clear,0,,0,,0,0,-1.000,21.40,3.00,0.0348,0.0036
3.018,0.000,0,,,,,0,,,,GLOBAL,1.000,clear,0,,0,,0,0,-1.000,21.40,3.00,0.0296,0.0239
3.038,0.000,0,,,,,0,,,,GLOBAL,1.000,clear,0,,0,,0,0,-1.000,21.40,3.00,0.0493,0.0171
3.058,0.000,0,,,,,0,,,,GLOBAL,1.000,clear,0,,0,,0,0,-1.000,21.40,3.00,0.0421,0.0162
3.078,0.000,0,,,,,0,,,,GLOBAL,1.000,clear,0,,0,,0,0,-1.000,21.40,3.00,0.0389,0.0087
3.098,0.000,0,,,,,0,,,,GLOBAL,1.000,clear,0,,0,,0,0,-1.000,21.40,3.00,0.0322,0.0059
3.119,0.000,0,,,,,0,,,,GLOBAL,1.000,clear,0,,0,,0,0,-1.000,21.40,3.00,0.0311,0.0274
3.138,0.000,0,,,,,0,,,,GLOBAL,1.000,clear,0,,0,,0,0,-1.000,21.40,3.00,0.0494,0.0174
3.158,0.000,0,,,,,0,,,,GLOBAL,1.000,clear,0,,0,,0,0,-1.000,21.40,3.00,0.0422,0.0163
3.178,0.000,0,,,,,0,,,,GLOBAL,1.000,clear,0,,0,,0,0,-1.000,21.40,3.00,0.0396,0.0102
3.198,0.000,0,,,,,0,,,,GLOBAL,1.000,clear,0,,0,,0,0,-1.000,21.40,3.00,0.0320,0.0053
3.219,0.000,0,,,,,0,,,,GLOBAL,1.000,clear,0,,0,,0,0,-1.000,21.40,3.00,0.0288,0.0009
3.238,0.000,0,,,,,0,,,,GLOBAL,1.000,clear,0,,0,,0,0,-1.000,21.40,3.00,0.0482,0.0203
3.258,0.000,0,,,,,0,,,,GLOBAL,1.000,clear,0,,0,,0,0,-1.000,21.40,3.00,0.0409,0.0153
3.278,0.000,0,,,,,0,,,,GLOBAL,1.000,clear,0,,0,,0,0,-1.000,21.40,3.00,0.0395,0.0108
3.298,0.000,0,,,,,0,,,,GLOBAL,1.000,clear,0,,0,,0,0,-1.000,21.40,3.00,0.0327,0.0052
3.318,0.000,0,,,,,0,,,,GLOBAL,1.000,clear,0,,0,,0,0,-1.000,21.40,3.00,0.0262,0.0015
3.338,0.000,0,,,,,0,,,,GLOBAL,1.000,clear,0,,0,,0,0,-1.000,21.40,3.00,0.0462,0.0215
3.358,0.000,0,,,,,0,,,,GLOBAL,1.000,clear,0,,0,,0,0,-1.000,21.40,3.00,0.0443,0.0156
3.378,0.000,0,,,,,0,,,,GLOBAL,1.000,clear,0,,0,,0,0,-1.000,21.40,3.00,0.0386,0.0108
3.398,0.000,0,,,,,0,,,,GLOBAL,1.000,clear,0,,0,,0,0,-1.000,21.40,3.00,0.0342,0.0036
3.418,0.000,0,,,,,0,,,,GLOBAL,1.000,clear,0,,0,,0,0,-1.000,21.40,3.00,0.0289,0.0010
3.439,0.000,0,,,,,0,,,,GLOBAL,1.000,clear,0,,0,,0,0,-1.000,21.40,3.00,0.0497,0.0218
3.458,0.000,0,,,,,0,,,,GLOBAL,1.000,clear,0,,0,,0,0,-1.000,21.40,3.00,0.0430,0.0117
3.478,0.000,0,,,,,0,,,,GLOBAL,1.000,clear,0,,0,,0,0,-1.000,21.40,3.00,0.0388,0.0101
3.498,0.000,0,,,,,0,,,,GLOBAL,1.000,clear,0,,0,,0,0,-1.000,21.40,3.00,0.0347,0.0028
3.518,0.000,0,,,,,0,,,,GLOBAL,1.000,clear,0,,0,,0,0,-1.000,21.40,3.00,0.0291,0.0231
3.538,0.000,0,,,,,0,,,,GLOBAL,1.000,clear,0,,0,,0,0,-1.000,21.40,3.00,0.0490,0.0154
3.558,0.000,0,,,,,0,,,,GLOBAL,1.000,clear,0,,0,,0,0,-1.000,21.40,3.00,0.0420,0.0161
3.578,0.000,0,,,,,0,,,,GLOBAL,1.000,clear,0,,0,,0,0,-1.000,21.40,3.00,0.0388,0.0089
3.598,0.000,0,,,,,0,,,,GLOBAL,1.000,clear,0,,0,,0,0,-1.000,21.40,3.00,0.0319,0.0007
3.618,0.000,0,,,,,0,,,,GLOBAL,1.000,clear,0,,0,,0,0,-1.000,21.40,3.00,0.0261,0.0208
3.639,0.000,0,,,,,0,,,,GLOBAL,1.000,clear,0,,0,,0,0,-1.000,21.40,3.00,0.0472,0.0182
3.658,0.000,0,,,,,0,,,,GLOBAL,1.000,clear,0,,0,,0,0,-1.000,21.40,3.00,0.0442,0.0158
3.678,0.000,0,,,,,0,,,,GLOBAL,1.000,clear,0,,0,,0,0,-1.000,21.40,3.00,0.0400,0.0085
3.698,0.000,0,,,,,0,,,,GLOBAL,1.000,clear,0,,0,,0,0,-1.000,21.40,3.00,0.0322,0.0057
3.718,0.000,0,,,,,0,,,,GLOBAL,1.000,clear,0,,0,,0,0,-1.000,21.40,3.00,0.0298,0.0257
3.738,0.000,0,,,,,0,,,,GLOBAL,1.000,clear,0,,0,,0,0,-1.000,21.40,3.00,0.0499,0.0178
3.758,0.000,0,,,,,0,,,,GLOBAL,1.000,clear,0,,0,,0,0,-1.000,21.40,3.00,0.0413,0.0151
3.779,0.000,0,,,,,0,,,,GLOBAL,1.000,clear,0,,0,,0,0,-1.000,21.40,3.00,0.0394,0.0111
3.798,0.000,0,,,,,0,,,,GLOBAL,1.000,clear,0,,0,,0,0,-1.000,21.40,3.00,0.0324,0.0061
3.819,0.000,0,,,,,0,,,,GLOBAL,1.000,clear,0,,0,,0,0,-1.000,21.40,3.00,0.0305,0.0015
3.838,0.000,0,,,,,0,,,,GLOBAL,1.000,clear,0,,0,,0,0,-1.000,21.40,3.00,0.0502,0.0213
3.858,0.000,0,,,,,0,,,,GLOBAL,1.000,clear,0,,0,,0,0,-1.000,21.40,3.00,0.0431,0.0146
3.878,0.000,0,,,,,0,,,,GLOBAL,1.000,clear,0,,0,,0,0,-1.000,21.40,3.00,0.0371,0.0104
3.898,0.000,0,,,,,0,,,,GLOBAL,1.000,clear,0,,0,,0,0,-1.000,21.40,3.00,0.0341,0.0055
3.918,0.000,0,,,,,0,,,,GLOBAL,1.000,clear,0,,0,,0,0,-1.000,21.40,3.00,0.0286,0.0256
3.939,0.000,0,,,,,0,,,,GLOBAL,1.000,clear,0,,0,,0,0,-1.000,21.40,3.00,0.0495,0.0182
3.958,0.000,0,,,,,0,,,,GLOBAL,1.000,clear,0,,0,,0,0,-1.000,21.40,3.00,0.0446,0.0121
3.978,0.000,0,,,,,0,,,,GLOBAL,1.000,clear,0,,0,,0,0,-1.000,21.40,3.00,0.0379,0.0113
3.998,0.000,0,,,,,0,,,,GLOBAL,1.000,clear,0,,0,,0,0,-1.000,21.40,3.00,0.0348,0.0063
4.018,0.000,0,,,,,0,,,,GLOBAL,1.000,clear,0,,0,,0,0,-1.000,21.40,3.00,0.0287,0.0011
4.038,0.000,0,,,,,0,,,,GLOBAL,1.000,clear,0,,0,,0,0,-1.000,21.40,3.00,0.0489,0.0213
4.058,0.000,0,,,,,0,,,,GLOBAL,1.000,clear,0,,0,,0,0,-1.000,21.40,3.00,0.0449,0.0156
4.078,0.000,0,,,,,0,,,,GLOBAL,1.000,clear,0,,0,,0,0,-1.000,21.40,3.00,0.0382,0.0071
4.098,0.000,0,,,,,0,,,,GLOBAL,1.000,clear,0,,0,,0,0,-1.000,21.40,3.00,0.0325,0.0015
4.118,0.000,0,,,,,0,,,,GLOBAL,1.000,clear,0,,0,,0,0,-1.000,21.40,3.00,0.0293,0.0215
4.138,0.000,0,,,,,0,,,,GLOBAL,1.000,clear,0,,0,,0,0,-1.000,21.40,3.00,0.0494,0.0189
4.158,0.000,0,,,,,0,,,,GLOBAL,1.000,clear,0,,0,,0,0,-1.000,21.40,3.00,0.0438,0.0143
4.178,0.000,0,,,,,0,,,,GLOBAL,1.000,clear,0,,0,,0,0,-1.000,21.40,3.00,0.0373,0.0106
4.198,0.000,0,,,,,0,,,,GLOBAL,1.000,clear,0,,0,,0,0,-1.000,21.40,3.00,0.0320,0.0064
4.218,0.000,0,,,,,0,,,,GLOBAL,1.000,clear,0,,0,,0,0,-1.000,21.40,3.00,0.0294,0.0008
4.238,0.000,0,,,,,0,,,,GLOBAL,1.000,clear,0,,0,,0,0,-1.000,21.40,3.00,0.0500,0.0214
4.259,0.000,0,,,,,0,,,,GLOBAL,1.000,clear,0,,0,,0,0,-1.000,21.40,3.00,0.0420,0.0156
4.281,0.000,0,,,,,0,,,,GLOBAL,1.000,clear,0,,0,,0,0,-1.000,21.40,3.00,0.0417,0.0109
4.298,0.000,0,,,,,0,,,,GLOBAL,1.000,clear,0,,0,,0,0,-1.000,21.40,3.00,0.0292,0.0275
4.318,0.000,0,,,,,0,,,,GLOBAL,1.000,clear,0,,0,,0,0,-1.000,21.40,3.00,0.0299,0.0009
4.338,0.000,0,,,,,0,,,,GLOBAL,1.000,clear,0,,0,,0,0,-1.000,21.40,3.00,0.0500,0.0209
4.358,0.000,0,,,,,0,,,,GLOBAL,1.000,clear,0,,0,,0,0,-1.000,21.40,3.00,0.0435,0.0163
4.378,0.000,0,,,,,0,,,,GLOBAL,1.000,clear,0,,0,,0,0,-1.000,21.40,3.00,0.0398,0.0090
4.398,0.000,0,,,,,0,,,,GLOBAL,1.000,clear,0,,0,,0,0,-1.000,21.40,3.00,0.0342,0.0043
4.418,0.000,0,,,,,0,,,,GLOBAL,1.000,clear,0,,0,,0,0,-1.000,21.40,3.00,0.0290,0.0008
4.439,0.000,0,,,,,0,,,,GLOBAL,1.000,clear,0,,0,,0,0,-1.000,21.40,3.00,0.0501,0.0219
4.458,0.000,0,,,,,0,,,,GLOBAL,1.000,clear,0,,0,,0,0,-1.000,21.40,3.00,0.0448,0.0150
4.478,0.000,0,,,,,0,,,,GLOBAL,1.000,clear,0,,0,,0,0,-1.000,21.40,3.00,0.0386,0.0102
4.498,0.000,0,,,,,0,,,,GLOBAL,1.000,clear,0,,0,,0,0,-1.000,21.40,3.00,0.0346,0.0056
4.518,0.000,0,,,,,0,,,,GLOBAL,1.000,clear,0,,0,,0,0,-1.000,21.40,3.00,0.0288,0.0253
4.539,0.000,0,,,,,0,,,,GLOBAL,1.000,clear,0,,0,,0,0,-1.000,21.40,3.00,0.0498,0.0206
4.558,0.000,0,,,,,0,,,,GLOBAL,1.000,clear,0,,0,,0,0,-1.000,21.40,3.00,0.0446,0.0114
4.578,0.000,0,,,,,0,,,,GLOBAL,1.000,clear,0,,0,,0,0,-1.000,21.40,3.00,0.0392,0.0082
4.598,0.000,0,,,,,0,,,,GLOBAL,1.000,clear,0,,0,,0,0,-1.000,21.40,3.00,0.0330,0.0022
4.618,0.000,0,,,,,0,,,,GLOBAL,1.000,clear,0,,0,,0,0,-1.000,21.40,3.00,0.0290,0.0221
4.638,0.000,0,,,,,0,,,,GLOBAL,1.000,clear,0,,0,,0,0,-1.000,21.40,3.00,0.0496,0.0188
4.659,0.000,0,,,,,0,,,,GLOBAL,1.000,clear,0,,0,,0,0,-1.000,21.40,3.00,0.0456,0.0131
4.678,0.000,0,,,,,0,,,,GLOBAL,1.000,clear,0,,0,,0,0,-1.000,21.40,3.00,0.0393,0.0082
4.699,0.000,0,,,,,0,,,,GLOBAL,1.000,clear,0,,0,,0,0,-1.000,21.40,3.00,0.0328,0.0289
4.718,0.000,0,,,,,0,,,,GLOBAL,1.000,clear,0,,0,,0,0,-1.000,21.40,3.00,0.0286,0.0182
4.739,0.000,0,,,,,0,,,,GLOBAL,1.000,clear,0,,0,,0,0,-1.000,21.40,3.00,0.0491,0.0134
4.758,0.000,0,,,,,0,,,,GLOBAL,1.000,clear,0,,0,,0,0,-1.000,21.40,3.00,0.0422,0.0117
4.778,0.000,0,,,,,0,,,,GLOBAL,1.000,clear,0,,0,,0,0,-1.000,21.40,3.00,0.0395,0.0060
4.798,0.000,0,,,,,0,,,,GLOBAL,1.000,clear,0,,0,,0,0,-1.000,21.40,3.00,0.0317,0.0022
4.818,0.000,0,,,,,0,,,,GLOBAL,1.000,clear,0,,0,,0,0,-1.000,21.40,3.00,0.0296,0.0224
4.839,0.000,0,,,,,0,,,,GLOBAL,1.000,clear,0,,0,,0,0,-1.000,21.40,3.00,0.0512,0.0197
4.859,0.000,0,,,,,0,,,,GLOBAL,1.000,clear,0,,0,,0,0,-1.000,21.40,3.00,0.0429,0.0150
4.878,0.000,0,,,,,0,,,,GLOBAL,1.000,clear,0,,0,,0,0,-1.000,21.40,3.00,0.0396,0.0059
4.898,0.000,0,,,,,0,,,,GLOBAL,1.000,clear,0,,0,,0,0,-1.000,21.40,3.00,0.0336,0.0033
4.918,0.000,0,,,,,0,,,,GLOBAL,1.000,clear,0,,0,,0,0,-1.000,21.40,3.00,0.0283,0.0235
4.939,0.000,0,,,,,0,,,,GLOBAL,1.000,clear,0,,0,,0,0,-1.000,21.40,3.00,0.0490,0.0189
4.958,0.000,0,,,,,0,,,,GLOBAL,1.000,clear,0,,0,,0,0,-1.000,21.40,3.00,0.0423,0.0142
4.982,0.000,0,,,,,0,,,,GLOBAL,1.000,clear,0,,0,,0,0,-1.000,21.40,3.00,0.0441,0.0139
4.998,0.000,0,,,,,0,,,,GLOBAL,1.000,clear,0,,0,,0,0,-1.000,21.40,3.00,0.0344,0.0049
5.018,0.000,0,,,,,0,,,,GLOBAL,1.000,clear,0,,0,,0,0,-1.000,21.40,3.00,0.0285,0.0011
5.038,0.000,0,,,,,0,,,,GLOBAL,1.000,clear,0,,0,,0,0,-1.000,21.40,3.00,0.0483,0.0209
5.058,0.000,0,,,,,0,,,,GLOBAL,1.000,clear,0,,0,,0,0,-1.000,21.40,3.00,0.0435,0.0155
5.079,0.000,0,,,,,0,,,,GLOBAL,1.000,clear,0,,0,,0,0,-1.000,21.40,3.00,0.0392,0.0112
5.099,0.000,0,,,,,0,,,,GLOBAL,1.000,clear,0,,0,,0,0,-1.000,21.40,3.00,0.0353,0.0043
5.119,0.000,0,,,,,0,,,,GLOBAL,1.000,clear,0,,0,,0,0,-1.000,21.40,3.00,0.0297,0.0242
5.138,0.000,0,,,,,0,,,,GLOBAL,1.000,clear,0,,0,,0,0,-1.000,21.40,3.00,0.0487,0.0185
5.159,0.000,0,,,,,0,,,,GLOBAL,1.000,clear,0,,0,,0,0,-1.000,21.40,3.00,0.0458,0.0144
5.178,0.000,0,,,,,0,,,,GLOBAL,1.000,clear,0,,0,,0,0,-1.000,21.40,3.00,0.0403,0.0110
5.198,0.000,0,,,,,0,,,,GLOBAL,1.000,clear,0,,0,,0,0,-1.000,21.40,3.00,0.0348,0.0047
5.218,0.000,0,,,,,0,,,,GLOBAL,1.000,clear,0,,0,,0,0,-1.000,21.40,3.00,0.0291,0.0247
5.238,0.000,0,,,,,0,,,,GLOBAL,1.000,clear,0,,0,,0,0,-1.000,21.40,3.00,0.0492,0.0180
5.260,0.000,0,,,,,0,,,,GLOBAL,1.000,clear,0,,0,,0,0,-1.000,21.40,3.00,0.0436,0.0165
5.278,0.000,0,,,,,0,,,,GLOBAL,1.000,clear,0,,0,,0,0,-1.000,21.40,3.00,0.0380,0.0075
5.298,0.000,0,,,,,0,,,,GLOBAL,1.000,clear,0,,0,,0,0,-1.000,21.40,3.00,0.0333,0.0046
5.319,0.000,0,,,,,0,,,,GLOBAL,1.000,clear,0,,0,,0,0,-1.000,21.40,3.00,0.0302,0.0258
5.338,0.000,0,,,,,0,,,,GLOBAL,1.000,clear,0,,0,,0,0,-1.000,21.40,3.00,0.0493,0.0145
5.358,0.000,0,,,,,0,,,,GLOBAL,1.000,clear,0,,0,,0,0,-1.000,21.40,3.00,0.0439,0.0131
5.378,0.000,0,,,,,0,,,,GLOBAL,1.000,clear,0,,0,,0,0,-1.000,21.40,3.00,0.0401,0.0103
5.398,0.000,0,,,,,0,,,,GLOBAL,1.000,clear,0,,0,,0,0,-1.000,21.40,3.00,0.0338,0.0048
5.418,0.000,0,,,,,0,,,,GLOBAL,1.000,clear,0,,0,,0,0,-1.000,21.40,3.00,0.0297,0.0249
5.439,0.000,0,,,,,0,,,,GLOBAL,1.000,clear,0,,0,,0,0,-1.000,21.40,3.00,0.0505,0.0202
5.458,0.000,0,,,,,0,,,,GLOBAL,1.000,clear,0,,0,,0,0,-1.000,21.40,3.00,0.0440,0.0160
5.479,0.000,0,,,,,0,,,,GLOBAL,1.000,clear,0,,0,,0,0,-1.000,21.40,3.00,0.0410,0.0096
5.499,0.000,0,,,,,0,,,,GLOBAL,1.000,clear,0,,0,,0,0,-1.000,21.40,3.00,0.0286,0.0292
5.518,0.000,0,,,,,0,,,,GLOBAL,1.000,clear,0,,0,,0,0,-1.000,21.40,3.00,0.0283,0.0174
5.539,0.000,0,,,,,0,,,,GLOBAL,1.000,clear,0,,0,,0,0,-1.000,21.40,3.00,0.0496,0.0191
5.558,0.000,0,,,,,0,,,,GLOBAL,1.000,clear,0,,0,,0,0,-1.000,21.40,3.00,0.0445,0.0157
5.578,0.000,0,,,,,0,,,,GLOBAL,1.000,clear,0,,0,,0,0,-1.000,21.40,3.00,0.0387,0.0099
5.598,0.000,0,,,,,0,,,,GLOBAL,1.000,clear,0,,0,,0,0,-1.000,21.40,3.00,0.0326,0.0053
5.618,0.000,0,,,,,0,,,,GLOBAL,1.000,clear,0,,0,,0,0,-1.000,21.40,3.00,0.0294,0.0251
5.638,0.000,0,,,,,0,,,,GLOBAL,1.000,clear,0,,0,,0,0,-1.000,21.40,3.00,0.0492,0.0188
5.658,0.000,0,,,,,0,,,,GLOBAL,1.000,clear,0,,0,,0,0,-1.000,21.40,3.00,0.0445,0.0144
5.678,0.000,0,,,,,0,,,,GLOBAL,1.000,clear,0,,0,,0,0,-1.000,21.40,3.00,0.0386,0.0106
5.698,0.000,0,,,,,0,,,,GLOBAL,1.000,clear,0,,0,,0,0,-1.000,21.40,3.00,0.0348,0.0308
5.718,0.000,0,,,,,0,,,,GLOBAL,1.000,clear,0,,0,,0,0,-1.000,21.40,3.00,0.0291,0.0107
5.739,0.000,0,,,,,0,,,,GLOBAL,1.000,clear,0,,0,,0,0,-1.000,21.40,3.00,0.0498,0.0157
5.758,0.000,0,,,,,0,,,,GLOBAL,1.000,clear,0,,0,,0,0,-1.000,21.40,3.00,0.0420,0.0116
5.778,0.000,0,,,,,0,,,,GLOBAL,1.000,clear,0,,0,,0,0,-1.000,21.40,3.00,0.0362,0.0059
5.798,0.000,0,,,,,0,,,,GLOBAL,1.000,clear,0,,0,,0,0,-1.000,21.40,3.00,0.0329,0.0063
5.820,0.000,0,,,,,0,,,,GLOBAL,1.000,clear,0,,0,,0,0,-1.000,21.40,3.00,0.0313,0.0009
5.838,0.000,0,,,,,0,,,,GLOBAL,1.000,clear,0,,0,,0,0,-1.000,21.40,3.00,0.0496,0.0192
5.858,0.000,0,,,,,0,,,,GLOBAL,1.000,clear,0,,0,,0,0,-1.000,21.40,3.00,0.0420,0.0144
5.878,0.000,0,,,,,0,,,,GLOBAL,1.000,clear,0,,0,,0,0,-1.000,21.40,3.00,0.0386,0.0101
5.898,0.000,0,,,,,0,,,,GLOBAL,1.000,clear,0,,0,,0,0,-1.000,21.40,3.00,0.0337,0.0023
5.918,0.000,0,,,,,0,,,,GLOBAL,1.000,clear,0,,0,,0,0,-1.000,21.40,3.00,0.0297,0.0225
5.938,0.000,0,,,,,0,,,,GLOBAL,1.000,clear,0,,0,,0,0,-1.000,21.40,3.00,0.0497,0.0165
5.958,0.000,0,,,,,0,,,,GLOBAL,1.000,clear,0,,0,,0,0,-1.000,21.40,3.00,0.0438,0.0157
5.980,0.000,0,,,,,0,,,,GLOBAL,1.000,clear,0,,0,,0,0,-1.000,21.40,3.00,0.0419,0.0114
5.998,0.000,0,,,,,0,,,,GLOBAL,1.000,clear,0,,0,,0,0,-1.000,21.40,3.00,0.0341,0.0053
6.018,0.000,0,,,,,0,,,,GLOBAL,1.000,clear,0,,0,,0,0,-1.000,21.40,3.00,0.0286,0.0006
6.038,0.000,0,,,,,0,,,,GLOBAL,1.000,clear,0,,0,,0,0,-1.000,21.40,3.00,0.0482,0.0202
6.058,0.000,0,,,,,0,,,,GLOBAL,1.000,clear,0,,0,,0,0,-1.000,21.40,3.00,0.0441,0.0155
6.078,0.000,0,,,,,0,,,,GLOBAL,1.000,clear,0,,0,,0,0,-1.000,21.40,3.00,0.0385,0.0101
6.098,0.000,0,,,,,0,,,,GLOBAL,1.000,clear,0,,0,,0,0,-1.000,21.40,3.00,0.0326,0.0050
6.120,0.000,0,,,,,0,,,,GLOBAL,1.000,clear,0,,0,,0,0,-1.000,21.40,3.00,0.0305,0.0270
6.138,0.000,0,,,,,0,,,,GLOBAL,1.000,clear,0,,0,,0,0,-1.000,21.40,3.00,0.0486,0.0162
6.158,0.000,0,,,,,0,,,,GLOBAL,1.000,clear,0,,0,,0,0,-1.000,21.40,3.00,0.0445,0.0142
6.178,0.000,0,,,,,0,,,,GLOBAL,1.000,clear,0,,0,,0,0,-1.000,21.40,3.00,0.0380,0.0112
6.198,0.000,0,,,,,0,,,,GLOBAL,1.000,clear,0,,0,,0,0,-1.000,21.40,3.00,0.0349,0.0059
6.218,0.000,0,,,,,0,,,,GLOBAL,1.000,clear,0,,0,,0,0,-1.000,21.40,3.00,0.0285,0.0257
6.238,0.000,0,,,,,0,,,,GLOBAL,1.000,clear,0,,0,,0,0,-1.000,21.40,3.00,0.0486,0.0167
6.258,0.000,0,,,,,0,,,,GLOBAL,1.000,clear,0,,0,,0,0,-1.000,21.40,3.00,0.0434,0.0095
6.281,0.000,0,,,,,0,,,,GLOBAL,1.000,clear,0,,0,,0,0,-1.000,21.40,3.00,0.0415,0.0106
6.298,0.000,0,,,,,0,,,,GLOBAL,1.000,clear,0,,0,,0,0,-1.000,21.40,3.00,0.0333,0.0040
6.318,0.000,0,,,,,0,,,,GLOBAL,1.000,clear,0,,0,,0,0,-1.000,21.40,3.00,0.0292,0.0241
6.338,0.000,0,,,,,0,,,,GLOBAL,1.000,clear,0,,0,,0,0,-1.000,21.40,3.00,0.0492,0.0176
6.358,0.000,0,,,,,0,,,,GLOBAL,1.000,clear,0,,0,,0,0,-1.000,21.40,3.00,0.0434,0.0121
6.379,0.000,0,,,,,0,,,,GLOBAL,1.000,clear,0,,0,,0,0,-1.000,21.40,3.00,0.0408,0.0080
6.398,0.000,0,,,,,0,,,,GLOBAL,1.000,clear,0,,0,,0,0,-1.000,21.40,3.00,0.0343,0.0044
6.419,0.000,0,,,,,0,,,,GLOBAL,1.000,clear,0,,0,,0,0,-1.000,21.40,3.00,0.0305,0.0248
6.438,0.000,0,,,,,0,,,,GLOBAL,1.000,clear,0,,0,,0,0,-1.000,21.40,3.00,0.0501,0.0161
6.458,0.000,0,,,,,0,,,,GLOBAL,1.000,clear,0,,0,,0,0,-1.000,21.40,3.00,0.0443,0.0128
6.479,0.000,0,,,,,0,,,,GLOBAL,1.000,clear,0,,0,,0,0,-1.000,21.40,3.00,0.0405,0.0089
6.498,0.000,0,,,,,0,,,,GLOBAL,1.000,clear,0,,0,,0,0,-1.000,21.40,3.00,0.0323,0.0025
6.519,0.000,0,,,,,0,,,,GLOBAL,1.000,clear,0,,0,,0,0,-1.000,21.40,3.00,0.0296,0.0239
6.538,0.000,0,,,,,0,,,,GLOBAL,1.000,clear,0,,0,,0,0,-1.000,21.40,3.00,0.0488,0.0163
6.559,0.000,0,,,,,0,,,,GLOBAL,1.000,clear,0,,0,,0,0,-1.000,21.40,3.00,0.0439,0.0018
6.578,0.000,0,,,,,0,,,,GLOBAL,1.000,clear,0,,0,,0,0,-1.000,21.40,3.00,0.0390,0.0102
6.600,0.000,0,,,,,0,,,,GLOBAL,1.000,clear,0,,0,,0,0,-1.000,21.40,3.00,0.0369,0.0051
6.623,0.000,0,,,,,0,,,,GLOBAL,1.000,clear,0,,0,,0,0,-1.000,21.40,3.00,0.0333,0.0013
6.638,0.000,0,,,,,0,,,,GLOBAL,1.000,clear,0,,0,,0,0,-1.000,21.40,3.00,0.0488,0.0167
6.658,0.000,0,,,,,0,,,,GLOBAL,1.000,clear,0,,0,,0,0,-1.000,21.40,3.00,0.0447,0.0151
6.678,0.000,0,,,,,0,,,,GLOBAL,1.000,clear,0,,0,,0,0,-1.000,21.40,3.00,0.0387,0.0088
6.698,0.000,0,,,,,0,,,,GLOBAL,1.000,clear,0,,0,,0,0,-1.000,21.40,3.00,0.0348,0.0047
6.718,0.000,0,,,,,0,,,,GLOBAL,1.000,clear,0,,0,,0,0,-1.000,21.40,3.00,0.0290,0.0246
6.738,0.000,0,,,,,0,,,,GLOBAL,1.000,clear,0,,0,,0,0,-1.000,21.40,3.00,0.0491,0.0169
6.758,0.000,0,,,,,0,,,,GLOBAL,1.000,clear,0,,0,,0,0,-1.000,21.40,3.00,0.0434,0.0147
6.778,0.000,0,,,,,0,,,,GLOBAL,1.000,clear,0,,0,,0,0,-1.000,21.40,3.00,0.0390,0.0051
6.798,0.000,0,,,,,0,,,,GLOBAL,1.000,clear,0,,0,,0,0,-1.000,21.40,3.00,0.0337,0.0012
6.818,0.000,0,,,,,0,,,,GLOBAL,1.000,clear,0,,0,,0,0,-1.000,21.40,3.00,0.0292,0.0210
6.839,0.000,0,,,,,0,,,,GLOBAL,1.000,clear,0,,0,,0,0,-1.000,21.40,3.00,0.0499,0.0152
6.858,0.000,0,,,,,0,,,,GLOBAL,1.000,clear,0,,0,,0,0,-1.000,21.40,3.00,0.0435,0.0146
6.879,0.000,0,,,,,0,,,,GLOBAL,1.000,clear,0,,0,,0,0,-1.000,21.40,3.00,0.0403,0.0075
6.898,0.000,0,,,,,0,,,,GLOBAL,1.000,clear,0,,0,,0,0,-1.000,21.40,3.00,0.0341,0.0046
6.927,0.000,0,,,,,0,,,,GLOBAL,1.000,clear,0,,0,,0,0,-1.000,21.40,3.00,0.0623,0.0329
6.938,0.000,0,,,,,0,,,,GLOBAL,1.000,clear,0,,0,,0,0,-1.000,21.40,3.00,0.0497,0.0107
6.958,0.000,0,,,,,0,,,,GLOBAL,1.000,clear,0,,0,,0,0,-1.000,21.40,3.00,0.0440,0.0140
6.978,0.000,0,,,,,0,,,,GLOBAL,1.000,clear,0,,0,,0,0,-1.000,21.40,3.00,0.0380,0.0102
6.998,0.000,0,,,,,0,,,,GLOBAL,1.000,clear,0,,0,,0,0,-1.000,21.40,3.00,0.0310,0.0044
7.018,0.000,0,,,,,0,,,,GLOBAL,1.000,clear,0,,0,,0,0,-1.000,21.40,3.00,0.0265,0.0008
7.038,0.000,0,,,,,0,,,,GLOBAL,1.000,clear,0,,0,,0,0,-1.000,21.40,3.00,0.0469,0.0210
7.058,0.000,0,,,,,0,,,,GLOBAL,1.000,clear,0,,0,,0,0,-1.000,21.40,3.00,0.0441,0.0138
7.078,0.000,0,,,,,0,,,,GLOBAL,1.000,clear,0,,0,,0,0,-1.000,21.40,3.00,0.0384,0.0092
7.098,0.000,0,,,,,0,,,,GLOBAL,1.000,clear,0,,0,,0,0,-1.000,21.40,3.00,0.0348,0.0017
7.118,0.000,0,,,,,0,,,,GLOBAL,1.000,clear,0,,0,,0,0,-1.000,21.40,3.00,0.0286,0.0212
7.138,0.000,0,,,,,0,,,,GLOBAL,1.000,clear,0,,0,,0,0,-1.000,21.40,3.00,0.0488,0.0180
7.158,0.000,0,,,,,0,,,,GLOBAL,1.000,clear,0,,0,,0,0,-1.000,21.40,3.00,0.0444,0.0152
7.178,0.000,0,,,,,0,,,,GLOBAL,1.000,clear,0,,0,,0,0,-1.000,21.40,3.00,0.0391,0.0118
7.198,0.000,0,,,,,0,,,,GLOBAL,1.000,clear,0,,0,,0,0,-1.000,21.40,3.00,0.0350,0.0058
7.219,0.000,0,,,,,0,,,,GLOBAL,1.000,clear,0,,0,,0,0,-1.000,21.40,3.00,0.0298,0.0012
7.238,0.000,0,,,,,0,,,,GLOBAL,1.000,clear,0,,0,,0,0,-1.000,21.40,3.00,0.0490,0.0204
7.258,0.000,0,,,,,0,,,,GLOBAL,1.000,clear,0,,0,,0,0,-1.000,21.40,3.00,0.0433,0.0149
7.278,0.000,0,,,,,0,,,,GLOBAL,1.000,clear,0,,0,,0,0,-1.000,21.40,3.00,0.0381,0.0107
7.298,0.000,0,,,,,0,,,,GLOBAL,1.000,clear,0,,0,,0,0,-1.000,21.40,3.00,0.0336,0.0047
7.318,0.000,0,,,,,0,,,,GLOBAL,1.000,clear,0,,0,,0,0,-1.000,21.40,3.00,0.0292,0.0245
7.338,0.000,0,,,,,0,,,,GLOBAL,1.000,clear,0,,0,,0,0,-1.000,21.40,3.00,0.0493,0.0183
7.358,0.000,0,,,,,0,,,,GLOBAL,1.000,clear,0,,0,,0,0,-1.000,21.40,3.00,0.0436,0.0153
7.379,0.000,0,,,,,0,,,,GLOBAL,1.000,clear,0,,0,,0,0,-1.000,21.40,3.00,0.0409,0.0121
7.398,0.000,0,,,,,0,,,,GLOBAL,1.000,clear,0,,0,,0,0,-1.000,21.40,3.00,0.0340,0.0017
7.418,0.000,0,,,,,0,,,,GLOBAL,1.000,clear,0,,0,,0,0,-1.000,21.40,3.00,0.0297,0.0213
7.438,0.000,0,,,,,0,,,,GLOBAL,1.000,clear,0,,0,,0,0,-1.000,21.40,3.00,0.0498,0.0156
7.458,0.000,0,,,,,0,,,,GLOBAL,1.000,clear,0,,0,,0,0,-1.000,21.40,3.00,0.0425,0.0122
7.479,0.000,0,,,,,0,,,,GLOBAL,1.000,clear,0,,0,,0,0,-1.000,21.40,3.00,0.0390,0.0090
7.498,0.000,0,,,,,0,,,,GLOBAL,1.000,clear,0,,0,,0,0,-1.000,21.40,3.00,0.0324,0.0021
7.518,0.000,0,,,,,0,,,,GLOBAL,1.000,clear,0,,0,,0,0,-1.000,21.40,3.00,0.0283,0.0221
7.538,0.000,0,,,,,0,,,,GLOBAL,1.000,clear,0,,0,,0,0,-1.000,21.40,3.00,0.0484,0.0166
7.558,0.000,0,,,,,0,,,,GLOBAL,1.000,clear,0,,0,,0,0,-1.000,21.40,3.00,0.0425,0.0157
7.578,0.000,0,,,,,0,,,,GLOBAL,1.000,clear,0,,0,,0,0,-1.000,21.40,3.00,0.0384,0.0103
7.598,0.000,0,,,,,0,,,,GLOBAL,1.000,clear,0,,0,,0,0,-1.000,21.40,3.00,0.0326,0.0023
7.618,0.000,0,,,,,0,,,,GLOBAL,1.000,clear,0,,0,,0,0,-1.000,21.40,3.00,0.0287,0.0224
7.638,0.000,0,,,,,0,,,,GLOBAL,1.000,clear,0,,0,,0,0,-1.000,21.40,3.00,0.0487,0.0164
7.659,0.000,0,,,,,0,,,,GLOBAL,1.000,clear,0,,0,,0,0,-1.000,21.40,3.00,0.0434,0.0140
7.678,0.000,0,,,,,0,,,,GLOBAL,1.000,clear,0,,0,,0,0,-1.000,21.40,3.00,0.0389,0.0080
7.698,0.000,0,,,,,0,,,,GLOBAL,1.000,clear,0,,0,,0,0,-1.000,21.40,3.00,0.0328,0.0055
7.718,0.000,0,,,,,0,,,,GLOBAL,1.000,clear,0,,0,,0,0,-1.000,21.40,3.00,0.0290,0.0013
7.738,0.000,0,,,,,0,,,,GLOBAL,1.000,clear,0,,0,,0,0,-1.000,21.40,3.00,0.0488,0.0211
7.758,0.000,0,,,,,0,,,,GLOBAL,1.000,clear,0,,0,,0,0,-1.000,21.40,3.00,0.0428,0.0077
7.778,0.000,0,,,,,0,,,,GLOBAL,1.000,clear,0,,0,,0,0,-1.000,21.40,3.00,0.0388,0.0055
7.798,0.000,0,,,,,0,,,,GLOBAL,1.000,clear,0,,0,,0,0,-1.000,21.40,3.00,0.0317,0.0033
7.818,0.000,0,,,,,0,,,,GLOBAL,1.000,clear,0,,0,,0,0,-1.000,21.40,3.00,0.0293,0.0235
7.838,0.000,0,,,,,0,,,,GLOBAL,1.000,clear,0,,0,,0,0,-1.000,21.40,3.00,0.0493,0.0142
7.858,0.000,0,,,,,0,,,,GLOBAL,1.000,clear,0,,0,,0,0,-1.000,21.40,3.00,0.0424,0.0147
7.878,0.000,0,,,,,0,,,,GLOBAL,1.000,clear,0,,0,,0,0,-1.000,21.40,3.00,0.0383,0.0072
7.898,0.000,0,,,,,0,,,,GLOBAL,1.000,clear,0,,0,,0,0,-1.000,21.40,3.00,0.0319,0.0046
7.918,0.000,0,,,,,0,,,,GLOBAL,1.000,clear,0,,0,,0,0,-1.000,21.40,3.00,0.0296,0.0248
7.938,0.000,0,,,,,0,,,,GLOBAL,1.000,clear,0,,0,,0,0,-1.000,21.40,3.00,0.0498,0.0177
7.958,0.000,0,,,,,0,,,,GLOBAL,1.000,clear,0,,0,,0,0,-1.000,21.40,3.00,0.0420,0.0147
7.978,0.000,0,,,,,0,,,,GLOBAL,1.000,clear,0,,0,,0,0,-1.000,21.40,3.00,0.0396,0.0079
7.998,0.000,0,,,,,0,,,,GLOBAL,1.000,clear,0,,0,,0,0,-1.000,21.40,3.00,0.0328,0.0051
8.019,0.000,0,,,,,0,,,,GLOBAL,1.000,clear,0,,0,,0,0,-1.000,21.40,3.00,0.0259,0.0255
8.038,0.000,0,,,,,0,,,,GLOBAL,1.000,clear,0,,0,,0,0,-1.000,21.40,3.00,0.0456,0.0187
8.058,0.000,0,,,,,0,,,,GLOBAL,1.000,clear,0,,0,,0,0,-1.000,21.40,3.00,0.0393,0.0146
8.078,0.000,0,,,,,0,,,,GLOBAL,1.000,clear,0,,0,,0,0,-1.000,21.40,3.00,0.0380,0.0074
8.098,0.000,0,,,,,0,,,,GLOBAL,1.000,clear,0,,0,,0,0,-1.000,21.40,3.00,0.0324,0.0035
8.118,0.000,0,,,,,0,,,,GLOBAL,1.000,clear,0,,0,,0,0,-1.000,21.40,3.00,0.0284,0.0236
8.138,0.000,0,,,,,0,,,,GLOBAL,1.000,clear,0,,0,,0,0,-1.000,21.40,3.00,0.0488,0.0183
8.158,0.000,0,,,,,0,,,,GLOBAL,1.000,clear,0,,0,,0,0,-1.000,21.40,3.00,0.0427,0.0138
8.178,0.000,0,,,,,0,,,,GLOBAL,1.000,clear,0,,0,,0,0,-1.000,21.40,3.00,0.0375,0.0076
8.198,0.000,0,,,,,0,,,,GLOBAL,1.000,clear,0,,0,,0,0,-1.000,21.40,3.00,0.0343,0.0056
8.218,0.000,0,,,,,0,,,,GLOBAL,1.000,clear,0,,0,,0,0,-1.000,21.40,3.00,0.0271,0.0258
8.238,0.000,0,,,,,0,,,,GLOBAL,1.000,clear,0,,0,,0,0,-1.000,21.40,3.00,0.0472,0.0176
8.258,0.000,0,,,,,0,,,,GLOBAL,1.000,clear,0,,0,,0,0,-1.000,21.40,3.00,0.0430,0.0121
8.278,0.000,0,,,,,0,,,,GLOBAL,1.000,clear,0,,0,,0,0,-1.000,21.40,3.00,0.0385,0.0085
8.298,0.000,0,,,,,0,,,,GLOBAL,1.000,clear,0,,0,,0,0,-1.000,21.40,3.00,0.0320,0.0030
8.319,0.000,0,,,,,0,,,,GLOBAL,1.000,clear,0,,0,,0,0,-1.000,21.40,3.00,0.0258,0.0241
8.338,0.000,0,,,,,0,,,,GLOBAL,1.000,clear,0,,0,,0,0,-1.000,21.40,3.00,0.0447,0.0125
8.359,0.000,0,,,,,0,,,,GLOBAL,1.000,clear,0,,0,,0,0,-1.000,21.40,3.00,0.0430,0.0148
8.379,0.000,0,,,,,0,,,,GLOBAL,1.000,clear,0,,0,,0,0,-1.000,21.40,3.00,0.0392,0.0058
8.398,0.000,0,,,,,0,,,,GLOBAL,1.000,clear,0,,0,,0,0,-1.000,21.40,3.00,0.0320,0.0243
8.418,0.000,0,,,,,0,,,,GLOBAL,1.000,clear,0,,0,,0,0,-1.000,21.40,3.00,0.0291,0.0162
8.438,0.000,0,,,,,0,,,,GLOBAL,1.000,clear,0,,0,,0,0,-1.000,21.40,3.00,0.0493,0.0178
8.459,0.000,0,,,,,0,,,,GLOBAL,1.000,clear,0,,0,,0,0,-1.000,21.40,3.00,0.0434,0.0165
8.478,0.000,0,,,,,0,,,,GLOBAL,1.000,clear,0,,0,,0,0,-1.000,21.40,3.00,0.0392,0.0102
8.498,0.000,0,,,,,0,,,,GLOBAL,1.000,clear,0,,0,,0,0,-1.000,21.40,3.00,0.0319,0.0056
8.518,0.000,0,,,,,0,,,,GLOBAL,1.000,clear,0,,0,,0,0,-1.000,21.40,3.00,0.0296,0.0258
8.538,0.000,0,,,,,0,,,,GLOBAL,1.000,clear,0,,0,,0,0,-1.000,21.40,3.00,0.0495,0.0183
8.558,0.000,0,,,,,0,,,,GLOBAL,1.000,clear,0,,0,,0,0,-1.000,21.40,3.00,0.0439,0.0151
8.579,0.000,0,,,,,0,,,,GLOBAL,1.000,clear,0,,0,,0,0,-1.000,21.40,3.00,0.0395,0.0113
8.598,0.000,0,,,,,0,,,,GLOBAL,1.000,clear,0,,0,,0,0,-1.000,21.40,3.00,0.0327,0.0033
8.618,0.000,0,,,,,0,,,,GLOBAL,1.000,clear,0,,0,,0,0,-1.000,21.40,3.00,0.0280,0.0006
8.638,0.000,0,,,,,0,,,,GLOBAL,1.000,clear,0,,0,,0,0,-1.000,21.40,3.00,0.0483,0.0208
8.658,0.000,0,,,,,0,,,,GLOBAL,1.000,clear,0,,0,,0,0,-1.000,21.40,3.00,0.0410,0.0113
8.678,0.000,0,,,,,0,,,,GLOBAL,1.000,clear,0,,0,,0,0,-1.000,21.40,3.00,0.0389,0.0086
8.698,0.000,0,,,,,0,,,,GLOBAL,1.000,clear,0,,0,,0,0,-1.000,21.40,3.00,0.0327,0.0022
8.718,0.000,0,,,,,0,,,,GLOBAL,1.000,clear,0,,0,,0,0,-1.000,21.40,3.00,0.0288,0.0225
8.738,0.000,0,,,,,0,,,,GLOBAL,1.000,clear,0,,0,,0,0,-1.000,21.40,3.00,0.0488,0.0187
8.758,0.000,0,,,,,0,,,,GLOBAL,1.000,clear,0,,0,,0,0,-1.000,21.40,3.00,0.0430,0.0154
8.778,0.000,0,,,,,0,,,,GLOBAL,1.000,clear,0,,0,,0,0,-1.000,21.40,3.00,0.0392,0.0073
8.798,0.000,0,,,,,0,,,,GLOBAL,1.000,clear,0,,0,,0,0,-1.000,21.40,3.00,0.0329,0.0017
8.818,0.000,0,,,,,0,,,,GLOBAL,1.000,clear,0,,0,,0,0,-1.000,21.40,3.00,0.0289,0.0214
8.839,0.000,0,,,,,0,,,,GLOBAL,1.000,clear,0,,0,,0,0,-1.000,21.40,3.00,0.0498,0.0156
8.858,0.000,0,,,,,0,,,,GLOBAL,1.000,clear,0,,0,,0,0,-1.000,21.40,3.00,0.0421,0.0119
8.879,0.000,0,,,,,0,,,,GLOBAL,1.000,clear,0,,0,,0,0,-1.000,21.40,3.00,0.0399,0.0066
8.898,0.000,0,,,,,0,,,,GLOBAL,1.000,clear,0,,0,,0,0,-1.000,21.40,3.00,0.0317,0.0023
8.918,0.000,0,,,,,0,,,,GLOBAL,1.000,clear,0,,0,,0,0,-1.000,21.40,3.00,0.0291,0.0221
8.938,0.000,0,,,,,0,,,,GLOBAL,1.000,clear,0,,0,,0,0,-1.000,21.40,3.00,0.0495,0.0162
8.958,0.000,0,,,,,0,,,,GLOBAL,1.000,clear,0,,0,,0,0,-1.000,21.40,3.00,0.0401,0.0143
8.980,0.000,0,,,,,0,,,,GLOBAL,1.000,clear,0,,0,,0,0,-1.000,21.40,3.00,0.0410,0.0079
8.998,0.000,0,,,,,0,,,,GLOBAL,1.000,clear,0,,0,,0,0,-1.000,21.40,3.00,0.0335,0.0051
9.018,0.000,0,,,,,0,,,,GLOBAL,1.000,clear,0,,0,,0,0,-1.000,21.40,3.00,0.0292,0.0250
9.038,0.000,0,,,,,0,,,,GLOBAL,1.000,clear,0,,0,,0,0,-1.000,21.40,3.00,0.0493,0.0168
9.058,0.000,0,,,,,0,,,,GLOBAL,1.000,clear,0,,0,,0,0,-1.000,21.40,3.00,0.0422,0.0146
9.079,0.000,0,,,,,0,,,,GLOBAL,1.000,clear,0,,0,,0,0,-1.000,21.40,3.00,0.0405,0.0116
9.098,0.000,0,,,,,0,,,,GLOBAL,1.000,clear,0,,0,,0,0,-1.000,21.40,3.00,0.0339,0.0037
9.118,0.000,0,,,,,0,,,,GLOBAL,1.000,clear,0,,0,,0,0,-1.000,21.40,3.00,0.0286,0.0242
9.138,0.000,0,,,,,0,,,,GLOBAL,1.000,clear,0,,0,,0,0,-1.000,21.40,3.00,0.0482,0.0175
9.158,0.000,0,,,,,0,,,,GLOBAL,1.000,clear,0,,0,,0,0,-1.000,21.40,3.00,0.0442,0.0152
9.178,0.000,0,,,,,0,,,,GLOBAL,1.000,clear,0,,0,,0,0,-1.000,21.40,3.00,0.0384,0.0109
9.198,0.000,0,,,,,0,,,,GLOBAL,1.000,clear,0,,0,,0,0,-1.000,21.40,3.00,0.0342,0.0056
9.218,0.000,0,,,,,0,,,,GLOBAL,1.000,clear,0,,0,,0,0,-1.000,21.40,3.00,0.0287,0.0258
9.238,0.000,0,,,,,0,,,,GLOBAL,1.000,clear,0,,0,,0,0,-1.000,21.40,3.00,0.0486,0.0187
9.258,0.000,0,,,,,0,,,,GLOBAL,1.000,clear,0,,0,,0,0,-1.000,21.40,3.00,0.0445,0.0125
9.278,0.000,0,,,,,0,,,,GLOBAL,1.000,clear,0,,0,,0,0,-1.000,21.40,3.00,0.0387,0.0067
9.298,0.000,0,,,,,0,,,,GLOBAL,1.000,clear,0,,0,,0,0,-1.000,21.40,3.00,0.0345,0.0042
9.319,0.000,0,,,,,0,,,,GLOBAL,1.000,clear,0,,0,,0,0,-1.000,21.40,3.00,0.0299,0.0010
9.338,0.000,0,,,,,0,,,,GLOBAL,1.000,clear,0,,0,,0,0,-1.000,21.40,3.00,0.0489,0.0200
9.358,0.000,0,,,,,0,,,,GLOBAL,1.000,clear,0,,0,,0,0,-1.000,21.40,3.00,0.0430,0.0155
9.378,0.000,0,,,,,0,,,,GLOBAL,1.000,clear,0,,0,,0,0,-1.000,21.40,3.00,0.0388,0.0075
9.398,0.000,0,,,,,0,,,,GLOBAL,1.000,clear,0,,0,,0,0,-1.000,21.40,3.00,0.0320,0.0054
9.418,0.000,0,,,,,0,,,,GLOBAL,1.000,clear,0,,0,,0,0,-1.000,21.40,3.00,0.0296,0.0257
9.438,0.000,0,,,,,0,,,,GLOBAL,1.000,clear,0,,0,,0,0,-1.000,21.40,3.00,0.0499,0.0087
9.458,0.000,0,,,,,0,,,,GLOBAL,1.000,clear,0,,0,,0,0,-1.000,21.40,3.00,0.0436,0.0140
9.478,0.000,0,,,,,0,,,,GLOBAL,1.000,clear,0,,0,,0,0,-1.000,21.40,3.00,0.0393,0.0088
9.499,0.000,0,,,,,0,,,,GLOBAL,1.000,clear,0,,0,,0,0,-1.000,21.40,3.00,0.0344,0.0060
9.518,0.000,0,,,,,0,,,,GLOBAL,1.000,clear,0,,0,,0,0,-1.000,21.40,3.00,0.0291,0.0250
9.538,0.000,0,,,,,0,,,,GLOBAL,1.000,clear,0,,0,,0,0,-1.000,21.40,3.00,0.0493,0.0187
9.558,0.000,0,,,,,0,,,,GLOBAL,1.000,clear,0,,0,,0,0,-1.000,21.40,3.00,0.0421,0.0151
9.578,0.000,0,,,,,0,,,,GLOBAL,1.000,clear,0,,0,,0,0,-1.000,21.40,3.00,0.0380,0.0103
9.598,0.000,0,,,,,0,,,,GLOBAL,1.000,clear,0,,0,,0,0,-1.000,21.40,3.00,0.0326,0.0018
9.618,0.000,0,,,,,0,,,,GLOBAL,1.000,clear,0,,0,,0,0,-1.000,21.40,3.00,0.0285,0.0010
9.638,0.000,0,,,,,0,,,,GLOBAL,1.000,clear,0,,0,,0,0,-1.000,21.40,3.00,0.0484,0.0209
9.659,0.000,0,,,,,0,,,,GLOBAL,1.000,clear,0,,0,,0,0,-1.000,21.40,3.00,0.0417,0.0152
9.678,0.000,0,,,,,0,,,,GLOBAL,1.000,clear,0,,0,,0,0,-1.000,21.40,3.00,0.0376,0.0105
9.698,0.000,0,,,,,0,,,,GLOBAL,1.000,clear,0,,0,,0,0,-1.000,21.40,3.00,0.0342,0.0051
9.718,0.000,0,,,,,0,,,,GLOBAL,1.000,clear,0,,0,,0,0,-1.000,21.40,3.00,0.0291,0.0016
9.738,0.000,0,,,,,0,,,,GLOBAL,1.000,clear,0,,0,,0,0,-1.000,21.40,3.00,0.0486,0.0211
9.758,0.000,0,,,,,0,,,,GLOBAL,1.000,clear,0,,0,,0,0,-1.000,21.40,3.00,0.0430,0.0126
9.778,0.000,0,,,,,0,,,,GLOBAL,1.000,clear,0,,0,,0,0,-1.000,21.40,3.00,0.0384,0.0062
9.798,0.000,0,,,,,0,,,,GLOBAL,1.000,clear,0,,0,,0,0,-1.000,21.40,3.00,0.0316,0.0027
9.819,0.000,0,,,,,0,,,,GLOBAL,1.000,clear,0,,0,,0,0,-1.000,21.40,3.00,0.0298,0.0237
9.838,0.000,0,,,,,0,,,,GLOBAL,1.000,clear,0,,0,,0,0,-1.000,21.40,3.00,0.0496,0.0188
9.858,0.000,0,,,,,0,,,,GLOBAL,1.000,clear,0,,0,,0,0,-1.000,21.40,3.00,0.0421,0.0117
9.878,0.000,0,,,,,0,,,,GLOBAL,1.000,clear,0,,0,,0,0,-1.000,21.40,3.00,0.0394,0.0094
9.898,0.000,0,,,,,0,,,,GLOBAL,1.000,clear,0,,0,,0,0,-1.000,21.40,3.00,0.0321,0.0035
9.918,0.000,0,,,,,0,,,,GLOBAL,1.000,clear,0,,0,,0,0,-1.000,21.40,3.00,0.0297,0.0239
9.939,0.000,0,,,,,0,,,,GLOBAL,1.000,clear,0,,0,,0,0,-1.000,21.40,3.00,0.0502,0.0185
9.958,0.000,0,,,,,0,,,,GLOBAL,1.000,clear,0,,0,,0,0,-1.000,21.40,3.00,0.0419,0.0153
9.978,0.000,0,,,,,0,,,,GLOBAL,1.000,clear,0,,0,,0,0,-1.000,21.40,3.00,0.0395,0.0073
9.998,0.000,0,,,,,0,,,,GLOBAL,1.000,clear,0,,0,,0,0,-1.000,21.40,3.00,0.0337,0.0033
10.018,0.000,0,,,,,0,,,,GLOBAL,1.000,clear,0,,0,,0,0,-1.000,21.40,3.00,0.0282,0.0005
10.038,0.000,0,,,,,0,,,,GLOBAL,1.000,clear,0,,0,,0,0,-1.000,21.40,3.00,0.0483,0.0207
10.058,0.000,0,,,,,0,,,,GLOBAL,1.000,clear,0,,0,,0,0,-1.000,21.40,3.00,0.0421,0.0148
10.078,0.000,0,,,,,0,,,,GLOBAL,1.000,clear,0,,0,,0,0,-1.000,21.40,3.00,0.0380,0.0083
10.098,0.000,0,,,,,0,,,,GLOBAL,1.000,clear,0,,0,,0,0,-1.000,21.40,3.00,0.0341,0.0285
10.118,0.000,0,,,,,0,,,,GLOBAL,1.000,clear,0,,0,,0,0,-1.000,21.40,3.00,0.0286,0.0007
10.138,0.000,0,,,,,0,,,,GLOBAL,1.000,clear,0,,0,,0,0,-1.000,21.40,3.00,0.0483,0.0204
10.158,0.000,0,,,,,0,,,,GLOBAL,1.000,clear,0,,0,,0,0,-1.000,21.40,3.00,0.0426,0.0155
10.179,0.000,0,,,,,0,,,,GLOBAL,1.000,clear,0,,0,,0,0,-1.000,21.40,3.00,0.0395,0.0119
10.198,0.000,0,,,,,0,,,,GLOBAL,1.000,clear,0,,0,,0,0,-1.000,21.40,3.00,0.0331,0.0028
10.218,0.000,0,,,,,0,,,,GLOBAL,1.000,clear,0,,0,,0,0,-1.000,21.40,3.00,0.0286,0.0009
10.238,0.000,0,,,,,0,,,,GLOBAL,1.000,clear,0,,0,,0,0,-1.000,21.40,3.00,0.0486,0.0208
10.258,0.000,0,,,,,0,,,,GLOBAL,1.000,clear,0,,0,,0,0,-1.000,21.40,3.00,0.0428,0.0137
10.278,0.000,0,,,,,0,,,,GLOBAL,1.000,clear,0,,0,,0,0,-1.000,21.40,3.00,0.0390,0.0089
10.298,0.000,0,,,,,0,,,,GLOBAL,1.000,clear,0,,0,,0,0,-1.000,21.40,3.00,0.0318,0.0054
10.319,0.000,0,,,,,0,,,,GLOBAL,1.000,clear,0,,0,,0,0,-1.000,21.40,3.00,0.0287,0.0268
10.338,0.000,0,,,,,0,,,,GLOBAL,1.000,clear,0,,0,,0,0,-1.000,21.40,3.00,0.0476,0.0164
10.358,0.000,0,,,,,0,,,,GLOBAL,1.000,clear,0,,0,,0,0,-1.000,21.40,3.00,0.0419,0.0134
10.378,0.000,0,,,,,0,,,,GLOBAL,1.000,clear,0,,0,,0,0,-1.000,21.40,3.00,0.0379,0.0081
10.398,0.000,0,,,,,0,,,,GLOBAL,1.000,clear,0,,0,,0,0,-1.000,21.40,3.00,0.0319,0.0048
10.418,0.000,0,,,,,0,,,,GLOBAL,1.000,clear,0,,0,,0,0,-1.000,21.40,3.00,0.0295,0.0250
10.439,0.000,0,,,,,0,,,,GLOBAL,1.000,clear,0,,0,,0,0,-1.000,21.40,3.00,0.0507,0.0198
10.458,0.000,0,,,,,0,,,,GLOBAL,1.000,clear,0,,0,,0,0,-1.000,21.40,3.00,0.0418,0.0144
10.478,0.000,0,,,,,0,,,,GLOBAL,1.000,clear,0,,0,,0,0,-1.000,21.40,3.00,0.0394,0.0106
10.498,0.000,0,,,,,0,,,,GLOBAL,1.000,clear,0,,0,,0,0,-1.000,21.40,3.00,0.0327,0.0052
10.518,0.000,0,,,,,0,,,,GLOBAL,1.000,clear,0,,0,,0,0,-1.000,21.40,3.00,0.0279,0.0246
10.539,0.000,0,,,,,0,,,,GLOBAL,1.000,clear,0,,0,,0,0,-1.000,21.40,3.00,0.0487,0.0187
10.558,0.000,0,,,,,0,,,,GLOBAL,1.000,clear,0,,0,,0,0,-1.000,21.40,3.00,0.0422,0.0144
10.578,0.000,0,,,,,0,,,,GLOBAL,1.000,clear,0,,0,,0,0,-1.000,21.40,3.00,0.0372,0.0092
10.598,0.000,0,,,,,0,,,,GLOBAL,1.000,clear,0,,0,,0,0,-1.000,21.40,3.00,0.0339,0.0035
10.618,0.000,0,,,,,0,,,,GLOBAL,1.000,clear,0,,0,,0,0,-1.000,21.40,3.00,0.0283,0.0235
10.638,0.000,0,,,,,0,,,,GLOBAL,1.000,clear,0,,0,,0,0,-1.000,21.40,3.00,0.0484,0.0172
10.658,0.000,0,,,,,0,,,,GLOBAL,1.000,clear,0,,0,,0,0,-1.000,21.40,3.00,0.0440,0.0139
10.678,0.000,0,,,,,0,,,,GLOBAL,1.000,clear,0,,0,,0,0,-1.000,21.40,3.00,0.0385,0.0082
10.699,0.000,0,,,,,0,,,,GLOBAL,1.000,clear,0,,0,,0,0,-1.000,21.40,3.00,0.0336,0.0012
10.718,0.000,0,,,,,0,,,,GLOBAL,1.000,clear,0,,0,,0,0,-1.000,21.40,3.00,0.0285,0.0201
10.738,0.000,0,,,,,0,,,,GLOBAL,1.000,clear,0,,0,,0,0,-1.000,21.40,3.00,0.0486,0.0179
10.758,0.000,0,,,,,0,,,,GLOBAL,1.000,clear,0,,0,,0,0,-1.000,21.40,3.00,0.0426,0.0083
10.778,0.000,0,,,,,0,,,,GLOBAL,1.000,clear,0,,0,,0,0,-1.000,21.40,3.00,0.0376,0.0048
10.798,0.000,0,,,,,0,,,,GLOBAL,1.000,clear,0,,0,,0,0,-1.000,21.40,3.00,0.0324,0.0044
10.818,0.000,0,,,,,0,,,,GLOBAL,1.000,clear,0,,0,,0,0,-1.000,21.40,3.00,0.0292,0.0247
10.838,0.000,0,,,,,0,,,,GLOBAL,1.000,clear,0,,0,,0,0,-1.000,21.40,3.00,0.0490,0.0184
10.858,0.000,0,,,,,0,,,,GLOBAL,1.000,clear,0,,0,,0,0,-1.000,21.40,3.00,0.0422,0.0147
10.878,0.000,0,,,,,0,,,,GLOBAL,1.000,clear,0,,0,,0,0,-1.000,21.40,3.00,0.0388,0.0091
10.898,0.000,0,,,,,0,,,,GLOBAL,1.000,clear,0,,0,,0,0,-1.000,21.40,3.00,0.0323,0.0060
10.919,0.000,0,,,,,0,,,,GLOBAL,1.000,clear,0,,0,,0,0,-1.000,21.40,3.00,0.0306,0.0273
10.938,0.000,0,,,,,0,,,,GLOBAL,1.000,clear,0,,0,,0,0,-1.000,21.40,3.00,0.0491,0.0178
10.958,0.000,0,,,,,0,,,,GLOBAL,1.000,clear,0,,0,,0,0,-1.000,21.40,3.00,0.0424,0.0154
10.978,0.000,0,,,,,0,,,,GLOBAL,1.000,clear,0,,0,,0,0,-1.000,21.40,3.00,0.0397,0.0093
10.998,0.000,0,,,,,0,,,,GLOBAL,1.000,clear,0,,0,,0,0,-1.000,21.40,3.00,0.0323,0.0050
11.025,0.000,0,,,,,0,,,,GLOBAL,1.000,clear,0,,0,,0,0,-1.000,21.40,3.00,0.0351,0.0010
11.038,0.000,0,,,,,0,,,,GLOBAL,1.000,clear,0,,0,,0,0,-1.000,21.40,3.00,0.0479,0.0138
11.058,0.000,0,,,,,0,,,,GLOBAL,1.000,clear,0,,0,,0,0,-1.000,21.40,3.00,0.0405,0.0132
11.078,0.000,0,,,,,0,,,,GLOBAL,1.000,clear,0,,0,,0,0,-1.000,21.40,3.00,0.0377,0.0091
11.098,0.000,0,,,,,0,,,,GLOBAL,1.000,clear,0,,0,,0,0,-1.000,21.40,3.00,0.0324,0.0033
11.118,0.000,0,,,,,0,,,,GLOBAL,1.000,clear,0,,0,,0,0,-1.000,21.40,3.00,0.0283,0.0234
11.138,0.000,0,,,,,0,,,,GLOBAL,1.000,clear,0,,0,,0,0,-1.000,21.40,3.00,0.0482,0.0169
11.158,0.000,0,,,,,0,,,,GLOBAL,1.000,clear,0,,0,,0,0,-1.000,21.40,3.00,0.0424,0.0150
11.178,0.000,0,,,,,0,,,,GLOBAL,1.000,clear,0,,0,,0,0,-1.000,21.40,3.00,0.0389,0.0106
11.198,0.000,0,,,,,0,,,,GLOBAL,1.000,clear,0,,0,,0,0,-1.000,21.40,3.00,0.0325,0.0045
11.218,0.000,0,,,,,0,,,,GLOBAL,1.000,clear,0,,0,,0,0,-1.000,21.40,3.00,0.0275,0.0245
11.238,0.000,0,,,,,0,,,,GLOBAL,1.000,clear,0,,0,,0,0,-1.000,21.40,3.00,0.0477,0.0191
11.258,0.000,0,,,,,0,,,,GLOBAL,1.000,clear,0,,0,,0,0,-1.000,21.40,3.00,0.0387,0.0154
11.278,0.000,0,,,,,0,,,,GLOBAL,1.000,clear,0,,0,,0,0,-1.000,21.40,3.00,0.0387,0.0112
11.299,0.000,0,,,,,0,,,,GLOBAL,1.000,clear,0,,0,,0,0,-1.000,21.40,3.00,0.0344,0.0067
11.320,0.000,0,,,,,0,,,,GLOBAL,1.000,clear,0,,0,,0,0,-1.000,21.40,3.00,0.0313,0.0279
11.339,0.000,0,,,,,0,,,,GLOBAL,1.000,clear,0,,0,,0,0,-1.000,21.40,3.00,0.0497,0.0170
11.358,0.000,0,,,,,0,,,,GLOBAL,1.000,clear,0,,0,,0,0,-1.000,21.40,3.00,0.0418,0.0144
11.378,0.000,0,,,,,0,,,,GLOBAL,1.000,clear,0,,0,,0,0,-1.000,21.40,3.00,0.0383,0.0092
11.398,0.000,0,,,,,0,,,,GLOBAL,1.000,clear,0,,0,,0,0,-1.000,21.40,3.00,0.0327,0.0060
11.418,0.000,0,,,,,0,,,,GLOBAL,1.000,clear,0,,0,,0,0,-1.000,21.40,3.00,0.0276,0.0252
11.438,0.000,0,,,,,0,,,,GLOBAL,1.000,clear,0,,0,,0,0,-1.000,21.40,3.00,0.0478,0.0153
11.458,0.000,0,,,,,0,,,,GLOBAL,1.000,clear,0,,0,,0,0,-1.000,21.40,3.00,0.0426,0.0148
11.478,0.000,0,,,,,0,,,,GLOBAL,1.000,clear,0,,0,,0,0,-1.000,21.40,3.00,0.0379,0.0098
11.498,0.000,0,,,,,0,,,,GLOBAL,1.000,clear,0,,0,,0,0,-1.000,21.40,3.00,0.0335,0.0059
11.518,0.000,0,,,,,0,,,,GLOBAL,1.000,clear,0,,0,,0,0,-1.000,21.40,3.00,0.0298,0.0262
11.538,0.000,0,,,,,0,,,,GLOBAL,1.000,clear,0,,0,,0,0,-1.000,21.40,3.00,0.0498,0.0189
11.558,0.000,0,,,,,0,,,,GLOBAL,1.000,clear,0,,0,,0,0,-1.000,21.40,3.00,0.0437,0.0130
11.578,0.000,0,,,,,0,,,,GLOBAL,1.000,clear,0,,0,,0,0,-1.000,21.40,3.00,0.0382,0.0109
11.598,0.000,0,,,,,0,,,,GLOBAL,1.000,clear,0,,0,,0,0,-1.000,21.40,3.00,0.0326,0.0046
11.618,0.000,0,,,,,0,,,,GLOBAL,1.000,clear,0,,0,,0,0,-1.000,21.40,3.00,0.0284,0.0245
11.638,0.000,0,,,,,0,,,,GLOBAL,1.000,clear,0,,0,,0,0,-1.000,21.40,3.00,0.0484,0.0158
11.658,0.000,0,,,,,0,,,,GLOBAL,1.000,clear,0,,0,,0,0,-1.000,21.40,3.00,0.0442,0.0127
11.678,0.000,0,,,,,0,,,,GLOBAL,1.000,clear,0,,0,,0,0,-1.000,21.40,3.00,0.0384,0.0109
11.698,0.000,0,,,,,0,,,,GLOBAL,1.000,clear,0,,0,,0,0,-1.000,21.40,3.00,0.0343,0.0055
11.718,0.000,0,,,,,0,,,,GLOBAL,1.000,clear,0,,0,,0,0,-1.000,21.40,3.00,0.0282,0.0258
11.738,0.000,0,,,,,0,,,,GLOBAL,1.000,clear,0,,0,,0,0,-1.000,21.40,3.00,0.0481,0.0189
11.760,0.000,0,,,,,0,,,,GLOBAL,1.000,clear,0,,0,,0,0,-1.000,21.40,3.00,0.0440,0.0107
11.790,0.000,0,,,,,0,,,,GLOBAL,1.000,clear,0,,0,,0,0,-1.000,21.40,3.00,0.0505,0.0188
11.798,0.000,0,,,,,0,,,,GLOBAL,1.000,clear,0,,0,,0,0,-1.000,21.40,3.00,0.0314,0.0029
11.818,0.000,0,,,,,0,,,,GLOBAL,1.000,clear,0,,0,,0,0,-1.000,21.40,3.00,0.0294,0.0236
11.839,0.000,0,,,,,0,,,,GLOBAL,1.000,clear,0,,0,,0,0,-1.000,21.40,3.00,0.0497,0.0190
11.858,0.000,0,,,,,0,,,,GLOBAL,1.000,clear,0,,0,,0,0,-1.000,21.40,3.00,0.0417,0.0147
11.878,0.000,0,,,,,0,,,,GLOBAL,1.000,clear,0,,0,,0,0,-1.000,21.40,3.00,0.0375,0.0076
11.898,0.000,0,,,,,0,,,,GLOBAL,1.000,clear,0,,0,,0,0,-1.000,21.40,3.00,0.0320,0.0053
11.918,0.000,0,,,,,0,,,,GLOBAL,1.000,clear,0,,0,,0,0,-1.000,21.40,3.00,0.0290,0.0255
11.938,0.000,0,,,,,0,,,,GLOBAL,1.000,clear,0,,0,,0,0,-1.000,21.40,3.00,0.0477,0.0089
11.958,0.000,0,,,,,0,,,,GLOBAL,1.000,clear,0,,0,,0,0,-1.000,21.40,3.00,0.0403,0.0091
11.981,0.000,0,,,,,0,,,,GLOBAL,1.000,clear,0,,0,,0,0,-1.000,21.40,3.00,0.0409,0.0108
12.000,0.000,0,,,,,0,,,,GLOBAL,1.000,clear,0,,0,,0,0,-1.000,21.40,3.00,0.0340,0.0295
12.018,0.000,0,,,,,0,,,,GLOBAL,1.000,clear,0,,0,,0,0,-1.000,21.40,3.00,0.0254,0.0154
12.039,0.000,0,,,,,0,,,,GLOBAL,1.000,clear,0,,0,,0,0,-1.000,21.40,3.00,0.0466,0.0188
12.058,0.000,0,,,,,0,,,,GLOBAL,1.000,clear,0,,0,,0,0,-1.000,21.40,3.00,0.0406,0.0108
12.078,0.000,0,,,,,0,,,,GLOBAL,1.000,clear,0,,0,,0,0,-1.000,21.40,3.00,0.0375,0.0102
12.098,0.000,0,,,,,0,,,,GLOBAL,1.000,clear,0,,0,,0,0,-1.000,21.40,3.00,0.0344,0.0046
12.118,0.000,0,,,,,0,,,,GLOBAL,1.000,clear,0,,0,,0,0,-1.000,21.40,3.00,0.0285,0.0244
12.138,0.000,0,,,,,0,,,,GLOBAL,1.000,clear,0,,0,,0,0,-1.000,21.40,3.00,0.0483,0.0148
12.158,0.000,0,,,,,0,,,,GLOBAL,1.000,clear,0,,0,,0,0,-1.000,21.40,3.00,0.0441,0.0136
12.181,0.000,0,,,,,0,,,,GLOBAL,1.000,clear,0,,0,,0,0,-1.000,21.40,3.00,0.0396,0.0110
12.199,0.000,0,,,,,0,,,,GLOBAL,1.000,clear,0,,0,,0,0,-1.000,21.40,3.00,0.0336,0.0041
12.218,0.000,0,,,,,0,,,,GLOBAL,1.000,clear,0,,0,,0,0,-1.000,21.40,3.00,0.0285,0.0230
12.240,0.000,0,,,,,0,,,,GLOBAL,1.000,clear,0,,0,,0,0,-1.000,21.40,3.00,0.0506,0.0195
12.258,0.000,0,,,,,0,,,,GLOBAL,1.000,clear,0,,0,,0,0,-1.000,21.40,3.00,0.0443,0.0107
12.279,0.000,0,,,,,0,,,,GLOBAL,1.000,clear,0,,0,,0,0,-1.000,21.40,3.00,0.0395,0.0086
12.298,0.000,0,,,,,0,,,,GLOBAL,1.000,clear,0,,0,,0,0,-1.000,21.40,3.00,0.0345,0.0051
12.319,0.000,0,,,,,0,,,,GLOBAL,1.000,clear,0,,0,,0,0,-1.000,21.40,3.00,0.0301,0.0263
12.338,0.000,0,,,,,0,,,,GLOBAL,1.000,clear,0,,0,,0,0,-1.000,21.40,3.00,0.0486,0.0449
12.358,0.000,0,,,,,0,,,,GLOBAL,1.000,clear,0,,0,,0,0,-1.000,21.40,3.00,0.0429,0.0098
12.378,0.000,0,,,,,0,,,,GLOBAL,1.000,clear,0,,0,,0,0,-1.000,21.40,3.00,0.0386,0.0084
12.398,0.000,0,,,,,0,,,,GLOBAL,1.000,clear,0,,0,,0,0,-1.000,21.40,3.00,0.0317,0.0061
12.419,0.000,0,,,,,0,,,,GLOBAL,1.000,clear,0,,0,,0,0,-1.000,21.40,3.00,0.0304,0.0275
12.438,0.000,0,,,,,0,,,,GLOBAL,1.000,clear,0,,0,,0,0,-1.000,21.40,3.00,0.0490,0.0176
12.459,0.000,0,,,,,0,,,,GLOBAL,1.000,clear,0,,0,,0,0,-1.000,21.40,3.00,0.0440,0.0105
12.478,0.000,0,,,,,0,,,,GLOBAL,1.000,clear,0,,0,,0,0,-1.000,21.40,3.00,0.0385,0.0082
12.498,0.000,0,,,,,0,,,,GLOBAL,1.000,clear,0,,0,,0,0,-1.000,21.40,3.00,0.0318,0.0019
12.520,0.000,0,,,,,0,,,,GLOBAL,1.000,clear,0,,0,,0,0,-1.000,21.40,3.00,0.0313,0.0240
12.538,0.000,0,,,,,0,,,,GLOBAL,1.000,clear,0,,0,,0,0,-1.000,21.40,3.00,0.0500,0.0113
12.558,0.000,0,,,,,0,,,,GLOBAL,1.000,clear,0,,0,,0,0,-1.000,21.40,3.00,0.0420,0.0111
12.580,0.000,0,,,,,0,,,,GLOBAL,1.000,clear,0,,0,,0,0,-1.000,21.40,3.00,0.0387,0.0106
12.608,0.000,0,,,,,0,,,,GLOBAL,1.000,clear,0,,0,,0,0,-1.000,21.40,3.00,0.0675,0.0394
12.618,0.000,0,,,,,0,,,,GLOBAL,1.000,clear,0,,0,,0,0,-1.000,21.40,3.00,0.0253,0.0085
12.638,0.000,0,,,,,0,,,,GLOBAL,1.000,clear,0,,0,,0,0,-1.000,21.40,3.00,0.0453,0.0146
12.661,0.000,0,,,,,0,,,,GLOBAL,1.000,clear,0,,0,,0,0,-1.000,21.40,3.00,0.0431,0.0089
12.678,0.000,0,,,,,0,,,,GLOBAL,1.000,clear,0,,0,,0,0,-1.000,21.40,3.00,0.0379,0.0062
12.699,0.000,0,,,,,0,,,,GLOBAL,1.000,clear,0,,0,,0,0,-1.000,21.40,3.00,0.0332,0.0050
12.718,0.000,0,,,,,0,,,,GLOBAL,1.000,clear,0,,0,,0,0,-1.000,21.40,3.00,0.0269,0.0245
12.738,0.000,0,,,,,0,,,,GLOBAL,1.000,clear,0,,0,,0,0,-1.000,21.40,3.00,0.0468,0.0163
12.759,0.000,0,,,,,0,,,,GLOBAL,1.000,clear,0,,0,,0,0,-1.000,21.40,3.00,0.0421,0.0137
12.778,0.000,0,,,,,0,,,,GLOBAL,1.000,clear,0,,0,,0,0,-1.000,21.40,3.00,0.0381,0.0068
12.798,0.000,0,,,,,0,,,,GLOBAL,1.000,clear,0,,0,,0,0,-1.000,21.40,3.00,0.0329,0.0042
12.818,0.000,0,,,,,0,,,,GLOBAL,1.000,clear,0,,0,,0,0,-1.000,21.40,3.00,0.0290,0.0244
12.838,0.000,0,,,,,0,,,,GLOBAL,1.000,clear,0,,0,,0,0,-1.000,21.40,3.00,0.0490,0.0168
12.859,0.000,0,,,,,0,,,,GLOBAL,1.000,clear,0,,0,,0,0,-1.000,21.40,3.00,0.0412,0.0136
12.878,0.000,0,,,,,0,,,,GLOBAL,1.000,clear,0,,0,,0,0,-1.000,21.40,3.00,0.0388,0.0074
12.898,0.000,0,,,,,0,,,,GLOBAL,1.000,clear,0,,0,,0,0,-1.000,21.40,3.00,0.0320,0.0045
12.920,0.000,0,,,,,0,,,,GLOBAL,1.000,clear,0,,0,,0,0,-1.000,21.40,3.00,0.0315,0.0270
12.938,0.000,0,,,,,0,,,,GLOBAL,1.000,clear,0,,0,,0,0,-1.000,21.40,3.00,0.0494,0.0175
12.958,0.000,0,,,,,0,,,,GLOBAL,1.000,clear,0,,0,,0,0,-1.000,21.40,3.00,0.0420,0.0150
12.978,0.000,0,,,,,0,,,,GLOBAL,1.000,clear,0,,0,,0,0,-1.000,21.40,3.00,0.0382,0.0075
12.998,0.000,0,,,,,0,,,,GLOBAL,1.000,clear,0,,0,,0,0,-1.000,21.40,3.00,0.0319,0.0056
13.018,0.000,0,,,,,0,,,,GLOBAL,1.000,clear,0,,0,,0,0,-1.000,21.40,3.00,0.0286,0.0265
13.038,0.000,0,,,,,0,,,,GLOBAL,1.000,clear,0,,0,,0,0,-1.000,21.40,3.00,0.0481,0.0180
13.059,0.000,0,,,,,0,,,,GLOBAL,1.000,clear,0,,0,,0,0,-1.000,21.40,3.00,0.0445,0.0121
13.078,0.000,0,,,,,0,,,,GLOBAL,1.000,clear,0,,0,,0,0,-1.000,21.40,3.00,0.0383,0.0105
13.098,0.000,0,,,,,0,,,,GLOBAL,1.000,clear,0,,0,,0,0,-1.000,21.40,3.00,0.0337,0.0035
13.118,0.000,0,,,,,0,,,,GLOBAL,1.000,clear,0,,0,,0,0,-1.000,21.40,3.00,0.0280,0.0235
13.138,0.000,0,,,,,0,,,,GLOBAL,1.000,clear,0,,0,,0,0,-1.000,21.40,3.00,0.0488,0.0178
13.158,0.000,0,,,,,0,,,,GLOBAL,1.000,clear,0,,0,,0,0,-1.000,21.40,3.00,0.0441,0.0155
13.179,0.000,0,,,,,0,,,,GLOBAL,1.000,clear,0,,0,,0,0,-1.000,21.40,3.00,0.0392,0.0104
13.198,0.000,0,,,,,0,,,,GLOBAL,1.000,clear,0,,0,,0,0,-1.000,21.40,3.00,0.0347,0.0057
13.219,0.000,0,,,,,0,,,,GLOBAL,1.000,clear,0,,0,,0,0,-1.000,21.40,3.00,0.0300,0.0268
13.238,0.000,0,,,,,0,,,,GLOBAL,1.000,clear,0,,0,,0,0,-1.000,21.40,3.00,0.0488,0.0183
13.259,0.000,0,,,,,0,,,,GLOBAL,1.000,clear,0,,0,,0,0,-1.000,21.40,3.00,0.0450,0.0160
13.279,0.000,0,,,,,0,,,,GLOBAL,1.000,clear,0,,0,,0,0,-1.000,21.40,3.00,0.0396,0.0072
13.299,0.000,0,,,,,0,,,,GLOBAL,1.000,clear,0,,0,,0,0,-1.000,21.40,3.00,0.0324,0.0020
13.318,0.000,0,,,,,0,,,,GLOBAL,1.000,clear,0,,0,,0,0,-1.000,21.40,3.00,0.0289,0.0211
13.338,0.000,0,,,,,0,,,,GLOBAL,1.000,clear,0,,0,,0,0,-1.000,21.40,3.00,0.0488,0.0172
13.358,0.000,0,,,,,0,,,,GLOBAL,1.000,clear,0,,0,,0,0,-1.000,21.40,3.00,0.0419,0.0150
13.379,0.000,0,,,,,0,,,,GLOBAL,1.000,clear,0,,0,,0,0,-1.000,21.40,3.00,0.0404,0.0097
13.399,0.000,0,,,,,0,,,,GLOBAL,1.000,clear,0,,0,,0,0,-1.000,21.40,3.00,0.0328,0.0058
13.421,0.000,0,,,,,0,,,,GLOBAL,1.000,clear,0,,0,,0,0,-1.000,21.40,3.00,0.0550,0.0280
13.439,0.000,0,,,,,0,,,,GLOBAL,1.000,clear,0,,0,,0,0,-1.000,21.40,3.00,0.0507,0.0176
13.459,0.000,0,,,,,0,,,,GLOBAL,1.000,clear,0,,0,,0,0,-1.000,21.40,3.00,0.0427,0.0148
13.478,0.000,0,,,,,0,,,,GLOBAL,1.000,clear,0,,0,,0,0,-1.000,21.40,3.00,0.0378,0.0056
13.498,0.000,0,,,,,0,,,,GLOBAL,1.000,clear,0,,0,,0,0,-1.000,21.40,3.00,0.0320,0.0048
13.520,0.000,0,,,,,0,,,,GLOBAL,1.000,clear,0,,0,,0,0,-1.000,21.40,3.00,0.0300,0.0268
13.538,0.000,0,,,,,0,,,,GLOBAL,1.000,clear,0,,0,,0,0,-1.000,21.40,3.00,0.0484,0.0179
13.558,0.000,0,,,,,0,,,,GLOBAL,1.000,clear,0,,0,,0,0,-1.000,21.40,3.00,0.0426,0.0135
13.578,0.000,0,,,,,0,,,,GLOBAL,1.000,clear,0,,0,,0,0,-1.000,21.40,3.00,0.0381,0.0070
13.599,0.000,0,,,,,0,,,,GLOBAL,1.000,clear,0,,0,,0,0,-1.000,21.40,3.00,0.0327,0.0056
13.618,0.000,0,,,,,0,,,,GLOBAL,1.000,clear,0,,0,,0,0,-1.000,21.40,3.00,0.0284,0.0246
13.638,0.000,0,,,,,0,,,,GLOBAL,1.000,clear,0,,0,,0,0,-1.000,21.40,3.00,0.0485,0.0179
13.658,0.000,0,,,,,0,,,,GLOBAL,1.000,clear,0,,0,,0,0,-1.000,21.40,3.00,0.0441,0.0097
13.679,0.000,0,,,,,0,,,,GLOBAL,1.000,clear,0,,0,,0,0,-1.000,21.40,3.00,0.0379,0.0073
13.702,0.000,0,,,,,0,,,,GLOBAL,1.000,clear,0,,0,,0,0,-1.000,21.40,3.00,0.0608,0.0302
13.718,0.000,0,,,,,0,,,,GLOBAL,1.000,clear,0,,0,,0,0,-1.000,21.40,3.00,0.0521,0.0146
13.740,0.000,0,,,,,0,,,,GLOBAL,1.000,clear,0,,0,,0,0,-1.000,21.40,3.00,0.0495,0.0184
13.758,0.000,0,,,,,0,,,,GLOBAL,1.000,clear,0,,0,,0,0,-1.000,21.40,3.00,0.0419,0.0142
13.778,0.000,0,,,,,0,,,,GLOBAL,1.000,clear,0,,0,,0,0,-1.000,21.40,3.00,0.0376,0.0091
13.798,0.000,0,,,,,0,,,,GLOBAL,1.000,clear,0,,0,,0,0,-1.000,21.40,3.00,0.0318,0.0051
13.819,0.000,0,,,,,0,,,,GLOBAL,1.000,clear,0,,0,,0,0,-1.000,21.40,3.00,0.0529,0.0262
13.838,0.000,0,,,,,0,,,,GLOBAL,1.000,clear,0,,0,,0,0,-1.000,21.40,3.00,0.0489,0.0115
13.858,0.000,0,,,,,0,,,,GLOBAL,1.000,clear,0,,0,,0,0,-1.000,21.40,3.00,0.0413,0.0152
13.878,0.000,0,,,,,0,,,,GLOBAL,1.000,clear,0,,0,,0,0,-1.000,21.40,3.00,0.0375,0.0085
13.898,0.000,0,,,,,0,,,,GLOBAL,1.000,clear,0,,0,,0,0,-1.000,21.40,3.00,0.0322,0.0010
13.922,0.000,0,,,,,0,,,,GLOBAL,1.000,clear,0,,0,,0,0,-1.000,21.40,3.00,0.0563,0.0251
13.938,0.000,0,,,,,0,,,,GLOBAL,1.000,clear,0,,0,,0,0,-1.000,21.40,3.00,0.0479,0.0148
13.958,0.013,0,,,,,0,,,,GLOBAL,1.000,clear,0,,0,,0,0,-1.000,21.40,3.00,0.0421,0.0134
13.979,0.027,0,,,,,0,,,,GLOBAL,1.000,clear,0,,0,,0,0,-1.000,21.40,3.00,0.0391,0.0079
13.998,0.036,0,,,,,0,,,,GLOBAL,1.000,clear,0,,0,,0,0,-1.000,21.40,3.00,0.0337,0.0016
14.018,0.035,0,,,,,0,,,,GLOBAL,1.000,clear,0,,0,,0,0,-1.000,21.40,3.00,0.0282,0.0217
14.038,0.002,0,,,,,0,,,,GLOBAL,1.000,clear,0,,0,,0,0,-1.000,21.40,3.00,0.0483,0.0161
14.058,0.013,0,,,,,0,,,,GLOBAL,1.000,clear,0,,0,,0,0,-1.000,21.40,3.00,0.0425,0.0121
14.078,0.046,0,,,,,0,,,,GLOBAL,1.000,clear,0,,0,,0,0,-1.000,21.40,3.00,0.0383,0.0014
14.100,-0.017,0,,,,,0,,,,GLOBAL,1.000,clear,0,,0,,0,0,-1.000,21.40,3.00,0.0362,0.0028
14.118,0.081,0,,,,,0,,,,GLOBAL,1.000,clear,0,,0,,0,0,-1.000,21.40,3.00,0.0285,0.0208
14.139,0.096,0,,,,,0,,,,GLOBAL,1.000,clear,0,,0,,0,0,-1.000,21.40,3.00,0.0494,0.0187
14.158,0.094,0,,,,,0,,,,GLOBAL,1.000,clear,0,,0,,0,0,-1.000,21.40,3.00,0.0420,0.0151
14.178,0.164,0,,,,,0,,,,GLOBAL,1.000,clear,0,,0,,0,0,-1.000,21.40,3.00,0.0384,0.0073
14.198,0.204,0,,,,,0,,,,GLOBAL,1.000,clear,0,,0,,0,0,-1.000,21.40,3.00,0.0323,0.0277
14.218,0.247,0,,,,,0,,,,GLOBAL,1.000,clear,0,,0,,0,0,-1.000,21.40,3.00,0.0272,0.0172
14.238,0.347,0,,,,,0,,,,GLOBAL,1.000,clear,0,,0,,0,0,-1.000,21.40,3.00,0.0477,0.0119
14.258,0.375,0,,,,,0,,,,GLOBAL,1.000,clear,0,,0,,0,0,-1.000,21.40,3.00,0.0422,0.0123
14.278,0.442,0,,,,,0,,,,GLOBAL,1.000,clear,0,,0,,0,0,-1.000,21.40,3.00,0.0385,0.0060
14.300,0.517,0,,,,,0,,,,GLOBAL,1.000,clear,0,,0,,0,0,-1.000,21.40,3.00,0.0331,0.0079
14.328,0.607,0,,,,,0,,,,GLOBAL,1.000,clear,0,,0,,0,0,-1.000,21.40,3.00,0.0610,0.0357
14.341,0.659,0,,,,,0,,,,GLOBAL,1.000,clear,0,,0,,0,0,-1.000,21.40,3.00,0.0443,0.0113
14.358,0.729,0,,,,,0,,,,GLOBAL,1.000,clear,0,,0,,0,0,-1.000,21.40,3.00,0.0387,0.0153
14.379,0.843,0,,,,,0,,,,GLOBAL,1.000,clear,0,,0,,0,0,-1.000,21.40,3.00,0.0393,0.0101
14.398,0.890,0,,,,,0,,,,GLOBAL,1.000,clear,0,,0,,0,0,-1.000,21.40,3.00,0.0317,0.0025
14.419,0.967,0,,,,,0,,,,GLOBAL,1.000,clear,0,,0,,0,0,-1.000,21.40,3.00,0.0312,0.0015
14.438,1.056,0,,,,,0,,,,GLOBAL,1.000,clear,0,,0,,0,0,-1.000,21.40,3.00,0.0500,0.0203
14.458,1.146,0,,,,,0,,,,GLOBAL,1.000,clear,0,,0,,0,0,-1.000,21.40,3.00,0.0422,0.0136
14.478,1.219,0,,,,,0,,,,GLOBAL,1.000,clear,0,,0,,0,0,-1.000,21.40,3.00,0.0396,0.0068
14.498,1.290,0,,,,,0,,,,GLOBAL,1.000,clear,0,,0,,0,0,-1.000,21.40,3.00,0.0340,0.0045
14.523,1.367,0,,,,,0,,,,GLOBAL,1.000,clear,0,,0,,0,0,-1.000,21.40,3.00,0.0348,0.0287
14.538,1.473,0,,,,,0,,,,GLOBAL,1.000,clear,0,,0,,0,0,-1.000,21.40,3.00,0.0499,0.0147
14.558,1.599,0,,,,,0,,,,GLOBAL,1.000,clear,0,,0,,0,0,-1.000,21.40,3.00,0.0440,0.0153
14.578,1.686,0,,,,,0,,,,GLOBAL,1.000,clear,0,,0,,0,0,-1.000,21.40,3.00,0.0384,0.0091
14.598,1.749,0,,,,,0,,,,GLOBAL,1.000,clear,0,,0,,0,0,-1.000,21.40,3.00,0.0332,0.0074
14.618,1.839,0,,,,,0,,,,GLOBAL,1.000,clear,0,,0,,0,0,-1.000,18.91,3.00,0.0304,0.0008
14.638,1.950,0,,,,,0,,,,GLOBAL,1.000,clear,0,,0,,0,0,-1.000,18.91,3.00,0.0503,0.0207
14.658,2.016,0,,,,,0,,,,GLOBAL,1.000,clear,0,,0,,0,0,-1.000,17.17,3.00,0.0418,0.0157
14.678,2.052,0,,,,,0,,,,GLOBAL,1.000,clear,0,,0,,0,0,-1.000,15.83,3.00,0.0403,0.0086
14.698,2.161,0,,,,,0,,,,GLOBAL,1.000,clear,0,,0,,0,0,-1.000,15.83,3.00,0.0352,0.0052
14.718,2.269,0,,,,,0,,,,GLOBAL,1.000,clear,0,,0,,0,0,-1.000,14.09,3.00,0.0308,0.0246
14.740,2.276,0,,,,,0,,,,GLOBAL,1.000,clear,0,,0,,0,0,-1.000,13.14,3.00,0.0275,0.0175
14.758,2.338,0,,,,,0,,,,GLOBAL,1.000,clear,0,,0,,0,0,-1.000,13.14,3.00,0.0456,0.0155
14.778,2.447,0,,,,,0,,,,GLOBAL,1.000,clear,0,,0,,0,0,-1.000,11.25,3.00,0.0409,0.0112
14.798,2.466,0,,,,,0,,,,GLOBAL,1.000,clear,0,,0,,0,0,-1.000,8.91,3.00,0.0349,0.0064
14.818,2.476,0,,,,,0,,,,GLOBAL,1.000,clear,0,,0,,0,0,-1.000,8.91,3.00,0.0315,0.0270
14.838,2.553,0,,,,,0,,,,GLOBAL,1.000,clear,0,,0,,0,0,-1.000,8.13,3.00,0.0510,0.0180
14.858,2.574,0,,,,,0,,,,GLOBAL,1.000,clear,0,,0,,0,0,-1.000,8.18,3.00,0.0453,0.0156
14.878,2.560,0,,,,,0,,,,GLOBAL,1.000,clear,0,,0,,0,0,-1.000,8.18,3.00,0.0396,0.0124
14.898,2.595,0,,,,,0,,,,GLOBAL,1.000,clear,0,,0,,0,0,-1.000,6.76,3.00,0.0356,0.0020
14.918,2.613,0,,,,,0,,,,GLOBAL,1.000,clear,0,,0,,0,0,-1.000,5.35,3.00,0.0297,0.0010
14.938,2.599,0,,,,,0,,,,GLOBAL,1.000,clear,0,,0,,0,0,-1.000,5.35,3.00,0.0503,0.0216
14.958,2.614,0,,,,,0,,,,GLOBAL,1.000,clear,0,,0,,0,0,-1.000,5.62,3.00,0.0454,0.0146
14.978,2.636,0,,,,,0,,,,GLOBAL,1.000,clear,0,,0,,0,0,-1.000,5.76,3.00,0.0399,0.0104
14.998,2.634,0,,,,,0,,,,GLOBAL,1.000,clear,0,,0,,0,0,-1.000,5.76,3.00,0.0345,0.0054
15.018,2.643,0,,,,,0,,,,GLOBAL,1.000,clear,0,,0,,0,0,-1.000,5.78,3.00,0.0303,0.0011
15.039,2.660,0,,,,,0,,,,GLOBAL,1.000,clear,0,,0,,0,0,-1.000,4.73,3.00,0.0245,0.0221
15.059,2.669,0,,,,,0,,,,GLOBAL,1.000,clear,0,,0,,0,0,-1.000,4.73,3.00,0.0442,0.0179
15.078,2.685,0,,,,,0,,,,GLOBAL,1.000,clear,0,,0,,0,0,-1.000,5.96,3.00,0.0405,0.0094
15.098,2.707,0,,,,,0,,,,GLOBAL,1.000,clear,0,,0,,0,0,-1.000,4.38,3.00,0.0347,0.0027
15.118,2.729,0,,,,,0,,,,GLOBAL,1.000,clear,0,,0,,0,0,-1.000,4.38,3.00,0.0276,0.0018
15.138,2.739,0,,,,,0,,,,GLOBAL,1.000,clear,0,,0,,0,0,-1.000,4.47,3.00,0.0477,0.0219
15.158,2.757,0,,,,,0,,,,GLOBAL,1.000,clear,0,,0,,0,0,-1.000,5.09,3.00,0.0449,0.0158
15.178,2.773,0,,,,,0,,,,GLOBAL,1.000,clear,0,,0,,0,0,-1.000,5.09,3.00,0.0392,0.0120
15.198,2.785,0,,,,,0,,,,GLOBAL,1.000,clear,0,,0,,0,0,-1.000,5.16,3.00,0.0351,0.0057
15.218,2.797,0,,,,,0,,,,GLOBAL,1.000,clear,0,,0,,0,0,-1.000,5.25,3.00,0.0293,0.0256
15.238,2.814,0,,,,,0,,,,GLOBAL,1.000,clear,0,,0,,0,0,-1.000,5.25,3.00,0.0494,0.0153
15.258,2.819,0,,,,,0,,,,GLOBAL,1.000,clear,0,,0,,0,0,-1.000,4.82,3.00,0.0419,0.0130
15.278,2.827,0,,,,,0,,,,GLOBAL,1.000,clear,0,,0,,0,0,-1.000,5.27,3.00,0.0396,0.0086
15.298,2.840,0,,,,,0,,,,GLOBAL,1.000,clear,0,,0,,0,0,-1.000,5.27,3.00,0.0321,0.0069
15.318,2.844,0,,,,,0,,,,GLOBAL,1.000,clear,0,,0,,0,0,-1.000,5.97,3.00,0.0295,0.0268
15.338,2.851,0,,,,,0,,,,GLOBAL,1.000,clear,0,,0,,0,0,-1.000,6.13,3.00,0.0497,0.0168
15.358,2.862,0,,,,,0,,,,GLOBAL,1.000,clear,0,,0,,0,0,-1.000,6.13,3.00,0.0439,0.0131
15.378,2.862,0,,,,,0,,,,GLOBAL,1.000,clear,0,,0,,0,0,-1.000,5.79,3.00,0.0382,0.0087
15.398,2.861,0,,,,,0,,,,GLOBAL,1.000,clear,0,,0,,0,0,-1.000,5.97,3.00,0.0322,0.0044
15.420,2.874,0,,,,,0,,,,GLOBAL,1.000,clear,0,,0,,0,0,-1.000,5.97,3.00,0.0321,0.0267
15.439,2.872,0,,,,,0,,,,GLOBAL,1.000,clear,0,,0,,0,0,-1.000,6.48,3.00,0.0509,0.0168
15.458,2.871,0,,,,,0,,,,GLOBAL,1.000,clear,0,,0,,0,0,-1.000,7.39,3.00,0.0425,0.0122
15.478,2.878,0,,,,,0,,,,GLOBAL,1.000,clear,0,,0,,0,0,-1.000,7.39,3.00,0.0380,0.0088
15.498,2.878,0,,,,,0,,,,GLOBAL,1.000,clear,0,,0,,0,0,-1.000,7.42,3.00,0.0327,0.0042
15.518,2.875,0,,,,,0,,,,GLOBAL,1.000,clear,0,,0,,0,0,-1.000,8.52,3.00,0.0285,0.0243
15.538,2.885,0,,,,,0,,,,GLOBAL,1.000,clear,0,,0,,0,0,-1.000,8.52,3.00,0.0485,0.0184
15.559,2.876,0,,,,,0,,,,GLOBAL,1.000,clear,0,,0,,0,0,-1.000,9.55,3.00,0.0439,0.0163
15.578,2.872,0,,,,,0,,,,GLOBAL,1.000,clear,0,,0,,0,0,-1.000,9.61,3.00,0.0380,0.0091
15.598,2.883,0,,,,,0,,,,GLOBAL,1.000,clear,0,,0,,0,0,-1.000,9.61,3.00,0.0345,0.0056
15.618,2.875,0,,,,,0,,,,GLOBAL,1.000,clear,0,,0,,0,0,-1.000,10.29,3.00,0.0289,0.0016
15.638,2.872,0,,,,,0,,,,GLOBAL,1.000,clear,0,,0,,0,0,-1.000,9.52,3.00,0.0491,0.0218
15.659,2.882,0,,,,,0,,,,GLOBAL,1.000,clear,0,,0,,0,0,-1.000,9.52,3.00,0.0457,0.0150
15.678,2.865,0,,,,,0,,,,GLOBAL,1.000,clear,0,,0,,0,0,-1.000,10.42,3.00,0.0390,0.0118
15.698,2.871,0,,,,,0,,,,GLOBAL,1.000,clear,0,,0,,0,0,-1.000,9.57,3.00,0.0347,0.0057
15.718,2.880,0,,,,,0,,,,GLOBAL,1.000,clear,0,,0,,0,0,-1.000,9.57,3.00,0.0295,0.0262
15.738,2.868,0,,,,,0,,,,GLOBAL,1.000,clear,0,,0,,0,0,-1.000,9.37,3.00,0.0497,0.0191
15.758,2.867,0,,,,,0,,,,GLOBAL,1.000,clear,0,,0,,0,0,-1.000,9.20,3.00,0.0419,0.0119
15.778,2.872,0,,,,,0,,,,GLOBAL,1.000,clear,0,,0,,0,0,-1.000,9.20,3.00,0.0391,0.0065
15.798,2.856,0,,,,,0,,,,GLOBAL,1.000,clear,0,,0,,0,0,-1.000,8.37,3.00,0.0333,0.0030
15.822,2.863,0,,,,,0,,,,GLOBAL,1.000,clear,0,,0,,0,0,-1.000,7.80,3.00,0.0333,0.0268
15.843,2.868,0,,,,,0,,,,GLOBAL,1.000,clear,0,,0,,0,0,-1.000,7.80,3.00,0.0552,0.0203
15.858,2.856,0,,,,,0,,,,GLOBAL,1.000,clear,0,,0,,0,0,-1.000,7.28,3.00,0.0436,0.0121
15.878,2.858,0,,,,,0,,,,GLOBAL,1.000,clear,0,,0,,0,0,-1.000,7.39,3.00,0.0377,0.0054
15.898,2.868,0,,,,,0,,,,GLOBAL,1.000,clear,0,,0,,0,0,-1.000,7.39,3.00,0.0328,0.0020
15.918,2.853,0,,,,,0,,,,GLOBAL,1.000,clear,0,,0,,0,0,-1.000,6.70,3.00,0.0299,0.0215
15.938,2.856,0,,,,,0,,,,GLOBAL,1.000,clear,0,,0,,0,0,-1.000,5.62,3.00,0.0497,0.0194
15.958,2.861,0,,,,,0,,,,GLOBAL,1.000,clear,0,,0,,0,0,-1.000,5.62,3.00,0.0427,0.0157
15.978,2.848,0,,,,,0,,,,GLOBAL,1.000,clear,0,,0,,0,0,-1.000,5.74,3.00,0.0383,0.0101
15.998,2.853,0,,,,,0,,,,GLOBAL,1.000,clear,0,,0,,0,0,-1.000,5.95,3.00,0.0330,0.0028
16.018,2.863,0,,,,,0,,,,GLOBAL,1.000,clear,0,,0,,0,0,-1.000,5.95,3.00,0.0285,0.0229
16.038,2.853,0,,,,,0,,,,GLOBAL,1.000,clear,0,,0,,0,0,-1.000,5.19,3.00,0.0478,0.0141
16.058,2.858,0,,,,,0,,,,GLOBAL,1.000,clear,0,,0,,0,0,-1.000,4.48,3.00,0.0441,0.0128
16.078,2.857,0,,,,,0,,,,GLOBAL,1.000,clear,0,,0,,0,0,-1.000,4.48,3.00,0.0386,0.0105
16.098,2.852,0,,,,,0,,,,GLOBAL,1.000,clear,0,,0,,0,0,-1.000,4.72,3.00,0.0328,0.0021
16.118,2.858,0,,,,,0,,,,GLOBAL,1.000,clear,0,,0,,0,0,-1.000,4.93,3.00,0.0243,0.0013
16.138,2.861,0,,,,,0,,,,GLOBAL,1.000,clear,0,,0,,0,0,-1.000,4.93,3.00,0.0444,0.0213
16.158,2.857,0,,,,,0,,,,GLOBAL,1.000,clear,0,,0,,0,0,-1.000,4.62,3.00,0.0438,0.0147
16.180,2.865,0,,,,,0,,,,GLOBAL,1.000,clear,0,,0,,0,0,-1.000,4.90,3.00,0.0409,0.0123
16.198,2.864,0,,,,,0,,,,GLOBAL,1.000,clear,0,,0,,0,0,-1.000,4.90,3.00,0.0348,0.0045
16.218,2.864,0,,,,,0,,,,GLOBAL,1.000,clear,0,,0,,0,0,-1.000,3.88,3.00,0.0289,0.0245
16.238,2.869,0,,,,,0,,,,GLOBAL,1.000,clear,0,,0,,0,0,-1.000,3.66,3.00,0.0494,0.0174
16.258,2.863,0,,,,,0,,,,GLOBAL,1.000,clear,0,,0,,0,0,-1.000,3.66,3.00,0.0413,0.0157
16.278,2.866,0,,,,,0,,,,GLOBAL,1.000,clear,0,,0,,0,0,-1.000,3.73,3.00,0.0391,0.0082
16.298,2.872,0,,,,,0,,,,GLOBAL,1.000,clear,0,,0,,0,0,-1.000,4.16,3.03,0.0321,0.0023
16.318,2.875,0,,,,,0,,,,GLOBAL,1.000,clear,0,,0,,0,0,-1.000,4.16,3.03,0.0279,0.0223
16.338,2.877,0,,,,,0,,,,GLOBAL,1.000,clear,0,,0,,0,0,-1.000,4.24,3.07,0.0480,0.0178
16.358,2.881,0,,,,,0,,,,GLOBAL,1.000,clear,0,,0,,0,0,-1.000,4.08,3.16,0.0419,0.0142
16.378,2.883,0,,,,,0,,,,GLOBAL,1.000,clear,0,,0,,0,0,-1.000,4.08,3.16,0.0379,0.0078
16.398,2.895,0,,,,,0,,,,GLOBAL,1.000,clear,0,,0,,0,0,-1.000,4.53,3.25,0.0308,0.0045
16.422,2.906,0,,,,,0,,,,GLOBAL,1.000,clear,0,,0,,0,0,-1.000,4.28,3.32,0.0323,0.0014
16.438,2.920,0,,,,,0,,,,GLOBAL,1.000,clear,0,,0,,0,0,-1.000,4.28,3.32,0.0481,0.0172
16.458,2.941,0,,,,,0,,,,GLOBAL,1.000,clear,0,,0,,0,0,-1.000,4.23,3.36,0.0424,0.0125
16.478,2.970,0,,,,,0,,,,GLOBAL,1.000,clear,0,,0,,0,0,-1.000,4.27,3.43,0.0380,0.0108
16.498,3.000,0,,,,,0,,,,GLOBAL,1.000,clear,0,,0,,0,0,-1.000,4.27,3.43,0.0323,0.0057
16.518,3.033,0,,,,,0,,,,GLOBAL,1.000,clear,0,,0,,0,0,-1.000,4.32,3.50,0.0285,0.0258
16.538,3.065,0,,,,,0,,,,GLOBAL,1.000,clear,0,,0,,0,0,-1.000,4.88,3.57,0.0482,0.0190
16.558,3.097,0,,,,,0,,,,GLOBAL,1.000,clear,0,,0,,0,0,-1.000,4.88,3.57,0.0405,0.0155
16.578,3.131,0,,,,,0,,,,GLOBAL,1.000,clear,0,,0,,0,0,-1.000,4.47,3.64,0.0385,0.0082
16.598,3.166,0,,,,,0,,,,GLOBAL,1.000,clear,0,,0,,0,0,-1.000,4.56,3.70,0.0321,0.0057
16.620,3.209,0,,,,,0,,,,GLOBAL,1.000,clear,0,,0,,0,0,-1.000,4.56,3.70,0.0537,0.0274
16.638,3.241,0,,,,,0,,,,GLOBAL,1.000,clear,0,,0,,0,0,-1.000,4.69,3.74,0.0446,0.0164
16.658,3.291,0,,,,,0,,,,GLOBAL,1.000,clear,0,,0,,0,0,-1.000,4.72,3.80,0.0418,0.0130
16.678,3.329,0,,,,,0,,,,GLOBAL,1.000,clear,0,,0,,0,0,-1.000,4.72,3.80,0.0374,0.0088
16.698,3.370,0,,,,,0,,,,GLOBAL,1.000,clear,0,,0,,0,0,-1.000,4.92,3.89,0.0315,0.0037
16.718,3.419,0,,,,,0,,,,GLOBAL,1.000,clear,0,,0,,0,0,-1.000,5.02,3.95,0.0267,0.0237
16.738,3.449,0,,,,,0,,,,GLOBAL,1.000,clear,0,,0,,0,0,-1.000,5.02,3.95,0.0469,0.0181
16.760,3.499,0,,,,,0,,,,GLOBAL,1.000,clear,0,,0,,0,0,-1.000,5.20,3.98,0.0443,0.0131
16.778,3.536,0,,,,,0,,,,GLOBAL,1.000,clear,0,,0,,0,0,-1.000,5.20,4.04,0.0367,0.0088
16.798,3.580,0,,,,,0,,,,GLOBAL,1.000,clear,0,,0,,0,0,-1.000,5.20,4.04,0.0321,0.0033
16.819,3.620,0,,,,,0,,,,GLOBAL,1.000,clear,0,,0,,0,0,-1.000,5.19,4.12,0.0295,0.0246
16.838,3.659,0,,,,,0,,,,GLOBAL,1.000,clear,0,,0,,0,0,-1.000,5.09,4.17,0.0482,0.0175
16.858,3.697,0,,,,,0,,,,GLOBAL,1.000,clear,0,,0,,0,0,-1.000,5.09,4.17,0.0420,0.0128
16.878,3.737,0,,,,,0,,,,GLOBAL,1.000,clear,0,,0,,0,0,-1.000,4.50,4.23,0.0381,0.0093
16.898,3.780,0,,,,,0,,,,GLOBAL,1.000,clear,0,,0,,0,0,-1.000,4.84,4.28,0.0306,0.0294
16.918,3.809,0,,,,,0,,,,GLOBAL,1.000,clear,0,,0,,0,0,-1.000,4.84,4.28,0.0266,0.0182
16.938,3.855,0,,,,,0,,,,GLOBAL,1.000,clear,0,,0,,0,0,-1.000,4.74,4.36,0.0469,0.0186
16.958,3.885,1,4.183,4.153,1.089,0.110,1,4.183,4.183,,GLOBAL,1.000,clear,0,,0,,0,0,-1.000,4.59,4.41,0.0417,0.0120
16.978,3.927,1,4.091,4.075,1.018,0.109,1,4.091,4.091,,AVOID,0.982,avoid_cruise,1,,0,,0,0,-1.000,4.59,4.41,0.0367,0.0015
16.998,3.963,1,4.091,4.075,1.018,0.109,1,4.091,4.091,,AVOID,0.982,avoid_cruise,1,,0,,0,0,-1.000,4.58,4.46,0.0328,0.0218
17.018,4.007,0,,,,,0,,,,AVOID,0.982,avoid_cruise,1,3.2,0,,0,0,-1.000,4.11,4.44,0.0270,0.0177
17.038,4.034,1,3.905,3.920,0.843,0.105,1,3.905,3.905,,AVOID,0.940,avoid_cruise,1,8.9,0,,0,0,-1.000,4.11,4.44,0.0470,0.0139
17.059,4.078,1,3.795,3.831,0.803,0.119,1,3.795,3.795,,AVOID,0.924,avoid_cruise,1,8.9,11,0.001,1,0,-1.000,3.42,4.50,0.0437,0.0116
17.078,4.103,1,3.694,3.743,0.755,0.124,1,3.694,3.694,,AVOID,0.924,avoid_cruise,1,8.9,11,0.020,1,0,-1.000,-3.93,4.29,0.0372,0.0050
17.098,4.137,1,3.694,3.743,0.755,0.124,1,3.694,3.694,,AVOID,0.865,avoid_cruise,1,12.9,22,0.009,1,0,-1.000,3.42,4.11,0.0317,0.0254
17.118,4.160,1,3.612,3.669,0.657,0.115,1,3.612,3.612,,AVOID,0.839,avoid_cruise,1,12.9,23,0.006,1,0,-1.000,3.42,4.11,0.0272,0.0193
17.138,4.196,1,3.514,3.577,0.592,0.112,1,3.514,3.514,,AVOID,0.817,avoid_cruise,1,15.4,23,0.007,1,0,-1.000,5.61,4.04,0.0472,0.0164
17.158,4.207,1,3.410,3.480,0.523,0.109,1,3.410,3.410,,AVOID,0.791,avoid_cruise,1,16.5,23,0.001,1,0,-1.000,5.61,4.04,0.0421,0.0142
17.178,4.220,1,3.305,3.389,0.453,0.114,1,3.305,3.305,,AVOID,0.791,avoid_cruise,1,15.7,23,0.021,1,0,-1.000,5.54,3.85,0.0376,0.0090
17.198,4.229,1,3.185,3.297,0.365,0.132,1,3.185,3.185,,AVOID,0.765,avoid_cruise,1,16.5,24,0.014,1,0,-1.000,4.80,3.79,0.0318,0.0043
17.218,4.225,1,3.185,3.297,0.365,0.132,1,3.185,3.185,,AVOID,0.748,avoid_cruise,1,16.5,23,0.013,1,0,-1.000,4.31,3.74,0.0279,0.0246
17.238,4.208,0,,,,,0,,,3.069,AVOID,0.725,avoid_cruise,1,17.0,49,0.004,1,0,-1.000,4.31,3.74,0.0477,0.0185
17.261,4.188,0,,,,,0,,,2.962,AVOID,0.709,avoid_cruise,1,17.5,50,0.001,1,0,-1.000,4.30,3.62,0.0447,0.0162
17.278,4.155,1,2.875,3.016,0.276,0.154,1,2.875,2.875,,AVOID,0.709,avoid_cruise,1,18.3,50,0.018,1,0,-1.000,4.32,3.54,0.0363,0.0094
17.298,4.102,1,2.776,2.921,0.229,0.154,1,2.776,2.776,,AVOID,0.709,avoid_cruise,1,18.0,50,0.038,1,0,-1.000,4.32,3.54,0.0320,0.0014
17.318,4.044,1,2.776,2.921,0.229,0.154,1,2.776,2.776,,AVOID,0.675,avoid_cruise,1,18.0,52,0.001,1,0,-1.000,4.42,3.54,0.0522,0.0216
17.345,4.004,1,2.678,2.837,0.129,0.162,1,2.678,2.678,,AVOID,0.663,avoid_cruise,1,17.6,52,0.004,1,0,-1.000,4.42,3.54,0.0527,0.0243
17.363,3.974,1,2.575,2.729,0.149,0.158,1,2.575,2.575,,AVOID,0.651,avoid_cruise,1,16.5,52,0.002,1,0,-1.000,4.49,3.32,0.0465,0.0169
17.390,3.959,1,2.521,2.650,0.064,0.129,1,2.521,2.521,,AVOID,0.651,avoid_cruise,1,15.9,52,0.030,1,0,-1.000,4.62,3.25,0.0494,0.0203
17.398,3.922,1,2.521,2.650,0.064,0.129,1,2.521,2.521,,AVOID,0.637,avoid_cruise,1,15.9,48,0.001,1,0,-1.000,4.62,3.25,0.0569,0.0278
17.427,3.877,1,2.413,2.560,0.000,0.147,1,2.413,2.413,,AVOID,0.619,avoid_cruise,1,15.1,51,0.001,1,0,-1.000,4.69,3.18,0.0613,0.0283
17.439,3.810,1,2.322,2.469,0.001,0.147,1,2.322,2.322,,AVOID,0.604,avoid_cruise,1,14.6,46,0.004,1,0,-1.000,4.87,3.10,0.0478,0.0110
17.458,3.747,1,2.244,2.380,-0.071,0.137,1,2.244,2.244,,AVOID,0.604,avoid_cruise,1,14.8,46,0.023,1,0,-1.000,4.87,3.10,0.0398,0.0105
17.479,3.663,1,2.136,2.285,-0.094,0.151,1,2.136,2.136,,AVOID,0.588,avoid_cruise,1,13.7,43,0.002,1,0,-1.000,4.99,3.02,0.0387,0.0094
17.498,3.572,1,2.070,2.206,-0.157,0.141,1,2.070,2.070,,AVOID,0.573,avoid_cruise,1,13.5,43,0.009,1,0,-1.000,5.65,2.87,0.0319,0.0027
17.518,3.483,1,2.070,2.206,-0.157,0.141,1,2.070,2.070,,AVOID,0.560,avoid_cruise,1,13.5,43,0.011,1,0,-1.000,5.65,2.87,0.0273,0.0228
17.538,3.377,0,,,,,0,,,1.977,AVOID,0.548,avoid_cruise,1,12.4,39,0.009,1,0,-1.000,5.87,2.80,0.0472,0.0171
17.561,3.267,0,,,,,0,,,1.943,AVOID,0.528,avoid_cruise,1,11.5,39,0.001,1,0,-1.000,5.26,2.74,0.0449,0.0126
17.578,3.146,0,,,,,0,,,1.848,AVOID,0.515,avoid_cruise,1,9.9,39,0.017,1,0,-1.000,4.26,2.64,0.0373,0.0063
17.598,3.038,0,,,,,0,,,1.775,AVOID,0.515,avoid_cruise,1,9.9,38,0.012,1,0,-1.000,4.26,2.64,0.0316,0.0011
17.618,2.956,0,,,,,0,,,1.775,AVOID,0.500,avoid_cruise,1,9.4,37,0.011,1,0,-1.000,3.15,2.58,0.0274,0.0211
17.638,2.892,0,,,,,0,,,1.785,AVOID,0.484,avoid_cruise,1,9.0,37,0.004,1,0,-1.000,2.57,2.42,0.0479,0.0183
17.659,2.830,0,,,,,0,,,1.676,AVOID,0.470,avoid_cruise,1,7.7,37,0.024,1,0,-1.000,2.57,2.42,0.0432,0.0149
17.679,2.771,1,1.621,1.753,-0.374,0.172,1,1.621,1.621,,AVOID,0.470,avoid_cruise,1,8.8,35,0.014,1,0,-1.000,2.70,2.35,0.0386,0.0080
17.698,2.708,1,1.563,1.672,-0.441,0.167,1,1.563,1.563,4.919,AVOID,0.454,avoid_cruise,1,8.3,37,0.013,1,0,-1.000,2.70,2.35,0.0303,0.0040
17.718,2.631,1,1.563,1.672,-0.441,0.167,1,1.563,1.563,4.919,AVOID,0.440,avoid_cruise,1,8.3,31,0.011,1,0,-1.000,1.62,2.27,0.0276,0.0241
17.738,2.562,1,1.501,1.605,-0.452,0.167,1,1.501,1.501,5.036,AVOID,0.424,avoid_cruise,1,9.1,31,0.004,1,0,-1.000,3.08,2.20,0.0477,0.0186
17.762,2.507,1,1.447,1.541,-0.468,0.163,1,1.447,1.447,,AVOID,0.410,avoid_cruise,1,8.6,28,0.001,1,0,-1.000,3.08,2.20,0.0463,0.0177
17.778,2.442,1,1.391,1.460,-0.555,0.171,1,1.391,1.391,5.173,AVOID,0.410,avoid_cruise,1,6.0,28,0.017,1,0,-1.000,2.52,2.12,0.0369,0.0073
17.798,2.373,0,,,,,0,,,1.358,AVOID,0.410,avoid_cruise,1,5.9,28,0.037,1,0,-1.000,0.77,2.05,0.0318,0.0050
17.818,2.323,0,,,,,0,,,1.358,AVOID,0.410,avoid_cruise,1,5.9,28,0.057,1,0,-1.000,0.77,2.05,0.0281,0.0251
17.838,2.266,0,,,,,0,,,1.302,AVOID,0.400,avoid_cruise,1,5.4,28,0.005,1,0,-1.000,0.79,2.05,0.0480,0.0164
17.858,2.205,0,,,,,0,,,1.261,AVOID,0.400,avoid_cruise,1,6.4,28,0.025,1,0,-1.000,0.86,2.00,0.0422,0.0137
17.878,2.152,0,,,,,0,,,1.226,AVOID,0.400,avoid_cruise,1,5.0,30,0.008,1,0,-1.000,0.86,2.00,0.0382,0.0066
17.899,2.110,0,,,,,0,,,1.189,AVOID,0.400,avoid_cruise,1,1.5,28,0.016,1,0,-1.000,2.47,2.00,0.0328,0.0062
17.918,2.065,0,,,,,0,,,1.189,AVOID,0.400,avoid_cruise,1,1.5,30,0.010,1,0,-1.000,3.10,2.00,0.0284,0.0256
17.938,2.020,0,,,,,0,,,1.147,AVOID,0.400,avoid_cruise,1,0.5,33,0.008,1,0,-1.000,-0.77,2.00,0.0482,0.0177
17.960,1.980,1,1.110,1.113,-0.586,0.148,1,1.110,1.110,,AVOID,0.400,avoid_cruise,1,0.1,33,0.001,1,0,-1.000,-0.77,2.00,0.0438,0.0151
17.978,1.951,1,1.061,1.061,-0.594,0.156,1,1.061,1.061,,AVOID,0.400,avoid_cruise,1,0.0,33,0.019,1,0,-1.000,-0.65,2.00,0.0368,0.0076
17.998,1.930,1,1.061,1.061,-0.594,0.156,1,1.061,1.061,,AVOID,0.400,avoid_cruise,1,0.0,33,0.016,1,0,-1.000,-0.65,2.00,0.0322,0.0279
18.018,1.921,1,1.027,1.018,-0.604,0.156,1,1.027,1.027,,AVOID,0.400,avoid_cruise,1,0.0,33,0.014,1,0,-1.000,-0.66,2.00,0.0272,0.0104
18.038,1.914,1,0.984,0.972,-0.604,0.160,1,0.984,0.984,,AVOID,0.400,avoid_cruise,1,-0.8,31,0.005,1,0,-1.000,0.23,2.00,0.0472,0.0183
18.060,1.913,1,0.953,0.922,-0.614,0.155,1,0.953,0.953,,AVOID,0.400,avoid_cruise,1,-0.2,32,0.004,1,0,-1.000,0.15,2.00,0.0444,0.0168
18.078,1.916,0,,,,,0,,,0.922,AVOID,0.400,avoid_cruise,1,-0.1,32,0.022,1,0,-1.000,0.15,2.00,0.0378,0.0096
18.098,1.918,1,0.893,0.835,-0.628,0.152,1,0.893,0.893,,AVOID,0.400,avoid_cruise,1,-0.0,29,0.015,1,0,-1.000,0.13,2.00,0.0320,0.0044
18.119,1.917,1,0.893,0.835,-0.628,0.152,1,0.893,0.893,,AVOID,0.400,avoid_cruise,1,-0.0,28,0.009,1,1,-1.000,0.13,2.00,0.0251,0.0254
18.138,1.912,1,0.851,0.788,-0.632,0.159,1,0.851,0.851,,AVOID,0.400,avoid_cruise,1,-0.0,28,0.003,1,1,-1.000,0.30,2.00,0.0440,0.0125
18.160,1.904,1,0.830,0.754,-0.629,0.152,1,0.830,0.830,,AVOID,0.400,avoid_cruise,1,-0.0,28,0.001,1,1,-1.000,0.28,2.00,0.0390,0.0160
18.178,1.818,1,0.799,0.718,-0.624,0.152,1,0.799,0.799,,AVOID,0.400,avoid_cruise,1,-0.0,28,0.019,1,1,-1.000,0.28,2.00,0.0382,0.0082
18.198,1.104,1,0.772,0.667,-0.639,0.151,1,0.772,0.772,,AVOID,0.400,avoid_cruise,1,-0.0,28,0.013,1,1,-1.000,0.14,2.00,0.0320,0.0005
18.218,1.134,1,0.772,0.667,-0.639,0.151,1,0.772,0.772,,AVOID,0.400,avoid_cruise,1,-0.0,28,0.006,1,1,-1.000,0.26,2.00,0.0277,0.0205
18.238,1.223,1,0.743,0.649,-0.620,0.155,1,0.743,0.743,,AVOID,0.400,avoid_cruise,1,-0.0,28,0.001,1,1,-1.000,0.26,2.00,0.0480,0.0181
18.260,1.344,1,0.725,0.599,-0.632,0.146,1,0.725,0.725,,AVOID,0.400,avoid_cruise,1,-0.0,28,0.001,1,1,-1.000,0.28,2.00,0.0442,0.0163
18.278,1.387,1,0.700,0.566,-0.637,0.152,1,0.700,0.700,,AVOID,0.400,avoid_cruise,1,-0.0,28,0.019,1,1,-1.000,0.32,2.00,0.0381,0.0069
18.298,1.428,1,0.679,0.529,-0.636,0.149,1,0.679,0.679,,AVOID,0.400,avoid_cruise,1,-0.0,28,0.039,1,1,-1.000,0.32,2.00,0.0321,0.0031
18.318,1.467,1,0.679,0.529,-0.636,0.149,1,0.679,0.679,,AVOID,0.400,avoid_cruise,1,-0.0,28,0.013,1,1,-1.000,0.37,2.00,0.0205,0.0229
18.338,1.480,1,0.656,0.490,-0.639,0.149,1,0.656,0.656,,AVOID,0.400,avoid_cruise,1,-0.0,28,0.009,1,1,-1.000,0.36,2.00,0.0405,0.0185
18.358,1.475,1,0.636,0.461,-0.636,0.150,1,0.636,0.636,,AVOID,0.400,avoid_cruise,1,-0.0,29,0.005,1,1,-1.000,0.31,2.00,0.0379,0.0141
18.378,1.475,1,0.630,0.431,-0.640,0.141,1,0.630,0.630,,AVOID,0.400,avoid_cruise,1,-0.0,29,0.026,1,1,-1.000,0.31,2.00,0.0317,0.0094
18.398,1.480,1,0.607,0.388,-0.647,0.147,1,0.607,0.607,,AVOID,0.400,avoid_cruise,1,-0.0,27,0.015,1,1,-1.000,0.33,2.00,0.0279,0.0041
18.418,1.480,1,0.607,0.388,-0.647,0.147,1,0.607,0.607,,AVOID,0.400,avoid_cruise,1,-0.0,27,0.008,1,1,-1.000,0.38,2.00,0.0259,0.0239
18.438,1.476,1,0.594,0.354,-0.646,0.142,1,0.594,0.594,,AVOID,0.400,avoid_cruise,1,-0.0,27,0.007,1,0,-1.000,0.38,2.00,0.0462,0.0155
18.459,1.458,1,0.583,0.327,-0.644,0.140,1,0.583,0.583,,AVOID,0.382,aeb_escape,1,-0.0,27,0.028,1,0,-1.000,0.26,2.00,0.0402,0.0114
18.480,1.442,0,,,,,1,0.574,0.574,,AVOID,0.370,aeb_escape,1,-0.0,28,0.001,1,0,-1.000,0.26,2.00,0.0389,0.0042
18.498,1.438,0,,,,,1,0.574,0.574,,AVOID,0.370,aeb_escape,1,0.1,28,0.019,1,0,-1.000,0.29,1.91,0.0317,0.0225
18.519,1.430,0,,,,,1,0.553,0.553,,AVOID,0.353,aeb_escape,1,0.1,26,0.008,1,0,-1.000,0.32,1.85,0.0275,0.0207
18.538,1.423,0,,,,,1,0.535,0.535,,AVOID,0.340,aeb_escape,1,0.0,26,0.010,1,0,-1.000,0.32,1.70,0.0461,0.0177
18.558,1.405,0,,,,,0,,,,AVOID,0.326,aeb_escape,1,0.1,26,0.004,1,0,-1.000,0.32,1.70,0.0417,0.0116
18.580,1.390,0,,,,,0,,,,AVOID,0.312,aeb_escape,1,0.2,25,0.001,1,0,-1.000,0.25,1.63,0.0387,0.0095
18.598,1.373,0,,,,,0,,,,AVOID,0.312,aeb_escape,1,0.0,25,0.018,1,0,-1.000,0.25,1.63,0.0318,0.0018
18.618,1.357,0,,,,,0,,,,AVOID,0.295,aeb_escape,1,0.0,25,0.013,1,0,-1.000,0.35,1.56,0.0279,0.0221
18.638,1.348,0,,,,,0,,,,AVOID,0.280,aeb_escape,1,-0.0,25,0.008,1,0,-1.000,0.42,1.48,0.0477,0.0172
18.659,1.333,0,,,,,0,,,,AVOID,0.267,aeb_escape,1,0.0,25,0.006,1,0,-1.000,0.40,1.33,0.0429,0.0126
18.678,1.328,0,,,,,0,,,,AVOID,0.250,aeb_escape,1,0.1,25,0.025,1,0,-1.000,0.40,1.33,0.0381,0.0075
18.698,1.316,0,,,,,0,,,,AVOID,0.237,aeb_escape,1,0.3,26,0.017,1,0,-1.000,0.33,1.25,0.0320,0.0274
18.718,1.287,0,,,,,0,,,,AVOID,0.237,aeb_escape,1,0.3,26,0.018,1,0,-1.000,0.18,1.18,0.0257,0.0167
18.738,1.299,0,,,,,0,,,,AVOID,0.221,aeb_escape,1,0.4,26,0.009,1,0,-1.000,0.18,1.18,0.0456,0.0150
18.758,1.308,0,,,,,0,,,,AVOID,0.203,aeb_escape,1,0.5,26,0.001,1,0,-1.000,0.39,1.11,0.0395,0.0111
18.778,1.290,0,,,,,0,,,,AVOID,0.203,aeb_escape,1,0.6,26,0.021,1,0,-1.000,0.39,1.11,0.0372,0.0077
18.798,1.238,0,,,,,0,,,,AVOID,0.203,aeb_escape,1,0.6,26,0.041,1,0,-1.000,0.44,1.01,0.0316,0.0019
18.818,1.201,0,,,,,0,,,,AVOID,0.174,aeb_escape,1,0.6,26,0.013,1,0,-1.000,0.44,1.01,0.0270,0.0218
18.838,1.187,0,,,,,0,,,,AVOID,0.162,aeb_escape,1,0.7,23,0.014,1,0,-1.000,0.50,0.81,0.0477,0.0112
18.858,1.157,0,,,,,0,,,,AVOID,0.160,aeb_escape,1,0.5,23,0.004,1,0,-1.000,0.50,0.81,0.0420,0.0133
18.879,1.130,0,,,,,0,,,,AVOID,0.160,aeb_escape,1,0.5,23,0.002,1,0,-1.000,0.43,0.80,0.0382,0.0096
18.898,1.087,0,,,,,0,,,,AVOID,0.160,aeb_escape,1,0.5,23,0.021,1,0,-1.000,0.43,0.80,0.0329,0.0019
18.919,1.050,0,,,,,0,,,,AVOID,0.160,aeb_escape,1,0.5,25,0.017,1,0,-1.000,0.58,0.80,0.0290,0.0236
18.939,1.014,0,,,,,0,,,,AVOID,0.160,aeb_escape,1,0.7,24,0.010,1,0,-1.000,0.47,0.80,0.0489,0.0177
18.958,0.972,0,,,,,0,,,,AVOID,0.160,aeb_escape,1,0.8,24,0.004,1,0,-1.000,0.46,0.80,0.0422,0.0143
18.978,0.934,0,,,,,0,,,,AVOID,0.160,aeb_escape,1,0.9,24,0.004,1,0,-1.000,0.46,0.80,0.0377,0.0094
18.998,0.891,0,,,,,0,,,,AVOID,0.160,aeb_escape,1,0.9,24,0.024,1,0,-1.000,0.58,0.80,0.0321,0.0039
19.018,0.852,0,,,,,0,,,,AVOID,0.160,aeb_escape,1,0.8,24,0.014,1,0,-1.000,0.64,0.80,0.0286,0.0247
19.038,0.806,0,,,,,0,,,,AVOID,0.160,aeb_escape,1,0.7,24,0.009,1,0,-1.000,0.64,0.80,0.0485,0.0183
19.058,0.775,0,,,,,0,,,,AVOID,0.160,aeb_escape,1,0.9,24,0.002,1,0,-1.000,0.58,0.80,0.0382,0.0152
19.078,0.751,0,,,,,0,,,,AVOID,0.160,aeb_escape,1,1.0,24,0.022,1,0,-1.000,0.58,0.80,0.0381,0.0088
19.098,0.728,0,,,,,0,,,,AVOID,0.160,aeb_escape,1,0.9,22,0.019,1,0,-1.000,0.46,0.80,0.0328,0.0057
19.118,0.710,0,,,,,0,,,,AVOID,0.160,aeb_escape,1,0.9,22,0.011,1,0,-1.000,0.96,0.80,0.0539,0.0256
19.138,0.705,0,,,,,0,,,,AVOID,0.160,aeb_escape,1,0.8,23,0.009,1,0,-1.000,0.64,0.80,0.0481,0.0104
19.158,0.713,0,,,,,0,,,,AVOID,0.160,aeb_escape,1,1.0,23,0.007,1,0,-1.000,0.64,0.80,0.0384,0.0110
19.178,0.727,0,,,,,0,,,,AVOID,0.160,aeb_escape,1,1.0,23,0.027,1,0,-1.000,0.57,0.80,0.0385,0.0064
19.205,0.748,0,,,,,0,,,,AVOID,0.160,aeb_escape,1,1.0,22,0.025,1,0,-1.000,0.57,0.80,0.0655,0.0335
19.218,0.743,0,,,,,0,,,,AVOID,0.160,aeb_escape,1,0.9,22,0.004,1,0,-1.000,0.69,0.80,0.0284,0.0101
19.238,0.733,0,,,,,0,,,,AVOID,0.160,aeb_escape,1,0.9,23,0.008,1,0,-1.000,0.63,0.80,0.0485,0.0188
19.258,0.716,0,,,,,0,,,,AVOID,0.160,aeb_escape,1,1.1,23,0.006,1,0,-1.000,0.63,0.80,0.0417,0.0155
19.278,0.701,0,,,,,0,,,,AVOID,0.160,aeb_escape,1,1.1,23,0.026,1,0,-1.000,0.64,0.80,0.0378,0.0085
19.298,0.689,0,,,,,0,,,,AVOID,0.160,aeb_escape,1,1.1,23,0.046,1,0,-1.000,0.84,0.79,0.0313,0.0057
19.318,0.685,0,,,,,0,,,,AVOID,0.160,aeb_escape,1,1.1,23,0.007,1,0,-1.000,0.65,0.79,0.0289,0.0258
19.338,0.684,0,,,,,0,,,,AVOID,0.160,aeb_escape,1,1.0,23,0.007,1,0,-1.000,0.65,0.79,0.0488,0.0185
19.358,0.672,0,,,,,0,,,,AVOID,0.160,aeb_escape,1,1.0,23,0.003,1,0,-1.000,0.66,0.79,0.0416,0.0147
19.380,0.670,0,,,,,0,,,,AVOID,0.160,aeb_escape,1,1.2,22,0.001,1,0,-1.000,0.66,0.79,0.0395,0.0116
19.398,0.659,0,,,,,0,,,,AVOID,0.160,aeb_escape,1,1.3,22,0.019,1,0,-1.000,0.64,0.79,0.0325,0.0014
19.418,0.647,0,,,,,0,,,,AVOID,0.160,aeb_escape,1,1.3,22,0.008,1,0,-1.000,1.25,0.79,0.0267,0.0213
19.438,0.645,0,,,,,0,,,,AVOID,0.160,aeb_escape,1,1.2,22,0.009,1,0,-1.000,0.91,0.79,0.0465,0.0165
19.458,0.641,0,,,,,0,,,,AVOID,0.160,aeb_escape,1,1.3,22,0.002,1,0,-1.000,0.91,0.79,0.0420,0.0118
19.478,0.638,0,,,,,0,,,,AVOID,0.160,aeb_escape,1,1.5,22,0.001,1,0,-1.000,0.73,0.79,0.0374,0.0051
19.498,0.639,0,,,,,0,,,,AVOID,0.160,aeb_escape,1,1.6,22,0.020,1,0,-1.000,0.73,0.79,0.0340,0.0046
19.518,0.647,0,,,,,0,,,,AVOID,0.160,aeb_escape,1,1.6,22,0.008,1,0,-1.000,0.92,0.79,0.0283,0.0245
19.538,0.648,0,,,,,0,,,,AVOID,0.160,aeb_escape,1,1.3,22,0.010,1,0,-1.000,0.92,0.79,0.0482,0.0157
19.558,0.649,0,,,,,0,,,,AVOID,0.160,aeb_escape,1,1.4,22,0.006,1,0,-1.000,0.80,0.79,0.0443,0.0147
19.578,0.649,0,,,,,0,,,,AVOID,0.160,aeb_escape,1,1.4,21,0.005,1,0,-1.000,0.80,0.79,0.0386,0.0072
19.598,0.650,0,,,,,0,,,,AVOID,0.160,aeb_escape,1,1.5,21,0.025,1,0,-1.000,0.82,0.78,0.0320,0.0037
19.618,0.651,0,,,,,0,,,,AVOID,0.160,aeb_escape,1,1.5,21,0.014,1,0,-1.000,1.29,0.78,0.0523,0.0239
19.638,0.654,0,,,,,0,,,,AVOID,0.160,aeb_escape,1,1.7,21,0.015,1,0,-1.000,1.29,0.78,0.0459,0.0107
19.658,0.656,0,,,,,0,,,,AVOID,0.160,aeb_escape,1,1.7,20,0.010,1,0,-1.000,0.88,0.78,0.0382,0.0138
19.678,0.655,0,,,,,0,,,,AVOID,0.160,aeb_escape,1,1.3,21,0.005,1,0,-1.000,0.99,0.78,0.0334,0.0084
19.700,0.659,0,,,,,0,,,,AVOID,0.160,aeb_escape,1,1.3,21,0.026,1,0,-1.000,0.99,0.78,0.0337,0.0071
19.720,0.660,0,,,,,0,,,,AVOID,0.160,aeb_escape,1,1.6,21,0.019,1,0,-1.000,0.54,0.78,0.0543,0.0277
19.755,0.662,0,,,,,0,,,,AVOID,0.160,aeb_escape,1,1.5,21,0.023,1,0,-1.000,0.89,0.78,0.0663,0.0249
19.760,0.658,0,,,,,0,,,,AVOID,0.160,aeb_escape,1,1.5,21,0.027,1,0,-1.000,0.89,0.78,0.0437,0.0038
19.778,0.660,0,,,,,0,,,,AVOID,0.160,aeb_escape,1,1.5,21,0.016,1,0,-1.000,0.89,0.78,0.0380,0.0226
19.800,0.659,0,,,,,0,,,,AVOID,0.160,aeb_escape,1,1.5,21,0.038,1,0,-1.000,0.80,0.78,0.0330,0.0048
19.823,0.663,0,,,,,0,,,,AVOID,0.160,aeb_escape,1,1.5,21,0.014,1,0,-1.000,0.82,0.78,0.0342,0.0284
19.838,0.661,0,,,,,0,,,,AVOID,0.160,aeb_escape,1,1.7,21,0.009,1,0,-1.000,0.84,0.78,0.0487,0.0118
19.858,0.665,0,,,,,0,,,,AVOID,0.160,aeb_escape,1,1.5,21,0.005,1,0,-1.000,0.86,0.78,0.0433,0.0111
19.879,0.664,0,,,,,0,,,,AVOID,0.160,aeb_escape,1,1.4,21,0.014,1,0,-1.000,0.86,0.78,0.0391,0.0115
19.903,0.668,0,,,,,0,,,,AVOID,0.160,aeb_escape,1,1.4,19,0.021,1,0,-1.000,1.50,0.78,0.0390,0.0073
19.926,0.668,0,,,,,0,,,,AVOID,0.160,aeb_escape,1,1.4,21,0.015,1,0,-1.000,1.50,0.78,0.0623,0.0307
19.938,0.668,0,,,,,0,,,,AVOID,0.160,aeb_escape,1,1.5,20,0.007,1,0,-1.000,1.06,0.77,0.0482,0.0109
19.958,0.665,0,,,,,0,,,,AVOID,0.160,aeb_escape,1,1.6,20,0.007,1,0,-1.000,0.56,0.77,0.0426,0.0144
19.978,0.662,0,,,,,0,,,,AVOID,0.160,aeb_escape,1,1.9,20,0.002,1,0,-1.000,0.38,0.77,0.0389,0.0117
19.998,0.658,0,,,,,0,,,,AVOID,0.160,aeb_escape,1,1.8,20,0.022,1,0,-1.000,0.38,0.77,0.0330,0.0057
20.021,0.660,0,,,,,0,,,,AVOID,0.160,aeb_escape,1,1.8,20,0.019,1,0,-1.000,1.25,0.77,0.0559,0.0285
20.038,0.660,0,,,,,0,,,,AVOID,0.160,aeb_escape,1,1.7,20,0.013,1,0,-1.000,0.99,0.77,0.0488,0.0160
20.060,0.658,0,,,,,0,,,,AVOID,0.160,aeb_escape,1,1.6,20,0.009,1,0,-1.000,0.99,0.77,0.0440,0.0170
20.078,0.658,0,,,,,0,,,,AVOID,0.160,aeb_escape,1,1.6,19,0.004,1,0,-1.000,0.99,0.77,0.0387,0.0052
20.101,0.657,0,,,,,0,,,,AVOID,0.160,aeb_escape,1,1.7,19,0.001,1,0,-1.000,0.99,0.77,0.0325,0.0088
20.118,0.653,0,,,,,0,,,,AVOID,0.160,aeb_escape,1,1.8,19,0.018,1,0,-1.000,0.82,0.77,0.0289,0.0259
20.138,0.651,0,,,,,0,,,,AVOID,0.160,aeb_escape,1,1.8,19,0.010,1,0,-1.000,0.91,0.77,0.0490,0.0176
20.158,0.649,0,,,,,0,,,,AVOID,0.160,aeb_escape,1,1.8,19,0.006,1,0,-1.000,0.91,0.77,0.0420,0.0116
20.178,0.650,0,,,,,0,,,,AVOID,0.160,aeb_escape,1,1.9,19,0.003,1,0,-1.000,0.95,0.77,0.0393,0.0098
20.198,0.646,0,,,,,0,,,,AVOID,0.160,aeb_escape,1,1.8,19,0.024,1,0,-1.000,0.87,0.77,0.0323,0.0052
20.218,0.646,0,,,,,0,,,,AVOID,0.160,aeb_escape,1,1.8,19,0.015,1,0,-1.000,0.87,0.77,0.0279,0.0248
20.238,0.646,0,,,,,0,,,,AVOID,0.160,aeb_escape,1,1.8,19,0.012,1,0,-1.000,1.32,0.77,0.0480,0.0151
20.258,0.648,0,,,,,0,,,,AVOID,0.160,aeb_escape,1,2.0,19,0.009,1,0,-1.000,0.57,0.77,0.0439,0.0137
20.278,0.644,0,,,,,0,,,,AVOID,0.160,aeb_escape,1,1.7,19,0.030,1,0,-1.000,0.99,0.77,0.0384,0.0077
20.298,0.644,0,,,,,0,,,,AVOID,0.160,aeb_escape,1,1.7,19,0.001,1,0,-1.000,0.99,0.77,0.0338,0.0033
20.318,0.644,0,,,,,0,,,,AVOID,0.160,aeb_escape,1,1.7,19,0.017,1,0,-1.000,-0.87,0.77,0.0289,0.0241
20.338,0.644,0,,,,,0,,,,AVOID,0.160,aeb_escape,1,2.0,18,0.014,1,0,-1.000,1.07,0.77,0.0482,0.0165
20.358,0.644,0,,,,,0,,,,AVOID,0.160,aeb_escape,1,1.8,17,0.008,1,0,-1.000,1.07,0.77,0.0443,0.0143
20.379,0.646,0,,,,,0,,,,AVOID,0.160,aeb_escape,1,1.6,18,0.003,1,0,-1.000,1.64,0.77,0.0400,0.0116
20.398,0.648,0,,,,,0,,,,AVOID,0.160,aeb_escape,1,1.8,18,0.022,1,0,-1.000,1.64,0.77,0.0329,0.0026
20.419,0.652,0,,,,,0,,,,AVOID,0.160,aeb_escape,1,1.8,18,0.011,1,0,-1.000,0.92,0.77,0.0300,0.0239
20.438,0.654,0,,,,,0,,,,AVOID,0.160,aeb_escape,1,1.7,17,0.004,1,0,-1.000,0.44,0.77,0.0488,0.0162
20.458,0.658,0,,,,,0,,,,AVOID,0.177,avoid_cruise,1,1.6,17,0.024,1,0,-1.000,0.44,0.77,0.0419,0.0102
20.487,0.656,0,,,,,0,,,8.296,AVOID,0.199,avoid_cruise,1,0.5,139,0.001,1,0,-1.000,1.32,0.85,0.0478,0.0157
20.498,0.656,0,,,,,0,,,,AVOID,0.199,avoid_cruise,1,-4.9,139,0.012,1,0,-1.000,1.32,0.85,0.0315,0.0028
20.519,0.654,0,,,,,0,,,,REJOIN,0.219,avoid_cruise,1,-4.9,139,0.008,1,0,-1.000,-6.04,0.95,0.0307,0.0246
20.538,0.671,0,,,,,0,,,7.982,REJOIN,0.239,avoid_cruise,1,-1.5,139,0.002,1,0,-1.000,-9.16,1.05,0.0491,0.0180
20.566,0.678,0,,,,,0,,,,REJOIN,0.259,avoid_cruise,1,-7.5,139,0.001,1,0,-1.000,-7.35,1.15,0.0513,0.0224
20.585,0.699,0,,,,,0,,,8.208,REJOIN,0.277,avoid_cruise,1,-2.2,139,0.001,1,0,-1.000,-7.35,1.15,0.0461,0.0165
20.599,0.708,0,,,,,0,,,8.208,REJOIN,0.298,avoid_cruise,1,-8.1,139,0.015,1,0,-1.000,-6.19,1.24,0.0342,0.0305
20.618,0.722,0,,,,,0,,,7.941,REJOIN,0.298,avoid_cruise,1,-8.1,139,0.006,1,0,-1.000,-6.19,1.24,0.0536,0.0187
20.639,0.749,0,,,,,0,,,8.207,REJOIN,0.318,avoid_cruise,1,-14.7,139,0.001,1,0,-1.000,-6.19,1.24,0.0504,0.0172
20.670,0.797,1,7.929,8.246,-0.879,0.364,1,7.929,7.929,,REJOIN,0.338,avoid_cruise,1,-13.0,139,0.001,1,0,-1.000,-5.40,1.43,0.0544,0.0134
20.687,0.824,0,,,,,0,,,,REJOIN,0.359,avoid_cruise,1,-13.8,139,0.001,1,0,-1.000,-5.40,1.43,0.0462,0.0166
20.706,0.878,0,,,,,0,,,,REJOIN,0.376,avoid_cruise,1,-7.3,139,0.001,1,0,-1.000,-5.41,1.52,0.0418,0.0116
20.719,0.950,0,,,,,0,,,,REJOIN,0.376,avoid_cruise,1,-2.2,139,0.014,1,0,-1.000,-5.40,1.62,0.0298,0.0251
20.738,1.001,0,,,,,0,,,,REJOIN,0.396,avoid_cruise,1,-2.2,139,0.007,1,0,-1.000,-5.39,1.72,0.0488,0.0061
20.770,1.052,0,,,,,0,,,,REJOIN,0.400,avoid_cruise,1,-0.7,139,0.001,1,0,-1.000,-5.39,1.72,0.0564,0.0377
20.778,1.109,0,,,,,0,,,,REJOIN,0.400,avoid_cruise,1,-0.2,139,0.009,1,0,-1.000,-5.39,1.90,0.0384,0.0061
20.798,1.174,0,,,,,0,,,,REJOIN,0.400,avoid_cruise,1,-0.1,139,0.029,1,0,-1.000,-5.39,1.90,0.0330,0.0051
20.818,1.246,0,,,,,0,,,,REJOIN,0.400,avoid_cruise,1,-0.1,139,0.003,1,0,-1.000,-5.37,1.91,0.0288,0.0250
20.838,1.310,0,,,,,0,,,,REJOIN,0.400,avoid_cruise,1,-0.0,139,0.005,1,0,-1.000,-5.35,1.91,0.0490,0.0157
20.858,1.388,0,,,,,0,,,,REJOIN,0.400,avoid_cruise,1,-0.0,139,0.001,1,0,-1.000,-5.35,1.91,0.0422,0.0098
20.883,1.456,0,,,,,0,,,,REJOIN,0.400,avoid_cruise,1,-0.0,139,0.002,1,0,-1.000,-6.57,1.91,0.0431,0.0129
20.912,1.518,0,,,,,0,,,,REJOIN,0.400,avoid_cruise,1,-0.0,139,0.001,1,0,-1.000,-6.22,1.91,0.0460,0.0197
20.918,1.578,0,,,,,0,,,,REJOIN,0.400,avoid_cruise,1,-0.0,139,0.007,1,0,-1.000,-5.78,1.91,0.0287,0.0252
20.944,1.625,0,,,,,0,,,,REJOIN,0.400,avoid_cruise,1,-0.0,139,0.002,1,0,-1.000,-5.78,1.91,0.0549,0.0208
20.962,1.676,0,,,,,0,,,,REJOIN,0.400,avoid_cruise,1,-0.0,139,0.020,1,0,-1.000,-5.77,1.91,0.0455,0.0115
20.978,1.710,0,,,,,0,,,,REJOIN,0.400,avoid_cruise,1,-0.0,139,0.006,1,0,-1.000,-5.77,1.91,0.0357,0.0039
20.998,1.737,0,,,,,0,,,,REJOIN,0.400,avoid_cruise,1,-0.0,139,0.009,1,0,-1.000,-5.77,1.91,0.0322,0.0240
21.027,1.764,0,,,,,0,,,,REJOIN,0.400,avoid_cruise,1,-0.0,139,0.003,1,0,-1.000,-5.77,1.91,0.0608,0.0257
21.039,1.784,0,,,,,0,,,,REJOIN,0.400,avoid_cruise,1,-0.0,139,0.002,1,0,-1.000,-5.77,1.91,0.0494,0.0121
21.066,1.794,0,,,,,0,,,,REJOIN,0.400,avoid_cruise,1,-0.0,139,0.001,1,0,-1.000,-6.52,1.91,0.0514,0.0208
21.091,1.802,0,,,,,0,,,,REJOIN,0.400,avoid_cruise,1,-0.0,139,0.001,1,0,-1.000,-6.52,1.91,0.0514,0.0215
21.109,1.818,0,,,,,0,,,,REJOIN,0.400,avoid_cruise,1,-0.0,139,0.001,1,0,-1.000,-6.52,1.91,0.0429,0.0155
21.118,1.818,0,,,,,0,,,,REJOIN,0.400,avoid_cruise,1,-0.0,139,0.010,1,0,-1.000,-6.15,1.91,0.0281,0.0243
21.142,1.813,0,,,,,0,,,,REJOIN,0.402,avoid_cruise,1,-0.0,139,0.006,1,0,-1.000,-6.15,1.91,0.0524,0.0185
21.163,1.809,0,,,,,0,,,,REJOIN,0.403,avoid_cruise,1,-0.0,139,0.001,1,0,-1.000,-6.21,1.91,0.0479,0.0143
21.189,1.811,0,,,,,0,,,,REJOIN,0.404,avoid_cruise,1,-0.0,139,0.001,1,0,-1.000,-6.20,1.90,0.0496,0.0121
21.198,1.818,0,,,,,0,,,,REJOIN,0.406,avoid_cruise,1,-0.0,139,0.010,1,0,-1.000,-6.20,1.90,0.0329,0.0211
21.221,1.823,0,,,,,0,,,,REJOIN,0.406,avoid_cruise,1,-0.0,139,0.009,1,0,-1.000,-6.20,1.90,0.0561,0.0219
21.238,1.821,0,,,,,0,,,,REJOIN,0.407,avoid_cruise,1,-0.0,139,0.001,1,0,-1.000,-6.20,1.90,0.0490,0.0390
21.262,1.812,0,,,,,0,,,,REJOIN,0.408,avoid_cruise,1,-0.0,139,0.001,1,0,-1.000,-6.20,1.90,0.0473,0.0147
21.281,1.819,0,,,,,0,,,,REJOIN,0.408,avoid_cruise,1,-0.0,139,0.020,1,0,-1.000,-6.01,1.92,0.0416,0.0106
21.298,1.830,0,,,,,0,,,,REJOIN,0.408,avoid_cruise,1,-0.0,139,0.037,1,0,-1.000,-6.73,1.92,0.0338,0.0012
21.361,1.832,0,,,,,0,,,,REJOIN,0.410,avoid_cruise,1,-0.0,139,0.002,1,0,-1.000,-6.73,1.92,0.0962,0.0634
21.385,1.813,0,,,,,0,,,,REJOIN,0.412,avoid_cruise,1,-0.0,139,0.002,1,0,-1.000,-6.43,1.93,0.0696,0.0117
21.400,1.822,0,,,,,0,,,,REJOIN,0.414,avoid_cruise,1,-0.0,139,0.001,1,0,-1.000,-6.43,1.93,0.0601,0.0142
21.422,1.828,0,,,,,0,,,,REJOIN,0.415,avoid_cruise,1,-0.0,139,0.011,1,0,-1.000,-6.57,1.95,0.0318,0.0209
21.438,1.816,0,,,,,0,,,,REJOIN,0.416,avoid_cruise,1,-0.0,139,0.001,1,0,-1.000,-5.84,1.95,0.0483,0.0150
21.470,1.820,0,,,,,0,,,,REJOIN,0.418,avoid_cruise,1,-0.0,139,0.001,1,0,-1.000,-6.30,1.94,0.0545,0.0129
21.479,1.836,0,,,,,0,,,,REJOIN,0.418,avoid_cruise,1,-0.0,139,0.010,1,0,-1.000,-6.81,1.95,0.0380,0.0072
21.500,1.831,0,,,,,0,,,,REJOIN,0.419,avoid_cruise,1,-0.0,139,0.007,1,0,-1.000,-6.88,1.96,0.0346,0.0029
21.524,1.823,0,,,,,0,,,,REJOIN,0.419,avoid_cruise,1,-0.0,139,0.001,1,0,-1.000,-6.88,1.96,0.0586,0.0269
21.545,1.824,0,,,,,0,,,,REJOIN,0.419,avoid_cruise,1,-0.0,139,0.001,1,0,-1.000,-6.45,1.97,0.0555,0.0204
21.568,1.831,0,,,,,0,,,,REJOIN,0.421,avoid_cruise,1,-0.0,139,0.001,1,0,-1.000,-6.53,1.97,0.0545,0.0213
21.579,1.842,0,,,,,0,,,,REJOIN,0.421,avoid_cruise,1,-0.0,139,0.013,1,0,-1.000,-7.13,1.96,0.0394,0.0083
21.600,1.839,0,,,,,0,,,,REJOIN,0.421,avoid_cruise,1,-0.0,139,0.008,1,0,-1.000,-7.13,1.96,0.0350,0.0289
21.628,1.837,0,,,,,0,,,,REJOIN,0.424,avoid_cruise,1,-0.0,139,0.001,1,0,-1.000,-6.80,1.94,0.0629,0.0275
21.650,1.840,0,,,,,0,,,,REJOIN,0.424,avoid_cruise,1,-0.0,139,0.001,1,0,-1.000,-6.76,1.94,0.0611,0.0217
21.670,1.842,0,,,,,0,,,,REJOIN,0.425,avoid_cruise,1,-0.0,139,0.001,1,0,-1.000,-6.76,1.94,0.0509,0.0195
21.679,1.850,0,,,,,0,,,,REJOIN,0.425,avoid_cruise,1,-0.0,139,0.010,1,0,-1.000,-6.77,1.91,0.0384,0.0028
21.698,1.845,0,,,,,0,,,,REJOIN,0.427,avoid_cruise,1,-0.0,139,0.007,1,0,-1.000,-5.24,1.91,0.0314,0.0219
21.722,1.841,0,,,,,0,,,,REJOIN,0.428,avoid_cruise,1,-0.0,139,0.001,1,0,-1.000,-5.24,1.91,0.0555,0.0213
21.747,1.845,0,,,,,0,,,,REJOIN,0.428,avoid_cruise,1,-0.0,139,0.002,1,0,-1.000,-4.48,1.88,0.0564,0.0252
21.758,1.847,0,,,,,0,,,,REJOIN,0.430,avoid_cruise,1,-0.0,139,0.012,1,0,-1.000,-4.25,1.87,0.0418,0.0093
21.778,1.844,0,,,,,0,,,,REJOIN,0.430,avoid_cruise,1,-0.0,139,0.008,1,0,-1.000,-4.25,1.87,0.0379,0.0053
21.798,1.832,0,,,,,0,,,,REJOIN,0.430,avoid_cruise,1,-0.0,139,0.028,1,0,-1.000,-3.44,1.87,0.0322,0.0253
21.818,1.819,0,,,,,0,,,,REJOIN,0.430,avoid_cruise,1,-0.0,139,0.048,1,0,-1.000,-2.63,1.85,0.0284,0.0165
21.844,1.810,0,,,,,0,,,,REJOIN,0.431,avoid_cruise,1,-0.0,139,0.001,1,0,-1.000,-2.63,1.85,0.0548,0.0095
21.858,1.809,0,,,,,0,,,,REJOIN,0.438,avoid_cruise,1,-0.0,139,0.002,1,0,-1.000,-1.17,1.84,0.0427,0.0233
21.887,1.806,0,,,,,0,,,,REJOIN,0.439,avoid_cruise,1,-0.0,139,0.001,1,0,-1.000,-2.04,1.85,0.0479,0.0122
21.898,1.798,0,,,,,0,,,,REJOIN,0.439,avoid_cruise,1,-0.0,139,0.012,1,0,-1.000,-2.04,1.85,0.0325,0.0230
21.926,1.791,0,,,,,0,,,,REJOIN,0.441,avoid_cruise,1,-0.0,139,0.017,1,0,-1.000,-2.04,1.85,0.0606,0.0154
21.938,1.788,0,,,,,0,,,,REJOIN,0.441,avoid_cruise,1,-0.0,139,0.002,1,0,-1.000,-2.08,1.88,0.0485,0.0109
21.960,1.790,0,,,,,0,,,,REJOIN,0.443,avoid_cruise,1,-0.0,139,0.002,1,0,-1.000,-2.08,1.88,0.0442,0.0142
21.986,1.791,0,,,,,0,,,,REJOIN,0.444,avoid_cruise,1,-0.0,139,0.001,1,0,-1.000,-2.19,1.89,0.0409,0.0162
21.998,1.804,0,,,,,0,,,,REJOIN,0.444,avoid_cruise,1,-0.0,139,0.013,1,0,-1.000,-2.36,1.88,0.0321,0.0049
22.020,1.797,0,,,,,0,,,,REJOIN,0.444,avoid_cruise,1,-0.0,139,0.010,1,0,-1.000,-2.28,1.89,0.0539,0.0267
22.045,1.789,0,,,,,0,,,,REJOIN,0.446,avoid_cruise,1,-0.0,139,0.004,1,0,-1.000,-2.28,1.89,0.0519,0.0208
22.070,1.791,0,,,,,0,,,,REJOIN,0.448,avoid_cruise,1,-0.0,139,0.005,1,0,-1.000,-2.23,1.90,0.0546,0.0248
22.093,1.786,0,,,,,0,,,,REJOIN,0.450,avoid_cruise,1,-0.0,139,0.001,1,0,-1.000,-2.17,1.90,0.0540,0.0196
22.099,1.789,0,,,,,0,,,,REJOIN,0.450,avoid_cruise,1,-0.0,139,0.008,1,0,-1.000,-2.10,1.90,0.0276,0.0062
22.118,1.793,0,,,,,0,,,,REJOIN,0.450,avoid_cruise,1,-0.0,139,0.007,1,0,-1.000,-2.10,1.90,0.0278,0.0245
22.139,1.791,0,,,,,0,,,,REJOIN,0.451,avoid_cruise,1,0.2,139,0.002,1,0,-1.000,-2.10,1.90,0.0499,0.0178
22.159,1.794,0,,,,,0,,,,REJOIN,0.453,avoid_cruise,1,2.2,139,0.001,1,0,-1.000,-2.06,1.91,0.0348,0.0156
22.182,1.796,0,,,,,0,,,,REJOIN,0.455,avoid_cruise,1,3.9,139,0.001,1,0,-1.000,-2.06,1.92,0.0419,0.0129
22.199,1.804,0,,,,,0,,,,REJOIN,0.457,avoid_cruise,1,3.9,139,0.018,1,0,-1.000,-1.94,1.91,0.0348,0.0046
22.218,1.802,0,,,,,0,,,,REJOIN,0.457,avoid_cruise,1,5.2,139,0.001,1,0,-1.000,-1.94,1.91,0.0544,0.0242
22.238,1.804,0,,,,,0,,,,REJOIN,0.457,avoid_cruise,1,1.5,139,0.003,1,0,-1.000,-1.64,1.93,0.0484,0.0139
22.262,1.811,0,,,,,0,,,,REJOIN,0.459,avoid_cruise,1,6.2,139,0.002,1,0,-1.000,-1.64,1.93,0.0485,0.0174
22.278,1.817,0,,,,,0,,,,REJOIN,0.459,avoid_cruise,1,8.8,139,0.018,1,0,-1.000,-0.81,1.94,0.0389,0.0108
22.298,1.823,0,,,,,0,,,,REJOIN,0.459,avoid_cruise,1,10.5,139,0.037,1,0,-1.000,3.26,1.92,0.0347,0.0042
22.319,1.827,0,,,,,0,,,,REJOIN,0.459,avoid_cruise,1,10.5,139,0.059,1,0,-1.000,3.26,1.92,0.0146,0.0018
22.341,1.833,0,,,,,0,,,,REJOIN,0.459,avoid_cruise,1,11.6,139,0.003,1,0,-1.000,8.01,1.87,0.0362,0.0234
22.365,1.833,0,,,,,0,,,,REJOIN,0.465,avoid_cruise,1,12.8,139,0.002,1,0,-1.000,8.01,1.87,0.0446,0.0220
22.378,1.842,0,,,,,0,,,,REJOIN,0.467,avoid_cruise,1,18.4,139,0.015,1,0,-1.000,6.66,1.86,0.0304,0.0026
22.398,1.835,0,,,,,0,,,,REJOIN,0.467,avoid_cruise,1,16.6,139,0.007,1,0,-1.000,6.66,1.86,0.0245,0.0035
22.418,1.829,0,,,,,0,,,,REJOIN,0.467,avoid_cruise,1,16.6,139,0.008,1,0,-1.000,5.64,1.89,0.0286,0.0235
22.438,1.828,0,,,,,0,,,,REJOIN,0.468,avoid_cruise,1,20.4,139,0.002,1,0,-1.000,4.98,1.90,0.0488,0.0178
22.458,1.832,0,,,,,0,,,,REJOIN,0.470,avoid_cruise,1,16.1,139,0.001,1,0,-1.000,4.98,1.90,0.0396,0.0156
22.485,1.839,0,,,,,0,,,,REJOIN,0.470,avoid_cruise,1,17.8,139,0.001,1,0,-1.000,4.83,1.90,0.0424,0.0135
22.498,1.832,0,,,,,0,,,,REJOIN,0.473,avoid_cruise,1,17.8,139,0.014,1,0,-1.000,5.87,1.90,0.0307,0.0062
22.519,1.831,0,,,,,0,,,,REJOIN,0.473,avoid_cruise,1,18.1,139,0.011,1,0,-1.000,5.87,1.90,0.0264,0.0006
22.538,1.829,0,,,,,0,,,,REJOIN,0.475,avoid_cruise,1,18.9,139,0.004,1,0,-1.000,5.55,1.90,0.0456,0.0198
22.558,1.826,0,,,,,0,,,,GLOBAL,0.499,clear,0,18.9,139,0.024,0,0,-1.000,5.55,1.90,0.0434,0.0152
22.578,1.828,0,,,,,0,,,,GLOBAL,0.522,clear,0,18.9,139,0.044,0,0,-1.000,5.28,1.91,0.0375,0.0075
22.598,1.823,0,,,,,0,,,,GLOBAL,0.522,clear,0,18.9,139,0.064,0,0,-1.000,5.34,1.92,0.0339,0.0026
22.618,1.821,0,,,,,0,,,,GLOBAL,0.553,clear,0,18.9,139,0.084,0,0,-1.000,5.34,1.92,0.0284,0.0228
22.638,1.827,0,,,,,0,,,,GLOBAL,0.577,clear,0,18.9,139,0.104,0,0,-1.000,0.56,2.22,0.0485,0.0191
22.659,1.834,0,,,,,0,,,,GLOBAL,0.604,clear,0,18.9,139,0.125,0,0,-1.000,-3.08,2.30,0.0451,0.0148
22.678,1.833,0,,,,,0,,,,GLOBAL,0.628,clear,0,18.9,139,0.144,0,0,-1.000,-3.08,2.30,0.0380,0.0078
22.698,1.842,0,,,,,0,,,,GLOBAL,0.655,clear,0,18.9,139,0.164,0,0,-1.000,1.70,2.37,0.0328,0.0017
22.718,1.856,0,,,,,0,,,,GLOBAL,0.655,clear,0,18.9,139,0.184,0,0,-1.000,6.49,2.53,0.0285,0.0211
22.738,1.869,0,,,,,0,,,,GLOBAL,0.682,clear,0,18.9,139,0.204,0,0,-1.000,6.49,2.53,0.0487,0.0172
22.758,1.888,0,,,,,0,,,,GLOBAL,0.705,clear,0,18.9,139,0.224,0,0,-1.000,11.27,2.58,0.0435,0.0156
22.778,1.918,0,,,,,0,,,,GLOBAL,0.705,clear,0,18.9,139,0.244,0,0,-1.000,16.05,2.65,0.0389,0.0097
22.798,1.959,0,,,,,0,,,,GLOBAL,0.705,clear,0,18.9,139,0.264,0,0,-1.000,16.05,2.65,0.0333,0.0045
22.818,2.001,0,,,,,0,,,,GLOBAL,0.760,clear,0,18.9,139,0.284,0,0,-1.000,20.83,2.63,0.0292,0.0244
22.838,2.051,0,,,,,0,,,,GLOBAL,0.790,clear,0,18.9,139,0.304,0,0,-1.000,21.40,2.89,0.0490,0.0148
22.858,2.088,0,,,,,0,,,,GLOBAL,0.819,clear,0,18.9,139,0.324,0,0,-1.000,21.40,2.89,0.0450,0.0121
22.878,2.142,0,,,,,0,,,,GLOBAL,0.848,clear,0,18.9,139,0.344,0,0,-1.000,21.31,2.94,0.0394,0.0078
22.898,2.212,0,,,,,0,,,,GLOBAL,0.876,clear,0,18.9,139,0.364,0,0,-1.000,19.78,3.03,0.0320,0.0049
22.918,2.274,0,,,,,0,,,,GLOBAL,0.876,clear,0,18.9,139,0.384,0,0,-1.000,19.78,3.03,0.0291,0.0249
22.938,2.350,0,,,,,0,,,,GLOBAL,0.907,clear,0,18.9,139,0.404,0,0,-1.000,18.86,3.13,0.0490,0.0175
22.958,2.434,0,,,,,0,,,,GLOBAL,0.938,clear,0,18.9,139,0.424,0,0,-1.000,17.40,3.22,0.0424,0.0148
22.978,2.512,0,,,,,0,,,,GLOBAL,0.967,clear,0,18.9,139,0.444,0,0,-1.000,17.40,3.22,0.0359,0.0080
22.998,2.585,0,,,,,0,,,,GLOBAL,0.998,clear,0,18.9,139,0.464,0,0,-1.000,16.42,3.29,0.0324,0.0060
23.018,2.667,0,,,,,0,,,,GLOBAL,0.998,clear,0,18.9,139,0.484,0,0,-1.000,14.97,3.48,0.0284,0.0262
23.039,2.738,0,,,,,0,,,,GLOBAL,1.000,clear,0,18.9,139,0.505,0,0,-1.000,14.97,3.48,0.0495,0.0208
23.058,2.802,0,,,,,0,,,,GLOBAL,1.000,clear,0,18.9,139,0.524,0,0,-1.000,12.98,3.44,0.0419,0.0110
23.078,2.863,0,,,,,0,,,,GLOBAL,1.000,clear,0,18.9,139,0.544,0,0,-1.000,12.48,3.41,0.0380,0.0106
23.099,2.918,0,,,,,0,,,,GLOBAL,1.000,clear,0,18.9,139,0.565,0,0,-1.000,12.48,3.41,0.0326,0.0071
23.118,2.968,0,,,,,0,,,,GLOBAL,1.000,clear,0,18.9,139,0.584,0,0,-1.000,11.43,3.37,0.0284,0.0263
23.138,3.002,0,,,,,0,,,,GLOBAL,1.000,clear,0,18.9,139,0.604,0,0,-1.000,10.11,3.37,0.0483,0.0186
23.158,3.022,0,,,,,0,,,,GLOBAL,1.000,clear,0,18.9,139,0.624,0,0,-1.000,10.11,3.37,0.0409,0.0161
23.178,3.040,0,,,,,0,,,,GLOBAL,1.000,clear,0,18.9,139,0.644,0,0,-1.000,10.03,3.35,0.0381,0.0086
23.198,3.043,0,,,,,0,,,,GLOBAL,1.000,clear,0,18.9,139,0.664,0,0,-1.000,8.20,3.30,0.0325,0.0019
23.218,3.055,0,,,,,0,,,,GLOBAL,1.000,clear,0,18.9,139,0.684,0,0,-1.000,8.20,3.30,0.0304,0.0014
23.238,3.054,0,,,,,0,,,,GLOBAL,1.000,clear,0,18.9,139,0.704,0,0,-1.000,7.49,3.28,0.0499,0.0210
23.258,3.052,0,,,,,0,,,,GLOBAL,1.000,clear,0,18.9,139,0.724,0,0,-1.000,7.19,3.23,0.0445,0.0173
23.278,3.061,0,,,,,0,,,,GLOBAL,1.000,clear,0,18.9,139,0.744,0,0,-1.000,7.19,3.23,0.0403,0.0117
23.298,3.051,0,,,,,0,,,,GLOBAL,1.000,clear,0,18.9,139,0.764,0,0,-1.000,6.57,3.20,0.0304,0.0073
23.318,3.055,0,,,,,0,,,,GLOBAL,1.000,clear,0,18.9,139,0.784,0,0,-1.000,5.97,3.18,0.0291,0.0016
23.338,3.060,0,,,,,0,,,,GLOBAL,1.000,clear,0,18.9,139,0.804,0,0,-1.000,5.97,3.18,0.0491,0.0215
23.358,3.046,0,,,,,0,,,,GLOBAL,1.000,clear,0,18.9,139,0.824,0,0,-1.000,4.60,3.15,0.0371,0.0125
23.378,3.043,0,,,,,0,,,,GLOBAL,1.000,clear,0,18.9,139,0.844,0,0,-1.000,4.96,3.10,0.0391,0.0104
23.398,3.048,0,,,,,0,,,,GLOBAL,1.000,clear,0,18.9,139,0.864,0,0,-1.000,4.96,3.10,0.0346,0.0056
23.419,3.030,0,,,,,0,,,,GLOBAL,1.000,clear,0,18.9,139,0.885,0,0,-1.000,5.12,3.08,0.0308,0.0024
23.438,3.019,0,,,,,0,,,,GLOBAL,1.000,clear,0,18.9,139,0.904,0,0,-1.000,5.24,3.05,0.0498,0.0217
23.458,3.024,0,,,,,0,,,,GLOBAL,1.000,clear,0,18.9,139,0.924,0,0,-1.000,5.24,3.05,0.0452,0.0106
23.478,3.019,0,,,,,0,,,,GLOBAL,1.000,clear,0,18.9,139,0.944,0,0,-1.000,4.96,3.00,0.0377,0.0109
23.498,3.005,0,,,,,0,,,,GLOBAL,1.000,clear,0,18.9,139,0.964,0,0,-1.000,4.86,3.00,0.0340,0.0061
23.518,2.997,0,,,,,0,,,,GLOBAL,1.000,clear,0,18.9,139,0.984,0,0,-1.000,4.86,3.00,0.0280,0.0260
23.538,2.979,0,,,,,0,,,,GLOBAL,1.000,clear,0,18.9,139,1.004,0,0,-1.000,4.47,3.00,0.0480,0.0157
23.558,2.961,0,,,,,0,,,,GLOBAL,1.000,clear,0,18.9,139,1.024,0,0,-1.000,4.18,3.00,0.0421,0.0154
23.578,2.957,0,,,,,0,,,,GLOBAL,1.000,clear,0,18.9,139,1.044,0,0,-1.000,4.18,3.00,0.0372,0.0106
23.598,2.951,0,,,,,0,,,,GLOBAL,1.000,clear,0,18.9,139,1.064,0,0,-1.000,4.13,3.00,0.0327,0.0064
23.623,2.954,0,,,,,0,,,,GLOBAL,1.000,clear,0,18.9,139,1.089,0,0,-1.000,3.94,3.00,0.0333,0.0049
23.639,2.955,0,,,,,0,,,,GLOBAL,1.000,clear,0,18.9,139,1.105,0,0,-1.000,3.94,3.00,0.0493,0.0209
23.658,2.954,0,,,,,0,,,,GLOBAL,1.000,clear,0,18.9,139,1.124,0,0,-1.000,3.19,3.00,0.0426,0.0122
23.679,2.955,0,,,,,0,,,,GLOBAL,1.000,clear,0,18.9,139,1.145,0,0,-1.000,3.57,3.00,0.0369,0.0102
23.698,2.946,0,,,,,0,,,,GLOBAL,1.000,clear,0,18.9,139,1.164,0,0,-1.000,3.57,3.00,0.0325,0.0038
23.718,2.935,0,,,,,0,,,,GLOBAL,1.000,clear,0,18.9,139,1.184,0,0,-1.000,2.72,3.00,0.0286,0.0239
23.738,2.935,0,,,,,0,,,,GLOBAL,1.000,clear,0,18.9,139,1.204,0,0,-1.000,3.49,3.00,0.0486,0.0149
23.758,2.924,0,,,,,0,,,,GLOBAL,1.000,clear,0,18.9,139,1.224,0,0,-1.000,3.49,3.00,0.0433,0.0128
23.778,2.920,0,,,,,0,,,,GLOBAL,1.000,clear,0,18.9,139,1.244,0,0,-1.000,2.85,3.00,0.0390,0.0068
23.800,2.923,0,,,,,0,,,,GLOBAL,1.000,clear,0,18.9,139,1.266,0,0,-1.000,3.27,3.00,0.0350,0.0057
23.819,2.918,0,,,,,0,,,,GLOBAL,1.000,clear,0,18.9,139,1.285,0,0,-1.000,3.27,3.00,0.0286,0.0247
23.838,2.920,0,,,,,0,,,0.823,GLOBAL,1.000,clear,0,18.9,139,1.304,0,0,-1.000,3.24,3.00,0.0475,0.0160
23.858,2.916,0,,,,,0,,,0.902,GLOBAL,1.000,clear,0,18.9,139,1.324,0,0,-1.000,4.21,3.00,0.0417,0.0111
23.878,2.914,0,,,,,0,,,0.656,GLOBAL,1.000,clear,0,18.9,139,1.344,0,0,-1.000,4.21,3.00,0.0379,0.0087
23.898,2.917,0,,,,,0,,,0.551,GLOBAL,1.000,clear,0,18.9,139,1.364,0,0,-1.000,4.12,3.00,0.0317,0.0057
23.918,2.919,0,,,,,0,,,0.551,GLOBAL,1.000,clear,0,18.9,139,1.384,0,0,-1.000,5.78,3.00,0.0294,0.0258
23.938,2.918,0,,,,,0,,,0.674,GLOBAL,1.000,clear,0,18.9,139,1.404,0,0,-1.000,5.78,3.00,0.0495,0.0188
23.958,2.920,0,,,,,0,,,,GLOBAL,1.000,clear,0,18.9,139,1.424,0,0,-1.000,5.14,3.00,0.0425,0.0145
23.978,2.918,0,,,,,0,,,,GLOBAL,1.000,clear,0,18.9,139,1.444,0,0,-1.000,6.67,3.00,0.0372,0.0087
23.998,2.916,0,,,,,0,,,,GLOBAL,1.000,clear,0,18.9,139,1.464,0,0,-1.000,6.67,3.00,0.0319,0.0041
24.018,2.916,0,,,,,0,,,,GLOBAL,1.000,clear,0,18.9,139,1.484,0,0,-1.000,8.26,3.00,0.0280,0.0010
24.038,2.920,0,,,,,0,,,,GLOBAL,1.000,clear,0,18.9,139,1.504,0,0,-1.000,7.90,3.00,0.0482,0.0211
24.058,2.919,0,,,,,0,,,,GLOBAL,1.000,clear,0,18.9,139,1.524,0,0,-1.000,7.90,3.00,0.0424,0.0149
24.078,2.915,0,,,,,0,,,,GLOBAL,1.000,clear,0,18.9,139,1.544,0,0,-1.000,8.94,3.00,0.0382,0.0094
24.098,2.917,0,,,,,0,,,,GLOBAL,1.000,clear,0,18.9,139,1.564,0,0,-1.000,9.42,3.00,0.0328,0.0041
24.118,2.916,0,,,,,0,,,,GLOBAL,1.000,clear,0,18.9,139,1.584,0,0,-1.000,9.42,3.00,0.0288,0.0238
24.138,2.915,0,,,,,0,,,,GLOBAL,1.000,clear,0,18.9,139,1.604,0,0,-1.000,9.92,3.00,0.0489,0.0188
24.158,2.920,0,,,,,0,,,,GLOBAL,1.000,clear,0,18.9,139,1.624,0,0,-1.000,9.58,3.00,0.0420,0.0149
24.178,2.915,0,,,,,0,,,,GLOBAL,1.000,clear,0,18.9,139,1.644,0,0,-1.000,9.58,3.00,0.0375,0.0090
24.198,2.912,0,,,,,0,,,,GLOBAL,1.000,clear,0,18.9,139,1.664,0,0,-1.000,8.79,3.00,0.0311,0.0054
24.218,2.915,0,,,,,0,,,,GLOBAL,1.000,clear,0,18.9,139,1.684,0,0,-1.000,9.53,3.00,0.0289,0.0250
24.238,2.914,0,,,,,0,,,,GLOBAL,1.000,clear,0,18.9,139,1.704,0,0,-1.000,9.53,3.00,0.0490,0.0193
24.258,2.911,0,,,,,0,,,,GLOBAL,1.000,clear,0,18.9,139,1.724,0,0,-1.000,9.05,3.00,0.0406,0.0133
24.278,2.915,0,,,,,0,,,,GLOBAL,1.000,clear,0,18.9,139,1.744,0,0,-1.000,9.05,3.00,0.0362,0.0091
24.298,2.907,0,,,,,0,,,,GLOBAL,1.000,clear,0,18.9,139,1.764,0,0,-1.000,8.53,3.00,0.0312,0.0044
24.318,2.906,0,,,,,0,,,,GLOBAL,1.000,clear,0,18.9,139,1.784,0,0,-1.000,8.15,3.00,0.0279,0.0240
24.338,2.911,0,,,,,0,,,,GLOBAL,1.000,clear,0,18.9,139,1.804,0,0,-1.000,7.81,3.00,0.0478,0.0181
24.358,2.906,0,,,,,0,,,,GLOBAL,1.000,clear,0,18.9,139,1.824,0,0,-1.000,7.81,3.00,0.0402,0.0143
24.378,2.908,0,,,,,0,,,,GLOBAL,1.000,clear,0,18.9,139,1.844,0,0,-1.000,8.25,3.00,0.0370,0.0107
24.398,2.912,0,,,,,0,,,,GLOBAL,1.000,clear,0,18.9,139,1.864,0,0,-1.000,8.29,3.00,0.0331,0.0040
24.421,2.900,0,,,,,0,,,,GLOBAL,1.000,clear,0,18.9,139,1.887,0,0,-1.000,8.29,3.00,0.0556,0.0266
24.438,2.900,0,,,,,0,,,,GLOBAL,1.000,clear,0,18.9,139,1.904,0,0,-1.000,7.71,3.00,0.0481,0.0164
24.458,2.909,0,,,,,0,,,,GLOBAL,1.000,clear,0,18.9,139,1.924,0,0,-1.000,7.40,3.00,0.0439,0.0145
24.478,2.894,0,,,,,0,,,,GLOBAL,1.000,clear,0,18.9,139,1.944,0,0,-1.000,7.40,3.00,0.0361,0.0105
24.498,2.901,0,,,,,0,,,,GLOBAL,1.000,clear,0,18.9,139,1.964,0,0,-1.000,7.38,3.00,0.0330,0.0049
24.518,2.906,0,,,,,0,,,,GLOBAL,1.000,clear,0,18.9,139,1.984,0,0,-1.000,7.61,3.00,0.0533,0.0251
24.538,2.892,0,,,,,0,,,,GLOBAL,1.000,clear,0,18.9,139,2.004,0,0,-1.000,7.61,3.00,0.0470,0.0167
24.558,2.895,0,,,,,0,,,,GLOBAL,1.000,clear,0,18.9,139,2.024,0,0,-1.000,6.97,3.00,0.0429,0.0114
24.578,2.906,0,,,,,0,,,,GLOBAL,1.000,clear,0,18.9,139,2.044,0,0,-1.000,6.82,3.00,0.0362,0.0110
24.598,2.890,0,,,,,0,,,,GLOBAL,1.000,clear,0,18.9,139,2.064,0,0,-1.000,6.82,3.00,0.0305,0.0059
24.618,2.904,0,,,,,0,,,,GLOBAL,1.000,clear,0,18.9,139,2.084,0,0,-1.000,7.06,3.00,0.0276,0.0017
24.638,2.905,0,,,,,0,,,,GLOBAL,1.000,clear,0,18.9,139,2.104,0,0,-1.000,6.92,3.00,0.0477,0.0217
24.658,2.892,0,,,,,0,,,,GLOBAL,1.000,clear,0,18.9,139,2.124,0,0,-1.000,6.92,3.00,0.0400,0.0120
24.678,2.904,0,,,,,0,,,,GLOBAL,1.000,clear,0,18.9,139,2.144,0,0,-1.000,6.90,3.00,0.0361,0.0113
24.698,2.909,0,,,,,0,,,,GLOBAL,1.000,clear,0,18.9,139,2.164,0,0,-1.000,7.03,3.00,0.0300,0.0027
24.718,2.893,0,,,,,0,,,,GLOBAL,1.000,clear,0,18.9,139,2.184,0,0,-1.000,7.03,3.00,0.0278,0.0015
24.738,2.911,0,,,,,0,,,,GLOBAL,1.000,clear,0,18.9,139,2.204,0,0,-1.000,6.06,3.00,0.0477,0.0214
24.758,2.908,0,,,,,0,,,,GLOBAL,1.000,clear,0,18.9,139,2.224,0,0,-1.000,6.06,3.00,0.0402,0.0112
24.778,2.897,0,,,,,0,,,,GLOBAL,1.000,clear,0,18.9,139,2.244,0,0,-1.000,6.56,3.00,0.0367,0.0312
24.798,2.912,0,,,,,0,,,,GLOBAL,1.000,clear,0,18.9,139,2.264,0,0,-1.000,6.75,3.00,0.0313,0.0155
24.818,2.908,0,,,,,0,,,,GLOBAL,1.000,clear,0,18.9,139,2.284,0,0,-1.000,6.57,3.00,0.0282,0.0138
24.838,2.901,0,,,,,0,,,,GLOBAL,1.000,clear,0,18.9,139,2.304,0,0,-1.000,6.57,3.00,0.0481,0.0185
24.858,2.916,0,,,,,0,,,,GLOBAL,1.000,clear,0,18.9,139,2.324,0,0,-1.000,6.64,3.00,0.0421,0.0146
24.878,2.910,0,,,,,0,,,,GLOBAL,1.000,clear,0,18.9,139,2.344,0,0,-1.000,6.76,3.00,0.0392,0.0053
24.898,2.906,0,,,,,0,,,,GLOBAL,1.000,clear,0,18.9,139,2.364,0,0,-1.000,6.76,3.00,0.0318,0.0064
24.918,2.920,0,,,,,0,,,,GLOBAL,1.000,clear,0,18.9,139,2.384,0,0,-1.000,6.96,3.00,0.0296,0.0265
24.938,2.913,0,,,,,0,,,,GLOBAL,1.000,clear,0,18.9,139,2.404,0,0,-1.000,6.88,3.00,0.0498,0.0181
24.958,2.912,0,,,,,0,,,,GLOBAL,1.000,clear,0,18.9,139,2.424,0,0,-1.000,6.88,3.00,0.0426,0.0161
24.978,2.923,0,,,,,0,,,,GLOBAL,1.000,clear,0,18.9,139,2.444,0,0,-1.000,7.38,3.00,0.0398,0.0072
24.998,2.909,0,,,,,0,,,,GLOBAL,1.000,clear,0,18.9,139,2.464,0,0,-1.000,7.77,3.00,0.0338,0.0067
25.018,2.913,0,,,,,0,,,,GLOBAL,1.000,clear,0,18.9,139,2.484,0,0,-1.000,7.77,3.00,0.0300,0.0268
25.038,2.920,0,,,,,0,,,,GLOBAL,1.000,clear,0,18.9,139,2.504,0,0,-1.000,7.78,3.00,0.0501,0.0127
25.058,2.914,0,,,,,0,,,,GLOBAL,1.000,clear,0,18.9,139,2.524,0,0,-1.000,7.93,3.00,0.0428,0.0135
25.078,2.915,0,,,,,0,,,,GLOBAL,1.000,clear,0,18.9,139,2.544,0,0,-1.000,7.93,3.00,0.0387,0.0077
25.098,2.922,0,,,,,0,,,,GLOBAL,1.000,clear,0,18.9,139,2.564,0,0,-1.000,8.61,3.00,0.0331,0.0018
25.118,2.911,0,,,,,0,,,,GLOBAL,1.000,clear,0,18.9,139,2.584,0,0,-1.000,9.27,3.00,0.0288,0.0216
25.138,2.920,0,,,,,0,,,,GLOBAL,1.000,clear,0,18.9,139,2.604,0,0,-1.000,9.27,3.00,0.0489,0.0148
25.158,2.919,0,,,,,0,,,,GLOBAL,1.000,clear,0,18.9,139,2.624,0,0,-1.000,9.50,3.00,0.0432,0.0109
25.178,2.914,0,,,,,0,,,,GLOBAL,1.000,clear,0,18.9,139,2.644,0,0,-1.000,9.26,3.00,0.0387,0.0088
25.198,2.915,0,,,,,0,,,,GLOBAL,1.000,clear,0,18.9,139,2.664,0,0,-1.000,9.26,3.00,0.0350,0.0289
25.218,2.920,0,,,,,0,,,,GLOBAL,1.000,clear,0,18.9,139,2.684,0,0,-1.000,9.79,3.00,0.0296,0.0020
25.238,2.911,0,,,,,0,,,,GLOBAL,1.000,clear,0,18.9,139,2.704,0,0,-1.000,11.79,3.00,0.0494,0.0218
25.259,2.918,0,,,,,0,,,,GLOBAL,1.000,clear,0,18.9,139,2.725,0,0,-1.000,11.79,3.00,0.0461,0.0174
25.279,2.916,0,,,,,0,,,,GLOBAL,1.000,clear,0,18.9,139,2.745,0,0,-1.000,11.02,3.00,0.0406,0.0047
25.299,2.913,0,,,,,0,,,,GLOBAL,1.000,clear,0,18.9,139,2.765,0,0,-1.000,12.40,3.00,0.0359,0.0069
25.320,2.912,0,,,,,0,,,,GLOBAL,1.000,clear,0,18.9,139,2.786,0,0,-1.000,12.40,3.00,0.0576,0.0287
25.338,2.915,0,,,,,0,,,,GLOBAL,1.000,clear,0,18.9,139,2.804,0,0,-1.000,14.80,3.00,0.0494,0.0160
25.359,2.913,0,,,,,0,,,,GLOBAL,1.000,clear,0,18.9,139,2.825,0,0,-1.000,16.74,3.00,0.0426,0.0157
25.378,2.918,0,,,,,0,,,,GLOBAL,1.000,clear,0,18.9,139,2.844,0,0,-1.000,16.74,3.00,0.0392,0.0092
25.398,2.911,0,,,,,0,,,,GLOBAL,1.000,clear,0,18.9,139,2.864,0,0,-1.000,16.38,3.00,0.0320,0.0061
25.418,2.915,0,,,,,0,,,,GLOBAL,1.000,clear,0,18.9,139,2.884,0,0,-1.000,17.96,3.00,0.0296,0.0261
25.438,2.908,0,,,,,0,,,,GLOBAL,1.000,clear,0,18.9,139,2.904,0,0,-1.000,17.96,3.00,0.0496,0.0181
25.458,2.906,0,,,,,0,,,,GLOBAL,1.000,clear,0,18.9,139,2.924,0,0,-1.000,17.84,3.00,0.0453,0.0092
25.478,2.913,0,,,,,0,,,,GLOBAL,1.000,clear,0,18.9,139,2.944,0,0,-1.000,17.29,3.00,0.0377,0.0091
25.498,2.914,0,,,,,0,,,,GLOBAL,1.000,clear,0,18.9,139,2.964,0,0,-1.000,17.29,3.00,0.0352,0.0054
25.518,2.895,0,,,,,0,,,,GLOBAL,1.000,clear,0,18.9,139,2.984,0,0,-1.000,17.72,3.00,0.0298,0.0255
25.538,2.907,0,,,,,0,,,,GLOBAL,1.000,clear,0,18.9,139,3.004,0,0,-1.000,16.70,3.00,0.0500,0.0187
25.558,2.897,0,,,,,0,,,,GLOBAL,1.000,clear,0,18.9,139,3.024,0,0,-1.000,16.70,3.00,0.0431,0.0115
25.578,2.875,0,,,,,0,,,,GLOBAL,1.000,clear,0,18.9,139,3.044,0,0,-1.000,17.17,3.00,0.0401,0.0082
25.598,2.888,0,,,,,0,,,,GLOBAL,1.000,clear,0,18.9,139,3.064,0,0,-1.000,16.28,3.00,0.0324,0.0031
25.618,2.899,0,,,,,0,,,,GLOBAL,1.000,clear,0,18.9,139,3.084,0,0,-1.000,16.28,3.00,0.0304,0.0235
25.638,2.868,0,,,,,0,,,,GLOBAL,1.000,clear,0,18.9,139,3.104,0,0,-1.000,15.92,3.00,0.0504,0.0150
25.658,2.878,0,,,,,0,,,,GLOBAL,1.000,clear,0,18.9,139,3.124,0,0,-1.000,15.78,3.00,0.0429,0.0171
25.678,2.878,0,,,,,0,,,,GLOBAL,1.000,clear,0,18.9,139,3.144,0,0,-1.000,15.78,3.00,0.0405,0.0098
25.698,2.854,0,,,,,0,,,,GLOBAL,1.000,clear,0,18.9,139,3.164,0,0,-1.000,15.52,3.00,0.0347,0.0074
25.718,2.867,0,,,,,0,,,,GLOBAL,1.000,clear,0,18.9,139,3.184,0,0,-1.000,16.49,3.00,0.0307,0.0013
25.738,2.877,0,,,,,0,,,,GLOBAL,1.000,clear,0,18.9,139,3.204,0,0,-1.000,16.49,3.00,0.0507,0.0213
25.759,2.853,0,,,,,0,,,,GLOBAL,1.000,clear,0,18.9,139,3.225,0,0,-1.000,16.16,3.00,0.0439,0.0152
25.778,2.866,0,,,,,0,,,,GLOBAL,1.000,clear,0,18.9,139,3.244,0,0,-1.000,16.80,3.00,0.0383,0.0092
25.798,2.868,0,,,,,0,,,,GLOBAL,1.000,clear,0,18.9,139,3.264,0,0,-1.000,16.80,3.00,0.0350,0.0062
25.818,2.842,0,,,,,0,,,,GLOBAL,1.000,clear,0,18.9,139,3.284,0,0,-1.000,17.08,3.00,0.0277,0.0019
25.838,2.865,0,,,,,0,,,,GLOBAL,1.000,clear,0,18.9,139,3.304,0,0,-1.000,18.90,3.00,0.0478,0.0220
25.859,2.872,0,,,,,0,,,,GLOBAL,1.000,clear,0,18.9,139,3.325,0,0,-1.000,18.90,3.00,0.0420,0.0181
25.878,2.844,0,,,,,0,,,,GLOBAL,1.000,clear,0,18.9,139,3.344,0,0,-1.000,17.78,3.00,0.0377,0.0095
25.898,2.858,0,,,,,0,,,,GLOBAL,1.000,clear,0,18.9,139,3.364,0,0,-1.000,18.28,3.00,0.0324,0.0064
25.919,2.863,0,,,,,0,,,,GLOBAL,1.000,clear,0,18.9,139,3.385,0,0,-1.000,18.28,3.00,0.0289,0.0006
25.938,2.836,0,,,,,0,,,,GLOBAL,1.000,clear,0,18.9,139,3.404,0,0,-1.000,19.28,3.00,0.0483,0.0199
25.958,2.859,0,,,,,0,,,,GLOBAL,1.000,clear,0,18.9,139,3.424,0,0,-1.000,18.02,3.00,0.0409,0.0164
25.978,2.863,1,2.319,2.421,0.957,0.284,1,2.319,2.319,,GLOBAL,1.000,clear,0,18.9,139,3.444,0,0,-1.000,18.02,3.00,0.0381,0.0108
25.998,2.835,0,,,,,0,,,2.230,GLOBAL,1.000,clear,0,18.9,139,3.464,0,0,-1.000,17.27,3.00,0.0296,0.0070
26.019,2.850,0,,,,,0,,,2.230,GLOBAL,1.000,clear,0,18.9,139,3.485,0,0,-1.000,16.77,3.00,0.0504,0.0277
26.038,2.856,0,,,,,0,,,2.248,GLOBAL,1.000,clear,0,18.9,139,3.504,0,0,-1.000,16.77,3.00,0.0488,0.0186
26.059,2.825,1,2.261,2.336,0.705,0.179,1,2.261,2.261,,GLOBAL,1.000,clear,0,18.9,139,3.525,0,0,-1.000,15.80,3.00,0.0408,0.0164
26.078,2.849,1,2.213,2.303,0.659,0.182,1,2.213,2.213,,GLOBAL,1.000,clear,0,18.9,139,3.544,0,0,-1.000,14.57,3.00,0.0380,0.0110
26.098,2.848,1,2.172,2.269,0.553,0.163,1,2.172,2.172,,GLOBAL,1.000,clear,0,18.9,139,3.564,0,0,-1.000,14.57,3.00,0.0301,0.0048
26.118,2.823,0,,,,,0,,,,GLOBAL,1.000,clear,0,18.9,139,3.584,0,0,-1.000,14.03,3.00,0.0271,0.0014
26.138,2.836,0,,,,,0,,,,GLOBAL,1.000,clear,0,18.9,139,3.604,0,0,-1.000,13.32,3.00,0.0473,0.0216
26.158,2.842,0,,,,,0,,,,GLOBAL,1.000,clear,0,18.9,139,3.624,0,0,-1.000,13.32,3.00,0.0407,0.0153
26.178,2.818,0,,,,,0,,,1.981,GLOBAL,1.000,clear,0,18.9,139,3.644,0,0,-1.000,12.22,3.00,0.0381,0.0096
26.198,2.841,0,,,,,0,,,,GLOBAL,1.000,clear,0,18.9,139,3.664,0,0,-1.000,10.52,3.00,0.0344,0.0057
26.218,2.843,0,,,,,0,,,,GLOBAL,1.000,clear,0,18.9,139,3.684,0,0,-1.000,10.52,3.00,0.0290,0.0013
26.238,2.825,0,,,,,0,,,,GLOBAL,1.000,clear,0,18.9,139,3.704,0,0,-1.000,9.86,3.00,0.0491,0.0215
26.258,2.836,0,,,,,0,,,,GLOBAL,1.000,clear,0,18.9,139,3.724,0,0,-1.000,8.56,3.00,0.0452,0.0153
26.278,2.850,0,,,,,0,,,1.802,GLOBAL,1.000,clear,0,18.9,139,3.744,0,0,-1.000,8.56,3.00,0.0392,0.0072
26.298,2.830,0,,,,,0,,,1.737,GLOBAL,1.000,clear,0,18.9,139,3.764,0,0,-1.000,7.77,3.00,0.0307,0.0054
26.318,2.846,0,,,,,0,,,1.737,GLOBAL,1.000,clear,0,18.9,139,3.784,0,0,-1.000,6.75,3.00,0.0294,0.0254
26.338,2.855,1,1.638,1.806,-0.196,0.179,1,1.638,1.638,,GLOBAL,1.000,clear,0,18.9,139,3.804,0,0,-1.000,6.75,3.00,0.0494,0.0174
26.359,2.845,1,1.606,1.720,-0.280,0.137,1,1.606,1.606,,GLOBAL,1.000,clear,0,18.9,139,3.825,0,0,-1.000,5.70,3.00,0.0445,0.0153
26.378,2.850,1,1.527,1.644,-0.339,0.151,1,1.527,1.527,,GLOBAL,1.000,clear,0,18.9,139,3.844,0,0,-1.000,5.01,3.00,0.0385,0.0058
26.398,2.862,1,1.423,1.564,-0.405,0.193,1,1.423,1.423,,GLOBAL,1.000,clear,0,18.9,139,3.864,0,0,-1.000,5.01,3.00,0.0339,0.0060
26.419,2.859,1,1.423,1.564,-0.405,0.193,1,1.423,1.423,,GLOBAL,1.000,clear,0,18.9,139,3.885,0,0,-1.000,3.17,3.00,0.0305,0.0268
26.438,2.864,1,1.424,1.483,-0.472,0.133,1,1.424,1.424,,GLOBAL,1.000,clear,0,18.9,139,3.904,0,0,-1.000,2.12,3.00,0.0498,0.0173
26.458,2.882,0,,,,,0,,,1.230,GLOBAL,1.000,clear,0,18.9,139,3.924,0,0,-1.000,2.12,3.00,0.0420,0.0137
26.478,2.878,0,,,,,0,,,1.159,GLOBAL,1.000,clear,0,18.9,139,3.944,0,0,1.486,0.95,3.00,0.0361,0.0106
26.498,2.882,1,0.991,1.202,-0.650,0.376,1,0.991,0.991,,GLOBAL,1.000,clear,0,18.9,139,3.964,0,0,-1.000,0.17,3.00,0.0326,0.0018
26.518,2.899,1,0.991,1.202,-0.650,0.376,1,0.991,0.991,,GLOBAL,1.000,clear,0,18.9,139,3.984,0,0,-1.000,0.17,3.00,0.0270,0.0218
26.538,2.896,1,1.049,1.113,-0.692,0.262,1,1.049,1.049,6.715,GLOBAL,1.000,clear,0,18.9,139,4.004,0,0,-1.000,-0.80,3.00,0.0469,0.0190
26.560,2.903,1,0.977,1.019,-0.724,0.273,1,0.977,0.977,,GLOBAL,1.000,clear,0,18.9,139,4.026,0,0,-1.000,-0.80,3.00,0.0451,0.0170
26.578,2.914,1,0.900,0.943,-0.745,0.301,1,0.900,0.900,,GLOBAL,1.000,clear,0,18.9,139,4.044,0,0,-1.000,-1.16,3.00,0.0365,0.0113
26.598,2.914,1,0.888,0.859,-0.771,0.267,1,0.888,0.888,,GLOBAL,1.000,clear,0,18.9,139,4.064,0,0,-1.000,-2.31,3.00,0.0304,0.0047
26.622,2.917,1,0.888,0.859,-0.771,0.267,1,0.888,0.888,,GLOBAL,1.000,clear,0,18.9,139,4.088,0,0,-1.000,-2.40,3.05,0.0338,0.0290
26.638,2.928,1,0.815,0.795,-0.779,0.298,1,0.815,0.815,,GLOBAL,1.000,clear,0,18.9,139,4.104,0,0,-1.000,-2.40,3.05,0.0493,0.0151
26.658,2.936,1,0.730,0.723,-0.776,0.330,1,0.730,0.730,,GLOBAL,1.000,clear,0,18.9,139,4.124,0,0,-1.000,-3.38,3.09,0.0418,0.0098
26.678,2.940,1,0.656,0.645,-0.787,0.362,1,0.656,0.656,,GLOBAL,1.000,clear,0,18.9,139,4.144,0,0,-1.000,-3.98,3.18,0.0382,0.0071
26.698,2.955,1,0.633,0.583,-0.780,0.341,1,0.633,0.633,,GLOBAL,1.000,clear,0,18.9,139,4.164,0,0,-1.000,-3.98,3.18,0.0331,0.0061
26.718,2.970,1,0.633,0.583,-0.780,0.341,1,0.633,0.633,,GLOBAL,1.000,clear,0,18.9,139,4.184,0,0,-1.000,-4.19,3.26,0.0295,0.0260
26.738,2.978,1,0.616,0.493,-0.802,0.326,1,0.616,0.616,,GLOBAL,1.000,clear,0,18.9,139,4.204,0,0,-1.000,-4.69,3.35,0.0496,0.0191
26.762,3.007,1,0.566,0.459,-0.783,0.341,1,0.566,0.566,,GLOBAL,1.000,clear,0,18.9,139,4.228,0,0,-1.000,-4.69,3.35,0.0484,0.0191
26.778,3.033,1,0.503,0.409,-0.788,0.385,1,0.503,0.503,,GLOBAL,1.000,clear,0,18.9,139,4.244,0,0,-1.000,-5.50,3.35,0.0384,0.0081
26.798,3.061,0,,,,,1,0.505,0.505,,GLOBAL,1.000,clear,0,18.9,139,4.264,0,0,-1.000,-5.50,3.35,0.0320,0.0015
26.818,3.097,0,,,,,1,0.505,0.505,,GLOBAL,1.000,clear,0,18.9,139,4.284,0,0,-1.000,-4.94,3.30,0.0288,0.0222
26.838,3.112,0,,,,,0,,,,GLOBAL,1.000,clear,0,18.9,139,4.304,0,0,-1.000,-4.42,3.23,0.0483,0.0191
26.858,3.127,0,,,,,1,0.425,0.425,,GLOBAL,1.000,clear,0,18.9,139,4.324,0,0,-1.000,-4.99,3.21,0.0424,0.0143
26.878,3.152,0,,,,,0,,,,GLOBAL,1.000,clear,0,18.9,139,4.344,0,0,-1.000,-4.99,3.21,0.0386,0.0088
26.898,3.157,0,,,,,0,,,,GLOBAL,1.000,clear,0,18.9,139,4.364,0,0,-1.000,-4.79,3.21,0.0324,0.0049
26.918,3.170,0,,,,,0,,,,GLOBAL,1.000,clear,0,18.9,139,4.384,0,0,-1.000,-4.89,3.21,0.0285,0.0246
26.942,3.172,0,,,,,0,,,,GLOBAL,1.000,clear,0,18.9,139,4.408,0,0,-1.000,-4.89,3.21,0.0531,0.0221
26.958,3.170,0,,,,,0,,,,GLOBAL,1.000,clear,0,18.9,139,4.424,0,0,-1.000,-5.67,3.21,0.0417,0.0119
26.978,3.172,0,,,,,0,,,,GLOBAL,1.000,clear,0,18.9,139,4.444,0,0,-1.000,-4.26,3.21,0.0384,0.0083
26.998,3.174,0,,,,,0,,,,GLOBAL,1.000,clear,0,18.9,139,4.464,0,0,-1.000,-4.26,3.21,0.0317,0.0036
27.018,3.168,0,,,,,0,,,,GLOBAL,1.000,clear,0,18.9,139,4.484,0,0,-1.000,-4.76,3.21,0.0273,0.0236
27.038,3.174,0,,,,,0,,,,GLOBAL,1.000,clear,0,18.9,139,4.504,0,0,-1.000,-4.90,3.21,0.0475,0.0195
27.058,3.168,0,,,,,0,,,,GLOBAL,1.000,clear,0,18.9,139,4.524,0,0,-1.000,-4.90,3.21,0.0421,0.0152
27.078,3.166,0,,,,,0,,,,GLOBAL,1.000,clear,0,18.9,139,4.544,0,0,-1.000,-4.00,3.21,0.0367,0.0090
27.098,3.174,0,,,,,0,,,,GLOBAL,1.000,clear,0,18.9,139,4.564,0,0,-1.000,-3.50,3.21,0.0304,0.0039
27.118,3.166,0,,,,,0,,,,GLOBAL,1.000,clear,0,18.9,139,4.584,0,0,-1.000,-3.50,3.21,0.0268,0.0007
27.138,3.176,0,,,,,0,,,,GLOBAL,1.000,clear,0,18.9,139,4.604,0,0,-1.000,-3.12,3.21,0.0464,0.0202
27.158,3.171,0,,,,,0,,,,GLOBAL,1.000,clear,0,18.9,139,4.624,0,0,-1.000,-2.95,3.21,0.0357,0.0139
27.178,3.170,0,,,,,0,,,,GLOBAL,1.000,clear,0,18.9,139,4.644,0,0,-1.000,-2.95,3.21,0.0364,0.0085
27.199,3.181,0,,,,,0,,,,GLOBAL,1.000,clear,0,18.9,139,4.665,0,0,-1.000,-3.02,3.21,0.0337,0.0061
27.219,3.173,0,,,,,0,,,,GLOBAL,1.000,clear,0,18.9,139,4.685,0,0,-1.000,-3.02,3.21,0.0298,0.0259
27.238,3.175,0,,,,,0,,,,GLOBAL,1.000,clear,0,18.9,139,4.704,0,0,-1.000,-2.97,3.22,0.0484,0.0112
27.258,3.178,0,,,,,0,,,,GLOBAL,1.000,clear,0,18.9,139,4.724,0,0,-1.000,-1.75,3.26,0.0425,0.0111
27.278,3.168,0,,,,,0,,,,GLOBAL,1.000,clear,0,18.9,139,4.744,0,0,-1.000,-1.68,3.34,0.0379,0.0074
27.298,3.179,0,,,,,0,,,,GLOBAL,1.000,clear,0,18.9,139,4.764,0,0,-1.000,-1.68,3.34,0.0332,0.0045
27.320,3.189,0,,,,,0,,,0.871,GLOBAL,1.000,clear,0,18.9,139,4.786,0,0,-1.000,-1.51,3.38,0.0304,0.0261
27.339,3.203,0,,,,,0,,,,GLOBAL,1.000,clear,0,18.9,139,4.805,0,0,-1.000,-1.10,3.45,0.0498,0.0170
27.358,3.210,0,,,,,0,,,,GLOBAL,1.000,clear,0,18.9,139,4.824,0,0,-1.000,-1.10,3.45,0.0436,0.0121
27.378,3.214,0,,,,,0,,,,GLOBAL,1.000,clear,0,18.9,139,4.844,0,0,-1.000,-1.41,3.48,0.0373,0.0040
27.398,3.232,0,,,,,0,,,,GLOBAL,1.000,clear,0,18.9,139,4.864,0,0,-1.000,-1.20,3.55,0.0331,0.0014
27.419,3.253,0,,,,,0,,,,GLOBAL,1.000,clear,0,18.9,139,4.885,0,0,-1.000,-1.20,3.55,0.0286,0.0226
27.438,3.269,0,,,,,0,,,,GLOBAL,1.000,clear,0,18.9,139,4.904,0,0,-1.000,-1.49,3.58,0.0479,0.0159
27.458,3.296,0,,,,,0,,,,GLOBAL,1.000,clear,0,18.9,139,4.924,0,0,-1.000,-1.49,3.58,0.0420,0.0097
27.478,3.320,0,,,,,0,,,,GLOBAL,1.000,clear,0,18.9,139,4.944,0,0,-1.000,-1.46,3.61,0.0366,0.0081
27.498,3.348,0,,,,,0,,,,GLOBAL,1.000,clear,0,18.9,139,4.964,0,0,-1.000,-1.55,3.66,0.0319,0.0280
27.519,3.369,0,,,,,0,,,,GLOBAL,1.000,clear,0,18.9,139,4.985,0,0,-1.000,-1.62,3.72,0.0291,0.0130
27.538,3.390,0,,,,,0,,,,GLOBAL,1.000,clear,0,18.9,139,5.004,0,0,-1.000,-1.62,3.72,0.0478,0.0133
27.558,3.415,1,4.562,4.903,-0.227,0.346,1,4.562,4.562,,GLOBAL,1.000,clear,0,18.9,139,5.024,0,0,-1.000,-1.83,3.74,0.0432,0.0108
27.578,3.446,0,,,,,0,,,,GLOBAL,1.000,clear,0,18.9,139,5.044,0,0,-1.000,-2.33,3.79,0.0380,0.0074
27.598,3.480,0,,,,,0,,,,GLOBAL,1.000,clear,0,18.9,139,5.064,0,0,-1.000,-2.33,3.79,0.0324,0.0273
27.618,3.507,0,,,,,0,,,,GLOBAL,1.000,clear,0,18.9,139,5.084,0,0,-1.000,-2.52,3.83,0.0283,0.0169
27.638,3.542,0,,,,,0,,,,GLOBAL,1.000,clear,0,18.9,139,5.104,0,0,-1.000,-2.33,3.88,0.0488,0.0079
27.659,3.567,0,,,,,0,,,,GLOBAL,1.000,clear,0,18.9,139,5.125,0,0,-1.000,-2.33,3.88,0.0438,0.0097
27.678,3.597,1,5.005,5.236,-0.782,0.289,1,5.005,5.005,,GLOBAL,1.000,clear,0,18.9,139,5.144,0,0,-1.000,-2.80,3.92,0.0368,0.0083
27.698,3.631,0,,,,,0,,,,GLOBAL,1.000,clear,0,18.9,139,5.164,0,0,-1.000,-2.80,3.92,0.0318,0.0026
27.718,3.657,0,,,,,0,,,,AVOID,0.978,avoid_cruise,1,18.9,139,5.184,0,0,-1.000,-2.64,3.97,0.0270,0.0219
27.738,3.686,0,,,,,0,,,,AVOID,0.959,avoid_cruise,1,0.0,139,5.204,0,0,-1.000,-2.55,3.95,0.0472,0.0190
27.758,3.717,0,,,,,0,,,,AVOID,0.934,avoid_cruise,1,0.0,139,5.224,0,0,-1.000,-2.57,3.91,0.0431,0.0076
27.778,3.744,0,,,,,0,,,,AVOID,0.934,avoid_cruise,1,0.0,139,5.244,0,0,-1.000,-2.57,3.91,0.0373,0.0043
27.798,3.771,0,,,,,0,,,,AVOID,0.934,avoid_cruise,1,0.0,139,5.264,0,0,-1.000,-2.70,3.83,0.0331,0.0244
27.818,3.788,0,,,,,0,,,,AVOID,0.934,avoid_cruise,1,0.0,139,5.284,0,0,-1.000,-2.75,3.90,0.0276,0.0175
27.838,3.803,0,,,,,0,,,,GLOBAL,1.000,clear,0,0.0,139,5.304,0,0,-1.000,-2.75,3.90,0.0478,0.0065
27.858,3.814,0,,,,,0,,,,GLOBAL,1.000,clear,0,0.0,139,5.324,0,0,-1.000,-2.77,4.22,0.0433,0.0071
27.878,3.835,0,,,,,0,,,,GLOBAL,1.000,clear,0,0.0,139,5.344,0,0,-1.000,-2.66,4.27,0.0376,0.0046
27.898,3.837,0,,,,,0,,,,GLOBAL,1.000,clear,0,0.0,139,5.364,0,0,-1.000,-2.66,4.27,0.0318,0.0014
27.918,3.855,0,,,,,0,,,,GLOBAL,1.000,clear,0,0.0,139,5.384,0,0,-1.000,-2.54,4.32,0.0282,0.0218
27.938,3.871,0,,,,,0,,,,GLOBAL,1.000,clear,0,0.0,139,5.404,0,0,-1.000,-2.39,4.38,0.0479,0.0151
27.958,3.892,0,,,,,0,,,,GLOBAL,1.000,clear,0,0.0,139,5.424,0,0,-1.000,-2.39,4.38,0.0419,0.0112
27.978,3.916,0,,,,,0,,,,GLOBAL,1.000,clear,0,0.0,139,5.444,0,0,-1.000,-2.37,4.43,0.0381,0.0069
27.998,3.937,0,,,,,0,,,,GLOBAL,1.000,clear,0,0.0,139,5.464,0,0,-1.000,-2.37,4.43,0.0304,0.0268
28.018,3.970,0,,,,,0,,,,GLOBAL,1.000,clear,0,0.0,139,5.484,0,0,-1.000,-2.35,4.49,0.0213,0.0199
28.038,4.008,0,,,,,0,,,,GLOBAL,1.000,clear,0,0.0,139,5.504,0,0,-1.000,-2.40,4.55,0.0411,0.0099
28.060,4.049,0,,,,,0,,,,GLOBAL,1.000,clear,0,0.0,139,5.526,0,0,-1.000,-2.37,4.61,0.0452,0.0134
28.079,4.078,0,,,,,0,,,,GLOBAL,1.000,clear,0,0.0,139,5.545,0,0,-1.000,-2.37,4.61,0.0384,0.0097
28.100,4.124,0,,,,,0,,,,GLOBAL,1.000,clear,0,0.0,139,5.566,0,0,-1.000,-2.36,4.67,0.0345,0.0036
28.120,4.165,0,,,,,0,,,,GLOBAL,1.000,clear,0,0.0,139,5.586,0,0,-1.000,-7.14,4.81,0.0289,0.0238
28.139,4.211,0,,,,,0,,,,GLOBAL,1.000,clear,0,0.0,139,5.605,0,0,-1.000,-7.14,4.81,0.0483,0.0131
28.158,4.238,0,,,,,0,,,,GLOBAL,1.000,clear,0,0.0,139,5.624,0,0,-1.000,-9.05,4.86,0.0424,0.0121
28.178,4.284,0,,,,,0,,,,GLOBAL,1.000,clear,0,0.0,139,5.644,0,0,-1.000,-7.66,4.83,0.0371,0.0047
28.198,4.325,0,,,,,0,,,,GLOBAL,1.000,clear,0,0.0,139,5.664,0,0,-1.000,-7.66,4.83,0.0323,0.0252
28.220,4.370,0,,,,,0,,,,GLOBAL,1.000,clear,0,0.0,139,5.686,0,0,-1.000,-6.89,4.76,0.0299,0.0207
28.238,4.402,0,,,,,0,,,,GLOBAL,1.000,clear,0,0.0,139,5.704,0,0,-1.000,-6.39,4.73,0.0474,0.0147
28.258,4.443,0,,,,,0,,,,GLOBAL,1.000,clear,0,0.0,139,5.724,0,0,-1.000,-6.39,4.73,0.0417,0.0067
28.278,4.483,0,,,,,0,,,,GLOBAL,1.000,clear,0,0.0,139,5.744,0,0,-1.000,-6.41,4.68,0.0366,0.0075
28.298,4.512,0,,,,,0,,,,GLOBAL,1.000,clear,0,0.0,139,5.764,0,0,-1.000,-5.28,4.65,0.0323,0.0026
28.319,4.539,0,,,,,0,,,,GLOBAL,1.000,clear,0,0.0,139,5.785,0,0,-1.000,-5.28,4.65,0.0285,0.0233
28.338,4.559,0,,,,,0,,,,GLOBAL,1.000,clear,0,0.0,139,5.804,0,0,-1.000,-4.67,4.60,0.0477,0.0167
28.358,4.571,0,,,,,0,,,,GLOBAL,1.000,clear,0,0.0,139,5.824,0,0,-1.000,-3.80,4.58,0.0421,0.0146
28.380,4.573,1,0.795,0.663,-0.916,0.336,1,0.795,0.795,,GLOBAL,1.000,clear,0,0.0,139,5.846,0,0,-1.000,-3.80,4.58,0.0398,0.0096
28.398,4.572,1,0.758,0.623,-0.909,0.344,1,0.758,0.758,,GLOBAL,1.000,clear,0,0.0,139,5.864,0,0,-1.000,-3.44,4.55,0.0318,0.0022
28.418,4.561,1,0.758,0.623,-0.909,0.344,1,0.758,0.758,,AVOID,0.982,avoid_cruise,1,0.0,139,5.884,0,0,-1.000,-2.94,4.43,0.0265,0.0221
28.439,4.556,1,0.714,0.531,-0.899,0.331,1,0.714,0.714,,AVOID,0.969,avoid_cruise,1,0.0,139,5.905,0,0,-1.000,-2.94,4.43,0.0476,0.0174
28.458,4.541,1,0.591,0.467,-0.890,0.413,1,0.591,0.591,,AVOID,0.956,avoid_cruise,1,0.0,139,5.924,0,0,-1.000,-2.40,4.34,0.0419,0.0134
28.478,4.517,1,0.568,0.388,-0.870,0.384,1,0.568,0.568,,AVOID,0.949,avoid_cruise,1,0.0,19,0.015,1,0,-1.000,4.59,4.25,0.0365,0.0093
28.498,4.478,1,0.568,0.388,-0.870,0.384,1,0.568,0.568,,AVOID,0.949,avoid_cruise,1,0.0,20,0.015,1,0,-1.000,4.59,4.25,0.0568,0.0296
28.520,4.431,1,0.581,0.311,-0.875,0.348,1,0.581,0.581,,AVOID,0.945,avoid_cruise,1,0.0,55,0.007,1,0,-1.000,3.35,4.16,0.0543,0.0200
28.540,4.379,0,,,,,1,0.558,0.558,,AVOID,0.935,avoid_cruise,1,0.0,55,0.027,1,0,-1.000,3.35,4.16,0.0487,0.0163
28.558,4.336,0,,,,,0,,,,AVOID,0.927,avoid_cruise,1,0.0,51,0.010,1,0,-1.000,0.12,4.13,0.0411,0.0083
28.581,4.279,0,,,,,0,,,,AVOID,0.927,avoid_cruise,1,0.0,177,0.001,1,0,-1.000,1.22,4.06,0.0390,0.0313
28.598,4.236,0,,,,,0,,,,AVOID,0.911,avoid_cruise,1,0.0,177,0.003,1,0,-1.000,-0.75,3.97,0.0308,0.0004
28.624,4.214,0,,,,,0,,,7.903,AVOID,0.912,avoid_cruise,1,0.0,177,0.002,1,0,-1.000,-0.75,3.97,0.0567,0.0264
28.645,4.194,0,,,,,0,,,7.903,AVOID,0.904,avoid_cruise,1,3.9,177,0.002,1,0,-1.000,-0.75,3.97,0.0538,0.0477
28.665,4.168,0,,,,,0,,,,AVOID,0.896,avoid_cruise,1,1.2,177,0.001,1,0,-1.000,-0.03,3.90,0.0476,0.0189
28.678,4.133,0,,,,,0,,,,AVOID,0.875,avoid_cruise,1,2.8,177,0.014,1,0,-1.000,0.09,3.89,0.0345,0.0010
28.700,4.093,0,,,,,0,,,,AVOID,0.875,avoid_cruise,1,2.8,177,0.001,1,0,-1.000,0.09,3.89,0.0561,0.0226
28.721,4.056,0,,,,,0,,,,REJOIN,0.871,avoid_cruise,1,0.8,177,0.002,1,0,-1.000,0.08,3.86,0.0494,0.0213
28.739,4.020,0,,,,,0,,,,REJOIN,0.859,avoid_cruise,1,0.2,177,0.001,1,0,-1.000,0.17,3.80,0.0429,0.0160
28.768,3.982,0,,,,,0,,,,REJOIN,0.846,avoid_cruise,1,0.1,177,0.001,1,0,-1.000,0.17,3.80,0.0526,0.0134
28.784,3.943,0,,,,,0,,,,REJOIN,0.846,avoid_cruise,1,0.0,177,0.017,1,0,-1.000,0.17,3.80,0.0363,0.0141
28.798,3.910,0,,,,,0,,,,REJOIN,0.846,avoid_cruise,1,0.0,177,0.031,1,0,-1.000,0.31,3.72,0.0267,0.0042
28.818,3.870,0,,,,,0,,,,REJOIN,0.846,avoid_cruise,1,0.0,177,0.051,1,0,-1.000,0.31,3.72,0.0224,0.0239
28.838,3.846,0,,,,,0,,,,REJOIN,0.846,avoid_cruise,1,0.0,177,0.071,1,0,-1.000,0.43,3.68,0.0427,0.0170
28.866,3.806,0,,,,,0,,,,REJOIN,0.783,avoid_cruise,1,0.0,177,0.001,1,0,-1.000,0.43,3.68,0.0459,0.0233
28.886,3.774,0,,,,,0,,,,REJOIN,0.784,avoid_cruise,1,0.0,177,0.002,1,0,-1.000,0.43,3.68,0.0413,0.0183
28.898,3.742,0,,,,,0,,,,REJOIN,0.780,avoid_cruise,1,0.0,177,0.013,1,0,-1.000,0.32,3.62,0.0277,0.0013
28.919,3.718,0,,,,,0,,,,REJOIN,0.780,avoid_cruise,1,0.0,177,0.007,1,0,-1.000,0.32,3.62,0.0495,0.0230
28.953,3.685,0,,,,,0,,,,REJOIN,0.766,avoid_cruise,1,0.0,177,0.002,1,0,-1.000,0.39,3.56,0.0521,0.0310
28.971,3.655,0,,,,,0,,,,REJOIN,0.753,avoid_cruise,1,0.0,177,0.002,1,0,-1.000,0.39,3.56,0.0504,0.0171
28.988,3.633,0,,,,,0,,,,REJOIN,0.743,avoid_cruise,1,0.0,177,0.001,1,0,-1.000,0.49,3.29,0.0415,0.0346
28.998,3.601,0,,,,,0,,,,REJOIN,0.743,avoid_cruise,1,0.0,177,0.011,1,0,-1.000,0.49,3.29,0.0320,0.0005
29.020,3.584,0,,,,,0,,,,REJOIN,0.722,avoid_cruise,1,0.0,177,0.001,1,0,-1.000,0.60,3.28,0.0545,0.0231
29.042,3.549,0,,,,,0,,,,REJOIN,0.726,avoid_cruise,1,0.0,177,0.001,1,0,-1.000,0.60,3.28,0.0519,0.0214
29.064,3.514,0,,,,,0,,,,REJOIN,0.729,avoid_cruise,1,0.0,177,0.001,1,0,-1.000,0.70,3.27,0.0482,0.0169
29.090,3.476,0,,,,,0,,,,REJOIN,0.736,avoid_cruise,1,0.0,177,0.001,1,0,-1.000,0.70,3.27,0.0498,0.0200
29.099,3.430,0,,,,,0,,,,REJOIN,0.740,avoid_cruise,1,0.0,177,0.010,1,0,-1.000,0.80,3.21,0.0332,0.0016
29.122,3.389,0,,,,,0,,,,REJOIN,0.740,avoid_cruise,1,0.0,177,0.008,1,0,-1.000,0.63,3.14,0.0299,0.0251
29.141,3.341,0,,,,,0,,,,REJOIN,0.743,avoid_cruise,1,0.0,177,0.001,1,0,-1.000,0.63,3.14,0.0485,0.0160
29.173,3.303,0,,,,,0,,,,REJOIN,0.750,avoid_cruise,1,0.0,177,0.001,1,0,-1.000,0.69,3.10,0.0565,0.0229
29.178,3.257,0,,,,,0,,,,REJOIN,0.754,avoid_cruise,1,0.0,177,0.007,1,0,-1.000,1.24,3.01,0.0370,0.0052
29.198,3.215,0,,,,,0,,,,REJOIN,0.758,avoid_cruise,1,0.0,177,0.005,1,0,-1.000,1.24,3.01,0.0323,0.0010
29.218,3.175,0,,,,,0,,,,REJOIN,0.758,avoid_cruise,1,0.0,177,0.005,1,0,-1.000,-0.16,3.01,0.0278,0.0207
29.253,3.131,0,,,,,0,,,,REJOIN,0.762,avoid_cruise,1,0.0,177,0.002,1,0,-1.000,-0.16,3.01,0.0630,0.0313
29.271,3.083,0,,,,,0,,,,REJOIN,0.769,avoid_cruise,1,0.0,177,0.001,1,0,-1.000,-0.33,3.00,0.0557,0.0175
29.278,3.054,0,,,,,0,,,,REJOIN,0.769,avoid_cruise,1,0.0,177,0.008,1,0,-1.000,0.21,3.00,0.0383,0.0062
29.299,3.017,0,,,,,0,,,,REJOIN,0.769,avoid_cruise,1,0.0,177,0.029,1,0,-1.000,0.21,3.00,0.0333,0.0007
29.318,2.991,0,,,,,0,,,,GLOBAL,0.851,clear,0,0.0,177,0.048,0,0,-1.000,0.38,2.97,0.0527,0.0201
29.338,2.969,0,,,,,0,,,,GLOBAL,0.851,clear,0,0.0,177,0.068,0,0,-1.000,0.24,2.96,0.0486,0.0111
29.358,2.956,0,,,,,0,,,,GLOBAL,0.887,clear,0,0.0,177,0.088,0,0,-1.000,0.32,2.98,0.0383,0.0118
29.378,2.932,0,,,,,0,,,,GLOBAL,0.911,clear,0,0.0,177,0.108,0,0,-1.000,0.49,2.97,0.0383,0.0052
29.398,2.908,0,,,,,0,,,,GLOBAL,0.961,clear,0,0.0,177,0.128,0,0,-1.000,0.49,2.97,0.0328,0.0014
29.421,2.907,0,,,,,0,,,,GLOBAL,0.961,clear,0,0.0,177,0.152,0,0,-1.000,0.62,2.97,0.0561,0.0247
29.438,2.911,0,,,,,0,,,,GLOBAL,1.000,clear,0,0.0,177,0.168,0,0,-1.000,-1.30,3.41,0.0473,0.0115
29.461,2.914,1,0.598,0.300,0.712,0.175,1,0.598,0.598,,GLOBAL,1.000,clear,0,0.0,177,0.191,0,0,-1.000,-1.30,3.41,0.0426,0.0094
29.478,2.917,0,,,,,1,0.619,0.619,,GLOBAL,1.000,clear,0,0.0,177,0.208,0,0,-1.000,2.92,3.65,0.0370,0.0066
29.498,2.935,0,,,,,1,0.619,0.619,,GLOBAL,1.000,clear,0,0.0,177,0.229,0,0,-1.000,6.44,3.48,0.0334,0.0273
29.518,2.976,0,,,,,0,,,,GLOBAL,1.000,clear,0,0.0,177,0.248,0,0,-1.000,6.44,3.48,0.0267,0.0162
29.538,3.017,0,,,,,0,,,,GLOBAL,1.000,clear,0,0.0,177,0.268,0,0,-1.000,10.42,3.34,0.0469,0.0103
29.558,2.988,0,,,,,0,,,,GLOBAL,1.000,clear,0,0.0,177,0.288,0,0,-1.000,14.52,3.17,0.0431,0.0099
29.578,2.969,0,,,,,0,,,,GLOBAL,1.000,clear,0,0.0,177,0.309,0,0,-1.000,14.52,3.17,0.0379,0.0078
29.599,2.964,0,,,,,0,,,,GLOBAL,1.000,clear,0,0.0,177,0.329,0,0,-1.000,13.73,3.10,0.0345,0.0029
29.618,2.961,0,,,,,0,,,,GLOBAL,1.000,clear,0,0.0,177,0.349,0,0,-1.000,13.36,3.07,0.0540,0.0224
29.638,2.967,0,,,,,0,,,,GLOBAL,1.000,clear,0,0.0,177,0.369,0,0,-1.000,13.36,3.07,0.0458,0.0148
29.658,2.967,0,,,,,0,,,,GLOBAL,1.000,clear,0,0.0,177,0.388,0,0,-1.000,12.28,3.05,0.0389,0.0090
29.678,2.970,0,,,,,0,,,,GLOBAL,1.000,clear,0,0.0,177,0.408,0,0,-1.000,12.84,3.02,0.0381,0.0079
29.698,2.954,0,,,,,0,,,,GLOBAL,1.000,clear,0,0.0,177,0.428,0,0,-1.000,12.84,3.02,0.0320,0.0029
29.718,2.943,0,,,,,0,,,,GLOBAL,1.000,clear,0,0.0,177,0.448,0,0,-1.000,12.40,3.00,0.0280,0.0227
29.738,2.926,0,,,,,0,,,,GLOBAL,1.000,clear,0,0.0,177,0.468,0,0,-1.000,11.80,3.00,0.0482,0.0119
29.758,2.902,0,,,,,0,,,,GLOBAL,1.000,clear,0,0.0,177,0.488,0,0,-1.000,11.80,3.00,0.0427,0.0124
29.778,2.896,0,,,,,0,,,,GLOBAL,1.000,clear,0,0.0,177,0.508,0,0,-1.000,10.92,3.00,0.0386,0.0076
29.798,2.888,0,,,,,0,,,,GLOBAL,1.000,clear,0,0.0,177,0.528,0,0,-1.000,10.39,3.00,0.0322,0.0007
29.818,2.880,0,,,,,0,,,,GLOBAL,1.000,clear,0,0.0,177,0.548,0,0,-1.000,10.39,3.00,0.0281,0.0208
29.840,2.885,0,,,,,0,,,,GLOBAL,1.000,clear,0,0.0,177,0.570,0,0,-1.000,9.78,3.00,0.0503,0.0192
29.861,2.876,0,,,,,0,,,,GLOBAL,1.000,clear,0,0.0,177,0.591,0,0,-1.000,9.78,3.00,0.0461,0.0138
29.880,2.875,0,,,,,0,,,,GLOBAL,1.000,clear,0,0.0,177,0.610,0,0,-1.000,8.87,3.00,0.0410,0.0078
29.898,2.878,0,,,,,0,,,,GLOBAL,1.000,clear,0,0.0,177,0.628,0,0,-1.000,8.71,3.00,0.0316,0.0006
29.920,2.867,0,,,,,0,,,,GLOBAL,1.000,clear,0,0.0,177,0.651,0,0,-1.000,8.46,3.00,0.0541,0.0231
29.938,2.859,0,,,,,0,,,,GLOBAL,1.000,clear,0,0.0,177,0.668,0,0,-1.000,8.46,3.00,0.0492,0.0126
29.958,2.855,0,,,,,0,,,,GLOBAL,1.000,clear,0,0.0,177,0.688,0,0,-1.000,7.77,3.00,0.0405,0.0116
29.978,2.849,0,,,,,0,,,,GLOBAL,1.000,clear,0,0.0,177,0.708,0,0,-1.000,7.51,3.00,0.0373,0.0081
29.998,2.846,0,,,,,0,,,,GLOBAL,1.000,clear,0,0.0,177,0.728,0,0,-1.000,7.51,3.00,0.0326,0.0044
30.018,2.848,0,,,,,0,,,,GLOBAL,1.000,clear,0,0.0,177,0.748,0,0,-1.000,6.56,3.00,0.0276,0.0244
30.038,2.855,0,,,,,0,,,,GLOBAL,1.000,clear,0,0.0,177,0.769,0,0,-1.000,7.21,3.00,0.0481,0.0190
30.058,2.842,0,,,,,0,,,,GLOBAL,1.000,clear,0,0.0,177,0.788,0,0,-1.000,7.21,3.00,0.0422,0.0108
30.078,2.838,0,,,,,0,,,,GLOBAL,1.000,clear,0,0.0,177,0.808,0,0,-1.000,7.66,3.00,0.0377,0.0067
30.098,2.849,0,,,,,0,,,,GLOBAL,1.000,clear,0,0.0,177,0.828,0,0,-1.000,5.61,3.00,0.0338,0.0023
30.118,2.837,0,,,,,0,,,,GLOBAL,1.000,clear,0,0.0,177,0.848,0,0,-1.000,5.61,3.00,0.0280,0.0222
30.138,2.840,0,,,,,0,,,,GLOBAL,1.000,clear,0,0.0,177,0.868,0,0,-1.000,6.31,3.00,0.0482,0.0158
30.158,2.851,0,,,,,0,,,,GLOBAL,1.000,clear,0,0.0,177,0.888,0,0,-1.000,6.84,3.00,0.0440,0.0147
30.178,2.832,0,,,,,0,,,,GLOBAL,1.000,clear,0,0.0,177,0.908,0,0,-1.000,6.84,3.00,0.0381,0.0104
30.198,2.830,0,,,,,0,,,,GLOBAL,1.000,clear,0,0.0,177,0.928,0,0,-1.000,5.92,3.00,0.0333,0.0015
30.218,2.843,0,,,,,0,,,,GLOBAL,1.000,clear,0,0.0,177,0.948,0,0,-1.000,6.44,3.00,0.0282,0.0215
30.238,2.827,0,,,,,0,,,,GLOBAL,1.000,clear,0,0.0,177,0.968,0,0,-1.000,6.44,3.00,0.0485,0.0164
30.258,2.837,0,,,,,0,,,,GLOBAL,1.000,clear,0,0.0,177,0.988,0,0,-1.000,6.38,3.00,0.0438,0.0092
30.278,2.844,0,,,,,0,,,,GLOBAL,1.000,clear,0,0.0,177,1.008,0,0,-1.000,6.92,3.00,0.0386,0.0079
30.298,2.834,0,,,,,0,,,,GLOBAL,1.000,clear,0,0.0,177,1.028,0,0,-1.000,6.92,3.00,0.0327,0.0278
30.318,2.838,0,,,,,0,,,,GLOBAL,1.000,clear,0,0.0,177,1.048,0,0,-1.000,9.08,3.00,0.0284,0.0177
30.338,2.851,0,,,,,0,,,,GLOBAL,1.000,clear,0,0.0,177,1.068,0,0,-1.000,8.30,3.00,0.0485,0.0143
30.358,2.842,0,,,,,0,,,,GLOBAL,1.000,clear,0,0.0,177,1.088,0,0,-1.000,8.30,3.00,0.0427,0.0131
30.378,2.850,0,,,,,0,,,,GLOBAL,1.000,clear,0,0.0,177,1.108,0,0,-1.000,10.65,3.00,0.0391,0.0083
30.398,2.859,0,,,,,0,,,,GLOBAL,1.000,clear,0,0.0,177,1.129,0,0,-1.000,10.54,3.00,0.0320,0.0058
30.418,2.848,0,,,,,0,,,,GLOBAL,1.000,clear,0,0.0,177,1.148,0,0,-1.000,10.54,3.00,0.0288,0.0252
30.440,2.853,0,,,,,0,,,,GLOBAL,1.000,clear,0,0.0,177,1.170,0,0,-1.000,12.13,3.00,0.0506,0.0183
30.458,2.861,0,,,,,0,,,,GLOBAL,1.000,clear,0,0.0,177,1.188,0,0,-1.000,12.04,3.00,0.0421,0.0120
30.478,2.852,0,,,,,0,,,,GLOBAL,1.000,clear,0,0.0,177,1.208,0,0,-1.000,12.04,3.00,0.0383,0.0070
30.498,2.862,0,,,,,0,,,,GLOBAL,1.000,clear,0,0.0,177,1.228,0,0,-1.000,14.14,3.00,0.0316,0.0005
30.519,2.868,0,,,,,0,,,,GLOBAL,1.000,clear,0,0.0,177,1.249,0,0,-1.000,14.02,3.00,0.0283,0.0213
30.538,2.853,0,,,,,0,,,,GLOBAL,1.000,clear,0,0.0,177,1.268,0,0,-1.000,14.02,3.00,0.0475,0.0173
30.559,2.861,0,,,,,0,,,,GLOBAL,1.000,clear,0,0.0,177,1.289,0,0,-1.000,14.75,3.00,0.0431,0.0135
30.578,2.864,0,,,,,0,,,,GLOBAL,1.000,clear,0,0.0,177,1.308,0,0,-1.000,13.04,3.00,0.0394,0.0068
30.598,2.850,0,,,,,0,,,,GLOBAL,1.000,clear,0,0.0,177,1.328,0,0,-1.000,13.04,3.00,0.0335,0.0009
30.618,2.861,0,,,,,0,,,,GLOBAL,1.000,clear,0,0.0,177,1.348,0,0,-1.000,14.75,3.00,0.0279,0.0211
30.638,2.863,0,,,,,0,,,,GLOBAL,1.000,clear,0,0.0,177,1.368,0,0,-1.000,13.70,3.00,0.0478,0.0123
30.658,2.845,0,,,,,0,,,,GLOBAL,1.000,clear,0,0.0,177,1.388,0,0,-1.000,13.70,3.00,0.0420,0.0123
30.678,2.854,0,,,,,0,,,,GLOBAL,1.000,clear,0,0.0,177,1.409,0,0,-1.000,13.72,3.00,0.0382,0.0067
30.698,2.853,0,,,,,0,,,,GLOBAL,1.000,clear,0,0.0,177,1.428,0,0,-1.000,13.53,3.00,0.0319,0.0006
30.718,2.836,0,,,,,0,,,,GLOBAL,1.000,clear,0,0.0,177,1.448,0,0,-1.000,13.53,3.00,0.0281,0.0208
30.738,2.845,0,,,,,0,,,,GLOBAL,1.000,clear,0,0.0,177,1.468,0,0,-1.000,12.60,3.00,0.0481,0.0154
30.758,2.846,0,,,,,0,,,,GLOBAL,1.000,clear,0,0.0,177,1.488,0,0,-1.000,11.81,3.00,0.0423,0.0145
30.778,2.829,1,4.571,4.786,0.614,0.254,1,4.571,4.571,,GLOBAL,1.000,clear,0,0.0,177,1.508,0,0,-1.000,11.81,3.00,0.0384,0.0099
30.798,2.841,1,4.709,4.864,0.533,0.184,1,4.709,4.709,,GLOBAL,1.000,clear,0,0.0,177,1.528,0,0,-1.000,10.92,3.00,0.0323,0.0021
30.818,2.833,1,4.709,4.864,0.533,0.184,1,4.709,4.709,,GLOBAL,1.000,clear,0,0.0,177,1.548,0,0,-1.000,10.41,3.00,0.0287,0.0221
30.838,2.830,0,,,,,0,,,4.526,GLOBAL,1.000,clear,0,0.0,177,1.568,0,0,-1.000,10.41,3.00,0.0484,0.0189
30.858,2.832,1,4.337,4.622,0.054,0.285,1,4.337,4.337,,GLOBAL,1.000,clear,0,0.0,177,1.588,0,0,-1.000,9.48,3.00,0.0419,0.0141
30.878,2.826,1,4.316,4.579,-0.122,0.265,1,4.316,4.316,,GLOBAL,1.000,clear,0,0.0,177,1.608,0,0,-1.000,8.42,3.00,0.0378,0.0102
30.898,2.825,0,,,,,0,,,4.130,GLOBAL,1.000,clear,0,0.0,177,1.628,0,0,-1.000,8.42,3.00,0.0329,0.0051
30.919,2.830,0,,,,,0,,,4.130,GLOBAL,1.000,clear,0,0.0,177,1.650,0,0,-1.000,8.73,3.00,0.0303,0.0266
30.938,2.814,0,,,,,0,,,4.124,GLOBAL,1.000,clear,0,0.0,177,1.668,0,0,-1.000,9.08,3.00,0.0491,0.0183
30.958,2.822,1,4.011,4.274,-0.679,0.316,1,4.011,4.011,,GLOBAL,1.000,clear,0,0.0,177,1.689,0,0,-1.000,9.08,3.00,0.0423,0.0149
30.978,2.826,0,,,,,0,,,,GLOBAL,1.000,clear,0,0.0,177,1.708,0,0,-1.000,9.12,3.00,0.0382,0.0085
30.998,2.811,0,,,,,0,,,,GLOBAL,1.000,clear,0,0.0,177,1.729,0,0,-1.000,9.54,3.00,0.0327,0.0043
31.018,2.817,0,,,,,0,,,,GLOBAL,1.000,clear,0,0.0,177,1.748,0,0,-1.000,9.54,3.00,0.0291,0.0237
31.038,2.824,0,,,,,0,,,,GLOBAL,1.000,clear,0,0.0,177,1.768,0,0,-1.000,8.57,3.00,0.0492,0.0169
31.059,2.814,0,,,,,0,,,4.022,GLOBAL,1.000,clear,0,0.0,177,1.789,0,0,-1.000,8.37,3.00,0.0442,0.0128
31.078,2.826,0,,,,,0,,,3.735,GLOBAL,1.000,clear,0,0.0,177,1.808,0,0,-1.000,8.37,3.00,0.0379,0.0059
31.098,2.830,0,,,,,0,,,,GLOBAL,1.000,clear,0,0.0,177,1.828,0,0,-1.000,8.36,3.00,0.0319,0.0031
31.118,2.823,0,,,,,0,,,,GLOBAL,1.000,clear,0,0.0,177,1.848,0,0,-1.000,8.70,3.00,0.0278,0.0232
31.138,2.833,0,,,,,0,,,,GLOBAL,1.000,clear,0,0.0,177,1.868,0,0,-1.000,8.70,3.00,0.0480,0.0163
31.158,2.837,0,,,,,0,,,,GLOBAL,1.000,clear,0,0.0,177,1.888,0,0,-1.000,8.67,3.00,0.0423,0.0113
31.178,2.836,0,,,,,0,,,,GLOBAL,1.000,clear,0,0.0,177,1.908,0,0,-1.000,8.61,3.00,0.0353,0.0107
31.198,2.845,0,,,,,0,,,,GLOBAL,1.000,clear,0,0.0,177,1.928,0,0,-1.000,8.61,3.00,0.0325,0.0017
31.218,2.846,0,,,,,0,,,,GLOBAL,1.000,clear,0,0.0,177,1.948,0,0,-1.000,8.77,3.00,0.0264,0.0006
31.238,2.844,0,,,,,0,,,,GLOBAL,1.000,clear,0,0.0,177,1.968,0,0,-1.000,8.67,3.00,0.0465,0.0207
31.260,2.850,0,,,,,0,,,,GLOBAL,1.000,clear,0,0.0,177,1.990,0,0,-1.000,8.67,3.00,0.0448,0.0167
31.278,2.848,0,,,,,0,,,,GLOBAL,1.000,clear,0,0.0,177,2.008,0,0,-1.000,8.68,3.00,0.0368,0.0103
31.298,2.858,0,,,,,0,,,,GLOBAL,1.000,clear,0,0.0,177,2.028,0,0,-1.000,8.53,3.00,0.0292,0.0023
31.318,2.858,0,,,,,0,,,,GLOBAL,1.000,clear,0,0.0,177,2.048,0,0,-1.000,8.53,3.00,0.0228,0.0222
31.338,2.858,0,,,,,0,,,,GLOBAL,1.000,clear,0,0.0,177,2.068,0,0,-1.000,8.35,3.00,0.0430,0.0145
31.359,2.858,0,,,,,0,,,,GLOBAL,1.000,clear,0,0.0,177,2.090,0,0,-1.000,8.35,3.00,0.0382,0.0142
31.378,2.856,0,,,,,0,,,,GLOBAL,1.000,clear,0,0.0,177,2.108,0,0,-1.000,8.44,3.00,0.0365,0.0081
31.398,2.857,0,,,,,0,,,,GLOBAL,1.000,clear,0,0.0,177,2.128,0,0,-1.000,7.58,3.00,0.0302,0.0052
31.422,2.870,0,,,,,0,,,,GLOBAL,1.000,clear,0,0.0,177,2.152,0,0,-1.000,8.67,3.00,0.0330,0.0294
31.439,2.860,0,,,,,0,,,,GLOBAL,1.000,clear,0,0.0,177,2.169,0,0,-1.000,8.67,3.00,0.0502,0.0118
31.458,2.863,0,,,,,0,,,,GLOBAL,1.000,clear,0,0.0,177,2.188,0,0,-1.000,8.28,3.00,0.0419,0.0127
31.478,2.866,0,,,,,0,,,,GLOBAL,1.000,clear,0,0.0,177,2.208,0,0,-1.000,8.28,3.00,0.0369,0.0094
31.498,2.856,0,,,,,0,,,,GLOBAL,1.000,clear,0,0.0,177,2.228,0,0,-1.000,8.17,3.00,0.0304,0.0049
31.518,2.860,0,,,,,0,,,,GLOBAL,1.000,clear,0,0.0,177,2.248,0,0,-1.000,9.68,3.00,0.0276,0.0254
31.538,2.876,0,,,,,0,,,,GLOBAL,1.000,clear,0,0.0,177,2.268,0,0,-1.000,10.12,3.00,0.0474,0.0165
31.558,2.859,0,,,,,0,,,,GLOBAL,1.000,clear,0,0.0,177,2.288,0,0,-1.000,10.12,3.00,0.0405,0.0163
31.578,2.866,0,,,,,0,,,,GLOBAL,1.000,clear,0,0.0,177,2.308,0,0,-1.000,9.49,3.00,0.0375,0.0101
31.598,2.870,0,,,,,0,,,,GLOBAL,1.000,clear,0,0.0,177,2.329,0,0,-1.000,9.23,3.00,0.0293,0.0050
31.618,2.853,0,,,,,0,,,,GLOBAL,1.000,clear,0,0.0,177,2.348,0,0,-1.000,9.23,3.00,0.0263,0.0243
31.638,2.863,0,,,,,0,,,,GLOBAL,1.000,clear,0,0.0,177,2.368,0,0,-1.000,9.40,3.00,0.0466,0.0193
31.658,2.880,0,,,,,0,,,,GLOBAL,1.000,clear,0,0.0,177,2.388,0,0,-1.000,8.58,3.00,0.0419,0.0121
31.678,2.858,0,,,,,0,,,,GLOBAL,1.000,clear,0,0.0,177,2.408,0,0,-1.000,8.58,3.00,0.0360,0.0085
31.698,2.868,0,,,,,0,,,,GLOBAL,1.000,clear,0,0.0,177,2.428,0,0,-1.000,8.98,3.00,0.0326,0.0036
31.718,2.872,0,,,,,0,,,,GLOBAL,1.000,clear,0,0.0,177,2.449,0,0,-1.000,8.29,3.00,0.0256,0.0005
31.738,2.851,0,,,,,0,,,,GLOBAL,1.000,clear,0,0.0,177,2.468,0,0,-1.000,8.29,3.00,0.0451,0.0200
31.758,2.869,0,,,,,0,,,,GLOBAL,1.000,clear,0,0.0,177,2.488,0,0,-1.000,8.30,3.00,0.0392,0.0152
31.778,2.880,0,,,,,0,,,,GLOBAL,1.000,clear,0,0.0,177,2.508,0,0,-1.000,8.30,3.00,0.0363,0.0068
31.798,2.859,0,,,,,0,,,,GLOBAL,1.000,clear,0,0.0,177,2.528,0,0,-1.000,3.51,3.00,0.0302,0.0005
31.818,2.876,0,,,,,0,,,,GLOBAL,1.000,clear,0,0.0,177,2.548,0,0,-1.000,-1.12,3.00,0.0256,0.0203
31.838,2.873,0,,,,,0,,,,GLOBAL,1.000,clear,0,0.0,177,2.569,0,0,-1.000,0.57,3.00,0.0459,0.0167
31.858,2.852,0,,,,,0,,,,GLOBAL,1.000,clear,0,0.0,177,2.589,0,0,-1.000,0.57,3.00,0.0396,0.0160
31.878,2.876,0,,,,,0,,,,GLOBAL,1.000,clear,0,0.0,177,2.609,0,0,-1.000,1.45,3.00,0.0352,0.0098
31.898,2.874,0,,,,,0,,,,GLOBAL,1.000,clear,0,0.0,177,2.629,0,0,-1.000,1.89,3.00,0.0320,0.0058
31.918,2.862,0,,,,,0,,,,GLOBAL,1.000,clear,0,0.0,177,2.648,0,0,-1.000,1.89,3.00,0.0515,0.0254
31.938,2.875,0,,,,,0,,,,GLOBAL,1.000,clear,0,0.0,177,2.668,0,0,-1.000,1.95,3.00,0.0478,0.0145
31.958,2.868,0,,,,,0,,,,GLOBAL,1.000,clear,0,0.0,177,2.688,0,0,-1.000,1.88,3.00,0.0405,0.0142
31.978,2.865,0,,,,,0,,,,GLOBAL,1.000,clear,0,0.0,177,2.708,0,0,-1.000,1.88,3.00,0.0367,0.0073
31.998,2.879,0,,,,,0,,,,GLOBAL,1.000,clear,0,0.0,177,2.728,0,0,-1.000,1.86,3.00,0.0321,0.0018
32.019,2.879,0,,,,,0,,,,GLOBAL,1.000,clear,0,0.0,177,2.750,0,0,-1.000,1.97,3.00,0.0289,0.0231
32.038,2.882,0,,,,,0,,,,GLOBAL,1.000,clear,0,0.0,177,2.768,0,0,-1.000,1.97,3.00,0.0474,0.0166
32.058,2.883,0,,,,,0,,,,GLOBAL,1.000,clear,0,0.0,177,2.788,0,0,-1.000,2.05,3.00,0.0424,0.0133
32.078,2.885,0,,,,,0,,,,GLOBAL,1.000,clear,0,0.0,177,2.808,0,0,-1.000,2.10,3.00,0.0364,0.0091
32.098,2.889,0,,,,,0,,,,GLOBAL,1.000,clear,0,0.0,177,2.828,0,0,-1.000,2.10,3.00,0.0336,0.0031
32.118,2.896,0,,,,,0,,,,GLOBAL,1.000,clear,0,0.0,177,2.848,0,0,-1.000,2.29,3.00,0.0228,0.0230
32.138,2.897,0,,,,,0,,,,GLOBAL,1.000,clear,0,0.0,177,2.868,0,0,-1.000,3.39,3.12,0.0429,0.0166
32.158,2.901,0,,,,,0,,,,GLOBAL,1.000,clear,0,0.0,177,2.888,0,0,-1.000,3.39,3.12,0.0406,0.0147
32.178,2.896,0,,,,,0,,,,GLOBAL,1.000,clear,0,0.0,177,2.908,0,0,-1.000,3.88,3.20,0.0368,0.0083
32.198,2.908,0,,,,,0,,,,GLOBAL,1.000,clear,0,0.0,177,2.928,0,0,-1.000,4.13,3.25,0.0311,0.0050
32.220,2.920,0,,,,,0,,,,GLOBAL,1.000,clear,0,0.0,177,2.951,0,0,-1.000,4.13,3.25,0.0290,0.0274
32.238,2.940,0,,,,,0,,,,GLOBAL,1.000,clear,0,0.0,177,2.968,0,0,-1.000,4.54,3.32,0.0465,0.0162
32.258,2.962,0,,,,,0,,,,GLOBAL,1.000,clear,0,0.0,177,2.988,0,0,-1.000,5.34,3.36,0.0409,0.0145
32.278,2.984,0,,,,,0,,,,GLOBAL,1.000,clear,0,0.0,177,3.008,0,0,-1.000,5.34,3.36,0.0368,0.0079
32.298,3.007,0,,,,,0,,,,GLOBAL,1.000,clear,0,0.0,177,3.028,0,0,-1.000,6.34,3.46,0.0309,0.0013
32.318,3.037,0,,,,,0,,,,GLOBAL,1.000,clear,0,0.0,177,3.048,0,0,-1.000,6.66,3.50,0.0274,0.0214
32.338,3.067,0,,,,,0,,,,GLOBAL,1.000,clear,0,0.0,177,3.068,0,0,-1.000,6.66,3.50,0.0473,0.0166
32.358,3.099,0,,,,,0,,,,GLOBAL,1.000,clear,0,0.0,177,3.088,0,0,-1.000,7.79,3.57,0.0402,0.0121
32.378,3.135,0,,,,,0,,,,GLOBAL,1.000,clear,0,0.0,177,3.109,0,0,-1.000,8.69,3.60,0.0360,0.0098
32.398,3.168,0,,,,,0,,,,GLOBAL,1.000,clear,0,0.0,177,3.128,0,0,-1.000,8.69,3.60,0.0319,0.0018
32.421,3.204,0,,,,,0,,,,GLOBAL,1.000,clear,0,0.0,177,3.151,0,0,-1.000,9.40,3.67,0.0289,0.0250
32.438,3.239,0,,,,,0,,,,GLOBAL,1.000,clear,0,0.0,177,3.169,0,0,-1.000,11.45,3.77,0.0462,0.0168
32.458,3.273,0,,,,,0,,,,GLOBAL,1.000,clear,0,0.0,177,3.188,0,0,-1.000,11.45,3.77,0.0418,0.0105
32.478,3.310,0,,,,,0,,,,GLOBAL,1.000,clear,0,0.0,177,3.209,0,0,-1.000,12.13,3.83,0.0365,0.0100
32.498,3.352,0,,,,,0,,,,GLOBAL,1.000,clear,0,0.0,177,3.228,0,0,-1.000,11.90,3.86,0.0324,0.0041
32.518,3.388,0,,,,,0,,,,GLOBAL,1.000,clear,0,0.0,177,3.248,0,0,-1.000,11.90,3.86,0.0278,0.0242
32.538,3.439,0,,,,,0,,,,GLOBAL,1.000,clear,0,0.0,177,3.268,0,0,-1.000,11.40,3.92,0.0478,0.0192
32.558,3.480,0,,,,,0,,,,GLOBAL,1.000,clear,0,0.0,177,3.288,0,0,-1.000,12.26,3.98,0.0418,0.0132
32.578,3.517,0,,,,,0,,,,GLOBAL,1.000,clear,0,0.0,177,3.308,0,0,-1.000,12.26,3.98,0.0377,0.0075
32.598,3.563,0,,,,,0,,,,GLOBAL,1.000,clear,0,0.0,177,3.328,0,0,-1.000,10.96,4.04,0.0314,0.0047
32.618,3.601,0,,,,,0,,,,GLOBAL,1.000,clear,0,0.0,177,3.349,0,0,-1.000,10.46,4.09,0.0286,0.0249
32.638,3.652,0,,,,,0,,,,GLOBAL,1.000,clear,0,0.0,177,3.368,0,0,-1.000,10.46,4.09,0.0482,0.0170
32.658,3.673,0,,,,,0,,,,GLOBAL,1.000,clear,0,0.0,177,3.388,0,0,-1.000,9.39,4.15,0.0420,0.0100
32.678,3.725,0,,,,,0,,,,GLOBAL,1.000,clear,0,0.0,177,3.408,0,0,-1.000,8.15,4.23,0.0366,0.0071
32.701,3.745,0,,,,,0,,,,GLOBAL,1.000,clear,0,0.0,177,3.431,0,0,-1.000,8.15,4.23,0.0349,0.0035
32.719,3.791,0,,,,,0,,,,GLOBAL,1.000,clear,0,0.0,177,3.449,0,0,-1.000,8.31,4.25,0.0531,0.0217
32.738,3.822,0,,,,,0,,,,GLOBAL,1.000,clear,0,0.0,177,3.469,0,0,-1.000,6.96,4.33,0.0416,0.0171
32.758,3.863,0,,,,,0,,,,GLOBAL,1.000,clear,0,0.0,177,3.488,0,0,-1.000,6.96,4.33,0.0398,0.0129
32.778,3.891,0,,,,,0,,,,GLOBAL,1.000,clear,0,0.0,177,3.508,0,0,-1.000,5.61,4.38,0.0357,0.0077
32.798,3.930,0,,,,,0,,,,GLOBAL,1.000,clear,0,0.0,177,3.528,0,0,-1.000,5.48,4.44,0.0327,0.0276
32.818,3.963,0,,,,,0,,,,GLOBAL,1.000,clear,0,0.0,177,3.549,0,0,-1.000,5.48,4.44,0.0275,0.0186
32.838,3.991,0,,,,,0,,,,GLOBAL,1.000,clear,0,0.0,177,3.568,0,0,-1.000,5.08,4.46,0.0470,0.0115
32.858,4.025,0,,,,,0,,,,GLOBAL,1.000,clear,0,0.0,177,3.588,0,0,-1.000,3.62,4.55,0.0413,0.0120
32.882,4.045,0,,,,,0,,,,GLOBAL,1.000,clear,0,0.0,177,3.613,0,0,-1.000,3.62,4.55,0.0416,0.0119
32.899,4.082,0,,,,,0,,,,GLOBAL,1.000,clear,0,0.0,177,3.629,0,0,-1.000,3.33,4.61,0.0326,0.0043
32.918,4.107,0,,,,,0,,,,GLOBAL,1.000,clear,0,0.0,177,3.648,0,0,-1.000,2.91,4.70,0.0517,0.0234
32.938,4.143,0,,,,,0,,,,GLOBAL,1.000,clear,0,0.0,177,3.669,0,0,-1.000,2.91,4.70,0.0479,0.0149
32.958,4.165,1,4.126,4.234,0.996,0.224,1,4.126,4.126,,GLOBAL,1.000,clear,0,0.0,177,3.688,0,0,-1.000,2.96,4.76,0.0417,0.0074
32.978,4.195,0,,,,,0,,,4.046,GLOBAL,0.972,clear,0,0.0,177,3.708,0,0,-1.000,3.08,4.81,0.0377,0.0048
33.000,4.223,0,,,,,0,,,4.046,AVOID,0.972,avoid_cruise,1,0.0,177,3.730,0,0,-1.000,3.08,4.81,0.0326,0.0267
33.018,4.247,1,3.955,4.064,0.851,0.197,1,3.955,3.955,,AVOID,0.953,avoid_cruise,1,22.5,177,3.748,0,0,-1.000,2.66,4.73,0.0275,0.0137
33.038,4.277,1,3.851,3.975,0.784,0.201,1,3.851,3.851,,AVOID,0.922,avoid_cruise,1,22.6,49,0.005,1,0,-1.000,1.64,4.75,0.0475,0.0155
33.058,4.305,1,3.746,3.898,0.599,0.197,1,3.746,3.746,,AVOID,0.902,avoid_cruise,1,22.2,49,0.025,1,0,0.927,1.64,4.75,0.0417,0.0116
33.078,4.334,1,3.644,3.823,0.479,0.209,1,3.644,3.644,,AVOID,0.902,avoid_cruise,1,20.5,43,0.016,1,0,-1.000,5.29,4.51,0.0362,0.0087
33.099,4.358,1,3.520,3.717,0.492,0.230,1,3.520,3.520,,AVOID,0.885,avoid_cruise,1,19.2,42,0.014,1,0,-1.000,4.67,4.42,0.0333,0.0044
33.118,4.386,1,3.520,3.717,0.492,0.230,1,3.520,3.520,,AVOID,0.871,avoid_cruise,1,19.2,44,0.010,1,0,1.297,4.67,4.42,0.0526,0.0237
33.139,4.411,0,,,,,0,,,3.406,AVOID,0.855,avoid_cruise,1,19.4,46,0.001,1,0,-1.000,4.08,4.36,0.0476,0.0140
33.160,4.422,0,,,,,0,,,3.317,AVOID,0.840,avoid_cruise,1,20.2,44,0.001,1,0,-1.000,3.98,4.27,0.0388,0.0148
33.178,4.434,1,3.204,3.397,0.447,0.222,1,3.204,3.204,,AVOID,0.840,avoid_cruise,1,19.6,44,0.018,1,0,-1.000,3.95,4.20,0.0365,0.0064
33.198,4.440,1,3.099,3.322,-0.047,0.224,1,3.099,3.099,,AVOID,0.824,avoid_cruise,1,20.1,40,0.012,1,0,-1.000,3.95,4.20,0.0311,0.0037
33.218,4.450,1,3.099,3.322,-0.047,0.224,1,3.099,3.099,,AVOID,0.811,avoid_cruise,1,20.1,39,0.009,1,0,-1.000,3.89,4.12,0.0511,0.0237
33.238,4.438,1,2.989,3.206,0.354,0.236,1,2.989,2.989,,AVOID,0.795,avoid_cruise,1,16.0,37,0.003,1,0,-1.000,3.88,3.98,0.0464,0.0144
33.258,4.423,0,,,,,0,,,2.875,AVOID,0.781,avoid_cruise,1,18.8,37,0.023,1,0,-1.000,3.88,3.98,0.0382,0.0120
33.278,4.395,1,2.785,3.010,0.232,0.234,1,2.785,2.785,,AVOID,0.781,avoid_cruise,1,19.4,20,0.015,1,0,-1.000,3.87,3.90,0.0366,0.0064
33.298,4.349,1,2.646,2.881,0.219,0.244,1,2.646,2.646,,AVOID,0.781,avoid_cruise,1,18.8,20,0.035,1,0,-1.000,3.87,3.90,0.0302,0.0009
33.318,4.287,1,2.646,2.881,0.219,0.244,1,2.646,2.646,,AVOID,0.745,avoid_cruise,1,18.8,20,0.055,1,0,-1.000,3.91,3.90,0.0505,0.0212
33.338,4.237,1,2.590,2.813,0.121,0.225,1,2.590,2.590,,AVOID,0.735,avoid_cruise,1,19.2,33,0.003,1,0,-1.000,4.02,3.73,0.0455,0.0157
33.359,4.194,1,2.464,2.693,0.158,0.234,1,2.464,2.464,,AVOID,0.721,avoid_cruise,1,18.0,33,0.001,1,0,1.149,4.02,3.73,0.0389,0.0126
33.378,4.182,1,2.381,2.606,0.087,0.226,1,2.381,2.381,,AVOID,0.721,avoid_cruise,1,18.8,33,0.020,1,0,1.193,4.08,3.67,0.0355,0.0058
33.398,4.152,1,2.381,2.606,0.087,0.226,1,2.381,2.381,,AVOID,0.703,avoid_cruise,1,18.1,34,0.005,1,0,1.201,4.20,3.61,0.0297,0.0257
33.418,4.118,1,2.298,2.505,0.061,0.207,1,2.298,2.298,,AVOID,0.691,avoid_cruise,1,18.1,32,0.006,1,0,1.161,4.26,3.46,0.0496,0.0154
33.438,4.069,1,2.211,2.417,0.022,0.206,1,2.211,2.211,,AVOID,0.676,avoid_cruise,1,17.5,31,0.002,1,0,1.115,4.26,3.46,0.0454,0.0149
33.458,4.016,1,2.099,2.313,-0.009,0.214,1,2.099,2.099,,AVOID,0.661,avoid_cruise,1,17.2,31,0.022,1,0,-1.000,4.41,3.38,0.0386,0.0122
33.478,3.937,1,2.016,2.228,-0.050,0.213,1,2.016,2.016,,AVOID,0.649,avoid_cruise,1,17.1,30,0.017,1,0,-1.000,4.52,3.30,0.0358,0.0065
33.498,3.860,0,,,,,0,,,1.928,AVOID,0.649,avoid_cruise,1,16.6,28,0.017,1,0,1.115,4.52,3.30,0.0300,0.0018
33.520,3.763,0,,,,,0,,,1.928,AVOID,0.630,avoid_cruise,1,16.6,28,0.009,1,0,1.082,5.09,3.24,0.0528,0.0246
33.539,3.667,0,,,,,0,,,1.835,AVOID,0.615,avoid_cruise,1,14.0,28,0.005,1,0,1.095,5.30,3.08,0.0470,0.0169
33.558,3.566,1,1.781,1.974,-0.161,0.200,1,1.781,1.781,,AVOID,0.600,avoid_cruise,1,15.2,28,0.024,1,0,-1.000,5.30,3.08,0.0400,0.0076
33.578,3.470,0,,,,,0,,,1.714,AVOID,0.600,avoid_cruise,1,14.7,31,0.013,1,0,1.098,6.03,3.00,0.0363,0.0076
33.598,3.382,0,,,,,0,,,1.635,AVOID,0.600,avoid_cruise,1,14.4,28,0.014,1,0,1.109,6.03,3.00,0.0308,0.0019
33.618,3.289,0,,,,,0,,,1.635,AVOID,0.600,avoid_cruise,1,14.4,27,0.008,1,0,1.130,6.18,3.00,0.0503,0.0213
33.638,3.208,1,1.560,1.733,-0.267,0.193,1,1.560,1.560,,AVOID,0.600,avoid_cruise,1,14.0,26,0.009,1,0,1.125,5.49,3.00,0.0429,0.0078
33.658,3.146,1,1.489,1.656,-0.304,0.195,1,1.489,1.489,,AVOID,0.600,avoid_cruise,1,12.8,25,0.005,1,0,1.160,5.37,3.00,0.0383,0.0095
33.678,3.091,1,1.441,1.618,-0.284,0.202,1,1.441,1.441,5.629,AVOID,0.600,avoid_cruise,1,12.0,24,0.001,1,0,1.160,5.37,3.00,0.0286,0.0072
33.698,3.046,1,1.397,1.576,-0.356,0.219,1,1.397,1.397,5.794,AVOID,0.600,avoid_cruise,1,12.6,24,0.020,1,0,1.208,4.29,3.00,0.0243,0.0018
33.719,3.010,1,1.397,1.576,-0.356,0.219,1,1.397,1.397,5.794,AVOID,0.600,avoid_cruise,1,12.6,24,0.013,1,0,1.184,3.96,3.00,0.0165,0.0228
33.738,2.968,1,1.338,1.501,-0.385,0.211,1,1.338,1.338,,AVOID,0.600,avoid_cruise,1,11.5,23,0.007,1,0,1.199,3.96,3.00,0.0355,0.0172
33.758,2.940,1,1.275,1.428,-0.396,0.207,1,1.275,1.275,,AVOID,0.600,avoid_cruise,1,10.4,23,0.027,1,0,1.210,4.79,3.00,0.0359,0.0071
33.779,2.934,1,1.215,1.333,-0.436,0.187,1,1.215,1.215,,AVOID,0.600,avoid_cruise,1,11.4,23,0.018,1,0,1.210,4.79,3.00,0.0322,0.0011
33.798,2.925,1,1.215,1.333,-0.436,0.187,1,1.215,1.215,,AVOID,0.600,avoid_cruise,1,10.4,23,0.037,1,0,1.230,2.95,3.00,0.0506,0.0194
33.818,2.918,0,,,,,0,,,1.156,AVOID,0.600,avoid_cruise,1,10.4,23,0.004,1,0,1.210,2.94,3.00,0.0464,0.0163
33.838,2.921,1,1.097,1.203,-0.472,0.195,1,1.097,1.097,,AVOID,0.600,avoid_cruise,1,9.8,21,0.010,1,0,1.157,1.48,3.00,0.0396,0.0123
33.858,2.920,1,1.032,1.108,-0.525,0.194,1,1.032,1.032,,AVOID,0.600,avoid_cruise,1,8.9,19,0.003,1,0,1.327,1.48,3.00,0.0372,0.0110
33.878,2.909,0,,,,,0,,,0.700,AVOID,0.600,avoid_cruise,1,7.0,18,0.001,1,0,1.327,4.07,3.00,0.0300,0.0044
33.898,2.895,0,,,,,0,,,0.655,AVOID,0.600,avoid_cruise,1,2.6,18,0.021,1,0,1.006,3.00,3.00,0.0238,0.0015
33.918,2.869,0,,,,,0,,,0.655,AVOID,0.600,avoid_cruise,1,2.6,19,0.005,1,0,1.057,3.00,3.00,0.0437,0.0215
33.938,2.848,0,,,,,0,,,0.643,AVOID,0.600,avoid_cruise,1,0.8,21,0.002,1,0,1.157,1.66,3.00,0.0384,0.0160
33.961,2.840,0,,,,,0,,,0.681,AVOID,0.600,avoid_cruise,1,0.2,22,0.002,1,0,1.137,-1.47,3.00,0.0429,0.0103
33.978,2.831,0,,,,,0,,,0.780,AVOID,0.600,avoid_cruise,1,0.1,22,0.019,1,0,-1.000,-1.47,3.00,0.0358,0.0063
33.999,2.822,0,,,,,0,,,0.780,AVOID,0.600,avoid_cruise,1,0.1,127,0.001,1,0,-1.000,-2.07,3.00,0.0571,0.0275
34.019,2.829,0,,,,,0,,,0.765,AVOID,0.600,avoid_cruise,1,3.0,127,0.021,0,0,-1.000,-2.07,3.00,0.0513,0.0193
34.039,2.834,0,,,,,0,,,0.726,REJOIN,0.600,avoid_cruise,1,3.3,127,0.001,1,0,-1.000,-6.86,3.00,0.0441,0.0184
34.058,2.829,0,,,,,0,,,0.684,AVOID,0.600,avoid_cruise,1,3.2,19,0.005,1,0,-1.000,-7.49,3.00,0.0387,0.0109
34.078,2.832,0,,,,,0,,,0.653,AVOID,0.600,avoid_cruise,1,1.0,19,0.025,1,0,-1.000,-7.49,3.00,0.0346,0.0064
34.098,2.832,0,,,,,0,,,0.622,AVOID,0.600,avoid_cruise,1,0.3,19,0.014,1,0,-1.000,-0.14,3.00,0.0304,0.0016
34.120,2.817,0,,,,,0,,,0.622,AVOID,0.600,avoid_cruise,1,0.3,20,0.009,1,0,-1.000,4.98,3.00,0.0265,0.0236
34.139,2.832,1,0.589,0.350,-0.648,0.148,1,0.589,0.589,,AVOID,0.600,avoid_cruise,1,0.1,20,0.010,1,0,-1.000,4.98,3.00,0.0462,0.0174
34.161,2.830,0,,,,,1,0.552,0.552,,AVOID,0.600,avoid_cruise,1,0.0,20,0.001,1,0,-1.000,0.68,3.00,0.0434,0.0046
34.178,2.819,0,,,,,0,,,,AVOID,0.600,avoid_cruise,1,0.0,20,0.018,1,0,-1.000,0.67,3.00,0.0350,0.0051
34.204,2.837,0,,,,,0,,,,AVOID,0.600,avoid_cruise,1,0.0,127,0.001,1,0,-1.000,0.67,3.00,0.0356,0.0313
34.218,2.842,0,,,,,0,,,,AVOID,0.600,avoid_cruise,1,0.0,127,0.004,1,0,-1.000,1.02,3.00,0.0493,0.0134
34.238,2.835,0,,,,,0,,,,AVOID,0.600,avoid_cruise,1,0.0,127,0.001,1,0,-1.000,1.02,3.00,0.0453,0.0166
34.262,2.850,0,,,,,0,,,,AVOID,0.600,avoid_cruise,1,0.0,127,0.001,1,0,-1.000,-6.34,3.00,0.0433,0.0164
34.278,2.847,0,,,,,0,,,,AVOID,0.600,avoid_cruise,1,0.0,127,0.017,1,0,-1.000,-10.84,3.00,0.0354,0.0048
34.298,2.841,0,,,,,0,,,,AVOID,0.600,avoid_cruise,1,0.0,127,0.037,1,0,-1.000,-8.97,3.00,0.0299,0.0252
34.321,2.855,0,,,,,0,,,,REJOIN,0.600,avoid_cruise,1,0.0,127,0.001,1,0,-1.000,-8.97,3.00,0.0529,0.0217
34.338,2.852,0,,,,,0,,,,REJOIN,0.600,avoid_cruise,1,0.0,127,0.002,1,0,-1.000,-10.61,3.00,0.0438,0.0159
34.364,2.853,0,,,,,0,,,,REJOIN,0.600,avoid_cruise,1,0.0,127,0.001,1,0,-1.000,-10.61,3.00,0.0460,0.0154
34.381,2.861,0,,,,,0,,,,REJOIN,0.600,avoid_cruise,1,0.0,127,0.018,1,0,-1.000,-9.16,3.00,0.0370,0.0013
34.399,2.856,0,,,,,0,,,,REJOIN,0.600,avoid_cruise,1,0.0,127,0.007,1,0,-1.000,-9.49,3.00,0.0558,0.0200
34.422,2.853,0,,,,,0,,,,REJOIN,0.600,avoid_cruise,1,0.0,127,0.006,1,0,-1.000,-9.49,3.00,0.0542,0.0425
34.444,2.859,0,,,,,0,,,,REJOIN,0.600,avoid_cruise,1,0.0,127,0.002,1,0,-1.000,-10.32,2.97,0.0502,0.0159
34.460,2.858,0,,,,,0,,,,REJOIN,0.600,avoid_cruise,1,0.0,127,0.018,1,0,-1.000,-9.66,2.96,0.0426,0.0023
34.480,2.846,0,,,,,0,,,,REJOIN,0.600,avoid_cruise,1,0.0,127,0.005,1,0,-1.000,-9.20,2.94,0.0364,0.0019
34.503,2.834,0,,,,,0,,,,REJOIN,0.600,avoid_cruise,1,0.0,127,0.006,1,0,-1.000,-9.20,2.94,0.0590,0.0246
34.518,2.833,0,,,,,0,,,,REJOIN,0.600,avoid_cruise,1,0.0,127,0.003,1,0,-1.000,-9.24,2.93,0.0502,0.0012
34.541,2.818,0,,,,,0,,,,REJOIN,0.600,avoid_cruise,1,0.0,127,0.001,1,0,-1.000,-9.31,2.92,0.0429,0.0135
34.558,2.818,0,,,,,0,,,,REJOIN,0.600,avoid_cruise,1,0.0,127,0.018,1,0,-1.000,-9.31,2.92,0.0391,0.0082
34.578,2.818,0,,,,,0,,,,REJOIN,0.600,avoid_cruise,1,0.0,127,0.009,1,0,-1.000,-9.34,2.90,0.0345,0.0053
34.598,2.814,0,,,,,0,,,,REJOIN,0.600,avoid_cruise,1,0.0,127,0.010,1,0,-1.000,-9.34,2.90,0.0290,0.0017
34.618,2.814,0,,,,,0,,,,REJOIN,0.600,avoid_cruise,1,0.0,127,0.008,1,0,-1.000,-9.39,2.89,0.0491,0.0218
34.638,2.808,0,,,,,0,,,,REJOIN,0.600,avoid_cruise,1,0.0,127,0.003,1,0,-1.000,-9.41,2.88,0.0449,0.0154
34.661,2.796,0,,,,,0,,,,REJOIN,0.600,avoid_cruise,1,0.0,127,0.001,1,0,-1.000,-9.41,2.88,0.0423,0.0134
34.686,2.789,0,,,,,0,,,,REJOIN,0.600,avoid_cruise,1,0.0,127,0.001,1,0,-1.000,-9.46,2.87,0.0430,0.0144
34.698,2.781,0,,,,,0,,,,REJOIN,0.600,avoid_cruise,1,0.0,127,0.013,1,0,-1.000,-9.32,2.86,0.0300,0.0011
34.718,2.771,0,,,,,0,,,,REJOIN,0.600,avoid_cruise,1,0.0,127,0.009,1,0,-1.000,-7.46,2.89,0.0496,0.0207
34.738,2.765,0,,,,,0,,,,REJOIN,0.600,avoid_cruise,1,0.0,127,0.002,1,0,-1.000,-7.46,2.89,0.0439,0.0144
34.759,2.759,0,,,,,0,,,,REJOIN,0.600,avoid_cruise,1,0.0,127,0.001,1,0,-1.000,-7.46,2.89,0.0390,0.0353
34.778,2.762,0,,,,,0,,,,REJOIN,0.600,avoid_cruise,1,0.0,127,0.020,1,0,-1.000,-6.79,2.86,0.0324,0.0069
34.798,2.759,0,,,,,0,,,,REJOIN,0.600,avoid_cruise,1,0.0,127,0.040,1,0,-1.000,-6.85,2.85,0.0299,0.0011
34.828,2.743,0,,,,,0,,,,REJOIN,0.600,avoid_cruise,1,0.0,127,0.001,1,0,-1.000,-5.44,2.82,0.0603,0.0315
34.841,2.738,0,,,,,0,,,,REJOIN,0.600,avoid_cruise,1,0.0,127,0.001,1,0,-1.000,-5.44,2.82,0.0461,0.0119
34.861,2.733,0,,,,,0,,,,REJOIN,0.600,avoid_cruise,1,0.0,127,0.001,1,0,-1.000,-3.72,2.79,0.0422,0.0148
34.884,2.712,0,,,,,0,,,,REJOIN,0.600,avoid_cruise,1,0.0,127,0.001,1,0,-1.000,-3.72,2.79,0.0388,0.0120
34.898,2.703,0,,,,,0,,,,REJOIN,0.600,avoid_cruise,1,0.0,127,0.015,1,0,-1.000,-4.34,2.79,0.0290,0.0014
34.918,2.692,0,,,,,0,,,,REJOIN,0.601,avoid_cruise,1,0.0,127,0.007,1,0,-1.000,-4.50,2.78,0.0490,0.0214
34.938,2.680,0,,,,,0,,,,REJOIN,0.603,avoid_cruise,1,0.0,127,0.005,1,0,-1.000,-4.86,2.78,0.0447,0.0036
34.960,2.676,0,,,,,0,,,,REJOIN,0.605,avoid_cruise,1,0.0,127,0.001,1,0,-1.000,-4.86,2.78,0.0416,0.0145
34.993,2.674,0,,,,,0,,,,REJOIN,0.606,avoid_cruise,1,0.0,127,0.001,1,0,-1.000,-4.53,2.78,0.0505,0.0218
34.999,2.655,0,,,,,0,,,,REJOIN,0.606,avoid_cruise,1,0.0,127,0.007,1,0,-1.000,-4.51,2.79,0.0306,0.0018
35.018,2.653,0,,,,,0,,,,REJOIN,0.608,avoid_cruise,1,0.0,127,0.006,1,0,-1.000,-4.73,2.80,0.0494,0.0206
35.038,2.657,0,,,,,0,,,,REJOIN,0.610,avoid_cruise,1,0.0,127,0.004,1,0,-1.000,-4.73,2.80,0.0449,0.0149
35.060,2.635,0,,,,,0,,,,REJOIN,0.612,avoid_cruise,1,0.0,127,0.001,1,0,-1.000,-3.73,2.80,0.0420,0.0139
35.079,2.647,0,,,,,0,,,,REJOIN,0.614,avoid_cruise,1,0.0,127,0.019,1,0,-1.000,-3.73,2.80,0.0361,0.0066
35.099,2.646,0,,,,,0,,,,REJOIN,0.614,avoid_cruise,1,0.0,127,0.003,1,0,-1.000,-3.73,2.80,0.0562,0.0267
35.118,2.630,0,,,,,0,,,,REJOIN,0.618,avoid_cruise,1,0.0,127,0.007,1,0,-1.000,-2.81,2.82,0.0496,0.0064
35.138,2.636,0,,,,,0,,,,REJOIN,0.620,avoid_cruise,1,0.0,127,0.008,1,0,-1.000,-2.59,2.83,0.0454,0.0074
35.163,2.646,0,,,,,0,,,,REJOIN,0.623,avoid_cruise,1,3.3,127,0.001,1,0,-1.000,-2.59,2.83,0.0433,0.0158
35.178,2.636,0,,,,,0,,,,REJOIN,0.623,avoid_cruise,1,5.2,127,0.016,1,0,-1.000,-2.33,2.83,0.0322,0.0053
35.199,2.648,0,,,,,0,,,,REJOIN,0.625,avoid_cruise,1,5.2,127,0.009,1,0,-1.000,-2.33,2.83,0.0309,0.0011
35.219,2.658,0,,,,,0,,,,REJOIN,0.627,avoid_cruise,1,7.3,127,0.008,1,0,-1.000,1.28,2.82,0.0237,0.0213
35.243,2.652,0,,,,,0,,,,REJOIN,0.629,avoid_cruise,1,10.3,127,0.001,1,0,-1.000,1.28,2.82,0.0474,0.0218
35.267,2.661,0,,,,,0,,,,REJOIN,0.629,avoid_cruise,1,12.1,127,0.002,1,0,-1.000,0.10,2.83,0.0477,0.0124
35.278,2.670,0,,,,,0,,,0.660,REJOIN,0.629,avoid_cruise,1,15.5,127,0.012,1,0,-1.000,0.17,2.84,0.0332,0.0054
35.302,2.676,0,,,,,0,,,0.660,REJOIN,0.629,avoid_cruise,1,21.1,127,0.036,1,0,-1.000,0.33,2.83,0.0343,0.0291
35.320,2.680,0,,,,,0,,,0.669,REJOIN,0.633,avoid_cruise,1,21.1,127,0.006,1,0,-1.000,0.33,2.83,0.0525,0.0169
35.338,2.693,0,,,,,0,,,0.551,AVOID,0.638,avoid_cruise,1,26.1,127,0.024,1,0,-1.000,3.31,2.81,0.0451,0.0108
35.358,2.690,0,,,,,0,,,0.937,AVOID,0.640,avoid_cruise,1,24.7,127,0.044,0,0,-1.000,5.24,2.79,0.0392,0.0070
35.378,2.691,0,,,,,0,,,,AVOID,0.645,avoid_cruise,1,28.4,127,0.064,0,0,-1.000,5.24,2.79,0.0350,0.0065
35.398,2.695,0,,,,,0,,,,AVOID,0.645,avoid_cruise,1,28.4,12,0.009,1,0,-1.000,0.46,2.80,0.0302,0.0264
35.418,2.697,0,,,,,0,,,,AVOID,0.631,path_clear,1,27.0,12,0.011,1,0,-1.000,2.34,2.82,0.0502,0.0147
35.438,2.701,0,,,,,0,,,,REJOIN,0.612,path_clear,1,27.8,12,0.031,1,0,-1.000,4.18,2.70,0.0442,0.0145
35.458,2.702,0,,,,,0,,,,REJOIN,0.604,path_clear,1,28.8,12,0.010,1,0,-1.000,4.10,2.52,0.0408,0.0074
35.478,2.703,0,,,,,0,,,0.622,REJOIN,0.593,path_clear,1,31.2,12,0.006,1,0,-1.000,4.10,2.52,0.0354,0.0080
35.498,2.692,0,,,,,0,,,0.622,REJOIN,0.577,path_clear,1,31.2,12,0.026,1,0,-1.000,3.08,2.48,0.0315,0.0282
35.518,2.677,0,,,,,0,,,,GLOBAL,0.577,path_clear,0,31.3,12,0.046,0,0,-1.000,3.08,2.48,0.0513,0.0168
35.538,2.637,0,,,,,0,,,0.581,GLOBAL,0.601,clear,0,31.3,12,0.066,0,0,-1.000,7.86,2.40,0.0454,0.0098
35.558,2.577,0,,,,,0,,,,GLOBAL,0.625,clear,0,31.3,12,0.086,0,0,-1.000,7.86,2.40,0.0398,0.0069
35.578,2.530,0,,,,,0,,,,GLOBAL,0.642,clear,0,31.3,12,0.106,0,0,-1.000,12.64,2.49,0.0340,0.0064
35.598,2.490,0,,,,,0,,,,GLOBAL,0.668,clear,0,31.3,12,0.127,0,0,-1.000,17.42,2.60,0.0306,0.0270
35.618,2.489,0,,,,,0,,,,GLOBAL,0.668,clear,0,31.3,12,0.146,0,0,-1.000,21.40,2.75,0.0500,0.0103
35.639,2.482,0,,,,,0,,,,GLOBAL,0.693,clear,0,31.3,12,0.167,0,0,-1.000,21.40,2.75,0.0434,0.0086
35.658,2.477,0,,,,,0,,,,GLOBAL,0.716,clear,0,31.3,12,0.186,0,0,-1.000,21.40,2.84,0.0389,0.0073
35.678,2.474,0,,,,,0,,,,GLOBAL,0.744,clear,0,31.3,12,0.207,0,0,-1.000,19.41,2.91,0.0344,0.0008
35.698,2.494,0,,,,,0,,,,GLOBAL,0.767,clear,0,31.3,12,0.226,0,0,-1.000,19.41,2.91,0.0302,0.0201
35.718,2.530,0,,,,,0,,,,GLOBAL,0.767,clear,0,31.3,12,0.246,0,0,-1.000,18.07,3.01,0.0237,0.0198
35.738,2.581,0,,,,,0,,,,GLOBAL,0.793,clear,0,31.3,12,0.266,0,0,-1.000,17.75,3.10,0.0431,0.0178
35.760,2.561,0,,,,,0,,,,GLOBAL,0.821,clear,0,31.3,12,0.288,0,0,-1.000,17.75,3.10,0.0385,0.0159
35.778,2.463,0,,,,,0,,,,GLOBAL,0.821,clear,0,31.3,12,0.306,0,0,-1.000,13.61,3.29,0.0357,0.0082
35.798,2.460,0,,,,,0,,,,GLOBAL,0.821,clear,0,31.3,12,0.326,0,0,-1.000,12.88,3.29,0.0302,0.0283
35.820,2.481,0,,,,,0,,,,GLOBAL,0.821,clear,0,31.3,12,0.348,0,0,1.379,12.88,3.29,0.0283,0.0210
35.838,2.557,0,,,,,0,,,,GLOBAL,0.896,clear,0,31.3,12,0.366,0,0,-1.000,8.10,3.34,0.0463,0.0165
35.858,2.610,0,,,,,0,,,,GLOBAL,0.901,clear,0,31.3,12,0.386,0,0,-1.000,3.32,3.62,0.0424,0.0146
35.878,2.743,0,,,,,0,,,,GLOBAL,0.928,clear,0,31.3,12,0.406,0,0,-1.000,3.32,3.62,0.0365,0.0016
35.898,2.913,0,,,,,0,,,,GLOBAL,0.957,clear,0,31.3,12,0.426,0,0,-1.000,-1.47,3.63,0.0322,0.0014
35.918,2.925,0,,,,,0,,,,GLOBAL,0.957,clear,0,31.3,12,0.446,0,0,-1.000,-3.05,3.83,0.0272,0.0220
35.938,2.918,0,,,,,0,,,,GLOBAL,0.981,clear,0,31.3,12,0.466,0,0,-1.000,-3.05,3.83,0.0468,0.0105
35.958,2.860,0,,,,,0,,,,GLOBAL,1.000,clear,0,31.3,12,0.486,0,0,-1.000,-2.99,3.91,0.0406,0.0075
35.978,2.649,0,,,,,0,,,,GLOBAL,1.000,clear,0,31.3,12,0.506,0,0,-1.000,-2.99,3.91,0.0378,0.0091
35.998,2.536,0,,,,,0,,,,GLOBAL,1.000,clear,0,31.3,12,0.526,0,0,-1.000,-3.43,3.96,0.0301,0.0025
36.020,2.464,0,,,,,0,,,,GLOBAL,1.000,clear,0,31.3,12,0.548,0,0,-1.000,-3.06,3.95,0.0305,0.0243
36.038,2.407,0,,,,,0,,,,GLOBAL,1.000,clear,0,31.3,12,0.566,0,0,-1.000,-1.28,3.95,0.0488,0.0177
36.058,2.395,0,,,,,0,,,,GLOBAL,1.000,clear,0,31.3,12,0.586,0,0,-1.000,-1.28,3.95,0.0389,0.0162
36.078,2.421,0,,,,,0,,,,GLOBAL,1.000,clear,0,31.3,12,0.606,0,0,-1.000,-2.68,3.95,0.0388,0.0106
36.098,2.467,0,,,,,0,,,,GLOBAL,1.000,clear,0,31.3,12,0.626,0,0,-1.000,-2.68,3.95,0.0299,0.0051
36.118,2.494,0,,,,,0,,,,GLOBAL,1.000,clear,0,31.3,12,0.646,0,0,-1.000,-3.90,3.93,0.0496,0.0248
36.139,2.518,0,,,,,0,,,,GLOBAL,1.000,clear,0,31.3,12,0.667,0,0,-1.000,-5.98,3.89,0.0496,0.0113
36.158,2.550,0,,,,,0,,,,GLOBAL,1.000,clear,0,31.3,12,0.686,0,0,-1.000,-6.19,3.87,0.0339,0.0155
36.178,2.584,0,,,,,0,,,,GLOBAL,1.000,clear,0,31.3,12,0.706,0,0,-1.000,-6.19,3.87,0.0387,0.0084
36.200,2.643,0,,,,,0,,,,GLOBAL,1.000,clear,0,31.3,12,0.728,0,0,-1.000,-4.73,3.85,0.0346,0.0072
36.218,2.684,0,,,,,0,,,,GLOBAL,1.000,clear,0,31.3,12,0.746,0,0,-1.000,-5.53,3.81,0.0289,0.0253
36.238,2.740,0,,,,,0,,,,GLOBAL,1.000,clear,0,31.3,12,0.766,0,0,-1.000,-5.53,3.81,0.0493,0.0154
36.258,2.794,0,,,,,0,,,,GLOBAL,1.000,clear,0,31.3,12,0.786,0,0,-1.000,-4.51,3.78,0.0449,0.0111
36.279,2.844,0,,,,,0,,,,GLOBAL,1.000,clear,0,31.3,12,0.807,0,0,-1.000,-3.95,3.76,0.0392,0.0084
36.298,2.906,0,,,,,0,,,,GLOBAL,1.000,clear,0,31.3,12,0.827,0,0,-1.000,-3.95,3.76,0.0355,0.0051
36.318,2.959,0,,,,,0,,,,GLOBAL,1.000,clear,0,31.3,12,0.846,0,0,-1.000,-3.26,3.74,0.0293,0.0245
36.338,3.020,0,,,,,0,,,,GLOBAL,1.000,clear,0,31.3,12,0.866,0,0,-1.000,-3.43,3.72,0.0495,0.0154
36.358,3.081,0,,,,,0,,,,GLOBAL,1.000,clear,0,31.3,12,0.886,0,0,-1.000,-3.43,3.72,0.0436,0.0136
36.378,3.127,0,,,,,0,,,,GLOBAL,1.000,clear,0,31.3,12,0.906,0,0,-1.000,-1.47,3.68,0.0395,0.0089
36.398,3.194,0,,,,,0,,,,GLOBAL,1.000,clear,0,31.3,12,0.926,0,0,-1.000,-1.47,3.68,0.0340,0.0051
36.418,3.242,0,,,,,0,,,,GLOBAL,1.000,clear,0,31.3,12,0.946,0,0,-1.000,-1.05,3.62,0.0253,0.0011
36.438,3.287,0,,,,,0,,,,GLOBAL,1.000,clear,0,31.3,12,0.966,0,0,-1.000,-0.05,3.57,0.0453,0.0211
36.458,3.332,0,,,,,0,,,,GLOBAL,1.000,clear,0,31.3,12,0.986,0,0,-1.000,0.48,3.57,0.0419,0.0145
36.479,3.368,0,,,,,0,,,,GLOBAL,1.000,clear,0,31.3,12,1.007,0,0,-1.000,0.48,3.57,0.0368,0.0121
36.498,3.417,0,,,,,0,,,,GLOBAL,1.000,clear,0,31.3,12,1.026,0,0,-1.000,1.67,3.53,0.0301,0.0034
36.518,3.443,0,,,,,0,,,,GLOBAL,1.000,clear,0,31.3,12,1.046,0,0,-1.000,2.51,3.46,0.0501,0.0234
36.538,3.480,0,,,,,0,,,,GLOBAL,1.000,clear,0,31.3,12,1.066,0,0,-1.000,2.51,3.46,0.0484,0.0164
36.558,3.502,0,,,,,0,,,,GLOBAL,1.000,clear,0,31.3,12,1.086,0,0,-1.000,3.04,3.44,0.0419,0.0101
36.578,3.517,0,,,,,0,,,,GLOBAL,1.000,clear,0,31.3,12,1.106,0,0,-1.000,3.80,3.37,0.0385,0.0092
36.600,3.531,0,,,,,0,,,,GLOBAL,1.000,clear,0,31.3,12,1.128,0,0,-1.000,3.80,3.37,0.0349,0.0057
36.619,3.531,0,,,,,0,,,,GLOBAL,1.000,clear,0,31.3,12,1.147,0,0,-1.000,4.50,3.35,0.0298,0.0247
36.640,3.516,0,,,,,0,,,,GLOBAL,1.000,clear,0,31.3,12,1.168,0,0,-1.000,4.16,3.30,0.0508,0.0200
36.658,3.482,0,,,,,0,,,,GLOBAL,1.000,clear,0,31.3,12,1.186,0,0,-1.000,4.16,3.30,0.0434,0.0153
36.678,3.423,0,,,,,0,,,,GLOBAL,1.000,clear,0,31.3,12,1.206,0,0,-1.000,4.44,3.25,0.0388,0.0348
36.700,3.349,0,,,,,0,,,1.230,GLOBAL,1.000,clear,0,31.3,12,1.228,0,0,-1.000,5.62,3.20,0.0348,0.0202
36.718,3.302,0,,,,,0,,,1.269,GLOBAL,1.000,clear,0,31.3,12,1.246,0,0,-1.000,5.62,3.20,0.0270,0.0130
36.738,3.311,0,,,,,0,,,1.241,GLOBAL,1.000,clear,0,31.3,12,1.266,0,0,-1.000,5.38,3.18,0.0473,0.0151
36.759,3.314,0,,,,,0,,,0.447,GLOBAL,1.000,clear,0,31.3,12,1.287,0,0,-1.000,5.38,3.18,0.0439,0.0154
36.778,3.306,0,,,,,0,,,,GLOBAL,1.000,clear,0,31.3,12,1.306,0,0,-1.000,5.11,3.15,0.0365,0.0095
36.798,3.282,0,,,,,0,,,,GLOBAL,1.000,clear,0,31.3,12,1.326,0,0,-1.000,4.78,3.15,0.0315,0.0036
36.819,3.265,0,,,,,0,,,,GLOBAL,1.000,clear,0,31.3,12,1.347,0,0,-1.000,4.99,3.13,0.0277,0.0255
36.838,3.232,0,,,,,0,,,,GLOBAL,1.000,clear,0,31.3,12,1.367,0,0,-1.000,4.99,3.13,0.0468,0.0164
36.858,3.199,0,,,,,0,,,0.817,GLOBAL,1.000,clear,0,31.3,12,1.386,0,0,-1.000,5.08,3.08,0.0406,0.0131
36.878,3.174,0,,,,,0,,,,GLOBAL,1.000,clear,0,31.3,12,1.406,0,0,-1.000,5.08,3.08,0.0356,0.0087
36.898,3.135,0,,,,,0,,,0.648,GLOBAL,1.000,clear,0,31.3,12,1.426,0,0,-1.000,5.92,3.00,0.0321,0.0011
36.919,3.108,0,,,,,0,,,0.648,GLOBAL,1.000,clear,0,31.3,12,1.447,0,0,-1.000,5.44,3.00,0.0297,0.0227
36.939,3.081,0,,,,,0,,,,GLOBAL,1.000,clear,0,31.3,12,1.467,0,0,-1.000,6.39,3.00,0.0488,0.0155
36.958,3.040,0,,,,,0,,,0.630,GLOBAL,1.000,clear,0,31.3,12,1.486,0,0,-1.000,6.39,3.00,0.0422,0.0077
36.979,3.010,0,,,,,0,,,,GLOBAL,1.000,clear,0,31.3,12,1.507,0,0,-1.000,6.32,3.00,0.0380,0.0071
36.998,2.985,0,,,,,0,,,,GLOBAL,1.000,clear,0,31.3,12,1.526,0,0,-1.000,6.09,3.00,0.0317,0.0256
37.018,2.961,0,,,,,0,,,0.641,GLOBAL,1.000,clear,0,31.3,12,1.546,0,0,-1.000,6.09,3.00,0.0270,0.0146
37.038,2.955,0,,,,,0,,,,GLOBAL,1.000,clear,0,31.3,12,1.566,0,0,-1.000,6.08,3.00,0.0468,0.0135
37.058,2.946,0,,,,,0,,,0.530,GLOBAL,1.000,clear,0,31.3,12,1.586,0,0,-1.000,5.94,3.00,0.0418,0.0095
37.078,2.933,0,,,,,0,,,0.548,GLOBAL,1.000,clear,0,31.3,12,1.606,0,0,-1.000,5.94,3.00,0.0369,0.0080
37.098,2.934,0,,,,,0,,,0.605,GLOBAL,1.000,clear,0,31.3,12,1.626,0,0,-1.000,5.82,3.00,0.0314,0.0012
37.120,2.934,0,,,,,0,,,0.605,GLOBAL,1.000,clear,0,31.3,12,1.648,0,0,-1.000,6.01,3.00,0.0294,0.0233
37.138,2.925,0,,,,,0,,,,GLOBAL,1.000,clear,0,31.3,12,1.666,0,0,-1.000,6.01,3.00,0.0475,0.0161
37.158,2.913,0,,,,,0,,,,GLOBAL,1.000,clear,0,31.3,12,1.686,0,0,-1.000,5.86,3.00,0.0406,0.0096
37.178,2.893,0,,,,,0,,,,GLOBAL,1.000,clear,0,31.3,12,1.706,0,0,-1.000,7.11,3.00,0.0356,0.0080
37.198,2.869,0,,,,,0,,,,GLOBAL,1.000,clear,0,31.3,12,1.726,0,0,-1.000,7.11,3.00,0.0318,0.0006
37.218,2.861,0,,,,,0,,,,GLOBAL,1.000,clear,0,31.3,12,1.746,0,0,-1.000,7.70,3.00,0.0261,0.0205
37.238,2.850,0,,,,,0,,,,GLOBAL,1.000,clear,0,31.3,12,1.766,0,0,-1.000,6.72,3.00,0.0460,0.0162
37.258,2.837,0,,,,,0,,,,GLOBAL,1.000,clear,0,31.3,12,1.786,0,0,-1.000,6.72,3.00,0.0419,0.0093
37.278,2.838,0,,,,,0,,,,GLOBAL,1.000,clear,0,31.3,12,1.806,0,0,-1.000,9.40,3.00,0.0362,0.0085
37.300,2.838,0,,,,,0,,,,GLOBAL,1.000,clear,0,31.3,12,1.828,0,0,-1.000,8.99,3.00,0.0340,0.0024
37.318,2.833,0,,,,,0,,,,GLOBAL,1.000,clear,0,31.3,12,1.846,0,0,-1.000,8.99,3.00,0.0246,0.0208
37.338,2.834,0,,,,,0,,,,GLOBAL,1.000,clear,0,31.3,12,1.866,0,0,-1.000,9.68,3.00,0.0446,0.0149
37.359,2.835,0,,,,,0,,,,GLOBAL,1.000,clear,0,31.3,12,1.887,0,0,-1.000,9.41,3.00,0.0415,0.0086
37.381,2.832,0,,,,,0,,,,GLOBAL,1.000,clear,0,31.3,12,1.909,0,0,-1.000,9.41,3.00,0.0394,0.0088
37.405,2.834,0,,,,,0,,,,GLOBAL,1.000,clear,0,31.3,12,1.933,0,0,-1.000,10.26,3.00,0.0378,0.0335
37.426,2.837,0,,,,,0,,,,GLOBAL,1.000,clear,0,31.3,12,1.955,0,0,-1.000,11.26,3.00,0.0589,0.0206
37.442,2.836,0,,,,,0,,,,GLOBAL,1.000,clear,0,31.3,12,1.970,0,0,-1.000,11.26,3.00,0.0508,0.0130
37.459,2.837,0,,,,,0,,,,GLOBAL,1.000,clear,0,31.3,12,1.987,0,0,-1.000,11.26,3.00,0.0676,0.0297
37.478,2.826,0,,,,,0,,,,GLOBAL,1.000,clear,0,31.3,12,2.006,0,0,-1.000,9.88,3.00,0.0351,0.0150
37.498,2.836,0,,,,,0,,,,GLOBAL,1.000,clear,0,31.3,12,2.026,0,0,-1.000,9.88,3.00,0.0308,0.0156
37.518,2.839,0,,,,,0,,,,GLOBAL,1.000,clear,0,31.3,12,2.046,0,0,-1.000,9.74,3.00,0.0258,0.0105
37.538,2.829,0,,,,,0,,,,GLOBAL,1.000,clear,0,31.3,12,2.066,0,0,-1.000,9.67,3.00,0.0454,0.0084
37.558,2.838,0,,,,,0,,,,GLOBAL,1.000,clear,0,31.3,12,2.086,0,0,-1.000,9.67,3.00,0.0420,0.0104
37.578,2.836,0,,,,,0,,,,GLOBAL,1.000,clear,0,31.3,12,2.106,0,0,-1.000,8.87,3.00,0.0358,0.0081
37.598,2.827,0,,,,,0,,,,GLOBAL,1.000,clear,0,31.3,12,2.126,0,0,-1.000,8.60,3.00,0.0316,0.0025
37.619,2.844,0,,,,,0,,,,GLOBAL,1.000,clear,0,31.3,12,2.147,0,0,-1.000,8.60,3.00,0.0524,0.0232
37.638,2.839,0,,,,,0,,,,GLOBAL,1.000,clear,0,31.3,12,2.166,0,0,-1.000,8.00,3.00,0.0460,0.0147
37.658,2.836,0,,,,,0,,,,GLOBAL,1.000,clear,0,31.3,12,2.186,0,0,-1.000,8.18,3.00,0.0399,0.0107
37.678,2.841,0,,,,,0,,,,GLOBAL,1.000,clear,0,31.3,12,2.206,0,0,-1.000,8.18,3.00,0.0365,0.0064
37.698,2.839,0,,,,,0,,,,GLOBAL,1.000,clear,0,31.3,12,2.226,0,0,-1.000,8.45,3.00,0.0305,0.0033
37.718,2.835,0,,,,,0,,,,GLOBAL,1.000,clear,0,31.3,12,2.246,0,0,-1.000,7.80,3.00,0.0505,0.0233
37.738,2.846,0,,,,,0,,,,GLOBAL,1.000,clear,0,31.3,12,2.266,0,0,-1.000,7.80,3.00,0.0464,0.0081
37.758,2.844,0,,,,,0,,,,GLOBAL,1.000,clear,0,31.3,12,2.286,0,0,-1.000,7.80,3.00,0.0408,0.0282
37.778,2.839,0,,,,,0,,,,GLOBAL,1.000,clear,0,31.3,12,2.306,0,0,-1.000,7.80,3.00,0.0349,0.0481
37.798,2.842,0,,,,,0,,,,GLOBAL,1.000,clear,0,31.3,12,2.326,0,0,-1.000,8.11,3.00,0.0306,0.0010
37.819,2.837,0,,,,,0,,,,GLOBAL,1.000,clear,0,31.3,12,2.347,0,0,-1.000,7.48,3.00,0.0249,0.0220
37.838,2.839,0,,,,,0,,,,GLOBAL,1.000,clear,0,31.3,12,2.366,0,0,-1.000,6.99,3.00,0.0443,0.0170
37.858,2.840,0,,,,,0,,,,GLOBAL,1.000,clear,0,31.3,12,2.386,0,0,-1.000,6.99,3.00,0.0406,0.0106
37.878,2.839,0,,,,,0,,,,GLOBAL,1.000,clear,0,31.3,12,2.406,0,0,-1.000,7.10,3.00,0.0348,0.0071
37.898,2.841,0,,,,,0,,,,GLOBAL,1.000,clear,0,31.3,12,2.426,0,0,-1.000,7.45,3.00,0.0309,0.0020
37.918,2.839,0,,,,,0,,,,GLOBAL,1.000,clear,0,31.3,12,2.446,0,0,-1.000,7.45,3.00,0.0512,0.0224
37.938,2.840,0,,,,,0,,,,GLOBAL,1.000,clear,0,31.3,12,2.466,0,0,-1.000,7.37,3.00,0.0453,0.0126
37.958,2.849,1,4.528,4.703,0.822,0.246,1,4.528,4.528,,GLOBAL,1.000,clear,0,31.3,12,2.486,0,0,-1.000,6.73,3.00,0.0380,0.0097
37.978,2.842,1,4.421,4.636,0.737,0.272,1,4.421,4.421,,GLOBAL,1.000,clear,0,31.3,12,2.506,0,0,-1.000,6.73,3.00,0.0353,0.0045
37.999,2.847,0,,,,,0,,,4.217,GLOBAL,1.000,clear,0,31.3,12,2.527,0,0,-1.000,7.03,3.00,0.0311,0.0018
38.021,2.851,0,,,,,0,,,4.217,GLOBAL,1.000,clear,0,31.3,12,2.549,0,0,-1.000,7.08,3.00,0.0529,0.0236
38.038,2.842,1,4.281,4.514,0.547,0.266,1,4.281,4.281,,GLOBAL,1.000,clear,0,31.3,12,2.566,0,0,-1.000,7.08,3.00,0.0424,0.0106
38.058,2.849,1,4.088,4.450,0.468,0.387,1,4.088,4.088,,GLOBAL,1.000,clear,0,31.3,12,2.586,0,0,-1.000,7.03,3.00,0.0383,0.0107
38.078,2.859,1,4.025,4.394,0.354,0.382,1,4.025,4.025,,GLOBAL,1.000,clear,0,31.3,12,2.606,0,0,-1.000,7.07,3.00,0.0324,0.0066
38.098,2.846,1,3.930,4.335,0.302,0.416,1,3.930,3.930,,GLOBAL,1.000,clear,0,31.3,12,2.626,0,0,-1.000,7.07,3.00,0.0303,0.0008
38.118,2.856,1,3.930,4.335,0.302,0.416,1,3.930,3.930,,GLOBAL,1.000,clear,0,31.3,12,2.646,0,0,-1.000,7.16,3.00,0.0500,0.0205
38.138,2.861,1,3.868,4.275,0.159,0.409,1,3.868,3.868,,GLOBAL,1.000,clear,0,31.3,12,2.666,0,0,-1.000,6.62,3.00,0.0422,0.0133
38.158,2.851,1,3.947,4.210,-0.023,0.262,1,3.947,3.947,,GLOBAL,1.000,clear,0,31.3,12,2.686,0,0,-1.000,6.62,3.00,0.0380,0.0107
38.178,2.858,0,,,,,0,,,3.801,GLOBAL,1.000,clear,0,31.3,12,2.706,0,0,-1.000,7.01,3.00,0.0347,0.0044
38.198,2.863,0,,,,,0,,,3.801,GLOBAL,1.000,clear,0,31.3,12,2.726,0,0,-1.000,6.92,3.00,0.0288,0.0243
38.218,2.850,0,,,,,0,,,3.743,GLOBAL,1.000,clear,0,31.3,12,2.746,0,0,-1.000,6.92,3.00,0.0487,0.0189
38.238,2.865,0,,,,,0,,,3.701,GLOBAL,1.000,clear,0,31.3,12,2.766,0,0,-1.000,7.92,3.00,0.0449,0.0155
38.258,2.867,0,,,,,0,,,3.727,GLOBAL,1.000,clear,0,31.3,12,2.786,0,0,-1.000,7.28,3.00,0.0392,0.0050
38.278,2.856,0,,,,,0,,,,GLOBAL,1.000,clear,0,31.3,12,2.806,0,0,-1.000,7.28,3.00,0.0346,0.0059
38.299,2.869,0,,,,,0,,,,GLOBAL,1.000,clear,0,31.3,12,2.827,0,0,-1.000,7.46,3.00,0.0301,0.0008
38.318,2.869,0,,,,,0,,,,GLOBAL,1.000,clear,0,31.3,12,2.846,0,0,-1.000,8.27,3.00,0.0491,0.0198
38.338,2.854,0,,,,,0,,,,GLOBAL,1.000,clear,0,31.3,12,2.866,0,0,-1.000,8.27,3.00,0.0453,0.0164
38.358,2.871,0,,,,,0,,,,GLOBAL,1.000,clear,0,31.3,12,2.886,0,0,-1.000,7.71,3.00,0.0372,0.0084
38.378,2.866,0,,,,,0,,,,GLOBAL,1.000,clear,0,31.3,12,2.906,0,0,-1.000,7.91,3.00,0.0318,0.0008
38.400,2.860,0,,,,,0,,,,GLOBAL,1.000,clear,0,31.3,12,2.928,0,0,-1.000,7.91,3.00,0.0312,0.0227
38.418,2.872,0,,,,,0,,,,GLOBAL,1.000,clear,0,31.3,12,2.946,0,0,-1.000,8.84,3.00,0.0493,0.0144
38.438,2.867,0,,,,,0,,,,GLOBAL,1.000,clear,0,31.3,12,2.966,0,0,-1.000,8.69,3.00,0.0439,0.0143
38.458,2.858,0,,,,,0,,,,GLOBAL,1.000,clear,0,31.3,12,2.986,0,0,-1.000,8.69,3.00,0.0386,0.0070
38.478,2.878,0,,,,,0,,,,GLOBAL,1.000,clear,0,31.3,12,3.006,0,0,-1.000,9.10,3.00,0.0321,0.0062
38.498,2.867,0,,,,,0,,,,GLOBAL,1.000,clear,0,31.3,12,3.026,0,0,-1.000,9.67,3.00,0.0521,0.0262
38.518,2.861,0,,,,,0,,,,GLOBAL,1.000,clear,0,31.3,12,3.046,0,0,-1.000,9.67,3.00,0.0499,0.0164
38.538,2.872,0,,,,,0,,,,GLOBAL,1.000,clear,0,31.3,12,3.066,0,0,-1.000,9.38,3.00,0.0390,0.0119
38.558,2.862,0,,,,,0,,,,GLOBAL,1.000,clear,0,31.3,12,3.086,0,0,-1.000,9.62,3.00,0.0375,0.0060
38.578,2.861,0,,,,,0,,,,GLOBAL,1.000,clear,0,31.3,12,3.106,0,0,-1.000,9.62,3.00,0.0343,0.0052
38.598,2.873,0,,,,,0,,,,GLOBAL,1.000,clear,0,31.3,12,3.126,0,0,-1.000,11.34,3.00,0.0286,0.0251
38.618,2.861,0,,,,,0,,,,GLOBAL,1.000,clear,0,31.3,12,3.146,0,0,-1.000,12.29,3.00,0.0487,0.0154
38.638,2.861,0,,,,,0,,,,GLOBAL,1.000,clear,0,31.3,12,3.166,0,0,-1.000,12.29,3.00,0.0429,0.0147
38.658,2.869,0,,,,,0,,,,GLOBAL,1.000,clear,0,31.3,12,3.186,0,0,-1.000,12.17,3.00,0.0386,0.0082
38.678,2.862,0,,,,,0,,,,GLOBAL,1.000,clear,0,31.3,12,3.206,0,0,-1.000,12.17,3.00,0.0331,0.0054
38.698,2.865,0,,,,,0,,,,GLOBAL,1.000,clear,0,31.3,12,3.226,0,0,-1.000,13.82,3.00,0.0289,0.0254
38.718,2.870,0,,,,,0,,,,GLOBAL,1.000,clear,0,31.3,12,3.246,0,0,-1.000,16.14,3.00,0.0489,0.0187
38.738,2.863,0,,,,,0,,,,GLOBAL,1.000,clear,0,31.3,12,3.266,0,0,-1.000,17.48,3.00,0.0449,0.0130
38.758,2.861,0,,,,,0,,,,GLOBAL,1.000,clear,0,31.3,12,3.286,0,0,-1.000,17.48,3.00,0.0390,0.0075
38.778,2.870,0,,,,,0,,,,GLOBAL,1.000,clear,0,31.3,12,3.306,0,0,-1.000,16.80,3.00,0.0307,0.0053
38.798,2.859,0,,,,,0,,,,GLOBAL,1.000,clear,0,31.3,12,3.326,0,0,-1.000,17.76,3.00,0.0274,0.0251
38.818,2.862,0,,,,,0,,,,GLOBAL,1.000,clear,0,31.3,12,3.346,0,0,-1.000,17.76,3.00,0.0475,0.0172
38.838,2.866,0,,,,,0,,,,GLOBAL,1.000,clear,0,31.3,12,3.366,0,0,-1.000,16.72,3.00,0.0419,0.0160
38.858,2.856,0,,,,,0,,,,GLOBAL,1.000,clear,0,31.3,12,3.386,0,0,-1.000,17.35,3.00,0.0376,0.0089
38.879,2.855,0,,,,,0,,,,GLOBAL,1.000,clear,0,31.3,12,3.407,0,0,-1.000,17.35,3.00,0.0317,0.0064
38.898,2.864,0,,,,,0,,,,GLOBAL,1.000,clear,0,31.3,12,3.426,0,0,-1.000,16.29,3.00,0.0506,0.0252
38.918,2.845,0,,,,,0,,,,GLOBAL,1.000,clear,0,31.3,12,3.446,0,0,-1.000,16.30,3.00,0.0500,0.0172
38.939,2.847,0,,,,,0,,,,GLOBAL,1.000,clear,0,31.3,12,3.467,0,0,-1.000,16.30,3.00,0.0429,0.0151
38.958,2.855,0,,,,,0,,,,GLOBAL,1.000,clear,0,31.3,12,3.486,0,0,-1.000,15.65,3.00,0.0378,0.0058
38.979,2.834,0,,,,,0,,,,GLOBAL,1.000,clear,0,31.3,12,3.507,0,0,-1.000,14.80,3.00,0.0336,0.0057
38.998,2.830,0,,,,,0,,,,GLOBAL,1.000,clear,0,31.3,12,3.526,0,0,-1.000,14.80,3.00,0.0273,0.0242
39.018,2.842,0,,,,,0,,,,GLOBAL,1.000,clear,0,31.3,12,3.546,0,0,-1.000,14.54,3.00,0.0473,0.0184
39.038,2.824,0,,,,,0,,,,GLOBAL,1.000,clear,0,31.3,12,3.566,0,0,-1.000,14.60,3.00,0.0423,0.0130
39.058,2.822,0,,,,,0,,,,GLOBAL,1.000,clear,0,31.3,12,3.586,0,0,-1.000,14.60,3.00,0.0385,0.0114
39.078,2.832,0,,,,,0,,,,GLOBAL,1.000,clear,0,31.3,12,3.606,0,0,-1.000,16.13,3.00,0.0303,0.0009
39.098,2.814,0,,,,,0,,,,GLOBAL,1.000,clear,0,31.3,12,3.626,0,0,-1.000,16.28,3.00,0.0284,0.0203
39.118,2.816,0,,,,,0,,,,GLOBAL,1.000,clear,0,31.3,12,3.646,0,0,-1.000,16.28,3.00,0.0487,0.0175
39.138,2.824,1,2.504,2.662,1.020,0.347,1,2.504,2.504,,GLOBAL,1.000,clear,0,31.3,12,3.666,0,0,-1.000,16.25,3.00,0.0422,0.0146
39.158,2.808,1,2.435,2.632,0.876,0.339,1,2.435,2.435,,GLOBAL,1.000,clear,0,31.3,12,3.686,0,0,-1.000,19.53,3.00,0.0377,0.0090
39.178,2.811,1,2.287,2.621,0.682,0.421,1,2.287,2.287,,GLOBAL,1.000,clear,0,31.3,12,3.706,0,0,-1.000,19.53,3.00,0.0322,0.0017
39.198,2.818,1,2.287,2.621,0.682,0.421,1,2.287,2.287,,GLOBAL,1.000,clear,0,31.3,12,3.726,0,0,-1.000,18.90,3.00,0.0287,0.0212
39.218,2.804,0,,,,,0,,,,GLOBAL,1.000,clear,0,31.3,12,3.746,0,0,-1.000,19.64,3.00,0.0489,0.0150
39.238,2.807,0,,,,,0,,,2.171,GLOBAL,1.000,clear,0,31.3,12,3.766,0,0,-1.000,19.64,3.00,0.0421,0.0097
39.258,2.813,1,2.113,2.488,0.456,0.416,1,2.113,2.113,,GLOBAL,1.000,clear,0,31.3,12,3.786,0,0,-1.000,18.79,3.00,0.0374,0.0037
39.278,2.803,1,2.113,2.488,0.456,0.416,1,2.113,2.113,,GLOBAL,1.000,clear,0,31.3,12,3.806,0,0,-1.000,19.32,3.00,0.0322,0.0239
39.298,2.805,0,,,,,0,,,,GLOBAL,1.000,clear,0,31.3,12,3.826,0,0,-1.000,19.32,3.00,0.0281,0.0176
39.318,2.816,0,,,,,0,,,1.960,GLOBAL,1.000,clear,0,31.3,12,3.846,0,0,-1.000,18.03,3.00,0.0477,0.0172
39.338,2.791,1,2.310,2.414,0.925,0.276,1,2.310,2.310,1.973,GLOBAL,1.000,clear,0,31.3,12,3.866,0,0,-1.000,16.71,3.00,0.0420,0.0114
39.358,2.798,1,2.323,2.394,0.837,0.213,1,2.323,2.323,1.856,GLOBAL,1.000,clear,0,31.3,12,3.886,0,0,-1.000,16.71,3.00,0.0380,0.0088
39.378,2.812,1,2.268,2.354,0.746,0.201,1,2.268,2.268,1.780,GLOBAL,1.000,clear,0,31.3,12,3.906,0,0,-1.000,16.54,3.00,0.0336,0.0022
39.398,2.793,1,2.268,2.354,0.746,0.201,1,2.268,2.268,1.780,GLOBAL,1.000,clear,0,31.3,12,3.926,0,0,-1.000,15.84,3.00,0.0541,0.0227
39.418,2.788,1,2.171,2.329,0.629,0.242,1,2.171,2.171,1.779,GLOBAL,1.000,clear,0,31.3,12,3.946,0,0,-1.000,15.84,3.00,0.0479,0.0167
39.438,2.804,0,,,,,0,,,1.708,GLOBAL,1.000,clear,0,31.3,12,3.966,0,0,-1.000,14.54,3.00,0.0421,0.0112
39.458,2.780,0,,,,,0,,,2.094,GLOBAL,1.000,clear,0,31.3,12,3.986,0,0,-1.000,14.54,3.00,0.0386,0.0065
39.478,2.778,0,,,,,0,,,2.094,GLOBAL,1.000,clear,0,31.3,12,4.006,0,0,-1.000,13.89,3.00,0.0321,0.0259
39.498,2.795,1,2.057,2.216,0.363,0.189,1,2.057,2.057,,GLOBAL,1.000,clear,0,31.3,12,4.026,0,0,-1.000,13.40,3.00,0.0289,0.0190
39.518,2.780,0,,,,,0,,,2.002,GLOBAL,1.000,clear,0,31.3,12,4.046,0,0,-1.000,11.77,3.00,0.0484,0.0121
39.538,2.778,0,,,,,0,,,1.913,GLOBAL,1.000,clear,0,31.3,12,4.066,0,0,-1.000,11.77,3.00,0.0421,0.0104
39.558,2.793,0,,,,,0,,,1.927,GLOBAL,1.000,clear,0,31.3,12,4.086,0,0,-1.000,10.55,3.00,0.0387,0.0092
39.578,2.780,1,1.836,2.009,-0.000,0.173,1,1.836,1.836,1.927,GLOBAL,1.000,clear,0,31.3,12,4.106,0,0,-1.000,9.83,3.00,0.0322,0.0007
39.598,2.778,1,1.836,2.009,-0.000,0.173,1,1.836,1.836,,GLOBAL,1.000,clear,0,31.3,12,4.126,0,0,-1.000,9.83,3.00,0.0273,0.0208
39.618,2.799,1,1.764,1.944,-0.084,0.181,1,1.764,1.764,,GLOBAL,1.000,clear,0,31.3,12,4.146,0,0,-1.000,8.50,3.00,0.0472,0.0166
39.638,2.792,0,,,,,0,,,1.654,GLOBAL,1.000,clear,0,31.3,12,4.166,0,0,-1.000,7.46,3.00,0.0418,0.0108
39.658,2.786,1,1.484,1.786,-0.260,0.321,1,1.484,1.484,,GLOBAL,1.000,clear,0,31.3,12,4.186,0,0,-1.000,7.46,3.00,0.0382,0.0076
39.678,2.801,1,1.484,1.786,-0.260,0.321,1,1.484,1.484,,GLOBAL,1.000,clear,0,31.3,12,4.206,0,0,-1.000,6.66,3.00,0.0334,0.0277
39.698,2.800,1,1.514,1.706,-0.356,0.229,1,1.514,1.514,,GLOBAL,1.000,clear,0,31.3,12,4.226,0,0,-1.000,5.68,3.00,0.0275,0.0196
39.719,2.791,1,1.449,1.626,-0.412,0.228,1,1.449,1.449,,GLOBAL,1.000,clear,0,31.3,12,4.247,0,0,-1.000,5.68,3.00,0.0484,0.0172
39.738,2.814,0,,,,,0,,,1.378,GLOBAL,1.000,clear,0,31.3,12,4.266,0,0,-1.000,4.08,3.00,0.0419,0.0114
39.758,2.820,0,,,,,0,,,1.371,GLOBAL,1.000,clear,0,31.3,12,4.286,0,0,-1.000,3.09,3.00,0.0381,0.0074
39.778,2.805,0,,,,,0,,,1.371,GLOBAL,1.000,clear,0,31.3,12,4.306,0,0,-1.000,3.09,3.00,0.0322,0.0272
39.799,2.817,1,1.223,1.365,-0.598,0.267,1,1.223,1.223,,GLOBAL,1.000,clear,0,31.3,12,4.327,0,0,-1.000,1.72,3.00,0.0271,0.0183
39.818,2.835,0,,,,,0,,,1.111,GLOBAL,1.000,clear,0,31.3,12,4.346,0,0,-1.000,0.81,3.00,0.0460,0.0095
39.838,2.823,0,,,,,0,,,1.049,GLOBAL,1.000,clear,0,31.3,12,4.366,0,0,1.535,0.81,3.00,0.0423,0.0065
39.858,2.847,0,,,,,0,,,,GLOBAL,1.000,clear,0,31.3,12,4.386,0,0,1.535,0.11,3.00,0.0369,0.0043
39.878,2.860,0,,,,,0,,,0.933,GLOBAL,1.000,clear,0,31.3,12,4.406,0,0,1.478,-1.65,3.00,0.0328,0.0012
39.898,2.851,0,,,,,0,,,0.933,GLOBAL,1.000,clear,0,31.3,12,4.426,0,0,-1.000,-1.65,3.00,0.0265,0.0206
39.918,2.865,1,0.881,0.903,-0.827,0.343,1,0.881,0.881,,GLOBAL,1.000,clear,0,31.3,12,4.446,0,0,-1.000,-1.57,3.00,0.0473,0.0182
39.938,2.870,1,0.832,0.818,-0.849,0.346,1,0.832,0.832,,GLOBAL,1.000,clear,0,31.3,12,4.466,0,0,-1.000,-1.75,3.00,0.0425,0.0139
39.958,2.868,1,0.729,0.731,-0.869,0.407,1,0.729,0.729,,GLOBAL,1.000,clear,0,31.3,12,4.486,0,0,-1.000,-1.75,3.00,0.0370,0.0078
39.978,2.887,1,0.729,0.731,-0.869,0.407,1,0.729,0.729,,GLOBAL,1.000,clear,0,31.3,12,4.506,0,0,-1.000,-3.08,3.05,0.0314,0.0279
39.999,2.891,1,0.696,0.651,-0.881,0.400,1,0.696,0.696,,GLOBAL,1.000,clear,0,31.3,12,4.527,0,0,-1.000,-2.77,3.13,0.0278,0.0158
40.018,2.896,1,0.636,0.586,-0.881,0.422,1,0.636,0.636,,GLOBAL,1.000,clear,0,31.3,12,4.546,0,0,-1.000,-2.77,3.13,0.0479,0.0157
40.038,2.906,0,,,,,0,,,,GLOBAL,1.000,clear,0,31.3,12,4.566,0,0,-1.000,-3.77,3.18,0.0417,0.0094
40.058,2.918,0,,,,,0,,,,GLOBAL,1.000,clear,0,31.3,12,4.586,0,0,-1.000,-4.73,3.26,0.0352,0.0047
40.079,2.937,0,,,,,0,,,,GLOBAL,1.000,clear,0,31.3,12,4.607,0,0,-1.000,-4.73,3.26,0.0327,0.0024
40.098,2.967,0,,,,,0,,,,GLOBAL,1.000,clear,0,31.3,12,4.626,0,0,-1.000,-4.02,3.35,0.0522,0.0219
40.118,2.984,0,,,,,0,,,,GLOBAL,1.000,clear,0,31.3,12,4.646,0,0,-1.000,-4.73,3.35,0.0455,0.0150
40.138,3.012,0,,,,,0,,,,GLOBAL,1.000,clear,0,31.3,12,4.666,0,0,-1.000,-4.73,3.35,0.0407,0.0128
40.160,3.039,0,,,,,0,,,,GLOBAL,1.000,clear,0,31.3,12,4.688,0,0,-1.000,-4.16,3.28,0.0381,0.0062
40.179,3.063,0,,,,,0,,,,GLOBAL,1.000,clear,0,31.3,12,4.707,0,0,-1.000,-4.98,3.25,0.0305,0.0010
40.198,3.088,0,,,,,0,,,,GLOBAL,1.000,clear,0,31.3,12,4.726,0,0,-1.000,-4.98,3.25,0.0495,0.0200
40.218,3.099,0,,,,,0,,,,GLOBAL,1.000,clear,0,31.3,12,4.746,0,0,-1.000,-4.78,3.21,0.0464,0.0143
40.238,3.112,0,,,,,0,,,,GLOBAL,1.000,clear,0,31.3,12,4.766,0,0,-1.000,-4.52,3.21,0.0392,0.0088
40.258,3.127,0,,,,,0,,,,GLOBAL,1.000,clear,0,31.3,12,4.786,0,0,-1.000,-4.52,3.21,0.0347,0.0058
40.278,3.123,0,,,,,0,,,,GLOBAL,1.000,clear,0,31.3,12,4.806,0,0,-1.000,-4.46,3.21,0.0551,0.0261
40.298,3.136,0,,,,,0,,,,GLOBAL,1.000,clear,0,31.3,12,4.826,0,0,-1.000,-4.50,3.21,0.0511,0.0180
40.318,3.138,0,,,,,0,,,,GLOBAL,1.000,clear,0,31.3,12,4.846,0,0,-1.000,-4.50,3.21,0.0444,0.0137
40.338,3.137,0,,,,,0,,,,GLOBAL,1.000,clear,0,31.3,12,4.866,0,0,-1.000,-3.91,3.21,0.0384,0.0109
40.358,3.141,0,,,,,0,,,,GLOBAL,1.000,clear,0,31.3,12,4.886,0,0,-1.000,-4.44,3.21,0.0356,0.0065
40.378,3.135,0,,,,,0,,,,GLOBAL,1.000,clear,0,31.3,12,4.906,0,0,-1.000,-4.44,3.21,0.0301,0.0266
40.398,3.137,0,,,,,0,,,,GLOBAL,1.000,clear,0,31.3,12,4.926,0,0,-1.000,-3.84,3.21,0.0497,0.0167
40.418,3.137,0,,,,,0,,,,GLOBAL,1.000,clear,0,31.3,12,4.946,0,0,-1.000,-3.43,3.21,0.0456,0.0111
40.438,3.134,0,,,,,0,,,,GLOBAL,1.000,clear,0,31.3,12,4.966,0,0,-1.000,-3.43,3.21,0.0379,0.0081
40.459,3.138,0,,,,,0,,,,GLOBAL,1.000,clear,0,31.3,12,4.987,0,0,-1.000,-3.16,3.21,0.0336,0.0063
40.478,3.135,0,,,,,0,,,,GLOBAL,1.000,clear,0,31.3,12,5.006,0,0,-1.000,-3.07,3.21,0.0302,0.0254
40.499,3.134,0,,,,,0,,,,GLOBAL,1.000,clear,0,31.3,12,5.027,0,0,-1.000,-3.07,3.21,0.0514,0.0201
40.518,3.143,0,,,,,0,,,,GLOBAL,1.000,clear,0,31.3,12,5.046,0,0,-1.000,-2.69,3.21,0.0426,0.0159
40.538,3.135,0,,,,,0,,,,GLOBAL,1.000,clear,0,31.3,12,5.066,0,0,-1.000,-2.63,3.21,0.0403,0.0081
40.558,3.145,0,,,,,0,,,,GLOBAL,1.000,clear,0,31.3,12,5.086,0,0,-1.000,-2.63,3.21,0.0342,0.0006
40.578,3.145,0,,,,,0,,,0.967,GLOBAL,1.000,clear,0,31.3,12,5.106,0,0,-1.000,-2.92,3.22,0.0293,0.0212
40.598,3.137,0,,,,,0,,,0.878,GLOBAL,1.000,clear,0,31.3,12,5.126,0,0,-1.000,-2.08,3.26,0.0491,0.0152
40.618,3.141,0,,,,,0,,,,GLOBAL,1.000,clear,0,31.3,12,5.146,0,0,-1.000,-2.08,3.26,0.0447,0.0114
40.638,3.140,0,,,,,0,,,0.785,GLOBAL,1.000,clear,0,31.3,12,5.166,0,0,-1.000,-2.61,3.31,0.0381,0.0120
40.658,3.154,0,,,,,0,,,,GLOBAL,1.000,clear,0,31.3,12,5.186,0,0,-1.000,-2.53,3.38,0.0348,0.0059
40.678,3.154,0,,,,,0,,,,GLOBAL,1.000,clear,0,31.3,12,5.206,0,0,-1.000,-2.53,3.38,0.0295,0.0007
40.698,3.156,0,,,,,0,,,,GLOBAL,1.000,clear,0,31.3,12,5.226,0,0,-1.000,-2.56,3.45,0.0490,0.0201
40.718,3.170,0,,,,,0,,,,GLOBAL,1.000,clear,0,31.3,12,5.246,0,0,-1.000,-2.38,3.51,0.0419,0.0115
40.738,3.188,0,,,,,0,,,,GLOBAL,1.000,clear,0,31.3,12,5.266,0,0,-1.000,-2.38,3.51,0.0388,0.0081
40.758,3.201,0,,,,,0,,,,GLOBAL,1.000,clear,0,31.3,12,5.286,0,0,-1.000,-3.47,3.61,0.0341,0.0047
40.778,3.229,0,,,,,0,,,,GLOBAL,1.000,clear,0,31.3,12,5.306,0,0,-1.000,-3.29,3.66,0.0298,0.0246
40.798,3.246,0,,,,,0,,,,GLOBAL,1.000,clear,0,31.3,12,5.326,0,0,-1.000,-3.29,3.66,0.0500,0.0193
40.819,3.279,0,,,,,0,,,,GLOBAL,1.000,clear,0,31.3,12,5.347,0,0,-1.000,-3.84,3.74,0.0429,0.0152
40.838,3.317,0,,,,,0,,,,GLOBAL,1.000,clear,0,31.3,12,5.366,0,0,-1.000,-3.84,3.74,0.0380,0.0073
40.858,3.343,0,,,,,0,,,,GLOBAL,0.991,clear,0,31.3,12,5.386,0,0,-1.000,-3.33,3.77,0.0325,0.0052
40.878,3.375,0,,,,,0,,,,GLOBAL,1.000,clear,0,31.3,12,5.406,0,0,-1.000,-3.46,3.75,0.0303,0.0252
40.898,3.401,0,,,,,0,,,,GLOBAL,1.000,clear,0,31.3,12,5.426,0,0,-1.000,-3.44,3.86,0.0501,0.0187
40.918,3.435,0,,,,,0,,,,GLOBAL,1.000,clear,0,31.3,12,5.446,0,0,-1.000,-3.44,3.86,0.0393,0.0137
40.938,3.466,0,,,,,0,,,,GLOBAL,1.000,clear,0,31.3,12,5.466,0,0,-1.000,-3.53,3.90,0.0380,0.0069
40.959,3.506,0,,,,,0,,,,GLOBAL,1.000,clear,0,31.3,12,5.487,0,0,-1.000,-3.36,3.95,0.0354,0.0065
40.978,3.539,0,,,,,0,,,,GLOBAL,1.000,clear,0,31.3,12,5.506,0,0,-1.000,-3.36,3.95,0.0289,0.0015
40.998,3.575,0,,,,,0,,,,GLOBAL,1.000,clear,0,31.3,12,5.526,0,0,-1.000,-3.24,3.99,0.0489,0.0214
41.018,3.610,0,,,,,0,,,,GLOBAL,1.000,clear,0,31.3,12,5.546,0,0,-1.000,-3.21,4.01,0.0429,0.0143
41.038,3.648,0,,,,,0,,,,GLOBAL,1.000,clear,0,31.3,12,5.566,0,0,-1.000,-3.21,4.01,0.0382,0.0118
41.058,3.676,0,,,,,0,,,,GLOBAL,1.000,clear,0,31.3,12,5.586,0,0,-1.000,-3.11,4.06,0.0349,0.0050
41.078,3.708,0,,,,,0,,,,GLOBAL,1.000,clear,0,31.3,12,5.606,0,0,-1.000,-3.03,4.11,0.0296,0.0026
41.098,3.743,0,,,,,0,,,,GLOBAL,1.000,clear,0,31.3,12,5.626,0,0,-1.000,-3.03,4.11,0.0492,0.0222
41.118,3.772,0,,,,,0,,,,GLOBAL,1.000,clear,0,31.3,12,5.646,0,0,-1.000,-2.88,4.18,0.0452,0.0131
41.138,3.803,0,,,,,0,,,,GLOBAL,1.000,clear,0,31.3,12,5.666,0,0,-1.000,-2.40,4.20,0.0377,0.0107
41.158,3.829,0,,,,,0,,,,GLOBAL,1.000,clear,0,31.3,12,5.686,0,0,-1.000,-2.40,4.20,0.0321,0.0071
41.178,3.863,0,,,,,0,,,,GLOBAL,1.000,clear,0,31.3,12,5.706,0,0,-1.000,-2.62,4.25,0.0295,0.0008
41.198,3.895,0,,,,,0,,,,GLOBAL,1.000,clear,0,31.3,12,5.726,0,0,-1.000,-2.07,4.30,0.0504,0.0216
41.218,3.931,0,,,,,0,,,,GLOBAL,1.000,clear,0,31.3,12,5.746,0,0,-1.000,-2.07,4.30,0.0427,0.0134
41.238,3.952,0,,,,,0,,,,GLOBAL,1.000,clear,0,31.3,12,5.766,0,0,-1.000,-2.42,4.35,0.0368,0.0103
41.258,3.989,0,,,,,0,,,,GLOBAL,1.000,clear,0,31.3,12,5.786,0,0,-1.000,-1.85,4.41,0.0341,0.0062
41.278,4.014,0,,,,,0,,,,GLOBAL,1.000,clear,0,31.3,12,5.806,0,0,-1.000,-1.85,4.41,0.0301,0.0264
41.299,4.049,0,,,,,0,,,,GLOBAL,1.000,clear,0,31.3,12,5.827,0,0,-1.000,-1.37,4.46,0.0511,0.0156
41.318,4.074,0,,,,,0,,,,GLOBAL,1.000,clear,0,31.3,12,5.846,0,0,-1.000,-1.56,4.52,0.0431,0.0164
41.338,4.112,0,,,,,0,,,,GLOBAL,1.000,clear,0,31.3,12,5.866,0,0,-1.000,-1.56,4.52,0.0406,0.0116
41.358,4.139,0,,,,,0,,,,GLOBAL,1.000,clear,0,31.3,12,5.886,0,0,-1.000,-1.01,4.61,0.0346,0.0061
41.378,4.180,0,,,,,0,,,,GLOBAL,1.000,clear,0,31.3,12,5.906,0,0,-1.000,-1.13,4.67,0.0291,0.0014
41.398,4.203,0,,,,,0,,,,GLOBAL,1.000,clear,0,31.3,12,5.926,0,0,-1.000,-1.13,4.67,0.0488,0.0210
41.418,4.244,0,,,,,0,,,,GLOBAL,1.000,clear,0,31.3,12,5.946,0,0,-1.000,-0.77,4.72,0.0429,0.0141
41.438,4.273,0,,,,,0,,,,GLOBAL,1.000,clear,0,31.3,12,5.966,0,0,-1.000,-5.42,4.78,0.0376,0.0103
41.458,4.314,0,,,,,0,,,,GLOBAL,1.000,clear,0,31.3,12,5.986,0,0,-1.000,-5.42,4.78,0.0351,0.0064
41.478,4.348,0,,,,,0,,,,GLOBAL,1.000,clear,0,31.3,12,6.006,0,0,-1.000,-4.05,4.84,0.0293,0.0264
41.498,4.386,0,,,,,0,,,,GLOBAL,1.000,clear,0,31.3,12,6.026,0,0,-1.000,-3.41,4.84,0.0492,0.0164
41.518,4.416,0,,,,,0,,,,GLOBAL,1.000,clear,0,31.3,12,6.046,0,0,-1.000,-3.41,4.84,0.0453,0.0159
41.538,4.451,0,,,,,0,,,,GLOBAL,1.000,clear,0,31.3,12,6.066,0,0,-1.000,-3.06,4.81,0.0389,0.0113
41.558,4.489,0,,,,,0,,,,GLOBAL,1.000,clear,0,31.3,12,6.086,0,0,-1.000,-3.06,4.75,0.0325,0.0066
41.578,4.517,0,,,,,0,,,,GLOBAL,1.000,clear,0,31.3,12,6.106,0,0,-1.000,-3.06,4.75,0.0297,0.0269
41.599,4.554,0,,,,,0,,,,GLOBAL,1.000,clear,0,31.3,12,6.127,0,0,-1.000,-3.00,4.72,0.0504,0.0149
41.618,4.566,0,,,,,0,,,,GLOBAL,1.000,clear,0,31.3,12,6.146,0,0,-1.000,-2.95,4.68,0.0457,0.0131
41.640,4.590,0,,,,,0,,,,GLOBAL,1.000,clear,0,31.3,12,6.168,0,0,-1.000,-2.95,4.68,0.0417,0.0115
41.658,4.598,0,,,,,0,,,,GLOBAL,1.000,clear,0,31.3,12,6.186,0,0,-1.000,-5.02,4.70,0.0356,0.0062
41.678,4.606,0,,,,,0,,,,GLOBAL,1.000,clear,0,31.3,12,6.206,0,0,-1.000,-3.44,4.65,0.0300,0.0263
41.698,4.607,0,,,,,0,,,,GLOBAL,1.000,clear,0,31.3,12,6.226,0,0,-1.000,-3.44,4.65,0.0500,0.0163
41.718,4.608,0,,,,,0,,,,GLOBAL,1.000,clear,0,31.3,12,6.246,0,0,-1.000,-2.81,4.61,0.0460,0.0166
41.738,4.606,0,,,,,0,,,,GLOBAL,1.000,clear,0,31.3,12,6.266,0,0,-1.000,-2.72,4.58,0.0402,0.0109
41.758,4.602,0,,,,,0,,,,GLOBAL,1.000,clear,0,31.3,12,6.286,0,0,-1.000,-2.72,4.58,0.0365,0.0069
41.778,4.595,1,0.721,0.644,-0.794,0.301,1,0.721,0.721,,GLOBAL,1.000,clear,0,31.3,12,6.306,0,0,-1.000,-2.29,4.53,0.0307,0.0015
41.799,4.572,1,0.721,0.644,-0.794,0.301,1,0.721,0.721,,GLOBAL,1.000,clear,0,31.3,12,6.327,0,0,-1.000,-2.29,4.53,0.0271,0.0219
41.818,4.562,1,0.612,0.571,-0.784,0.357,1,0.612,0.612,,GLOBAL,1.000,clear,0,31.3,12,6.346,0,0,-1.000,-2.32,4.51,0.0466,0.0152
41.838,4.547,1,0.590,0.492,-0.782,0.334,1,0.590,0.590,,GLOBAL,1.000,clear,0,31.3,12,6.366,0,0,-1.000,-2.51,4.49,0.0408,0.0076
41.858,4.532,1,0.559,0.397,-0.773,0.310,1,0.559,0.559,,GLOBAL,1.000,clear,0,31.3,12,6.386,0,0,-1.000,-1.72,4.44,0.0347,0.0026
41.879,4.521,1,0.559,0.397,-0.773,0.310,1,0.559,0.559,,AVOID,0.984,avoid_cruise,1,31.3,12,6.407,0,0,-1.000,-1.72,4.44,0.0320,0.0240
41.910,4.514,1,0.520,0.351,-0.776,0.331,1,0.520,0.520,,AVOID,0.984,avoid_cruise,1,31.3,12,6.439,0,0,-1.000,-1.19,4.39,0.0634,0.0231
41.930,4.493,0,,,,,1,0.456,0.456,,AVOID,0.980,avoid_cruise,1,5.0,12,6.458,0,0,-1.000,-1.19,4.39,0.0569,0.0182
41.939,4.471,0,,,,,0,,,,AVOID,0.974,avoid_cruise,1,1.5,12,6.467,0,0,-1.000,-0.91,4.30,0.0419,0.0081
41.961,4.452,0,,,,,0,,,,AVOID,0.974,avoid_cruise,1,1.5,152,0.003,1,0,-1.000,-0.96,4.24,0.0646,0.0307
41.985,4.436,0,,,,,0,,,,AVOID,0.959,avoid_cruise,1,0.5,152,0.002,1,0,-1.000,0.01,4.22,0.0587,0.0234
41.999,4.415,0,,,,,0,,,,AVOID,0.959,avoid_cruise,1,0.1,152,0.016,1,0,-1.000,0.01,4.22,0.0482,0.0131
42.023,4.372,0,,,,,0,,,,AVOID,0.947,avoid_cruise,1,0.0,152,0.001,1,0,-1.000,-0.17,4.16,0.0418,0.0164
42.039,4.340,0,,,,,0,,,,REJOIN,0.934,avoid_cruise,1,0.0,152,0.001,1,0,-1.000,-0.17,4.16,0.0391,0.0143
42.060,4.305,0,,,,,0,,,,REJOIN,0.930,avoid_cruise,1,0.0,152,0.001,1,0,-1.000,-0.18,4.14,0.0383,0.0352
42.078,4.276,0,,,,,0,,,,REJOIN,0.918,avoid_cruise,1,3.8,152,0.019,1,0,-1.000,-0.44,4.09,0.0303,0.0023
42.098,4.253,0,,,,,0,,,,REJOIN,0.918,avoid_cruise,1,1.1,152,0.006,1,0,-1.000,-0.47,4.03,0.0501,0.0221
42.118,4.246,0,,,,,0,,,,REJOIN,0.913,avoid_cruise,1,5.2,152,0.003,1,0,-1.000,-0.47,4.03,0.0455,0.0149
42.145,4.219,0,,,,,0,,,,REJOIN,0.902,avoid_cruise,1,2.2,152,0.001,1,0,-1.000,-0.41,4.01,0.0452,0.0198
42.159,4.200,0,,,,,0,,,,REJOIN,0.896,avoid_cruise,1,6.1,152,0.003,1,0,-1.000,-0.32,3.95,0.0376,0.0016
42.190,4.166,0,,,,,0,,,,REJOIN,0.882,avoid_cruise,1,6.1,152,0.001,1,0,-1.000,-0.32,3.95,0.0427,0.0154
42.199,4.144,0,,,,,0,,,,REJOIN,0.872,avoid_cruise,1,1.8,152,0.010,1,0,-1.000,-0.32,3.95,0.0256,0.0240
42.218,4.115,0,,,,,0,,,,REJOIN,0.872,avoid_cruise,1,0.6,152,0.008,1,0,-1.000,-0.13,3.86,0.0450,0.0175
42.239,4.089,0,,,,,0,,,,REJOIN,0.859,avoid_cruise,1,0.2,152,0.001,1,0,-1.000,-0.13,3.86,0.0375,0.0139
42.259,4.058,0,,,,,0,,,,REJOIN,0.848,avoid_cruise,1,0.2,152,0.001,1,0,-1.000,-0.04,3.84,0.0375,0.0340
42.278,4.028,0,,,,,0,,,,REJOIN,0.848,avoid_cruise,1,0.0,152,0.021,1,0,-1.000,0.05,3.78,0.0311,0.0022
42.308,3.987,0,,,,,0,,,,REJOIN,0.825,avoid_cruise,1,0.0,152,0.001,1,0,-1.000,-0.48,3.72,0.0608,0.0318
42.321,3.956,0,,,,,0,,,,REJOIN,0.820,avoid_cruise,1,0.0,152,0.001,1,0,-1.000,-0.48,3.72,0.0403,0.0126
42.338,3.923,0,,,,,0,,,,REJOIN,0.817,avoid_cruise,1,0.0,152,0.006,1,0,-1.000,-0.14,3.66,0.0378,0.0044
42.360,3.883,0,,,,,0,,,,REJOIN,0.807,avoid_cruise,1,0.0,152,0.001,1,0,-1.000,-0.04,3.60,0.0598,0.0264
42.382,3.842,0,,,,,0,,,,REJOIN,0.796,avoid_cruise,1,0.0,152,0.001,1,0,-1.000,0.06,3.50,0.0601,0.0220
42.398,3.804,0,,,,,0,,,,REJOIN,0.781,avoid_cruise,1,0.0,152,0.016,1,0,-1.000,0.05,3.46,0.0230,0.0149
42.418,3.769,0,,,,,0,,,,REJOIN,0.781,avoid_cruise,1,0.0,152,0.006,1,0,0.986,0.05,3.46,0.0431,0.0047
42.438,3.718,0,,,,,0,,,,GLOBAL,0.815,clear,0,0.0,152,0.026,0,0,0.964,0.05,3.46,0.0390,0.0129
42.458,3.675,0,,,,,0,,,,GLOBAL,0.844,clear,0,0.0,152,0.046,0,0,-1.000,0.05,3.46,0.0357,0.0037
42.478,3.627,0,,,,,0,,,,GLOBAL,0.874,clear,0,0.0,152,0.065,0,0,-1.000,0.05,3.46,0.0315,0.0015
42.499,3.595,0,,,,,0,,,,GLOBAL,0.908,clear,0,0.0,152,0.087,0,0,-1.000,0.08,3.45,0.0259,0.0230
42.518,3.566,0,,,,,0,,,,GLOBAL,0.908,clear,0,0.0,152,0.106,0,0,0.955,0.19,3.41,0.0449,0.0168
42.538,3.531,0,,,,,0,,,,GLOBAL,0.940,clear,0,0.0,152,0.126,0,0,-1.000,0.19,3.41,0.0405,0.0066
42.558,3.507,0,,,,,0,,,,GLOBAL,0.977,clear,0,0.0,152,0.146,0,0,-1.000,0.30,3.35,0.0363,0.0078
42.578,3.476,0,,,,,0,,,,GLOBAL,1.000,clear,0,0.0,152,0.166,0,0,-1.000,0.30,3.35,0.0307,0.0021
42.598,3.463,0,,,,,0,,,,GLOBAL,1.000,clear,0,0.0,152,0.186,0,0,-1.000,0.38,3.27,0.0509,0.0222
42.618,3.439,0,,,,,0,,,,GLOBAL,1.000,clear,0,0.0,152,0.206,0,0,-1.000,-1.52,3.86,0.0466,0.0164
42.638,3.411,0,,,,,0,,,,GLOBAL,1.000,clear,0,0.0,152,0.226,0,0,-1.000,1.59,3.98,0.0409,0.0113
42.658,3.385,0,,,,,0,,,,GLOBAL,1.000,clear,0,0.0,152,0.246,0,0,-1.000,1.59,3.98,0.0376,0.0084
42.678,3.364,0,,,,,0,,,1.802,GLOBAL,1.000,clear,0,0.0,152,0.266,0,0,-1.000,4.96,3.86,0.0309,0.0041
42.698,3.360,0,,,,,0,,,1.802,GLOBAL,1.000,clear,0,0.0,152,0.286,0,0,-1.000,5.04,3.82,0.0270,0.0243
42.718,3.382,1,1.722,1.850,-0.294,0.151,1,1.722,1.722,,GLOBAL,1.000,clear,0,0.0,152,0.306,0,0,-1.000,5.04,3.82,0.0469,0.0176
42.738,3.424,0,,,,,0,,,1.674,GLOBAL,1.000,clear,0,0.0,152,0.326,0,0,-1.000,9.00,3.69,0.0393,0.0127
42.758,3.487,0,,,,,0,,,,GLOBAL,1.000,clear,0,0.0,152,0.346,0,0,-1.000,12.63,3.56,0.0357,0.0086
42.778,3.531,0,,,,,0,,,,GLOBAL,1.000,clear,0,0.0,152,0.366,0,0,-1.000,12.63,3.56,0.0315,0.0025
42.798,3.480,0,,,,,0,,,,GLOBAL,1.000,clear,0,0.0,152,0.386,0,0,-1.000,16.25,3.41,0.0257,0.0224
42.818,3.447,0,,,,,0,,,,GLOBAL,1.000,clear,0,0.0,152,0.406,0,0,-1.000,16.85,3.32,0.0457,0.0188
42.838,3.413,0,,,,,0,,,,GLOBAL,1.000,clear,0,0.0,152,0.426,0,0,-1.000,16.85,3.32,0.0416,0.0121
42.858,3.387,0,,,,,0,,,,GLOBAL,1.000,clear,0,0.0,152,0.446,0,0,-1.000,20.88,3.14,0.0361,0.0069
42.878,3.357,0,,,,,0,,,,GLOBAL,1.000,clear,0,0.0,152,0.465,0,0,-1.000,18.89,3.05,0.0315,0.0266
42.898,3.316,0,,,,,0,,,,GLOBAL,1.000,clear,0,0.0,152,0.485,0,0,-1.000,18.89,3.05,0.0258,0.0138
42.918,3.254,0,,,,,0,,,,GLOBAL,1.000,clear,0,0.0,152,0.506,0,0,-1.000,18.44,3.02,0.0465,0.0174
42.938,3.182,0,,,,,0,,,,GLOBAL,1.000,clear,0,0.0,152,0.526,0,0,-1.000,16.97,3.00,0.0419,0.0121
42.958,3.103,0,,,,,0,,,,GLOBAL,1.000,clear,0,0.0,152,0.546,0,0,-1.000,16.97,3.00,0.0365,0.0093
42.980,3.069,0,,,,,0,,,,GLOBAL,1.000,clear,0,0.0,152,0.567,0,0,-1.000,15.66,3.00,0.0337,0.0019
42.998,3.039,0,,,,,0,,,,GLOBAL,1.000,clear,0,0.0,152,0.586,0,0,-1.000,16.19,3.00,0.0267,0.0206
43.018,3.030,0,,,,,0,,,,GLOBAL,1.000,clear,0,0.0,152,0.606,0,0,-1.000,16.19,3.00,0.0466,0.0181
43.038,3.024,0,,,,,0,,,,GLOBAL,1.000,clear,0,0.0,152,0.626,0,0,-1.000,14.81,3.00,0.0413,0.0083
43.058,2.989,0,,,,,0,,,,GLOBAL,1.000,clear,0,0.0,152,0.646,0,0,-1.000,14.81,3.00,0.0370,0.0290
43.080,2.966,0,,,,,0,,,,GLOBAL,1.000,clear,0,0.0,152,0.668,0,0,-1.000,14.04,3.00,0.0345,0.0032
43.099,2.948,0,,,,,0,,,,GLOBAL,1.000,clear,0,0.0,152,0.686,0,0,-1.000,14.50,3.00,0.0530,0.0217
43.118,2.931,0,,,,,0,,,,GLOBAL,1.000,clear,0,0.0,152,0.706,0,0,-1.000,12.33,3.00,0.0460,0.0172
43.138,2.893,0,,,,,0,,,,GLOBAL,1.000,clear,0,0.0,152,0.726,0,0,-1.000,12.33,3.00,0.0416,0.0135
43.158,2.893,0,,,,,0,,,,GLOBAL,1.000,clear,0,0.0,152,0.746,0,0,-1.000,12.43,3.00,0.0367,0.0069
43.178,2.891,0,,,,,0,,,,GLOBAL,1.000,clear,0,0.0,152,0.766,0,0,-1.000,12.75,3.00,0.0318,0.0006
43.202,2.862,0,,,,,0,,,,GLOBAL,1.000,clear,0,0.0,152,0.790,0,0,-1.000,12.75,3.00,0.0559,0.0248
43.218,2.868,0,,,,,0,,,,GLOBAL,1.000,clear,0,0.0,152,0.806,0,0,-1.000,11.62,3.00,0.0471,0.0101
43.238,2.867,0,,,,,0,,,,GLOBAL,1.000,clear,0,0.0,152,0.826,0,0,-1.000,11.53,3.00,0.0436,0.0151
43.258,2.832,0,,,,,0,,,,GLOBAL,1.000,clear,0,0.0,152,0.846,0,0,-1.000,11.53,3.00,0.0370,0.0052
43.278,2.833,0,,,,,0,,,,GLOBAL,1.000,clear,0,0.0,152,0.866,0,0,-1.000,10.93,3.00,0.0331,0.0006
43.299,2.823,0,,,,,0,,,,GLOBAL,1.000,clear,0,0.0,152,0.886,0,0,-1.000,10.93,3.00,0.0279,0.0211
43.318,2.789,0,,,,,0,,,,GLOBAL,1.000,clear,0,0.0,152,0.906,0,0,-1.000,10.24,3.00,0.0471,0.0097
43.338,2.790,0,,,,,0,,,,GLOBAL,1.000,clear,0,0.0,152,0.926,0,0,-1.000,9.68,3.00,0.0431,0.0142
43.359,2.804,0,,,,,0,,,,GLOBAL,1.000,clear,0,0.0,152,0.947,0,0,-1.000,10.81,3.00,0.0384,0.0098
43.380,2.786,0,,,,,0,,,,GLOBAL,1.000,clear,0,0.0,152,0.968,0,0,-1.000,10.81,3.00,0.0342,0.0313
43.399,2.777,0,,,,,0,,,,GLOBAL,1.000,clear,0,0.0,152,0.987,0,0,-1.000,10.88,3.00,0.0528,0.0153
43.419,2.771,0,,,,,0,,,,GLOBAL,1.000,clear,0,0.0,152,1.007,0,0,-1.000,10.88,3.00,0.0438,0.0136
43.438,2.746,0,,,,,0,,,,GLOBAL,1.000,clear,0,0.0,152,1.026,0,0,-1.000,10.86,3.00,0.0421,0.0109
43.458,2.752,0,,,,,0,,,,GLOBAL,1.000,clear,0,0.0,152,1.046,0,0,-1.000,10.87,3.00,0.0376,0.0079
43.480,2.754,0,,,,,0,,,,GLOBAL,1.000,clear,0,0.0,152,1.067,0,0,-1.000,10.94,3.00,0.0338,0.0022
43.498,2.743,0,,,,,0,,,,GLOBAL,1.000,clear,0,0.0,152,1.085,0,0,-1.000,10.94,3.00,0.0272,0.0203
43.518,2.750,0,,,,,0,,,,GLOBAL,1.000,clear,0,0.0,152,1.106,0,0,-1.000,11.71,3.00,0.0476,0.0188
43.538,2.767,0,,,,,0,,,,GLOBAL,1.000,clear,0,0.0,152,1.126,0,0,-1.000,11.64,3.00,0.0421,0.0097
43.558,2.768,0,,,,,0,,,,GLOBAL,1.000,clear,0,0.0,152,1.146,0,0,-1.000,11.64,3.00,0.0389,0.0055
43.578,2.766,0,,,,,0,,,,GLOBAL,1.000,clear,0,0.0,152,1.166,0,0,-1.000,11.98,3.00,0.0320,0.0251
43.602,2.781,0,,,,,0,,,,GLOBAL,1.000,clear,0,0.0,152,1.190,0,0,-1.000,12.23,3.00,0.0563,0.0215
43.618,2.788,0,,,,,0,,,,GLOBAL,1.000,clear,0,0.0,152,1.206,0,0,-1.000,12.23,3.00,0.0486,0.0148
43.638,2.779,0,,,,,0,,,,GLOBAL,1.000,clear,0,0.0,152,1.226,0,0,-1.000,13.62,3.00,0.0422,0.0140
43.658,2.800,0,,,,,0,,,,GLOBAL,1.000,clear,0,0.0,152,1.245,0,0,-1.000,12.83,3.00,0.0369,0.0087
43.678,2.808,0,,,,,0,,,,GLOBAL,1.000,clear,0,0.0,152,1.266,0,0,-1.000,12.83,3.00,0.0323,0.0044
43.704,2.793,0,,,,,0,,,,GLOBAL,1.000,clear,0,0.0,152,1.291,0,0,-1.000,12.90,3.00,0.0577,0.0297
43.718,2.808,0,,,,,0,,,,GLOBAL,1.000,clear,0,0.0,152,1.306,0,0,-1.000,11.96,3.00,0.0472,0.0135
43.738,2.814,1,0.715,0.548,0.703,0.177,1,0.715,0.715,,GLOBAL,1.000,clear,0,0.0,152,1.326,0,0,-1.000,11.96,3.00,0.0416,0.0135
43.758,2.799,1,0.680,0.527,0.682,0.182,1,0.680,0.680,,GLOBAL,1.000,clear,0,0.0,152,1.346,0,0,-1.000,10.30,3.00,0.0377,0.0092
43.778,2.821,1,0.633,0.479,0.651,0.175,1,0.633,0.633,,GLOBAL,1.000,clear,0,0.0,152,1.366,0,0,-1.000,9.98,3.00,0.0318,0.0044
43.798,2.825,1,0.633,0.479,0.651,0.175,1,0.633,0.633,,GLOBAL,1.000,clear,0,0.0,152,1.386,0,0,-1.000,9.98,3.00,0.0519,0.0245
43.818,2.804,1,0.570,0.440,0.631,0.199,1,0.570,0.570,,GLOBAL,1.000,clear,0,0.0,152,1.406,0,0,-1.000,9.47,3.00,0.0475,0.0072
43.838,2.818,0,,,,,0,,,0.532,GLOBAL,1.000,clear,0,0.0,152,1.425,0,0,-1.000,9.39,3.00,0.0355,0.0113
43.858,2.822,0,,,,,0,,,0.504,GLOBAL,1.000,clear,0,0.0,152,1.446,0,0,-1.000,9.39,3.00,0.0376,0.0106
43.878,2.802,1,0.439,0.316,0.556,0.200,1,0.439,0.439,,GLOBAL,1.000,clear,0,0.0,152,1.466,0,0,-1.000,7.28,3.00,0.0337,0.0042
43.900,2.820,1,0.439,0.316,0.556,0.200,1,0.439,0.439,,GLOBAL,1.000,clear,0,0.0,152,1.487,0,0,-1.000,6.52,3.00,0.0296,0.0258
43.919,2.827,0,,,,,0,,,,GLOBAL,1.000,clear,0,0.0,152,1.507,0,0,-1.000,6.52,3.00,0.0491,0.0190
43.938,2.804,0,,,,,0,,,,GLOBAL,1.000,clear,0,0.0,152,1.526,0,0,-1.000,6.34,3.00,0.0437,0.0137
43.958,2.815,0,,,,,0,,,,GLOBAL,1.000,clear,0,0.0,152,1.546,0,0,-1.000,4.56,3.00,0.0366,0.0034
43.978,2.819,0,,,,,0,,,,GLOBAL,1.000,clear,0,0.0,152,1.566,0,0,-1.000,4.56,3.00,0.0323,0.0235
43.999,2.805,0,,,,,1,0.274,0.274,,GLOBAL,1.000,clear,0,0.0,152,1.587,0,0,-1.000,3.40,3.00,0.0275,0.0196
44.018,2.820,0,,,,,0,,,,GLOBAL,1.000,clear,0,0.0,152,1.606,0,0,-1.000,3.41,3.00,0.0461,0.0154
44.038,2.829,0,,,,,0,,,,GLOBAL,1.000,clear,0,0.0,152,1.626,0,0,-1.000,3.41,3.00,0.0424,0.0138
44.058,2.813,0,,,,,0,,,,GLOBAL,1.000,clear,0,0.0,152,1.646,0,0,-1.000,5.09,3.00,0.0386,0.0012
44.078,2.825,0,,,,,0,,,,GLOBAL,1.000,clear,0,0.0,152,1.666,0,0,-1.000,5.08,3.00,0.0331,0.0214
44.099,2.828,0,,,,,0,,,,GLOBAL,1.000,clear,0,0.0,152,1.686,0,0,-1.000,5.08,3.00,0.0534,0.0199
44.118,2.823,0,,,,,0,,,,GLOBAL,1.000,clear,0,0.0,152,1.706,0,0,-1.000,4.12,3.00,0.0486,0.0160
44.139,2.832,0,,,,,0,,,,GLOBAL,1.000,clear,0,0.0,152,1.727,0,0,-1.000,5.35,3.00,0.0436,0.0155
44.159,2.842,0,,,,,0,,,,GLOBAL,1.000,clear,0,0.0,152,1.747,0,0,-1.000,5.35,3.00,0.0397,0.0067
44.179,2.838,0,,,,,0,,,,GLOBAL,1.000,clear,0,0.0,152,1.767,0,0,-1.000,5.59,3.00,0.0317,0.0267
44.198,2.840,0,,,,,0,,,,GLOBAL,1.000,clear,0,0.0,152,1.786,0,0,-1.000,5.59,3.00,0.0269,0.0179
44.218,2.844,0,,,,,0,,,,GLOBAL,1.000,clear,0,0.0,152,1.806,0,0,-1.000,5.77,3.00,0.0471,0.0112
44.238,2.846,0,,,,,0,,,,GLOBAL,1.000,clear,0,0.0,152,1.826,0,0,-1.000,5.49,3.00,0.0433,0.0141
44.258,2.850,0,,,,,0,,,,GLOBAL,1.000,clear,0,0.0,152,1.846,0,0,-1.000,6.52,3.00,0.0373,0.0055
44.278,2.860,0,,,,,0,,,,GLOBAL,1.000,clear,0,0.0,152,1.866,0,0,-1.000,6.52,3.00,0.0297,0.0036
44.299,2.858,0,,,,,0,,,,GLOBAL,1.000,clear,0,0.0,152,1.886,0,0,-1.000,6.52,3.00,0.0505,0.0244
44.318,2.854,0,,,,,0,,,,GLOBAL,1.000,clear,0,0.0,152,1.906,0,0,-1.000,6.05,3.00,0.0422,0.0150
44.338,2.862,0,,,,,0,,,,GLOBAL,1.000,clear,0,0.0,152,1.926,0,0,-1.000,6.05,3.00,0.0419,0.0121
44.358,2.860,0,,,,,0,,,,GLOBAL,1.000,clear,0,0.0,152,1.946,0,0,-1.000,5.92,3.00,0.0379,0.0093
44.378,2.863,0,,,,,0,,,0.658,GLOBAL,1.000,clear,0,0.0,152,1.966,0,0,-1.000,6.06,3.00,0.0338,0.0043
44.398,2.869,0,,,,,0,,,0.658,GLOBAL,1.000,clear,0,0.0,152,1.986,0,0,-1.000,6.06,3.00,0.0279,0.0242
44.418,2.867,0,,,,,0,,,0.531,GLOBAL,1.000,clear,0,0.0,152,2.006,0,0,-1.000,6.02,3.00,0.0486,0.0186
44.438,2.862,0,,,,,0,,,,GLOBAL,1.000,clear,0,0.0,152,2.026,0,0,-1.000,6.14,3.00,0.0421,0.0115
44.458,2.868,0,,,,,0,,,,GLOBAL,1.000,clear,0,0.0,152,2.046,0,0,-1.000,6.14,3.00,0.0383,0.0110
44.478,2.866,0,,,,,0,,,,GLOBAL,1.000,clear,0,0.0,152,2.066,0,0,-1.000,6.63,3.00,0.0338,0.0021
44.498,2.868,0,,,,,0,,,,GLOBAL,1.000,clear,0,0.0,152,2.086,0,0,-1.000,6.77,3.00,0.0283,0.0224
44.519,2.873,0,,,,,0,,,,GLOBAL,1.000,clear,0,0.0,152,2.106,0,0,-1.000,6.77,3.00,0.0490,0.0185
44.538,2.875,0,,,,,0,,,,GLOBAL,1.000,clear,0,0.0,152,2.126,0,0,-1.000,6.91,3.00,0.0426,0.0146
44.558,2.866,0,,,,,0,,,,GLOBAL,1.000,clear,0,0.0,152,2.146,0,0,-1.000,7.06,3.00,0.0383,0.0087
44.582,2.873,0,,,,,0,,,,GLOBAL,1.000,clear,0,0.0,152,2.170,0,0,-1.000,7.06,3.00,0.0364,0.0068
44.598,2.873,0,,,,,0,,,,GLOBAL,1.000,clear,0,0.0,152,2.186,0,0,-1.000,6.88,3.00,0.0284,0.0220
44.618,2.874,0,,,,,0,,,,GLOBAL,1.000,clear,0,0.0,152,2.206,0,0,-1.000,6.95,3.00,0.0488,0.0149
44.638,2.880,0,,,,,0,,,,GLOBAL,1.000,clear,0,0.0,152,2.226,0,0,-1.000,6.95,3.00,0.0432,0.0120
44.658,2.879,0,,,,,0,,,,GLOBAL,1.000,clear,0,0.0,152,2.246,0,0,-1.000,7.62,3.00,0.0388,0.0049
44.678,2.868,0,,,,,0,,,,GLOBAL,1.000,clear,0,0.0,152,2.266,0,0,-1.000,7.26,3.00,0.0333,0.0054
44.698,2.877,0,,,,,0,,,,GLOBAL,1.000,clear,0,0.0,152,2.286,0,0,-1.000,7.26,3.00,0.0533,0.0253
44.718,2.876,0,,,,,0,,,,GLOBAL,1.000,clear,0,0.0,152,2.306,0,0,-1.000,7.79,3.00,0.0492,0.0145
44.738,2.876,0,,,,,0,,,,GLOBAL,1.000,clear,0,0.0,152,2.326,0,0,-1.000,8.75,3.00,0.0430,0.0113
44.758,2.884,0,,,,,0,,,,GLOBAL,1.000,clear,0,0.0,152,2.346,0,0,-1.000,8.75,3.00,0.0392,0.0094
44.778,2.881,0,,,,,0,,,,GLOBAL,1.000,clear,0,0.0,152,2.365,0,0,-1.000,8.68,3.00,0.0329,0.0041
44.798,2.869,0,,,,,0,,,,GLOBAL,1.000,clear,0,0.0,152,2.386,0,0,-1.000,10.00,3.00,0.0292,0.0244
44.818,2.880,0,,,,,0,,,,GLOBAL,1.000,clear,0,0.0,152,2.406,0,0,-1.000,10.00,3.00,0.0495,0.0176
44.838,2.877,0,,,,,0,,,,GLOBAL,1.000,clear,0,0.0,152,2.426,0,0,-1.000,10.30,3.00,0.0419,0.0142
44.858,2.875,0,,,,,0,,,,GLOBAL,1.000,clear,0,0.0,152,2.446,0,0,-1.000,11.92,3.00,0.0390,0.0340
44.882,2.883,0,,,,,0,,,,GLOBAL,1.000,clear,0,0.0,152,2.470,0,0,-1.000,11.92,3.00,0.0360,0.0105
44.902,2.874,0,,,,,0,,,,GLOBAL,1.000,clear,0,0.0,152,2.490,0,0,-1.000,11.45,3.00,0.0561,0.0306
44.918,2.866,0,,,,,0,,,,GLOBAL,1.000,clear,0,0.0,152,2.506,0,0,-1.000,11.99,3.00,0.0495,0.0152
44.938,2.877,0,,,,,0,,,,GLOBAL,1.000,clear,0,0.0,152,2.526,0,0,-1.000,11.99,3.00,0.0420,0.0078
44.958,2.870,0,,,,,0,,,,GLOBAL,1.000,clear,0,0.0,152,2.546,0,0,-1.000,11.72,3.00,0.0385,0.0281
44.978,2.869,0,,,,,0,,,,GLOBAL,1.000,clear,0,0.0,152,2.566,0,0,-1.000,11.79,3.00,0.0322,0.0012
45.001,2.877,0,,,,,0,,,,GLOBAL,1.000,clear,0,0.0,152,2.588,0,0,-1.000,11.79,3.00,0.0309,0.0238
45.018,2.865,0,,,,,0,,,,GLOBAL,1.000,clear,0,0.0,152,2.606,0,0,-1.000,11.80,3.00,0.0483,0.0158
45.038,2.861,0,,,,,0,,,,GLOBAL,1.000,clear,0,0.0,152,2.626,0,0,-1.000,11.59,3.00,0.0440,0.0157
45.058,2.870,0,,,,,0,,,,GLOBAL,1.000,clear,0,0.0,152,2.646,0,0,-1.000,11.59,3.00,0.0331,0.0086
45.078,2.856,0,,,,,0,,,,GLOBAL,1.000,clear,0,0.0,152,2.666,0,0,-1.000,11.58,3.00,0.0337,0.0054
45.098,2.856,0,,,,,0,,,,GLOBAL,1.000,clear,0,0.0,152,2.686,0,0,-1.000,11.58,3.00,0.0540,0.0257
45.118,2.865,0,,,,,0,,,,GLOBAL,1.000,clear,0,0.0,152,2.706,0,0,-1.000,11.38,3.00,0.0486,0.0155
45.138,2.849,0,,,,,0,,,,GLOBAL,1.000,clear,0,0.0,152,2.726,0,0,-1.000,11.22,3.00,0.0448,0.0149
45.158,2.851,0,,,,,0,,,,GLOBAL,1.000,clear,0,0.0,152,2.746,0,0,-1.000,10.32,3.00,0.0385,0.0077
45.178,2.860,0,,,,,0,,,,GLOBAL,1.000,clear,0,0.0,152,2.765,0,0,-1.000,10.32,3.00,0.0327,0.0008
45.198,2.850,0,,,,,0,,,,GLOBAL,1.000,clear,0,0.0,152,2.786,0,0,-1.000,9.16,3.00,0.0287,0.0210
45.218,2.846,0,,,,,0,,,,GLOBAL,1.000,clear,0,0.0,152,2.806,0,0,-1.000,9.67,3.00,0.0490,0.0151
45.245,2.855,0,,,,,0,,,,GLOBAL,1.000,clear,0,0.0,152,2.833,0,0,-1.000,9.67,3.00,0.0499,0.0219
45.258,2.840,0,,,,,0,,,,GLOBAL,1.000,clear,0,0.0,152,2.846,0,0,-1.000,8.38,3.00,0.0389,0.0112
45.279,2.846,0,,,,,0,,,,GLOBAL,1.000,clear,0,0.0,152,2.867,0,0,-1.000,3.59,3.00,0.0357,0.0321
45.302,2.849,0,,,,,0,,,,GLOBAL,1.000,clear,0,0.0,152,2.890,0,0,-1.000,3.59,3.00,0.0336,0.0221
45.318,2.841,0,,,,,0,,,,GLOBAL,1.000,clear,0,0.0,152,2.906,0,0,-1.000,-1.19,3.00,0.0493,0.0142
45.338,2.844,0,,,,,0,,,,GLOBAL,1.000,clear,0,0.0,152,2.926,0,0,-1.000,1.52,3.00,0.0446,0.0147
45.358,2.850,0,,,,,0,,,,GLOBAL,1.000,clear,0,0.0,152,2.946,0,0,-1.000,1.52,3.00,0.0391,0.0113
45.378,2.837,0,,,,,0,,,,GLOBAL,1.000,clear,0,0.0,152,2.966,0,0,-1.000,2.80,3.00,0.0325,0.0044
45.407,2.848,0,,,,,0,,,,GLOBAL,1.000,clear,0,0.0,152,2.995,0,0,-1.000,3.20,3.00,0.0613,0.0332
45.418,2.842,0,,,,,0,,,,GLOBAL,1.000,clear,0,0.0,152,3.006,0,0,-1.000,3.20,3.00,0.0495,0.0104
45.438,2.841,0,,,,,0,,,,GLOBAL,1.000,clear,0,0.0,152,3.026,0,0,-1.000,3.52,3.00,0.0449,0.0137
45.458,2.849,0,,,,,0,,,,GLOBAL,1.000,clear,0,0.0,152,3.046,0,0,-1.000,3.34,3.03,0.0378,0.0082
45.478,2.851,0,,,,,0,,,,GLOBAL,1.000,clear,0,0.0,152,3.065,0,0,-1.000,3.34,3.03,0.0351,0.0280
45.498,2.855,0,,,,,0,,,,GLOBAL,1.000,clear,0,0.0,152,3.086,0,0,-1.000,1.68,3.20,0.0295,0.0169
45.518,2.863,0,,,,,0,,,,GLOBAL,1.000,clear,0,0.0,152,3.106,0,0,-1.000,2.69,3.28,0.0498,0.0148
45.538,2.864,0,,,,,0,,,,GLOBAL,1.000,clear,0,0.0,152,3.126,0,0,-1.000,2.69,3.28,0.0442,0.0101
45.558,2.886,0,,,,,0,,,,GLOBAL,1.000,clear,0,0.0,152,3.146,0,0,-1.000,4.05,3.36,0.0393,0.0091
45.578,2.900,0,,,,,0,,,,GLOBAL,1.000,clear,0,0.0,152,3.165,0,0,-1.000,4.05,3.36,0.0337,0.0025
45.598,2.917,0,,,,,0,,,,GLOBAL,1.000,clear,0,0.0,152,3.185,0,0,-1.000,4.02,3.39,0.0297,0.0225
45.618,2.945,0,,,,,0,,,,GLOBAL,1.000,clear,0,0.0,152,3.206,0,0,-1.000,4.27,3.50,0.0501,0.0125
45.638,2.978,0,,,,,0,,,,GLOBAL,1.000,clear,0,0.0,152,3.226,0,0,-1.000,4.90,3.53,0.0419,0.0132
45.658,3.015,0,,,,,0,,,,GLOBAL,1.000,clear,0,0.0,152,3.245,0,0,-1.000,4.90,3.53,0.0382,0.0081
45.678,3.064,0,,,,,0,,,,GLOBAL,1.000,clear,0,0.0,152,3.266,0,0,-1.000,6.28,3.60,0.0324,0.0285
45.698,3.102,0,,,,,0,,,,GLOBAL,1.000,clear,0,0.0,152,3.286,0,0,-1.000,6.56,3.67,0.0289,0.0175
45.718,3.142,0,,,,,0,,,,GLOBAL,1.000,clear,0,0.0,152,3.306,0,0,-1.000,6.56,3.67,0.0490,0.0129
45.738,3.179,0,,,,,0,,,,GLOBAL,1.000,clear,0,0.0,152,3.326,0,0,-1.000,7.32,3.70,0.0450,0.0150
45.759,3.217,0,,,,,0,,,,GLOBAL,1.000,clear,0,0.0,152,3.346,0,0,-1.000,7.83,3.80,0.0395,0.0128
45.778,3.261,0,,,,,0,,,,GLOBAL,1.000,clear,0,0.0,152,3.366,0,0,-1.000,7.83,3.80,0.0351,0.0050
45.798,3.298,0,,,,,0,,,,GLOBAL,1.000,clear,0,0.0,152,3.386,0,0,-1.000,9.07,3.86,0.0297,0.0030
45.818,3.341,0,,,,,0,,,,GLOBAL,1.000,clear,0,0.0,152,3.406,0,0,-1.000,9.64,3.89,0.0491,0.0223
45.838,3.386,0,,,,,0,,,,GLOBAL,1.000,clear,0,0.0,152,3.426,0,0,-1.000,9.64,3.89,0.0451,0.0160
45.858,3.424,0,,,,,0,,,,GLOBAL,0.998,clear,0,0.0,152,3.446,0,0,-1.000,10.32,3.95,0.0391,0.0051
45.878,3.483,0,,,,,0,,,,GLOBAL,1.000,clear,0,0.0,152,3.466,0,0,-1.000,10.32,3.95,0.0355,0.0068
45.898,3.515,0,,,,,0,,,,GLOBAL,1.000,clear,0,0.0,152,3.486,0,0,-1.000,10.42,4.03,0.0295,0.0017
45.918,3.556,0,,,,,0,,,,GLOBAL,1.000,clear,0,0.0,152,3.506,0,0,-1.000,11.17,4.07,0.0510,0.0218
45.938,3.592,0,,,,,0,,,,GLOBAL,1.000,clear,0,0.0,152,3.526,0,0,-1.000,11.19,4.12,0.0456,0.0160
45.958,3.629,0,,,,,0,,,,GLOBAL,1.000,clear,0,0.0,152,3.546,0,0,-1.000,11.19,4.12,0.0399,0.0127
45.978,3.679,0,,,,,0,,,,GLOBAL,1.000,clear,0,0.0,152,3.566,0,0,-1.000,10.55,4.17,0.0356,0.0067
45.998,3.704,0,,,,,0,,,,GLOBAL,1.000,clear,0,0.0,152,3.586,0,0,-1.000,9.33,4.25,0.0297,0.0027
46.018,3.764,0,,,,,0,,,,GLOBAL,1.000,clear,0,0.0,152,3.606,0,0,-1.000,9.33,4.25,0.0503,0.0234
46.038,3.787,0,,,,,0,,,,GLOBAL,1.000,clear,0,0.0,152,3.626,0,0,-1.000,8.38,4.30,0.0459,0.0151
46.058,3.845,0,,,,,0,,,,GLOBAL,1.000,clear,0,0.0,152,3.646,0,0,-1.000,7.64,4.36,0.0403,0.0127
46.078,3.862,0,,,,,0,,,,GLOBAL,1.000,clear,0,0.0,152,3.666,0,0,-1.000,7.64,4.36,0.0362,0.0076
46.098,3.917,0,,,,,0,,,,GLOBAL,1.000,clear,0,0.0,152,3.686,0,0,-1.000,6.85,4.41,0.0306,0.0008
46.119,3.939,0,,,,,0,,,,GLOBAL,1.000,clear,0,0.0,152,3.707,0,0,-1.000,6.64,4.46,0.0276,0.0219
46.138,3.987,0,,,,,0,,,,GLOBAL,1.000,clear,0,0.0,152,3.726,0,0,-1.000,6.64,4.46,0.0463,0.0126
46.158,4.006,0,,,,,0,,,,GLOBAL,1.000,clear,0,0.0,152,3.746,0,0,-1.000,5.57,4.55,0.0407,0.0115
46.178,4.050,0,,,,,0,,,,GLOBAL,1.000,clear,0,0.0,152,3.766,0,0,-1.000,5.29,4.61,0.0364,0.0076
46.198,4.070,0,,,,,0,,,,GLOBAL,1.000,clear,0,0.0,152,3.786,0,0,-1.000,5.29,4.61,0.0310,0.0018
46.221,4.111,0,,,,,0,,,,GLOBAL,1.000,clear,0,0.0,152,3.809,0,0,-1.000,4.93,4.70,0.0295,0.0243
46.238,4.139,0,,,,,0,,,,GLOBAL,1.000,clear,0,0.0,152,3.826,0,0,-1.000,4.34,4.76,0.0468,0.0168
46.258,4.171,0,,,,,0,,,,GLOBAL,1.000,clear,0,0.0,152,3.846,0,0,1.603,4.34,4.76,0.0409,0.0131
46.278,4.193,1,4.124,4.119,1.022,0.120,1,4.124,4.124,,GLOBAL,1.000,clear,0,0.0,152,3.866,0,0,-1.000,4.22,4.81,0.0369,0.0053
46.298,4.225,1,4.124,4.119,1.022,0.120,1,4.124,4.124,,GLOBAL,1.000,clear,0,0.0,152,3.886,0,0,-1.000,3.91,4.87,0.0311,0.0252
46.318,4.250,1,4.028,4.045,0.905,0.118,1,4.028,4.028,,GLOBAL,1.000,clear,0,0.0,152,3.906,0,0,-1.000,3.91,4.87,0.0513,0.0159
46.338,4.283,1,3.919,3.971,0.763,0.124,1,3.919,3.919,,AVOID,0.987,avoid_cruise,1,0.0,152,3.926,0,0,-1.000,3.04,4.93,0.0473,0.0143
46.358,4.301,0,,,,,0,,,3.845,AVOID,0.970,avoid_cruise,1,20.7,152,3.946,0,0,-1.000,3.04,4.93,0.0416,0.0130
46.382,4.334,1,3.717,3.793,0.628,0.128,1,3.717,3.717,,AVOID,0.951,avoid_cruise,1,20.1,54,0.001,1,0,-1.000,3.06,4.92,0.0403,0.0095
46.399,4.346,1,3.608,3.696,0.571,0.132,1,3.608,3.608,,AVOID,0.951,avoid_cruise,1,19.9,54,0.018,1,0,-1.000,2.34,4.85,0.0323,0.0009
46.420,4.380,1,3.608,3.696,0.571,0.132,1,3.608,3.608,,AVOID,0.933,avoid_cruise,1,19.9,54,0.009,1,0,-1.000,4.67,4.75,0.0540,0.0227
46.439,4.402,1,3.514,3.625,0.361,0.129,1,3.514,3.514,,AVOID,0.920,avoid_cruise,1,19.4,54,0.005,1,0,-1.000,4.67,4.75,0.0473,0.0168
46.459,4.436,1,3.383,3.509,0.410,0.149,1,3.383,3.383,,AVOID,0.904,avoid_cruise,1,17.3,54,0.025,1,0,-1.000,4.04,4.60,0.0427,0.0047
46.478,4.448,1,3.383,3.509,0.410,0.149,1,3.383,3.383,,AVOID,0.889,avoid_cruise,1,17.7,51,0.015,1,0,-1.000,3.99,4.52,0.0363,0.0240
46.498,4.474,1,3.181,3.321,0.302,0.154,1,3.181,3.181,,AVOID,0.889,avoid_cruise,1,16.6,54,0.010,1,0,-1.000,3.99,4.52,0.0322,0.0012
46.519,4.491,1,3.181,3.321,0.302,0.154,1,3.181,3.181,,AVOID,0.870,avoid_cruise,1,16.6,54,0.030,1,0,-1.000,3.90,4.44,0.0268,0.0217
46.540,4.500,1,3.070,3.225,0.230,0.163,1,3.070,3.070,,AVOID,0.857,avoid_cruise,1,16.8,50,0.001,1,0,1.155,3.83,4.35,0.0484,0.0140
46.558,4.520,0,,,,,0,,,2.926,AVOID,0.844,avoid_cruise,1,16.5,50,0.019,1,0,-1.000,3.79,4.29,0.0422,0.0136
46.578,4.543,0,,,,,0,,,2.805,AVOID,0.844,avoid_cruise,1,16.8,45,0.016,1,0,-1.000,3.79,4.29,0.0360,0.0072
46.600,4.564,1,2.726,2.909,0.056,0.183,1,2.726,2.726,,AVOID,0.828,avoid_cruise,1,17.0,41,0.014,1,0,-1.000,3.73,4.14,0.0322,0.0054
46.618,4.577,1,2.726,2.909,0.056,0.183,1,2.726,2.726,,AVOID,0.814,avoid_cruise,1,17.0,41,0.012,1,0,-1.000,3.69,4.07,0.0510,0.0242
46.638,4.582,1,2.608,2.790,0.106,0.183,1,2.608,2.608,,AVOID,0.796,avoid_cruise,1,15.4,41,0.032,1,0,-1.000,3.69,4.07,0.0403,0.0158
46.663,4.584,1,2.515,2.696,0.059,0.182,1,2.515,2.515,,AVOID,0.783,avoid_cruise,1,16.0,41,0.001,1,0,-1.000,3.65,3.98,0.0414,0.0142
46.678,4.569,0,,,,,0,,,2.434,AVOID,0.768,avoid_cruise,1,15.8,41,0.017,1,0,-1.000,3.64,3.91,0.0369,0.0077
46.699,4.546,0,,,,,0,,,2.434,AVOID,0.768,avoid_cruise,1,15.8,38,0.010,1,0,-1.000,3.64,3.91,0.0318,0.0282
46.718,4.496,0,,,,,0,,,2.319,AVOID,0.753,avoid_cruise,1,14.1,37,0.009,1,0,-1.000,3.67,3.84,0.0230,0.0152
46.739,4.414,1,2.197,2.363,-0.052,0.166,1,2.197,2.197,,AVOID,0.740,avoid_cruise,1,13.4,38,0.006,1,0,-1.000,3.72,3.70,0.0437,0.0182
46.762,4.339,1,2.088,2.255,-0.211,0.177,1,2.088,2.088,,AVOID,0.726,avoid_cruise,1,14.2,37,0.004,1,0,-1.000,3.72,3.70,0.0447,0.0138
46.778,4.313,1,1.976,2.155,-0.154,0.185,1,1.976,1.976,,AVOID,0.726,avoid_cruise,1,12.1,37,0.021,1,0,-1.000,3.85,3.63,0.0353,0.0061
46.798,4.308,1,1.976,2.155,-0.154,0.185,1,1.976,1.976,,AVOID,0.726,avoid_cruise,1,12.1,37,0.041,1,0,-1.000,3.85,3.63,0.0313,0.0263
46.818,4.288,1,1.879,2.053,-0.142,0.179,1,1.879,1.879,,AVOID,0.696,avoid_cruise,1,12.9,34,0.015,1,0,-1.000,3.91,3.63,0.0256,0.0196
46.838,4.258,1,1.786,1.938,-0.166,0.158,1,1.786,1.786,,AVOID,0.680,avoid_cruise,1,13.7,36,0.007,1,0,-1.000,3.95,3.48,0.0454,0.0176
46.858,4.210,0,,,,,0,,,1.728,AVOID,0.666,avoid_cruise,1,13.4,32,0.001,1,0,-1.000,3.95,3.48,0.0417,0.0108
46.878,4.173,1,1.608,1.742,-0.245,0.152,1,1.608,1.608,,AVOID,0.666,avoid_cruise,1,12.1,32,0.020,1,0,-1.000,4.07,3.33,0.0357,0.0072
46.898,4.123,1,1.608,1.742,-0.245,0.152,1,1.608,1.608,,AVOID,0.647,avoid_cruise,1,11.8,30,0.014,1,0,-1.000,4.21,3.24,0.0314,0.0270
46.918,4.064,1,1.523,1.642,-0.286,0.144,1,1.523,1.523,,AVOID,0.633,avoid_cruise,1,11.8,31,0.009,1,0,-1.000,4.21,3.24,0.0517,0.0186
46.938,4.002,1,1.522,1.637,-0.323,0.147,1,1.522,1.522,,AVOID,0.619,avoid_cruise,1,10.9,29,0.005,1,0,-1.000,4.29,3.16,0.0457,0.0143
46.958,3.937,1,1.418,1.538,-0.352,0.160,1,1.418,1.418,,AVOID,0.604,avoid_cruise,1,9.7,29,0.025,1,0,-1.000,4.50,3.10,0.0415,0.0090
46.978,3.870,1,1.338,1.449,-0.350,0.153,1,1.338,1.338,,AVOID,0.600,avoid_cruise,1,9.2,30,0.011,1,0,-1.000,4.50,3.10,0.0360,0.0068
46.998,3.797,1,1.251,1.356,-0.367,0.153,1,1.251,1.251,,AVOID,0.600,avoid_cruise,1,9.3,31,0.008,1,0,-1.000,3.45,3.02,0.0304,0.0011
47.018,3.727,1,1.251,1.356,-0.367,0.153,1,1.251,1.251,,AVOID,0.600,avoid_cruise,1,9.3,31,0.002,1,0,-1.000,2.59,3.00,0.0500,0.0206
47.038,3.654,1,1.171,1.266,-0.388,0.153,1,1.171,1.171,,AVOID,0.600,avoid_cruise,1,11.8,30,0.009,1,0,-1.000,2.44,3.00,0.0459,0.0160
47.058,3.575,0,,,,,0,,,1.094,AVOID,0.600,avoid_cruise,1,12.6,24,0.006,1,0,-1.000,2.44,3.00,0.0401,0.0102
47.080,3.507,0,,,,,0,,,1.017,AVOID,0.600,avoid_cruise,1,11.8,21,0.003,1,0,-1.000,5.85,3.00,0.0384,0.0095
47.098,3.430,0,,,,,0,,,0.946,AVOID,0.600,avoid_cruise,1,11.3,21,0.021,1,0,-1.000,5.36,3.00,0.0303,0.0022
47.118,3.356,0,,,,,0,,,0.946,AVOID,0.600,avoid_cruise,1,11.3,21,0.007,1,0,-1.000,5.36,3.00,0.0261,0.0229
47.138,3.277,0,,,,,0,,,0.873,AVOID,0.600,avoid_cruise,1,11.1,21,0.001,1,0,-1.000,4.42,3.00,0.0453,0.0157
47.158,3.200,1,0.818,0.833,-0.483,0.145,1,0.818,0.818,,AVOID,0.600,avoid_cruise,1,10.1,19,0.001,1,0,-1.000,3.52,3.00,0.0405,0.0117
47.178,3.138,1,0.752,0.760,-0.489,0.151,1,0.752,0.752,,AVOID,0.600,avoid_cruise,1,8.8,19,0.021,1,0,-1.000,3.52,3.00,0.0348,0.0064
47.198,3.087,1,0.706,0.678,-0.520,0.148,1,0.706,0.706,,AVOID,0.600,avoid_cruise,1,8.5,19,0.015,1,0,-1.000,4.04,3.00,0.0309,0.0019
47.218,3.042,1,0.706,0.678,-0.520,0.148,1,0.706,0.706,,AVOID,0.600,avoid_cruise,1,8.5,19,0.009,1,0,-1.000,1.83,3.00,0.0253,0.0221
47.238,3.004,1,0.657,0.618,-0.515,0.147,1,0.657,0.657,,AVOID,0.600,avoid_cruise,1,7.2,18,0.009,1,0,-1.000,1.83,3.00,0.0450,0.0161
47.258,2.966,1,0.601,0.544,-0.527,0.156,1,0.601,0.601,,AVOID,0.600,avoid_cruise,1,6.7,18,0.029,1,0,-1.000,3.33,3.00,0.0406,0.0094
47.278,2.941,1,0.568,0.462,-0.548,0.149,1,0.568,0.568,,AVOID,0.600,avoid_cruise,1,6.1,19,0.017,1,0,-1.000,2.14,3.00,0.0302,0.0062
47.298,2.926,1,0.568,0.462,-0.548,0.149,1,0.568,0.568,,AVOID,0.600,avoid_cruise,1,5.3,19,0.037,1,0,-1.000,2.14,3.00,0.0303,0.0263
47.318,2.924,0,,,,,0,,,0.538,AVOID,0.600,avoid_cruise,1,5.3,19,0.009,1,0,-1.000,1.79,3.00,0.0505,0.0197
47.338,2.916,0,,,,,0,,,0.497,AVOID,0.600,avoid_cruise,1,4.6,17,0.008,1,0,-1.000,1.38,3.00,0.0423,0.0151
47.358,2.914,0,,,,,1,0.464,0.464,,AVOID,0.600,avoid_cruise,1,1.4,17,0.002,1,0,-1.000,1.38,3.00,0.0397,0.0085
47.378,2.910,0,,,,,0,,,,AVOID,0.600,avoid_cruise,1,0.4,17,0.021,1,0,-1.000,1.31,3.00,0.0320,0.0057
47.403,2.909,0,,,,,0,,,,AVOID,0.600,avoid_cruise,1,0.4,139,0.001,1,0,-1.000,1.31,3.00,0.0572,0.0310
47.418,2.904,0,,,,,0,,,,AVOID,0.600,avoid_cruise,1,0.1,139,0.005,1,0,-1.000,-6.05,2.99,0.0493,0.0145
47.440,2.895,0,,,,,0,,,,AVOID,0.600,avoid_cruise,1,0.0,139,0.001,1,0,-1.000,-10.71,2.99,0.0478,0.0135
47.461,2.878,0,,,,,0,,,,REJOIN,0.600,avoid_cruise,1,0.0,139,0.001,1,0,-1.000,-10.71,2.99,0.0421,0.0106
47.481,2.860,0,,,,,0,,,,REJOIN,0.600,avoid_cruise,1,0.0,139,0.001,1,0,-1.000,-10.71,2.99,0.0386,0.0095
47.498,2.842,0,,,,,0,,,,REJOIN,0.600,avoid_cruise,1,0.0,139,0.018,1,0,-1.000,-11.01,2.96,0.0301,0.0266
47.519,2.832,0,,,,,0,,,,REJOIN,0.600,avoid_cruise,1,0.0,139,0.002,1,0,-1.000,-10.55,2.96,0.0239,0.0199
47.538,2.834,0,,,,,0,,,,REJOIN,0.600,avoid_cruise,1,0.0,139,0.006,1,0,-1.000,-11.32,2.94,0.0428,0.0171
47.558,2.833,0,,,,,0,,,,REJOIN,0.600,avoid_cruise,1,0.0,139,0.002,1,0,-1.000,-10.27,2.92,0.0406,0.0016
47.582,2.828,0,,,,,0,,,,REJOIN,0.600,avoid_cruise,1,0.0,139,0.001,1,0,-1.000,-10.27,2.92,0.0394,0.0113
47.598,2.824,0,,,,,0,,,,REJOIN,0.600,avoid_cruise,1,0.0,139,0.016,1,0,-1.000,-9.65,2.91,0.0306,0.0265
47.619,2.819,0,,,,,0,,,,REJOIN,0.600,avoid_cruise,1,0.0,139,0.002,1,0,-1.000,-9.63,2.89,0.0515,0.0172
47.644,2.810,0,,,,,0,,,,REJOIN,0.600,avoid_cruise,1,0.0,139,0.001,1,0,-1.000,-9.63,2.89,0.0509,0.0162
47.666,2.800,0,,,,,0,,,,REJOIN,0.600,avoid_cruise,1,0.0,139,0.001,1,0,-1.000,-9.36,2.88,0.0462,0.0170
47.679,2.776,0,,,,,0,,,,REJOIN,0.600,avoid_cruise,1,0.0,139,0.014,1,0,-1.000,-9.41,2.87,0.0358,0.0295
47.706,2.763,0,,,,,0,,,,REJOIN,0.600,avoid_cruise,1,0.0,139,0.001,1,0,-1.000,-9.41,2.87,0.0377,0.0131
47.718,2.747,0,,,,,0,,,,REJOIN,0.600,avoid_cruise,1,0.0,139,0.012,1,0,-1.000,-9.57,2.85,0.0491,0.0112
47.738,2.728,0,,,,,0,,,,REJOIN,0.600,avoid_cruise,1,0.0,139,0.001,1,0,-1.000,-9.57,2.85,0.0430,0.0140
47.769,2.721,0,,,,,0,,,,REJOIN,0.600,avoid_cruise,1,0.0,139,0.002,1,0,-1.000,-9.65,2.85,0.0488,0.0207
47.778,2.726,0,,,,,0,,,,REJOIN,0.600,avoid_cruise,1,0.0,139,0.011,1,0,-1.000,-9.75,2.85,0.0338,0.0050
47.799,2.723,0,,,,,0,,,,REJOIN,0.600,avoid_cruise,1,0.0,139,0.032,1,0,-1.000,-9.75,2.85,0.0306,0.0260
47.825,2.714,0,,,,,0,,,,REJOIN,0.600,avoid_cruise,1,0.0,139,0.001,1,0,-1.000,-9.84,2.85,0.0569,0.0221
47.841,2.720,0,,,,,0,,,,REJOIN,0.600,avoid_cruise,1,0.0,139,0.007,1,0,-1.000,-10.00,2.81,0.0416,0.0154
47.860,2.714,0,,,,,0,,,,REJOIN,0.600,avoid_cruise,1,0.0,139,0.005,1,0,-1.000,-10.00,2.81,0.0394,0.0017
47.931,2.696,0,,,,,0,,,,REJOIN,0.600,avoid_cruise,1,0.0,139,0.001,1,0,-1.000,-10.03,2.79,0.0810,0.0543
47.943,2.693,0,,,,,0,,,,REJOIN,0.600,avoid_cruise,1,0.0,139,0.002,1,0,-1.000,-10.06,2.79,0.0683,0.0118
47.969,2.672,0,,,,,0,,,,REJOIN,0.605,avoid_cruise,1,0.0,139,0.002,1,0,-1.000,-10.17,2.79,0.0483,0.0114
47.986,2.667,0,,,,,0,,,,REJOIN,0.608,avoid_cruise,1,0.0,139,0.001,1,0,-1.000,-10.17,2.79,0.0401,0.0287
48.001,2.655,0,,,,,0,,,,REJOIN,0.610,avoid_cruise,1,0.0,139,0.016,1,0,-1.000,-10.20,2.79,0.0325,0.0145
48.027,2.651,0,,,,,0,,,,REJOIN,0.610,avoid_cruise,1,0.0,139,0.004,1,0,-1.000,-10.20,2.79,0.0583,0.0246
48.048,2.654,0,,,,,0,,,,REJOIN,0.614,avoid_cruise,1,0.0,139,0.001,1,0,-1.000,-10.27,2.80,0.0493,0.0184
48.060,2.633,0,,,,,0,,,,REJOIN,0.616,avoid_cruise,1,0.0,139,0.002,1,0,-1.000,-10.27,2.80,0.0395,0.0296
48.083,2.623,0,,,,,0,,,,REJOIN,0.618,avoid_cruise,1,0.0,139,0.001,1,0,-1.000,-10.26,2.82,0.0390,0.0234
48.098,2.624,0,,,,,0,,,,REJOIN,0.620,avoid_cruise,1,0.0,139,0.016,1,0,-1.000,-10.14,2.83,0.0282,0.0009
48.118,2.619,0,,,,,0,,,,REJOIN,0.620,avoid_cruise,1,0.0,139,0.007,1,0,-1.000,-10.14,2.84,0.0476,0.0203
48.138,2.618,0,,,,,0,,,,REJOIN,0.625,avoid_cruise,1,0.0,139,0.009,1,0,-1.000,-10.14,2.84,0.0423,0.0076
48.158,2.617,0,,,,,0,,,,REJOIN,0.627,avoid_cruise,1,0.0,139,0.003,1,0,-1.000,-10.05,2.85,0.0381,0.0017
48.182,2.623,0,,,,,0,,,,REJOIN,0.610,avoid_cruise,1,0.0,139,0.001,1,0,-1.000,-9.91,2.86,0.0377,0.0252
48.206,2.615,0,,,,,0,,,,REJOIN,0.612,avoid_cruise,1,0.0,139,0.001,1,0,-1.000,-9.76,2.86,0.0367,0.0238
48.218,2.618,0,,,,,0,,,,REJOIN,0.612,avoid_cruise,1,0.0,139,0.013,1,0,-1.000,-9.76,2.86,0.0484,0.0114
48.238,2.632,0,,,,,0,,,,REJOIN,0.614,avoid_cruise,1,0.0,139,0.007,1,0,-1.000,-9.63,2.88,0.0443,0.0065
48.258,2.627,0,,,,,0,,,,REJOIN,0.616,avoid_cruise,1,0.0,139,0.003,1,0,-1.000,-9.71,2.89,0.0384,0.0026
48.278,2.635,0,,,,,0,,,,REJOIN,0.616,avoid_cruise,1,0.0,139,0.023,1,0,-1.000,-9.53,2.80,0.0326,0.0020
48.303,2.647,0,,,,,0,,,,REJOIN,0.620,avoid_cruise,1,0.0,139,0.001,1,0,-1.000,-9.53,2.80,0.0577,0.0271
48.318,2.644,0,,,,,0,,,,REJOIN,0.620,avoid_cruise,1,0.0,139,0.002,1,0,-1.000,-9.49,2.82,0.0490,0.0138
48.342,2.650,0,,,,,0,,,,REJOIN,0.625,avoid_cruise,1,0.0,139,0.001,1,0,-1.000,-9.49,2.82,0.0472,0.0190
48.367,2.652,0,,,,,0,,,,REJOIN,0.627,avoid_cruise,1,3.6,139,0.001,1,0,-1.000,-8.87,2.85,0.0478,0.0172
48.378,2.646,0,,,,,0,,,,REJOIN,0.627,avoid_cruise,1,6.6,139,0.013,1,0,-1.000,-8.62,2.85,0.0338,0.0059
48.399,2.658,0,,,,,0,,,,REJOIN,0.631,avoid_cruise,1,6.6,139,0.007,1,0,-1.000,-7.24,2.84,0.0543,0.0264
48.418,2.657,0,,,,,0,,,,REJOIN,0.631,avoid_cruise,1,10.5,139,0.009,1,0,-1.000,-7.24,2.84,0.0491,0.0174
48.438,2.657,0,,,,,0,,,,REJOIN,0.633,avoid_cruise,1,14.1,139,0.002,1,0,-1.000,-7.45,2.85,0.0424,0.0158
48.460,2.665,0,,,,,0,,,,REJOIN,0.635,avoid_cruise,1,14.1,139,0.001,1,0,-1.000,-7.45,2.85,0.0417,0.0106
48.482,2.666,0,,,,,0,,,,REJOIN,0.638,avoid_cruise,1,20.7,139,0.001,1,0,-1.000,-7.11,2.85,0.0359,0.0097
48.506,2.663,0,,,,,0,,,,REJOIN,0.640,avoid_cruise,1,23.7,139,0.001,1,0,-1.000,-7.39,2.86,0.0376,0.0340
48.518,2.671,0,,,,,0,,,,REJOIN,0.640,avoid_cruise,1,27.4,139,0.013,1,0,-1.000,-7.60,2.87,0.0492,0.0113
48.538,2.673,0,,,,,0,,,,REJOIN,0.642,avoid_cruise,1,30.9,139,0.006,1,0,-1.000,-7.60,2.87,0.0438,0.0157
48.560,2.671,0,,,,,0,,,,REJOIN,0.645,avoid_cruise,1,34.4,139,0.001,1,0,-1.000,-7.60,2.87,0.0420,0.0096
48.581,2.686,0,,,,,0,,,,REJOIN,0.647,avoid_cruise,1,34.4,139,0.001,1,0,-1.000,-6.97,2.88,0.0352,0.0304
48.598,2.681,0,,,,,0,,,,REJOIN,0.647,avoid_cruise,1,38.3,139,0.018,1,0,-1.000,-6.50,2.88,0.0281,0.0166
48.618,2.683,0,,,,,0,,,,REJOIN,0.649,avoid_cruise,1,38.2,139,0.002,1,0,-1.000,-6.22,2.89,0.0478,0.0127
48.641,2.696,0,,,,,0,,,,REJOIN,0.652,avoid_cruise,1,37.2,139,0.001,1,0,-1.000,-6.22,2.89,0.0452,0.0175
48.661,2.696,0,,,,,0,,,,REJOIN,0.652,avoid_cruise,1,37.3,139,0.001,1,0,-1.000,-5.26,2.89,0.0419,0.0143
48.678,2.697,0,,,,,0,,,,REJOIN,0.654,avoid_cruise,1,37.8,139,0.017,1,0,-1.000,-3.54,2.88,0.0321,0.0035
48.698,2.713,0,,,,,0,,,,REJOIN,0.654,avoid_cruise,1,37.8,139,0.009,1,0,-1.000,-2.79,2.86,0.0290,0.0243
48.718,2.708,0,,,,,0,,,,REJOIN,0.657,avoid_cruise,1,45.8,139,0.003,1,0,-1.000,-2.79,2.86,0.0483,0.0183
48.738,2.710,0,,,,,0,,,,GLOBAL,0.682,clear,0,44.8,139,0.023,0,0,-1.000,-2.79,2.86,0.0415,0.0152
48.758,2.723,0,,,,,0,,,,GLOBAL,0.706,clear,0,44.8,139,0.043,0,0,-1.000,-3.77,3.06,0.0385,0.0105
48.778,2.716,0,,,,,0,,,,GLOBAL,0.706,clear,0,44.8,139,0.063,0,0,-1.000,-3.77,3.06,0.0329,0.0052
48.798,2.512,0,,,,,0,,,,GLOBAL,0.706,clear,0,44.8,139,0.083,0,0,-1.000,-3.24,3.14,0.0285,0.0006
48.819,0.448,0,,,,,0,,,,GLOBAL,0.760,clear,0,44.8,139,0.104,0,0,-1.000,-1.99,3.09,0.0254,0.0215
48.838,-0.051,0,,,,,0,,,,GLOBAL,0.772,clear,0,44.8,139,0.123,0,0,-1.000,-1.99,3.09,0.0447,0.0173
48.858,-0.072,0,,,,,0,,,,GLOBAL,0.797,clear,0,44.8,139,0.143,0,0,-1.000,-1.12,3.34,0.0409,0.0119
48.878,-0.133,0,,,,,0,,,,GLOBAL,0.817,clear,0,44.8,139,0.163,0,0,-1.000,3.66,3.37,0.0349,0.0055
48.898,-0.236,0,,,,,0,,,,GLOBAL,0.839,clear,0,44.8,139,0.183,0,0,-1.000,3.66,3.37,0.0306,0.0253
48.919,-0.326,0,,,,,0,,,,GLOBAL,0.839,clear,0,44.8,139,0.205,0,0,-1.000,8.44,3.40,0.0267,0.0189
48.938,-0.366,0,,,,,0,,,,GLOBAL,0.865,clear,0,44.8,139,0.223,0,0,-1.000,13.22,3.47,0.0450,0.0124
48.958,-0.384,0,,,,,0,,,,GLOBAL,0.878,clear,0,44.8,139,0.243,0,0,-1.000,13.22,3.47,0.0389,0.0113
48.978,-0.404,0,,,,,0,,,,GLOBAL,0.906,clear,0,44.8,139,0.263,0,0,-1.000,18.01,3.63,0.0369,0.0080
48.998,-0.388,0,,,,,0,,,,GLOBAL,0.923,clear,0,44.8,139,0.283,0,0,-1.000,21.40,3.75,0.0310,0.0278
49.019,-0.378,0,,,,,0,,,,GLOBAL,0.923,clear,0,44.8,139,0.305,0,0,-1.000,21.40,3.75,0.0287,0.0201
49.038,-0.388,0,,,,,0,,,,GLOBAL,0.946,clear,0,44.8,139,0.323,0,0,-1.000,21.40,3.84,0.0470,0.0162
49.058,-0.378,0,,,,,0,,,,GLOBAL,0.970,clear,0,44.8,139,0.343,0,0,-1.000,21.40,3.93,0.0391,0.0124
49.078,-0.395,0,,,,,0,,,,GLOBAL,0.987,clear,0,44.8,139,0.363,0,0,-1.000,21.40,3.93,0.0355,0.0083
49.098,-0.383,0,,,,,0,,,,GLOBAL,0.987,clear,0,44.8,139,0.383,0,0,-1.000,21.40,4.03,0.0315,0.0028
49.119,-0.377,0,,,,,0,,,,GLOBAL,1.000,clear,0,44.8,139,0.404,0,0,-1.000,21.40,4.16,0.0267,0.0237
49.138,-0.383,0,,,,,0,,,,GLOBAL,1.000,clear,0,44.8,139,0.423,0,0,-1.000,21.40,4.16,0.0460,0.0174
49.158,-0.366,0,,,,,1,0.000,0.000,,GLOBAL,1.000,clear,0,44.8,139,0.443,0,0,-1.000,21.40,4.16,0.0417,0.0125
49.178,-0.371,0,,,,,0,,,,GLOBAL,1.000,clear,0,44.8,139,0.463,0,0,-1.000,21.40,4.16,0.0357,0.0087
49.198,-0.350,0,,,,,0,,,,GLOBAL,1.000,clear,0,44.8,139,0.483,0,0,-1.000,21.40,4.18,0.0317,0.0015
49.219,-0.351,0,,,,,0,,,,GLOBAL,1.000,clear,0,44.8,139,0.504,0,0,-1.000,21.40,4.18,0.0244,0.0224
49.238,-0.319,0,,,,,0,,,,GLOBAL,1.000,clear,0,44.8,139,0.523,0,0,-1.000,21.40,4.18,0.0428,0.0171
49.258,-0.308,0,,,,,0,,,,GLOBAL,1.000,clear,0,44.8,139,0.543,0,0,-1.000,21.40,4.18,0.0407,0.0129
49.278,-0.300,0,,,,,0,,,,GLOBAL,1.000,clear,0,44.8,139,0.563,0,0,-1.000,21.40,4.18,0.0305,0.0074
49.298,-0.277,0,,,,,0,,,,GLOBAL,1.000,clear,0,44.8,139,0.583,0,0,-1.000,21.40,4.18,0.0298,0.0279
49.319,0.027,0,,,,,0,,,,GLOBAL,1.000,clear,0,44.8,139,0.604,0,0,-1.000,21.40,4.18,0.0263,0.0154
49.338,0.162,0,,,,,0,,,,GLOBAL,1.000,clear,0,44.8,139,0.623,0,0,-1.000,21.40,4.18,0.0456,0.0166
49.358,-0.009,0,,,,,0,,,,GLOBAL,1.000,clear,0,44.8,139,0.643,0,0,-1.000,21.40,4.18,0.0407,0.0112
49.378,0.023,0,,,,,0,,,,GLOBAL,1.000,clear,0,44.8,139,0.663,0,0,-1.000,21.40,4.18,0.0369,0.0055
49.398,0.010,0,,,,,0,,,,GLOBAL,1.000,clear,0,44.8,139,0.684,0,0,-1.000,21.40,4.18,0.0317,0.0044
49.418,0.054,0,,,,,0,,,,GLOBAL,1.000,clear,0,44.8,139,0.703,0,0,-1.000,21.40,4.18,0.0514,0.0241
49.438,0.102,0,,,,,0,,,,GLOBAL,1.000,clear,0,44.8,139,0.723,0,0,-1.000,21.40,4.18,0.0468,0.0159
49.458,0.158,0,,,,,0,,,,GLOBAL,1.000,clear,0,44.8,139,0.743,0,0,-1.000,21.40,4.18,0.0386,0.0145
49.478,0.223,0,,,,,0,,,,GLOBAL,1.000,clear,0,44.8,139,0.763,0,0,-1.000,21.40,4.18,0.0370,0.0083
49.499,0.275,0,,,,,0,,,,GLOBAL,1.000,clear,0,44.8,139,0.785,0,0,-1.000,21.40,4.18,0.0330,0.0048
49.518,0.344,0,,,,,0,,,,GLOBAL,1.000,clear,0,44.8,139,0.803,0,0,-1.000,21.40,4.18,0.0275,0.0234
49.538,0.425,0,,,,,0,,,,GLOBAL,1.000,clear,0,44.8,139,0.823,0,0,-1.000,21.40,4.18,0.0475,0.0153
49.558,0.508,0,,,,,0,,,,GLOBAL,1.000,clear,0,44.8,139,0.843,0,0,-1.000,21.40,4.18,0.0415,0.0109
49.578,0.628,0,,,,,0,,,,GLOBAL,1.000,clear,0,44.8,139,0.863,0,0,-1.000,21.40,4.20,0.0356,0.0088
49.598,0.757,0,,,,,0,,,,GLOBAL,1.000,clear,0,44.8,139,0.883,0,0,-1.000,21.40,4.18,0.0316,0.0025
49.618,0.855,0,,,,,0,,,,GLOBAL,1.000,clear,0,44.8,139,0.903,0,0,-1.000,21.40,4.18,0.0224,0.0229
49.638,0.935,0,,,,,0,,,,GLOBAL,1.000,clear,0,44.8,139,0.923,0,0,-1.000,21.40,4.18,0.0421,0.0181
49.659,0.952,0,,,,,0,,,,GLOBAL,1.000,clear,0,44.8,139,0.944,0,0,-1.000,21.40,4.18,0.0429,0.0101
49.678,0.982,0,,,,,0,,,,GLOBAL,1.000,clear,0,44.8,139,0.963,0,0,-1.000,21.40,4.18,0.0360,0.0056
49.699,1.047,0,,,,,0,,,,GLOBAL,1.000,clear,0,44.8,139,0.984,0,0,-1.000,21.40,4.18,0.0327,0.0030
49.718,1.158,0,,,,,0,,,,GLOBAL,1.000,clear,0,44.8,139,1.003,0,0,-1.000,18.41,4.16,0.0267,0.0227
49.739,1.321,0,,,,,0,,,,GLOBAL,1.000,clear,0,44.8,139,1.024,0,0,-1.000,18.41,4.16,0.0469,0.0184
49.759,1.349,0,,,,,0,,,,GLOBAL,1.000,clear,0,44.8,139,1.044,0,0,-1.000,16.76,4.16,0.0429,0.0111
49.778,1.289,0,,,,,0,,,,GLOBAL,1.000,clear,0,44.8,139,1.063,0,0,-1.000,15.37,4.14,0.0365,0.0078
49.798,1.207,0,,,,,0,,,,GLOBAL,1.000,clear,0,44.8,139,1.083,0,0,-1.000,15.37,4.14,0.0316,0.0023
49.818,1.152,0,,,,,0,,,,GLOBAL,1.000,clear,0,44.8,139,1.103,0,0,-1.000,13.06,4.12,0.0262,0.0220
49.838,1.153,0,,,,,0,,,,GLOBAL,1.000,clear,0,44.8,139,1.123,0,0,-1.000,13.28,4.14,0.0470,0.0167
49.858,1.105,0,,,,,0,,,,GLOBAL,1.000,clear,0,44.8,139,1.143,0,0,-1.000,13.28,4.14,0.0417,0.0141
49.878,1.112,0,,,,,0,,,,GLOBAL,1.000,clear,0,44.8,139,1.163,0,0,-1.000,13.38,4.12,0.0366,0.0096
49.898,1.111,0,,,,,0,,,,GLOBAL,1.000,clear,0,44.8,139,1.183,0,0,-1.000,13.97,4.10,0.0324,0.0029
49.919,1.079,0,,,,,0,,,,GLOBAL,1.000,clear,0,44.8,139,1.204,0,0,-1.000,13.97,4.10,0.0537,0.0242
49.938,1.038,0,,,,,0,,,,GLOBAL,1.000,clear,0,44.8,139,1.223,0,0,-1.000,14.98,4.10,0.0446,0.0174
49.958,1.009,0,,,,,0,,,,GLOBAL,1.000,clear,0,44.8,139,1.243,0,0,-1.000,15.61,4.08,0.0384,0.0145
49.978,0.967,0,,,,,0,,,,GLOBAL,1.000,clear,0,44.8,139,1.263,0,0,-1.000,15.61,4.08,0.0369,0.0088
49.998,0.889,0,,,,,0,,,,GLOBAL,1.000,clear,0,44.8,139,1.283,0,0,-1.000,16.14,4.08,0.0314,0.0046
50.019,0.840,0,,,,,0,,,,GLOBAL,1.000,clear,0,44.8,139,1.304,0,0,-1.000,16.98,4.08,0.0522,0.0254
50.038,0.788,0,,,,,0,,,,GLOBAL,1.000,clear,0,44.8,139,1.323,0,0,-1.000,16.98,4.08,0.0472,0.0179
50.058,0.730,0,,,,,0,,,,GLOBAL,1.000,clear,0,44.8,139,1.343,0,0,-1.000,17.07,4.06,0.0415,0.0103
50.078,0.690,0,,,,,0,,,,GLOBAL,1.000,clear,0,44.8,139,1.363,0,0,-1.000,18.05,4.06,0.0360,0.0094
50.098,0.649,0,,,,,0,,,,GLOBAL,1.000,clear,0,44.8,139,1.383,0,0,-1.000,18.05,4.06,0.0320,0.0032
50.118,0.609,0,,,,,0,,,,GLOBAL,1.000,clear,0,44.8,139,1.403,0,1,0.363,17.60,4.04,0.0517,0.0229
50.138,0.545,0,,,,,0,,,,GLOBAL,1.000,clear,0,44.8,139,1.423,0,1,-1.000,19.40,4.04,0.0460,0.0153
50.158,0.523,0,,,,,0,,,,GLOBAL,1.000,clear,0,44.8,139,1.443,0,1,-1.000,19.40,4.04,0.0403,0.0106
50.178,0.487,0,,,,,0,,,,GLOBAL,1.000,clear,0,44.8,139,1.463,0,1,-1.000,19.51,4.04,0.0360,0.0076
50.198,0.447,0,,,,,0,,,,GLOBAL,1.000,clear,0,44.8,139,1.483,0,1,-1.000,20.41,4.04,0.0303,0.0015
50.220,0.434,0,,,,,0,,,,GLOBAL,1.000,clear,0,44.8,139,1.505,0,1,-1.000,20.41,4.04,0.0280,0.0234
50.238,0.393,0,,,,,0,,,,GLOBAL,1.000,clear,0,44.8,139,1.523,0,1,-1.000,21.40,4.12,0.0463,0.0163
50.258,0.384,0,,,,,0,,,,GLOBAL,1.000,clear,0,44.8,139,1.543,0,1,-1.000,21.40,4.12,0.0403,0.0086
50.278,0.348,0,,,,,0,,,,GLOBAL,1.000,clear,0,44.8,139,1.563,0,1,-1.000,21.40,4.12,0.0348,0.0067
50.298,0.338,0,,,,,0,,,,GLOBAL,1.000,clear,0,44.8,139,1.583,0,1,-1.000,21.40,4.12,0.0308,0.0268
50.319,0.322,0,,,,,0,,,,GLOBAL,1.000,clear,0,44.8,139,1.604,0,1,-1.000,21.40,4.12,0.0514,0.0176
50.338,0.290,0,,,,,0,,,,GLOBAL,1.000,clear,0,44.8,139,1.623,0,1,-1.000,21.40,4.12,0.0450,0.0177
50.358,0.288,0,,,,,0,,,,GLOBAL,1.000,clear,0,44.8,139,1.643,0,1,-1.000,21.40,4.12,0.0406,0.0100
50.378,0.263,0,,,,,0,,,,GLOBAL,1.000,clear,0,44.8,139,1.663,0,1,-1.000,21.40,4.12,0.0352,0.0053
50.398,0.235,0,,,,,0,,,,GLOBAL,1.000,clear,0,44.8,139,1.683,0,1,-1.000,21.40,4.12,0.0308,0.0250
50.419,0.240,0,,,,,0,,,,GLOBAL,1.000,clear,0,44.8,139,1.704,0,1,-1.000,21.40,4.12,0.0255,0.0135
50.438,0.218,0,,,,,0,,,,GLOBAL,1.000,clear,0,44.8,139,1.723,0,1,-1.000,21.40,4.12,0.0437,0.0169
50.458,0.198,0,,,,,0,,,,AVOID,0.984,aeb_escape,1,44.8,139,1.743,0,1,-1.000,21.40,4.12,0.0409,0.0103
50.478,0.115,0,,,,,0,,,,AVOID,0.969,aeb_escape,1,44.8,139,1.763,0,1,-1.000,21.40,4.04,0.0352,0.0045
50.498,0.127,0,,,,,0,,,,AVOID,0.952,aeb_escape,1,24.0,139,1.783,0,1,-1.000,21.40,4.06,0.0300,0.0251
50.518,0.128,0,,,,,0,,,,AVOID,0.952,aeb_escape,1,24.0,139,1.803,0,1,-1.000,21.40,4.06,0.0498,0.0193
50.538,0.127,0,,,,,0,,,,AVOID,0.933,aeb_escape,1,23.9,139,1.823,0,0,-1.000,21.40,3.92,0.0424,0.0163
50.558,0.113,0,,,,,0,,,,AVOID,0.918,aeb_escape,1,23.5,139,1.843,0,0,-1.000,21.40,3.83,0.0334,0.0128
50.578,0.014,0,,,,,0,,,,AVOID,0.903,aeb_escape,1,23.8,139,1.863,0,0,-1.000,21.40,3.83,0.0360,0.0069
50.598,0.016,0,,,,,0,,,,AVOID,0.886,aeb_escape,1,23.8,139,1.883,0,0,-1.000,21.40,3.77,0.0299,0.0264
50.618,0.030,0,,,,,0,,,,AVOID,0.886,aeb_escape,1,23.2,139,1.903,0,0,-1.000,21.40,3.70,0.0503,0.0183
50.640,0.000,0,,,,,0,,,,AVOID,0.869,aeb_escape,1,19.2,139,1.925,0,0,-1.000,21.40,3.70,0.0476,0.0127
50.658,0.027,0,,,,,0,,,,AVOID,0.853,aeb_escape,1,18.0,139,1.943,0,0,-1.000,21.40,3.56,0.0400,0.0082
50.678,0.015,0,,,,,0,,,,AVOID,0.831,aeb_escape,1,21.4,139,1.963,0,0,-1.000,21.40,3.50,0.0360,0.0073
50.699,0.001,0,,,,,0,,,,AVOID,0.831,aeb_escape,1,21.4,139,1.984,0,0,-1.000,21.40,3.50,0.0310,0.0279
50.718,0.000,0,,,,,0,,,,AVOID,0.815,aeb_escape,1,22.4,139,2.003,0,0,-1.000,21.40,3.42,0.0505,0.0120
50.739,0.000,0,,,,,0,,,,AVOID,0.803,aeb_escape,1,19.2,139,2.024,0,0,-1.000,21.40,3.42,0.0438,0.0086
50.760,0.000,0,,,,,0,,,,AVOID,0.803,aeb_escape,1,19.2,139,2.045,0,0,-1.000,21.40,3.36,0.0406,0.0301
50.778,0.000,0,,,,,0,,,,AVOID,0.782,aeb_escape,1,23.0,139,2.063,0,0,-1.000,21.40,3.29,0.0328,0.0077
50.798,0.000,0,,,,,0,,,,AVOID,0.782,aeb_escape,1,23.0,139,2.083,0,0,-1.000,21.40,3.29,0.0261,0.0013
50.820,0.000,0,,,,,0,,,,AVOID,0.782,aeb_escape,1,23.2,139,2.105,0,0,-1.000,21.40,3.21,0.0251,0.0238
50.841,0.000,0,,,,,0,,,,AVOID,0.730,aeb_escape,1,23.2,139,2.126,0,0,-1.000,21.40,3.21,0.0461,0.0205
50.858,0.000,0,,,,,0,,,,AVOID,0.714,aeb_escape,1,24.0,139,2.143,0,0,-1.000,21.40,2.99,0.0379,0.0117
50.878,0.000,0,,,,,0,,,,AVOID,0.704,aeb_escape,1,24.0,139,2.163,0,0,-1.000,21.40,2.99,0.0331,0.0066
50.898,0.000,0,,,,,0,,,,AVOID,0.687,aeb_escape,1,24.0,139,2.183,0,0,-1.000,21.40,2.94,0.0304,0.0262
50.923,0.000,0,,,,,0,,,,AVOID,0.687,aeb_escape,1,23.1,139,2.208,0,0,-1.000,21.40,2.83,0.0555,0.0248
50.938,0.000,0,,,,,0,,,,AVOID,0.669,aeb_escape,1,26.4,139,2.223,0,0,-1.000,21.40,2.83,0.0357,0.0145
50.958,0.000,0,,,,,0,,,,AVOID,0.654,aeb_escape,1,23.8,139,2.243,0,0,-1.000,21.40,2.76,0.0326,0.0342
50.978,0.000,0,,,,,0,,,,AVOID,0.637,aeb_escape,1,24.6,139,2.264,0,0,-1.000,21.40,2.69,0.0355,0.0203
50.998,0.000,0,,,,,0,,,,AVOID,0.620,aeb_escape,1,24.6,139,2.283,0,0,-1.000,21.40,2.69,0.0290,0.0105
51.018,0.000,0,,,,,0,,,,AVOID,0.620,aeb_escape,1,24.6,139,2.303,0,0,-1.000,21.40,2.62,0.0493,0.0137
51.038,0.000,0,,,,,0,,,,AVOID,0.598,aeb_escape,1,23.8,139,2.324,0,0,-1.000,21.40,2.56,0.0457,0.0119
51.059,0.000,0,,,,,0,,,,AVOID,0.587,aeb_escape,1,23.6,139,2.344,0,0,-1.000,21.40,2.56,0.0386,0.0067
51.078,0.000,0,,,,,0,,,,AVOID,0.571,aeb_escape,1,23.1,139,2.363,0,0,-1.000,21.40,2.42,0.0356,0.0055
51.099,0.000,0,,,,,0,,,,AVOID,0.571,aeb_escape,1,23.1,139,2.384,0,0,-1.000,21.40,2.35,0.0307,0.0017
51.118,0.000,0,,,,,0,,,,AVOID,0.550,aeb_escape,1,24.0,139,2.403,0,0,-1.000,21.40,2.35,0.0496,0.0206
51.138,0.000,0,,,,,0,,,,AVOID,0.537,aeb_escape,1,27.9,139,2.423,0,0,-1.000,21.40,2.26,0.0443,0.0146
51.158,0.000,0,,,,,0,,,,AVOID,0.519,aeb_escape,1,26.2,139,2.443,0,0,-1.000,21.40,2.21,0.0380,0.0110
51.178,0.000,0,,,,,0,,,,AVOID,0.504,aeb_escape,1,26.2,139,2.463,0,0,-1.000,21.40,2.21,0.0340,0.0065
51.200,0.000,0,,,,,0,,,,AVOID,0.488,aeb_escape,1,26.3,139,2.485,0,0,-1.000,21.40,2.14,0.0323,0.0010
51.218,0.000,0,,,,,0,,,,AVOID,0.488,aeb_escape,1,25.5,139,2.504,0,0,-1.000,21.40,2.01,0.0505,0.0191
51.238,0.000,0,,,,,0,,,,AVOID,0.470,aeb_escape,1,21.6,139,2.523,0,0,-1.000,21.40,2.01,0.0442,0.0168
51.258,0.000,0,,,,,0,,,,AVOID,0.455,aeb_escape,1,22.5,139,2.543,0,0,-1.000,21.40,1.94,0.0400,0.0099
51.278,0.000,0,,,,,0,,,,AVOID,0.455,aeb_escape,1,22.9,139,2.563,0,0,-1.000,21.40,1.87,0.0343,0.0006
51.298,0.000,0,,,,,0,,,,AVOID,0.455,aeb_escape,1,22.9,139,2.583,0,0,-1.000,21.40,1.87,0.0300,0.0204
51.318,0.000,0,,,,,0,,,,AVOID,0.418,aeb_escape,1,26.1,139,2.603,0,0,-1.000,21.40,1.87,0.0500,0.0135
51.338,0.000,0,,,,,0,,,,AVOID,0.404,aeb_escape,1,21.6,139,2.624,0,0,-1.000,21.40,1.66,0.0449,0.0109
51.358,0.000,0,,,,,0,,,,AVOID,0.388,aeb_escape,1,21.6,139,2.643,0,0,-1.000,21.40,1.66,0.0399,0.0070
51.378,0.000,0,,,,,0,,,,AVOID,0.372,aeb_escape,1,21.6,139,2.663,0,0,-1.000,21.40,1.59,0.0345,0.0050
51.399,0.000,0,,,,,0,,,,AVOID,0.372,aeb_escape,1,19.4,139,2.684,0,0,-1.000,21.40,1.53,0.0555,0.0260
51.418,0.000,0,,,,,0,,,,AVOID,0.355,aeb_escape,1,21.9,139,2.703,0,0,-1.000,21.40,1.53,0.0505,0.0161
51.438,0.000,0,,,,,0,,,,AVOID,0.338,aeb_escape,1,22.7,139,2.724,0,0,-1.000,21.40,1.46,0.0452,0.0132
51.458,0.000,0,,,,,0,,,,AVOID,0.318,aeb_escape,1,26.0,139,2.743,0,0,-1.000,21.40,1.46,0.0391,0.0112
51.478,0.000,0,,,,,0,,,,AVOID,0.302,aeb_escape,1,25.2,139,2.763,0,0,-1.000,21.40,1.39,0.0350,0.0065
51.498,0.000,0,,,,,0,,,,AVOID,0.302,aeb_escape,1,25.2,139,2.783,0,0,-1.000,21.40,1.31,0.0295,0.0023
51.518,0.000,0,,,,,0,,,,AVOID,0.286,aeb_escape,1,27.9,139,2.803,0,0,-1.000,21.40,1.24,0.0489,0.0217
51.538,0.000,0,,,,,0,,,,AVOID,0.272,aeb_escape,1,24.2,139,2.823,0,0,-1.000,21.40,1.24,0.0449,0.0153
51.560,0.000,0,,,,,0,,,,AVOID,0.252,aeb_escape,1,23.3,139,2.846,0,0,-1.000,21.40,1.12,0.0409,0.0137
51.581,0.000,0,,,,,0,,,,AVOID,0.252,aeb_escape,1,23.3,139,2.866,0,0,-1.000,21.40,1.12,0.0373,0.0080
51.605,0.000,0,,,,,0,,,,AVOID,0.233,aeb_escape,1,27.6,139,2.890,0,0,-1.000,21.40,1.04,0.0363,0.0019
51.619,0.000,0,,,,,0,,,,AVOID,0.217,aeb_escape,1,24.3,139,2.904,0,0,-1.000,21.40,0.96,0.0506,0.0161
51.638,0.000,0,,,,,0,,,,AVOID,0.200,aeb_escape,1,25.5,139,2.924,0,0,-1.000,21.40,0.89,0.0454,0.0148
51.658,0.000,0,,,,,0,,,,AVOID,0.189,aeb_escape,1,23.7,139,2.943,0,0,-1.000,21.40,0.89,0.0384,0.0102
51.684,0.000,0,,,,,0,,,,AVOID,0.189,aeb_escape,1,24.9,139,2.969,0,0,-1.000,21.40,0.82,0.0382,0.0065
51.698,0.000,0,,,,,0,,,,AVOID,0.177,aeb_escape,1,24.9,139,2.983,0,0,-1.000,21.40,0.78,0.0299,0.0012
51.719,0.000,0,,,,,0,,,,AVOID,0.177,aeb_escape,1,-1.6,139,3.004,0,0,-1.000,21.40,0.78,0.0506,0.0219
51.738,0.000,0,,,,,0,,,,AVOID,0.177,aeb_escape,1,18.7,139,3.023,0,0,-1.000,21.40,0.73,0.0435,0.0165
51.758,0.000,0,,,,,0,,,,AVOID,0.177,aeb_escape,1,26.2,139,3.043,0,0,-1.000,21.40,0.73,0.0397,0.0109
51.778,0.000,0,,,,,0,,,,AVOID,0.177,aeb_escape,1,24.7,139,3.063,0,0,-1.000,21.40,0.73,0.0341,0.0050
51.798,0.000,0,,,,,0,,,,AVOID,0.177,aeb_escape,1,24.7,139,3.083,0,0,-1.000,21.40,0.73,0.0301,0.0252
51.818,0.000,0,,,,,0,,,,AVOID,0.177,aeb_escape,1,23.3,139,3.103,0,0,-1.000,21.40,0.73,0.0500,0.0167
51.847,0.000,0,,,,,0,,,,AVOID,0.177,aeb_escape,1,24.1,139,3.132,0,0,-1.000,21.40,0.73,0.0511,0.0254
51.858,0.000,0,,,,,0,,,,AVOID,0.177,aeb_escape,1,20.9,139,3.143,0,0,-1.000,21.40,0.73,0.0398,0.0060
51.879,0.000,0,,,,,0,,,,AVOID,0.177,aeb_escape,1,23.1,139,3.164,0,0,-1.000,21.40,0.73,0.0330,0.0010
51.898,0.000,0,,,,,0,,,,AVOID,0.177,aeb_escape,1,23.1,139,3.183,0,0,-1.000,21.40,0.73,0.0284,0.0203
51.919,0.000,0,,,,,0,,,,AVOID,0.177,aeb_escape,1,23.7,139,3.204,0,0,-1.000,21.40,0.73,0.0498,0.0161
51.938,0.000,0,,,,,0,,,,AVOID,0.177,aeb_escape,1,25.0,139,3.223,0,0,-1.000,21.40,0.73,0.0424,0.0136
51.958,0.000,0,,,,,0,,,,AVOID,0.177,aeb_escape,1,24.5,139,3.244,0,0,-1.000,21.40,0.73,0.0393,0.0062
51.981,0.000,0,,,,,0,,,,AVOID,0.177,aeb_escape,1,23.4,139,3.266,0,0,-1.000,21.40,0.73,0.0357,0.0079
52.003,0.000,0,,,,,0,,,,AVOID,0.177,aeb_escape,1,23.4,139,3.288,0,0,-1.000,21.40,0.73,0.0337,0.0298
52.021,0.000,0,,,,,0,,,,AVOID,0.177,aeb_escape,1,24.0,139,3.306,0,0,-1.000,21.40,0.73,0.0520,0.0179
52.038,0.000,0,,,,,0,,,,AVOID,0.177,aeb_escape,1,24.9,139,3.323,0,0,-1.000,21.40,0.73,0.0446,0.0149
52.059,0.000,0,,,,,0,,,,AVOID,0.177,aeb_escape,1,25.5,139,3.345,0,0,-1.000,21.40,0.73,0.0407,0.0126
52.078,0.000,0,,,,,0,,,,AVOID,0.177,aeb_escape,1,25.9,139,3.363,0,0,-1.000,21.40,0.73,0.0349,0.0061
52.098,0.000,0,,,,,0,,,,AVOID,0.177,aeb_escape,1,25.9,139,3.383,0,0,-1.000,21.40,0.73,0.0292,0.0260
52.118,0.000,0,,,,,0,,,,AVOID,0.177,aeb_escape,1,24.9,139,3.403,0,0,-1.000,21.40,0.73,0.0492,0.0175
52.138,0.000,0,,,,,0,,,,AVOID,0.177,aeb_escape,1,24.3,139,3.423,0,0,-1.000,21.40,0.73,0.0428,0.0155
52.158,0.000,0,,,,,0,,,,AVOID,0.177,aeb_escape,1,23.3,139,3.443,0,0,-1.000,21.40,0.73,0.0394,0.0070
52.178,0.000,0,,,,,0,,,,AVOID,0.177,aeb_escape,1,24.8,139,3.463,0,0,-1.000,21.40,0.73,0.0336,0.0056
52.198,0.000,0,,,,,0,,,,AVOID,0.177,aeb_escape,1,24.8,139,3.483,0,0,-1.000,21.40,0.73,0.0297,0.0259
52.218,0.000,0,,,,,0,,,,AVOID,0.177,aeb_escape,1,23.5,139,3.503,0,0,-1.000,21.40,0.73,0.0495,0.0165
52.238,0.000,0,,,,,0,,,,AVOID,0.177,aeb_escape,1,25.1,139,3.523,0,0,-1.000,21.40,0.73,0.0437,0.0149
52.258,0.000,0,,,,,0,,,,AVOID,0.177,aeb_escape,1,28.0,139,3.544,0,0,-1.000,21.40,0.73,0.0400,0.0088
52.278,0.000,0,,,,,0,,,,AVOID,0.177,aeb_escape,1,24.4,139,3.564,0,0,-1.000,21.40,0.73,0.0346,0.0066
52.298,0.000,0,,,,,0,,,,AVOID,0.177,aeb_escape,1,24.4,139,3.583,0,0,-1.000,21.40,0.73,0.0299,0.0260
52.319,0.000,0,,,,,0,,,,AVOID,0.177,aeb_escape,1,25.2,139,3.604,0,0,-1.000,21.40,0.73,0.0505,0.0178
52.338,0.000,0,,,,,0,,,,AVOID,0.177,aeb_escape,1,23.5,139,3.623,0,0,-1.000,21.40,0.73,0.0440,0.0145
52.358,0.000,0,,,,,0,,,,AVOID,0.177,aeb_escape,1,20.6,139,3.643,0,0,-1.000,21.40,0.73,0.0385,0.0109
52.378,0.000,0,,,,,0,,,,AVOID,0.177,aeb_escape,1,20.6,139,3.663,0,0,-1.000,21.40,0.73,0.0345,0.0028
52.400,0.000,0,,,,,0,,,,AVOID,0.177,aeb_escape,1,20.6,139,3.685,0,0,-1.000,21.40,0.73,0.0305,0.0010
52.419,0.000,0,,,,,0,,,,AVOID,0.177,aeb_escape,1,-4.3,139,3.704,0,0,-1.000,21.40,0.73,0.0495,0.0199
52.438,0.000,0,,,,,0,,,,AVOID,0.177,aeb_escape,1,16.4,139,3.723,0,0,-1.000,21.40,0.73,0.0443,0.0157
52.458,0.000,0,,,,,0,,,,AVOID,0.177,aeb_escape,1,21.0,139,3.743,0,0,-1.000,21.40,0.73,0.0385,0.0101
52.483,0.000,0,,,,,0,,,,AVOID,0.177,aeb_escape,1,21.0,139,3.768,0,0,-1.000,21.40,0.73,0.0370,0.0070
52.508,0.000,0,,,,,0,,,,AVOID,0.177,aeb_escape,1,23.3,139,3.793,0,0,-1.000,21.40,0.73,0.0391,0.0327
52.523,0.000,0,,,,,0,,,,AVOID,0.177,aeb_escape,1,24.9,139,3.808,0,0,-1.000,21.40,0.73,0.0536,0.0141
52.538,0.000,0,,,,,0,,,,AVOID,0.177,aeb_escape,1,24.9,139,3.824,0,0,-1.000,21.40,0.73,0.0397,0.0109
52.558,0.000,0,,,,,0,,,,AVOID,0.203,avoid_cruise,1,25.4,139,3.843,0,0,-1.000,21.40,0.73,0.0389,0.0087
52.578,0.000,0,,,,,0,,,,AVOID,0.203,avoid_cruise,1,25.4,139,3.863,0,0,-1.000,21.40,0.73,0.0316,0.0044
52.598,0.000,0,,,,,0,,,,AVOID,0.228,avoid_cruise,1,25.4,139,3.883,0,0,-1.000,21.40,0.84,0.0233,0.0244
52.620,0.000,0,,,,,0,,,,GLOBAL,0.255,clear,0,39.4,139,3.905,0,0,-1.000,21.40,0.84,0.0460,0.0190
52.638,0.000,0,,,,,0,,,,GLOBAL,0.264,clear,0,39.4,139,3.923,0,0,-1.000,21.40,0.94,0.0421,0.0142
52.658,0.000,0,,,,,0,,,,GLOBAL,0.287,clear,0,39.4,139,3.943,0,0,-1.000,21.40,1.09,0.0393,0.0064
52.678,0.000,0,,,,,0,,,,GLOBAL,0.305,clear,0,39.4,139,3.963,0,0,-1.000,21.40,1.09,0.0320,0.0037
52.699,0.000,0,,,,,0,,,,GLOBAL,0.328,clear,0,39.4,139,3.984,0,0,-1.000,21.40,1.26,0.0308,0.0252
52.718,0.000,0,,,,,0,,,,GLOBAL,0.328,clear,0,39.4,139,4.003,0,0,-1.000,21.40,1.35,0.0495,0.0144
52.738,0.000,0,,,,,0,,,,GLOBAL,0.350,clear,0,39.4,139,4.023,0,0,-1.000,21.40,1.35,0.0380,0.0114
52.758,0.000,0,,,,,0,,,,GLOBAL,0.372,clear,0,39.4,139,4.043,0,0,-1.000,21.40,1.44,0.0397,0.0083
52.778,0.000,0,,,,,0,,,,GLOBAL,0.372,clear,0,39.4,139,4.063,0,0,-1.000,21.40,1.53,0.0340,0.0056
52.798,0.000,0,,,,,0,,,,GLOBAL,0.372,clear,0,39.4,139,4.083,0,0,-1.000,21.40,1.53,0.0296,0.0254
52.818,0.000,0,,,,,0,,,,GLOBAL,0.426,clear,0,39.4,139,4.103,0,0,-1.000,21.40,1.53,0.0495,0.0182
52.838,0.000,0,,,,,0,,,,GLOBAL,0.438,clear,0,39.4,139,4.123,0,0,-1.000,21.40,1.76,0.0436,0.0143
52.858,0.000,0,,,,,0,,,,GLOBAL,0.460,clear,0,39.4,139,4.143,0,0,-1.000,21.40,1.76,0.0380,0.0082
52.878,0.000,0,,,,,0,,,,GLOBAL,0.482,clear,0,39.4,139,4.163,0,0,-1.000,21.40,1.89,0.0335,0.0011
52.898,0.000,0,,,,,0,,,,GLOBAL,0.506,clear,0,39.4,139,4.183,0,0,-1.000,21.40,1.99,0.0285,0.0215
52.918,0.000,0,,,,,0,,,,GLOBAL,0.506,clear,0,39.4,139,4.203,0,0,-1.000,21.40,1.99,0.0486,0.0164
52.938,0.000,0,,,,,0,,,,GLOBAL,0.528,clear,0,39.4,139,4.223,0,0,-1.000,21.40,2.08,0.0441,0.0142
52.958,0.000,0,,,,,0,,,,GLOBAL,0.551,clear,0,39.4,139,4.243,0,0,-1.000,21.40,2.17,0.0381,0.0070
52.979,0.000,0,,,,,0,,,,GLOBAL,0.572,clear,0,39.4,139,4.264,0,0,-1.000,21.40,2.17,0.0351,0.0050
52.998,0.000,0,,,,,0,,,,GLOBAL,0.593,clear,0,39.4,139,4.283,0,0,-1.000,21.40,2.27,0.0284,0.0240
53.018,0.000,0,,,,,0,,,,GLOBAL,0.593,clear,0,39.4,139,4.303,0,0,-1.000,21.40,2.44,0.0486,0.0183
53.038,0.000,0,,,,,0,,,,GLOBAL,0.617,clear,0,39.4,139,4.323,0,0,-1.000,21.40,2.44,0.0447,0.0148
53.062,0.000,0,,,,,0,,,,GLOBAL,0.640,clear,0,39.4,139,4.347,0,0,-1.000,21.40,2.54,0.0428,0.0114
53.079,0.000,0,,,,,0,,,,GLOBAL,0.663,clear,0,39.4,139,4.364,0,0,-1.000,21.40,2.64,0.0342,0.0023
53.100,0.000,0,,,,,0,,,,GLOBAL,0.681,clear,0,39.4,139,4.385,0,0,-1.000,21.40,2.64,0.0550,0.0231
53.118,0.000,0,,,,,0,,,,GLOBAL,0.681,clear,0,39.4,139,4.403,0,0,-1.000,21.40,2.73,0.0494,0.0154
53.138,0.000,0,,,,,0,,,,GLOBAL,0.705,clear,0,39.4,139,4.423,0,0,-1.000,21.40,2.81,0.0421,0.0162
53.158,0.000,0,,,,,0,,,,GLOBAL,0.726,clear,0,39.4,139,4.443,0,0,-1.000,21.40,2.81,0.0391,0.0088
53.178,0.000,0,,,,,0,,,,GLOBAL,0.749,clear,0,39.4,139,4.463,0,0,-1.000,21.40,2.99,0.0321,0.0057
53.199,0.000,0,,,,,0,,,,GLOBAL,0.770,clear,0,39.4,139,4.484,0,0,-1.000,21.40,3.09,0.0532,0.0268
53.218,0.000,0,,,,,0,,,,GLOBAL,0.770,clear,0,39.4,139,4.503,0,0,-1.000,21.40,3.09,0.0502,0.0166
53.238,0.000,0,,,,,0,,,,GLOBAL,0.796,clear,0,39.4,139,4.523,0,0,-1.000,21.40,3.17,0.0416,0.0158
53.258,0.000,0,,,,,0,,,,GLOBAL,0.814,clear,0,39.4,139,4.544,0,0,-1.000,21.40,3.28,0.0397,0.0092
53.278,0.000,0,,,,,0,,,,GLOBAL,0.814,clear,0,39.4,139,4.563,0,0,-1.000,21.40,3.28,0.0319,0.0032
53.298,0.000,0,,,,,0,,,,GLOBAL,0.860,clear,0,39.4,139,4.583,0,0,-1.000,21.40,3.35,0.0269,0.0234
53.318,0.000,0,,,,,0,,,,GLOBAL,0.860,clear,0,39.4,139,4.603,0,0,-1.000,21.40,3.53,0.0468,0.0153
53.338,0.000,0,,,,,0,,,,GLOBAL,0.881,clear,0,39.4,139,4.624,0,0,-1.000,21.40,3.53,0.0426,0.0132
53.358,0.000,0,,,,,0,,,,GLOBAL,0.906,clear,0,39.4,139,4.643,0,0,-1.000,21.40,3.63,0.0383,0.0082
53.383,0.000,0,,,,,0,,,,GLOBAL,0.926,clear,0,39.4,139,4.668,0,0,-1.000,21.40,3.73,0.0391,0.0334
53.398,0.000,0,,,,,0,,,,GLOBAL,0.926,clear,0,39.4,139,4.683,0,0,-1.000,21.40,3.73,0.0288,0.0016
53.418,0.000,0,,,,,0,,,,GLOBAL,0.947,clear,0,39.4,139,4.703,0,0,-1.000,21.40,3.82,0.0483,0.0211
53.438,0.000,0,,,,,0,,,,GLOBAL,0.971,clear,0,39.4,139,4.723,0,0,-1.000,21.40,3.90,0.0442,0.0114
53.458,0.000,0,,,,,0,,,,GLOBAL,0.993,clear,0,39.4,139,4.743,0,0,-1.000,21.40,3.90,0.0384,0.0092
53.479,0.000,0,,,,,0,,,,GLOBAL,1.000,clear,0,39.4,139,4.764,0,0,-1.000,21.40,4.09,0.0326,0.0058
53.498,0.000,0,,,,,0,,,,GLOBAL,1.000,clear,0,39.4,139,4.783,0,0,-1.000,21.40,4.12,0.0285,0.0250
53.518,0.000,0,,,,,0,,,,GLOBAL,1.000,clear,0,39.4,139,4.803,0,0,-1.000,21.40,4.12,0.0487,0.0186
53.539,0.000,0,,,,,0,,,,GLOBAL,1.000,clear,0,39.4,139,4.824,0,0,-1.000,21.40,4.12,0.0429,0.0154
53.558,0.000,0,,,,,0,,,,GLOBAL,1.000,clear,0,39.4,139,4.843,0,0,-1.000,21.40,4.12,0.0379,0.0094
53.579,0.000,0,,,,,0,,,,GLOBAL,1.000,clear,0,39.4,139,4.864,0,0,-1.000,21.40,4.12,0.0328,0.0021
53.598,0.000,0,,,,,0,,,,GLOBAL,1.000,clear,0,39.4,139,4.883,0,0,-1.000,21.40,4.12,0.0287,0.0210
53.618,0.000,0,,,,,0,,,,GLOBAL,1.000,clear,0,39.4,139,4.903,0,0,-1.000,21.40,4.12,0.0489,0.0135
53.638,0.000,0,,,,,0,,,,GLOBAL,1.000,clear,0,39.4,139,4.923,0,0,-1.000,21.40,4.12,0.0432,0.0110
53.658,0.000,0,,,,,0,,,,GLOBAL,1.000,clear,0,39.4,139,4.943,0,0,-1.000,21.40,4.12,0.0390,0.0058
53.678,0.000,0,,,,,0,,,,GLOBAL,1.000,clear,0,39.4,139,4.963,0,0,-1.000,21.40,4.12,0.0332,0.0042
53.699,0.000,0,,,,,0,,,,GLOBAL,1.000,clear,0,39.4,139,4.984,0,0,-1.000,21.40,4.12,0.0307,0.0257
53.718,0.000,0,,,,,0,,,,GLOBAL,1.000,clear,0,39.4,139,5.003,0,0,-1.000,21.40,4.12,0.0494,0.0150
53.738,0.000,0,,,,,0,,,,GLOBAL,1.000,clear,0,39.4,139,5.023,0,0,-1.000,21.40,4.12,0.0434,0.0114
53.758,0.000,0,,,,,0,,,,GLOBAL,1.000,clear,0,39.4,139,5.043,0,0,-1.000,21.40,4.12,0.0384,0.0079
53.778,0.000,0,,,,,0,,,,GLOBAL,1.000,clear,0,39.4,139,5.063,0,0,-1.000,21.40,4.12,0.0336,0.0045
53.799,0.000,0,,,,,0,,,,GLOBAL,1.000,clear,0,39.4,139,5.084,0,0,-1.000,21.40,4.12,0.0245,0.0255
53.818,0.000,0,,,,,0,,,,GLOBAL,1.000,clear,0,39.4,139,5.103,0,0,-1.000,21.40,4.12,0.0436,0.0166
53.838,0.000,0,,,,,0,,,,GLOBAL,1.000,clear,0,39.4,139,5.123,0,0,-1.000,21.40,4.12,0.0421,0.0151
53.858,0.000,0,,,,,0,,,,GLOBAL,1.000,clear,0,39.4,139,5.143,0,0,-1.000,21.40,4.12,0.0379,0.0095
53.878,0.000,0,,,,,0,,,,GLOBAL,1.000,clear,0,39.4,139,5.163,0,0,-1.000,21.40,4.12,0.0319,0.0013
53.898,0.000,0,,,,,0,,,,GLOBAL,1.000,clear,0,39.4,139,5.184,0,0,-1.000,21.40,4.12,0.0289,0.0222
53.918,0.000,0,,,,,0,,,,GLOBAL,1.000,clear,0,39.4,139,5.203,0,0,-1.000,21.40,4.12,0.0483,0.0156
53.938,0.000,0,,,,,0,,,,GLOBAL,1.000,clear,0,39.4,139,5.223,0,0,-1.000,21.40,4.12,0.0426,0.0108
53.958,0.000,0,,,,,0,,,,GLOBAL,1.000,clear,0,39.4,139,5.243,0,0,-1.000,21.40,4.12,0.0384,0.0074
53.978,0.000,0,,,,,0,,,,GLOBAL,1.000,clear,0,39.4,139,5.263,0,0,-1.000,21.40,4.12,0.0324,0.0030
53.998,0.000,0,,,,,0,,,,GLOBAL,1.000,clear,0,39.4,139,5.283,0,0,-1.000,21.40,4.12,0.0289,0.0016
54.018,0.000,0,,,,,0,,,,GLOBAL,1.000,clear,0,39.4,139,5.303,0,0,-1.000,21.40,4.12,0.0488,0.0215
54.038,0.000,0,,,,,0,,,,GLOBAL,1.000,clear,0,39.4,139,5.323,0,0,-1.000,21.40,4.12,0.0429,0.0150
54.058,0.000,0,,,,,0,,,,GLOBAL,1.000,clear,0,39.4,139,5.343,0,0,-1.000,21.40,4.12,0.0387,0.0114
54.078,0.000,0,,,,,0,,,,GLOBAL,1.000,clear,0,39.4,139,5.363,0,0,-1.000,21.40,4.12,0.0331,0.0007
54.098,0.000,0,,,,,0,,,,GLOBAL,1.000,clear,0,39.4,139,5.383,0,0,-1.000,21.40,4.12,0.0290,0.0205
54.118,0.000,0,,,,,0,,,,GLOBAL,1.000,clear,0,39.4,139,5.403,0,0,-1.000,21.40,4.12,0.0491,0.0178
54.138,0.000,0,,,,,0,,,,GLOBAL,1.000,clear,0,39.4,139,5.423,0,0,-1.000,21.40,4.12,0.0422,0.0150
54.158,0.000,0,,,,,0,,,,GLOBAL,1.000,clear,0,39.4,139,5.443,0,0,-1.000,21.40,4.12,0.0381,0.0080
54.178,0.000,0,,,,,0,,,,GLOBAL,1.000,clear,0,39.4,139,5.463,0,0,-1.000,21.40,4.12,0.0318,0.0055
54.198,0.000,0,,,,,0,,,,GLOBAL,1.000,clear,0,39.4,139,5.483,0,0,-1.000,21.40,4.12,0.0290,0.0252
54.218,0.000,0,,,,,0,,,,GLOBAL,1.000,clear,0,39.4,139,5.503,0,0,-1.000,21.40,4.12,0.0492,0.0168
54.238,0.000,0,,,,,0,,,,GLOBAL,1.000,clear,0,39.4,139,5.523,0,0,-1.000,21.40,4.12,0.0422,0.0111
54.258,0.000,0,,,,,0,,,,GLOBAL,1.000,clear,0,39.4,139,5.543,0,0,-1.000,21.40,4.12,0.0392,0.0060
54.278,0.000,0,,,,,0,,,,GLOBAL,1.000,clear,0,39.4,139,5.563,0,0,-1.000,21.40,4.12,0.0319,0.0053
54.299,0.000,0,,,,,0,,,,GLOBAL,1.000,clear,0,39.4,139,5.585,0,0,-1.000,21.40,4.12,0.0309,0.0015
54.318,0.000,0,,,,,0,,,,GLOBAL,1.000,clear,0,39.4,139,5.603,0,0,-1.000,21.40,4.12,0.0493,0.0199
54.338,0.000,0,,,,,0,,,,GLOBAL,1.000,clear,0,39.4,139,5.623,0,0,-1.000,21.40,4.12,0.0422,0.0157
54.358,0.000,0,,,,,0,,,,GLOBAL,1.000,clear,0,39.4,139,5.643,0,0,-1.000,21.40,4.12,0.0383,0.0082
54.378,0.000,0,,,,,0,,,,GLOBAL,1.000,clear,0,39.4,139,5.663,0,0,-1.000,21.40,4.12,0.0324,0.0283
54.398,0.000,0,,,,,0,,,,GLOBAL,1.000,clear,0,39.4,139,5.683,0,0,-1.000,21.40,4.12,0.0284,0.0182
54.422,0.000,0,,,,,0,,,,GLOBAL,1.000,clear,0,39.4,139,5.707,0,0,-1.000,21.40,4.12,0.0520,0.0180
54.438,0.000,0,,,,,0,,,,GLOBAL,1.000,clear,0,39.4,139,5.723,0,0,-1.000,21.40,4.12,0.0435,0.0113
54.458,0.000,0,,,,,0,,,,GLOBAL,1.000,clear,0,39.4,139,5.743,0,0,-1.000,21.40,4.12,0.0378,0.0102
54.478,0.000,0,,,,,0,,,,GLOBAL,1.000,clear,0,39.4,139,5.763,0,0,-1.000,21.40,4.12,0.0335,0.0050
54.498,0.000,0,,,,,0,,,,GLOBAL,1.000,clear,0,39.4,139,5.783,0,0,-1.000,21.40,4.12,0.0289,0.0012
54.518,0.000,0,,,,,0,,,,GLOBAL,1.000,clear,0,39.4,139,5.803,0,0,-1.000,21.40,4.12,0.0488,0.0212
54.540,0.000,0,,,,,0,,,,GLOBAL,1.000,clear,0,39.4,139,5.825,0,0,-1.000,21.40,4.12,0.0443,0.0150
54.558,0.000,0,,,,,0,,,,GLOBAL,1.000,clear,0,39.4,139,5.843,0,0,-1.000,21.40,4.12,0.0371,0.0063
54.578,0.000,0,,,,,0,,,,GLOBAL,1.000,clear,0,39.4,139,5.863,0,0,-1.000,21.40,4.12,0.0328,0.0264
54.599,0.000,0,,,,,0,,,,GLOBAL,1.000,clear,0,39.4,139,5.884,0,0,-1.000,21.40,4.12,0.0300,0.0183
54.619,0.000,0,,,,,0,,,,GLOBAL,1.000,clear,0,39.4,139,5.904,0,0,-1.000,21.40,4.12,0.0499,0.0180
54.638,0.000,0,,,,,0,,,,GLOBAL,1.000,clear,0,39.4,139,5.923,0,0,-1.000,21.40,4.12,0.0421,0.0123
54.658,0.000,0,,,,,0,,,,GLOBAL,1.000,clear,0,39.4,139,5.943,0,0,-1.000,21.40,4.12,0.0379,0.0062
54.678,0.000,0,,,,,0,,,,GLOBAL,1.000,clear,0,39.4,139,5.963,0,0,-1.000,21.40,4.12,0.0319,0.0057
54.699,0.000,0,,,,,0,,,,GLOBAL,1.000,clear,0,39.4,139,5.984,0,0,-1.000,21.40,4.12,0.0531,0.0268
54.718,0.000,0,,,,,0,,,,GLOBAL,1.000,clear,0,39.4,139,6.003,0,0,-1.000,21.40,4.12,0.0495,0.0169
54.738,0.000,0,,,,,0,,,,GLOBAL,1.000,clear,0,39.4,139,6.023,0,0,-1.000,21.40,4.12,0.0418,0.0148
54.758,0.000,0,,,,,0,,,,GLOBAL,1.000,clear,0,39.4,139,6.043,0,0,-1.000,21.40,4.12,0.0381,0.0105
54.778,0.000,0,,,,,0,,,,GLOBAL,1.000,clear,0,39.4,139,6.063,0,0,-1.000,21.40,4.12,0.0317,0.0067
54.798,0.000,0,,,,,0,,,,GLOBAL,1.000,clear,0,39.4,139,6.083,0,0,-1.000,21.40,4.12,0.0294,0.0011
54.818,0.000,0,,,,,0,,,,GLOBAL,1.000,clear,0,39.4,139,6.103,0,0,-1.000,21.40,4.12,0.0496,0.0212
54.838,0.000,0,,,,,0,,,,GLOBAL,1.000,clear,0,39.4,139,6.123,0,0,-1.000,21.40,4.12,0.0423,0.0146
54.858,0.000,0,,,,,0,,,,GLOBAL,1.000,clear,0,39.4,139,6.143,0,0,-1.000,21.40,4.12,0.0380,0.0085
54.878,0.000,0,,,,,0,,,,GLOBAL,1.000,clear,0,39.4,139,6.163,0,0,-1.000,21.40,4.12,0.0313,0.0054
54.898,0.000,0,,,,,0,,,,GLOBAL,1.000,clear,0,39.4,139,6.183,0,0,-1.000,21.40,4.12,0.0282,0.0009
54.918,0.000,0,,,,,0,,,,GLOBAL,1.000,clear,0,39.4,139,6.203,0,0,-1.000,21.40,4.12,0.0482,0.0208
54.938,0.000,0,,,,,0,,,,GLOBAL,1.000,clear,0,39.4,139,6.223,0,0,-1.000,21.40,4.12,0.0426,0.0145
54.958,0.000,0,,,,,0,,,,GLOBAL,1.000,clear,0,39.4,139,6.243,0,0,-1.000,21.40,4.12,0.0383,0.0113
54.978,0.000,0,,,,,0,,,,GLOBAL,1.000,clear,0,39.4,139,6.263,0,0,-1.000,21.40,4.12,0.0325,0.0052
54.998,0.000,0,,,,,0,,,,GLOBAL,1.000,clear,0,39.4,139,6.283,0,0,-1.000,21.40,4.12,0.0285,0.0252
55.018,0.000,0,,,,,0,,,,GLOBAL,1.000,clear,0,39.4,139,6.303,0,0,-1.000,21.40,4.12,0.0486,0.0185
55.038,0.000,0,,,,,0,,,,GLOBAL,1.000,clear,0,39.4,139,6.323,0,0,-1.000,21.40,4.12,0.0429,0.0093
55.058,0.000,0,,,,,0,,,,GLOBAL,1.000,clear,0,39.4,139,6.343,0,0,-1.000,21.40,4.12,0.0384,0.0085
55.078,0.000,0,,,,,0,,,,GLOBAL,1.000,clear,0,39.4,139,6.363,0,0,-1.000,21.40,4.12,0.0328,0.0285
55.098,0.000,0,,,,,0,,,,GLOBAL,1.000,clear,0,39.4,139,6.383,0,0,-1.000,21.40,4.12,0.0288,0.0178
55.118,0.000,0,,,,,0,,,,GLOBAL,1.000,clear,0,39.4,139,6.403,0,0,-1.000,21.40,4.12,0.0488,0.0172
55.140,0.000,0,,,,,0,,,,GLOBAL,1.000,clear,0,39.4,139,6.425,0,0,-1.000,21.40,4.12,0.0452,0.0173
55.158,0.000,0,,,,,0,,,,GLOBAL,1.000,clear,0,39.4,139,6.443,0,0,-1.000,21.40,4.12,0.0384,0.0074
55.178,0.000,0,,,,,0,,,,GLOBAL,1.000,clear,0,39.4,139,6.463,0,0,-1.000,21.40,4.12,0.0323,0.0008
55.198,0.000,0,,,,,0,,,,GLOBAL,1.000,clear,0,39.4,139,6.483,0,0,-1.000,21.40,4.12,0.0290,0.0204
55.218,0.000,0,,,,,0,,,,GLOBAL,1.000,clear,0,39.4,139,6.503,0,0,-1.000,21.40,4.12,0.0490,0.0115
55.238,0.000,0,,,,,0,,,,GLOBAL,1.000,clear,0,39.4,139,6.523,0,0,-1.000,21.40,4.12,0.0431,0.0160
55.258,0.000,0,,,,,0,,,,GLOBAL,1.000,clear,0,39.4,139,6.543,0,0,-1.000,21.40,4.12,0.0394,0.0086
55.278,0.000,0,,,,,0,,,,GLOBAL,1.000,clear,0,39.4,139,6.563,0,0,-1.000,21.40,4.12,0.0319,0.0055
55.298,0.000,0,,,,,0,,,,GLOBAL,1.000,clear,0,39.4,139,6.583,0,0,-1.000,21.40,4.12,0.0292,0.0256
55.318,0.000,0,,,,,0,,,,GLOBAL,1.000,clear,0,39.4,139,6.603,0,0,-1.000,21.40,4.12,0.0493,0.0154
55.338,0.000,0,,,,,0,,,,GLOBAL,1.000,clear,0,39.4,139,6.623,0,0,-1.000,21.40,4.12,0.0416,0.0073
55.358,0.000,0,,,,,0,,,,GLOBAL,1.000,clear,0,39.4,139,6.643,0,0,-1.000,21.40,4.12,0.0378,0.0088
55.378,0.000,0,,,,,0,,,,GLOBAL,1.000,clear,0,39.4,139,6.663,0,0,-1.000,21.40,4.12,0.0321,0.0057
55.400,0.000,0,,,,,0,,,,GLOBAL,1.000,clear,0,39.4,139,6.685,0,0,-1.000,21.40,4.12,0.0313,0.0276
55.418,0.000,0,,,,,0,,,,GLOBAL,1.000,clear,0,39.4,139,6.703,0,0,-1.000,21.40,4.12,0.0498,0.0163
55.439,0.000,0,,,,,0,,,,GLOBAL,1.000,clear,0,39.4,139,6.724,0,0,-1.000,21.40,4.12,0.0435,0.0162
55.458,0.000,0,,,,,0,,,,GLOBAL,1.000,clear,0,39.4,139,6.744,0,0,-1.000,21.40,4.12,0.0402,0.0073
55.485,0.000,0,,,,,0,,,,GLOBAL,1.000,clear,0,39.4,139,6.770,0,0,-1.000,21.40,4.12,0.0389,0.0335
55.503,0.000,0,,,,,0,,,,GLOBAL,1.000,clear,0,39.4,139,6.788,0,0,-1.000,21.40,4.12,0.0568,0.0164
55.518,0.000,0,,,,,0,,,,GLOBAL,1.000,clear,0,39.4,139,6.803,0,0,-1.000,21.40,4.12,0.0483,0.0148
55.538,0.000,0,,,,,0,,,,GLOBAL,1.000,clear,0,39.4,139,6.823,0,0,-1.000,21.40,4.12,0.0444,0.0085
55.558,0.000,0,,,,,0,,,,GLOBAL,1.000,clear,0,39.4,139,6.843,0,0,-1.000,21.40,4.12,0.0371,0.0088
55.578,0.000,0,,,,,0,,,,GLOBAL,1.000,clear,0,39.4,139,6.863,0,0,-1.000,21.40,4.12,0.0339,0.0285
55.598,0.000,0,,,,,0,,,,GLOBAL,1.000,clear,0,39.4,139,6.883,0,0,-1.000,21.40,4.12,0.0284,0.0008
55.618,0.000,0,,,,,0,,,,GLOBAL,1.000,clear,0,39.4,139,6.903,0,0,-1.000,21.40,4.12,0.0486,0.0210
55.638,0.000,0,,,,,0,,,,GLOBAL,1.000,clear,0,39.4,139,6.923,0,0,-1.000,21.40,4.12,0.0446,0.0138
55.658,0.000,0,,,,,0,,,,GLOBAL,1.000,clear,0,39.4,139,6.943,0,0,-1.000,21.40,4.12,0.0387,0.0111
55.678,0.000,0,,,,,0,,,,GLOBAL,1.000,clear,0,39.4,139,6.963,0,0,-1.000,21.40,4.12,0.0340,0.0042
55.698,0.000,0,,,,,0,,,,GLOBAL,1.000,clear,0,39.4,139,6.983,0,0,-1.000,21.40,4.12,0.0286,0.0240
55.718,0.000,0,,,,,0,,,,GLOBAL,1.000,clear,0,39.4,139,7.003,0,0,-1.000,21.40,4.12,0.0488,0.0155
55.739,0.000,0,,,,,0,,,,GLOBAL,1.000,clear,0,39.4,139,7.024,0,0,-1.000,21.40,4.12,0.0430,0.0163
55.758,0.000,0,,,,,0,,,,GLOBAL,1.000,clear,0,39.4,139,7.043,0,0,-1.000,21.40,4.12,0.0395,0.0088
55.778,0.000,0,,,,,0,,,,GLOBAL,1.000,clear,0,39.4,139,7.063,0,0,-1.000,21.40,4.12,0.0320,0.0037
55.798,0.000,0,,,,,0,,,,GLOBAL,1.000,clear,0,39.4,139,7.083,0,0,-1.000,21.40,4.12,0.0292,0.0240
55.818,0.000,0,,,,,0,,,,GLOBAL,1.000,clear,0,39.4,139,7.103,0,0,-1.000,21.40,4.12,0.0491,0.0191
55.838,0.000,0,,,,,0,,,,GLOBAL,1.000,clear,0,39.4,139,7.123,0,0,-1.000,21.40,4.12,0.0424,0.0164
55.858,0.000,0,,,,,0,,,,GLOBAL,1.000,clear,0,39.4,139,7.143,0,0,-1.000,21.40,4.12,0.0397,0.0076
55.878,0.000,0,,,,,0,,,,GLOBAL,1.000,clear,0,39.4,139,7.163,0,0,-1.000,21.40,4.12,0.0318,0.0049
55.898,0.000,0,,,,,0,,,,GLOBAL,1.000,clear,0,39.4,139,7.183,0,0,-1.000,21.40,4.12,0.0296,0.0007
55.918,0.000,0,,,,,0,,,,GLOBAL,1.000,clear,0,39.4,139,7.203,0,0,-1.000,21.40,4.12,0.0495,0.0206
55.938,0.000,0,,,,,0,,,,GLOBAL,1.000,clear,0,39.4,139,7.223,0,0,-1.000,21.40,4.12,0.0419,0.0152
55.958,0.000,0,,,,,0,,,,GLOBAL,1.000,clear,0,39.4,139,7.243,0,0,-1.000,21.40,4.12,0.0381,0.0112
55.978,0.000,0,,,,,0,,,,GLOBAL,1.000,clear,0,39.4,139,7.263,0,0,-1.000,21.40,4.12,0.0323,0.0041
55.998,0.000,0,,,,,0,,,,GLOBAL,1.000,clear,0,39.4,139,7.283,0,0,-1.000,21.40,4.12,0.0287,0.0014
56.019,0.000,0,,,,,0,,,,GLOBAL,1.000,clear,0,39.4,139,7.304,0,0,-1.000,21.40,4.12,0.0491,0.0218
56.038,0.000,0,,,,,0,,,,GLOBAL,1.000,clear,0,39.4,139,7.323,0,0,-1.000,21.40,4.12,0.0426,0.0124
56.058,0.000,0,,,,,0,,,,GLOBAL,1.000,clear,0,39.4,139,7.343,0,0,-1.000,21.40,4.12,0.0386,0.0087
56.078,0.000,0,,,,,0,,,,GLOBAL,1.000,clear,0,39.4,139,7.363,0,0,-1.000,21.40,4.12,0.0326,0.0056
56.098,0.000,0,,,,,0,,,,GLOBAL,1.000,clear,0,39.4,139,7.383,0,0,-1.000,21.40,4.12,0.0289,0.0019
56.118,0.000,0,,,,,0,,,,GLOBAL,1.000,clear,0,39.4,139,7.403,0,0,-1.000,21.40,4.12,0.0485,0.0214
56.138,0.000,0,,,,,0,,,,GLOBAL,1.000,clear,0,39.4,139,7.423,0,0,-1.000,21.40,4.12,0.0427,0.0158
56.158,0.000,0,,,,,0,,,,GLOBAL,1.000,clear,0,39.4,139,7.443,0,0,-1.000,21.40,4.12,0.0387,0.0110
56.178,0.000,0,,,,,0,,,,GLOBAL,1.000,clear,0,39.4,139,7.463,0,0,-1.000,21.40,4.12,0.0329,0.0056
56.198,0.000,0,,,,,0,,,,GLOBAL,1.000,clear,0,39.4,139,7.483,0,0,-1.000,21.40,4.12,0.0530,0.0257
56.218,0.000,0,,,,,0,,,,GLOBAL,1.000,clear,0,39.4,139,7.503,0,0,-1.000,21.40,4.12,0.0489,0.0181
56.238,0.000,0,,,,,0,,,,GLOBAL,1.000,clear,0,39.4,139,7.523,0,0,-1.000,21.40,4.12,0.0419,0.0141
56.258,0.000,0,,,,,0,,,,GLOBAL,1.000,clear,0,39.4,139,7.543,0,0,-1.000,21.40,4.12,0.0384,0.0033
56.279,0.000,0,,,,,0,,,,GLOBAL,1.000,clear,0,39.4,139,7.564,0,0,-1.000,21.40,4.12,0.0329,0.0243
56.298,0.000,0,,,,,0,,,,GLOBAL,1.000,clear,0,39.4,139,7.583,0,0,-1.000,21.40,4.12,0.0290,0.0169
56.318,0.000,0,,,,,0,,,,GLOBAL,1.000,clear,0,39.4,139,7.603,0,0,-1.000,21.40,4.12,0.0491,0.0149
56.338,0.000,0,,,,,0,,,,GLOBAL,1.000,clear,0,39.4,139,7.623,0,0,-1.000,21.40,4.12,0.0421,0.0146
56.358,0.000,0,,,,,0,,,,GLOBAL,1.000,clear,0,39.4,139,7.643,0,0,-1.000,21.40,4.12,0.0391,0.0092
56.379,0.000,0,,,,,0,,,,GLOBAL,1.000,clear,0,39.4,139,7.664,0,0,-1.000,21.40,4.12,0.0329,0.0077
56.399,0.000,0,,,,,0,,,,GLOBAL,1.000,clear,0,39.4,139,7.684,0,0,-1.000,21.40,4.12,0.0527,0.0275
56.418,0.000,0,,,,,0,,,,GLOBAL,1.000,clear,0,39.4,139,7.703,0,0,-1.000,21.40,4.12,0.0492,0.0176
56.438,0.000,0,,,,,0,,,,GLOBAL,1.000,clear,0,39.4,139,7.723,0,0,-1.000,21.40,4.12,0.0394,0.0160
56.458,0.000,0,,,,,0,,,,GLOBAL,1.000,clear,0,39.4,139,7.743,0,0,-1.000,21.40,4.12,0.0374,0.0093
56.478,0.000,0,,,,,0,,,,GLOBAL,1.000,clear,0,39.4,139,7.763,0,0,-1.000,21.40,4.12,0.0302,0.0063
56.499,0.000,0,,,,,0,,,,GLOBAL,1.000,clear,0,39.4,139,7.784,0,0,-1.000,21.40,4.12,0.0289,0.0272
56.518,0.000,0,,,,,0,,,,GLOBAL,1.000,clear,0,39.4,139,7.803,0,0,-1.000,21.40,4.12,0.0482,0.0189
56.538,0.000,0,,,,,0,,,,GLOBAL,1.000,clear,0,39.4,139,7.823,0,0,-1.000,21.40,4.12,0.0399,0.0142
56.558,0.000,0,,,,,0,,,,GLOBAL,1.000,clear,0,39.4,139,7.843,0,0,-1.000,21.40,4.12,0.0379,0.0107
56.578,0.000,0,,,,,0,,,,GLOBAL,1.000,clear,0,39.4,139,7.863,0,0,-1.000,21.40,4.12,0.0321,0.0040
56.603,0.000,0,,,,,0,,,,GLOBAL,1.000,clear,0,39.4,139,7.888,0,0,-1.000,21.40,4.12,0.0329,0.0019
56.618,0.000,0,,,,,0,,,,GLOBAL,1.000,clear,0,39.4,139,7.903,0,0,-1.000,21.40,4.12,0.0481,0.0170
56.638,0.000,0,,,,,0,,,,GLOBAL,1.000,clear,0,39.4,139,7.923,0,0,-1.000,21.40,4.12,0.0423,0.0152
56.658,0.000,0,,,,,0,,,,GLOBAL,1.000,clear,0,39.4,139,7.943,0,0,-1.000,21.40,4.12,0.0382,0.0102
56.679,0.000,0,,,,,0,,,,GLOBAL,1.000,clear,0,39.4,139,7.964,0,0,-1.000,21.40,4.12,0.0333,0.0048
56.698,0.000,0,,,,,0,,,,GLOBAL,1.000,clear,0,39.4,139,7.983,0,0,-1.000,21.40,4.12,0.0283,0.0012
56.718,0.000,0,,,,,0,,,,GLOBAL,1.000,clear,0,39.4,139,8.003,0,0,-1.000,21.40,4.12,0.0485,0.0213
56.738,0.000,0,,,,,0,,,,GLOBAL,1.000,clear,0,39.4,139,8.023,0,0,-1.000,21.40,4.12,0.0442,0.0154
56.758,0.000,0,,,,,0,,,,GLOBAL,1.000,clear,0,39.4,139,8.043,0,0,-1.000,21.40,4.12,0.0387,0.0113
56.778,0.000,0,,,,,0,,,,GLOBAL,1.000,clear,0,39.4,139,8.063,0,0,-1.000,21.40,4.12,0.0346,0.0057
56.798,0.000,0,,,,,0,,,,GLOBAL,1.000,clear,0,39.4,139,8.083,0,0,-1.000,21.40,4.12,0.0287,0.0256
56.818,0.000,0,,,,,0,,,,GLOBAL,1.000,clear,0,39.4,139,8.103,0,0,-1.000,21.40,4.12,0.0487,0.0176
56.838,0.000,0,,,,,0,,,,GLOBAL,1.000,clear,0,39.4,139,8.123,0,0,-1.000,21.40,4.12,0.0430,0.0105
56.858,0.000,0,,,,,0,,,,GLOBAL,1.000,clear,0,39.4,139,8.143,0,0,-1.000,21.40,4.12,0.0392,0.0052
56.878,0.000,0,,,,,0,,,,GLOBAL,1.000,clear,0,39.4,139,8.163,0,0,-1.000,21.40,4.12,0.0320,0.0248
56.899,0.000,0,,,,,0,,,,GLOBAL,1.000,clear,0,39.4,139,8.184,0,0,-1.000,21.40,4.12,0.0531,0.0199
56.918,0.000,0,,,,,0,,,,GLOBAL,1.000,clear,0,39.4,139,8.203,0,0,-1.000,21.40,4.12,0.0492,0.0183
56.938,0.000,0,,,,,0,,,,GLOBAL,1.000,clear,0,39.4,139,8.223,0,0,-1.000,21.40,4.12,0.0420,0.0104
56.958,0.000,0,,,,,0,,,,GLOBAL,1.000,clear,0,39.4,139,8.243,0,0,-1.000,21.40,4.12,0.0390,0.0028
56.979,0.000,0,,,,,0,,,,GLOBAL,1.000,clear,0,39.4,139,8.264,0,0,-1.000,21.40,4.12,0.0331,0.0244
56.999,0.000,0,,,,,0,,,,GLOBAL,1.000,clear,0,39.4,139,8.284,0,0,-1.000,21.40,4.12,0.0300,0.0168
57.018,0.000,0,,,,,0,,,,GLOBAL,1.000,clear,0,39.4,139,8.303,0,0,-1.000,21.40,4.12,0.0493,0.0069
57.038,0.000,0,,,,,0,,,,GLOBAL,1.000,clear,0,39.4,139,8.323,0,0,-1.000,21.40,4.12,0.0433,0.0147
57.058,0.000,0,,,,,0,,,,GLOBAL,1.000,clear,0,39.4,139,8.343,0,0,-1.000,21.40,4.12,0.0378,0.0104
57.078,0.000,0,,,,,0,,,,GLOBAL,1.000,clear,0,39.4,139,8.363,0,0,-1.000,21.40,4.12,0.0335,0.0009
57.099,0.000,0,,,,,0,,,,GLOBAL,1.000,clear,0,39.4,139,8.384,0,0,-1.000,21.40,4.12,0.0289,0.0218
57.118,0.000,0,,,,,0,,,,GLOBAL,1.000,clear,0,39.4,139,8.403,0,0,-1.000,21.40,4.12,0.0480,0.0159
57.138,0.000,0,,,,,0,,,,GLOBAL,1.000,clear,0,39.4,139,8.423,0,0,-1.000,21.40,4.12,0.0436,0.0102
57.158,0.000,0,,,,,0,,,,GLOBAL,1.000,clear,0,39.4,139,8.443,0,0,-1.000,21.40,4.12,0.0380,0.0070
57.178,0.000,0,,,,,0,,,,GLOBAL,1.000,clear,0,39.4,139,8.463,0,0,-1.000,21.40,4.12,0.0332,0.0048
57.198,0.000,0,,,,,0,,,,GLOBAL,1.000,clear,0,39.4,139,8.483,0,0,-1.000,21.40,4.12,0.0284,0.0250
57.218,0.000,0,,,,,0,,,,GLOBAL,1.000,clear,0,39.4,139,8.503,0,0,-1.000,21.40,4.12,0.0484,0.0180
57.238,0.000,0,,,,,0,,,,GLOBAL,1.000,clear,0,39.4,139,8.523,0,0,-1.000,21.40,4.12,0.0421,0.0148
57.258,0.000,0,,,,,0,,,,GLOBAL,1.000,clear,0,39.4,139,8.543,0,0,-1.000,21.40,4.12,0.0382,0.0085
57.278,0.000,0,,,,,0,,,,GLOBAL,1.000,clear,0,39.4,139,8.563,0,0,-1.000,21.40,4.12,0.0342,0.0049
57.298,0.000,0,,,,,0,,,,GLOBAL,1.000,clear,0,39.4,139,8.583,0,0,-1.000,21.40,4.12,0.0285,0.0247
57.318,0.000,0,,,,,0,,,,GLOBAL,1.000,clear,0,39.4,139,8.603,0,0,-1.000,21.40,4.12,0.0484,0.0181
57.338,0.000,0,,,,,0,,,,GLOBAL,1.000,clear,0,39.4,139,8.623,0,0,-1.000,21.40,4.12,0.0442,0.0147
57.358,0.000,0,,,,,0,,,,GLOBAL,1.000,clear,0,39.4,139,8.643,0,0,-1.000,21.40,4.12,0.0385,0.0087
57.378,0.000,0,,,,,0,,,,GLOBAL,1.000,clear,0,39.4,139,8.663,0,0,-1.000,21.40,4.12,0.0326,0.0051
57.400,0.000,0,,,,,0,,,,GLOBAL,1.000,clear,0,39.4,139,8.685,0,0,-1.000,21.40,4.12,0.0548,0.0272
57.419,0.000,0,,,,,0,,,,GLOBAL,1.000,clear,0,39.4,139,8.704,0,0,-1.000,21.40,4.12,0.0499,0.0182
57.438,0.000,0,,,,,0,,,,GLOBAL,1.000,clear,0,39.4,139,8.723,0,0,-1.000,21.40,4.12,0.0419,0.0150
57.459,0.000,0,,,,,0,,,,GLOBAL,1.000,clear,0,39.4,139,8.744,0,0,-1.000,21.40,4.12,0.0401,0.0094
57.478,0.000,0,,,,,0,,,,GLOBAL,1.000,clear,0,39.4,139,8.763,0,0,-1.000,21.40,4.12,0.0319,0.0019
57.498,0.000,0,,,,,0,,,,GLOBAL,1.000,clear,0,39.4,139,8.783,0,0,-1.000,21.40,4.12,0.0290,0.0219
57.518,0.000,0,,,,,0,,,,GLOBAL,1.000,clear,0,39.4,139,8.803,0,0,-1.000,21.40,4.12,0.0490,0.0158
57.538,0.000,0,,,,,0,,,,GLOBAL,1.000,clear,0,39.4,139,8.823,0,0,-1.000,21.40,4.12,0.0436,0.0157
57.558,0.000,0,,,,,0,,,,GLOBAL,1.000,clear,0,39.4,139,8.843,0,0,-1.000,21.40,4.12,0.0391,0.0068
57.578,0.000,0,,,,,0,,,,GLOBAL,1.000,clear,0,39.4,139,8.863,0,0,-1.000,21.40,4.12,0.0318,0.0058
57.598,0.000,0,,,,,0,,,,GLOBAL,1.000,clear,0,39.4,139,8.884,0,0,-1.000,21.40,4.12,0.0298,0.0265
57.618,0.000,0,,,,,0,,,,GLOBAL,1.000,clear,0,39.4,139,8.903,0,0,-1.000,21.40,4.12,0.0493,0.0160
57.638,0.000,0,,,,,0,,,,GLOBAL,1.000,clear,0,39.4,139,8.923,0,0,-1.000,21.40,4.12,0.0437,0.0120
57.658,0.000,0,,,,,0,,,,GLOBAL,1.000,clear,0,39.4,139,8.943,0,0,-1.000,21.40,4.12,0.0394,0.0069
57.678,0.000,0,,,,,0,,,,GLOBAL,1.000,clear,0,39.4,139,8.963,0,0,-1.000,21.40,4.12,0.0318,0.0023
57.698,0.000,0,,,,,0,,,,GLOBAL,1.000,clear,0,39.4,139,8.983,0,0,-1.000,21.40,4.12,0.0279,0.0010
57.718,0.000,0,,,,,0,,,,GLOBAL,1.000,clear,0,39.4,139,9.003,0,0,-1.000,21.40,4.12,0.0478,0.0209
57.738,0.000,0,,,,,0,,,,GLOBAL,1.000,clear,0,39.4,139,9.023,0,0,-1.000,21.40,4.12,0.0422,0.0153
57.758,0.000,0,,,,,0,,,,GLOBAL,1.000,clear,0,39.4,139,9.043,0,0,-1.000,21.40,4.12,0.0381,0.0092
57.778,0.000,0,,,,,0,,,,GLOBAL,1.000,clear,0,39.4,139,9.063,0,0,-1.000,21.40,4.12,0.0320,0.0027
57.798,0.000,0,,,,,0,,,,GLOBAL,1.000,clear,0,39.4,139,9.083,0,0,-1.000,21.40,4.12,0.0280,0.0228
57.818,0.000,0,,,,,0,,,,GLOBAL,1.000,clear,0,39.4,139,9.103,0,0,-1.000,21.40,4.12,0.0481,0.0178
57.838,0.000,0,,,,,0,,,,GLOBAL,1.000,clear,0,39.4,139,9.123,0,0,-1.000,21.40,4.12,0.0423,0.0140
57.858,0.000,0,,,,,0,,,,GLOBAL,1.000,clear,0,39.4,139,9.143,0,0,-1.000,21.40,4.12,0.0383,0.0099
57.878,0.000,0,,,,,0,,,,GLOBAL,1.000,clear,0,39.4,139,9.163,0,0,-1.000,21.40,4.12,0.0340,0.0020
57.899,0.000,0,,,,,0,,,,GLOBAL,1.000,clear,0,39.4,139,9.184,0,0,-1.000,21.40,4.12,0.0293,0.0231
57.918,0.000,0,,,,,0,,,,GLOBAL,1.000,clear,0,39.4,139,9.203,0,0,-1.000,21.40,4.12,0.0484,0.0188
57.938,0.000,0,,,,,0,,,,GLOBAL,1.000,clear,0,39.4,139,9.223,0,0,-1.000,21.40,4.12,0.0420,0.0154
57.958,0.000,0,,,,,0,,,,GLOBAL,1.000,clear,0,39.4,139,9.243,0,0,-1.000,21.40,4.12,0.0386,0.0090
57.979,0.000,0,,,,,0,,,,GLOBAL,1.000,clear,0,39.4,139,9.264,0,0,-1.000,21.40,4.12,0.0329,0.0007
57.999,0.000,0,,,,,0,,,,GLOBAL,1.000,clear,0,39.4,139,9.284,0,0,-1.000,21.40,4.12,0.0298,0.0205
58.018,0.000,0,,,,,0,,,,GLOBAL,1.000,clear,0,39.4,139,9.303,0,0,-1.000,21.40,4.12,0.0491,0.0103
58.038,0.000,0,,,,,0,,,,GLOBAL,1.000,clear,0,39.4,139,9.324,0,0,-1.000,21.40,4.12,0.0425,0.0148
58.058,0.000,0,,,,,0,,,,GLOBAL,1.000,clear,0,39.4,139,9.343,0,0,-1.000,21.40,4.12,0.0388,0.0085
58.078,0.000,0,,,,,0,,,,GLOBAL,1.000,clear,0,39.4,139,9.363,0,0,-1.000,21.40,4.12,0.0321,0.0059
58.098,0.000,0,,,,,0,,,,GLOBAL,1.000,clear,0,39.4,139,9.383,0,0,-1.000,21.40,4.12,0.0288,0.0256
58.118,0.000,0,,,,,0,,,,GLOBAL,1.000,clear,0,39.4,139,9.403,0,0,-1.000,21.40,4.12,0.0490,0.0101
58.138,0.000,0,,,,,0,,,,GLOBAL,1.000,clear,0,39.4,139,9.423,0,0,-1.000,21.40,4.12,0.0436,0.0124
58.158,0.000,0,,,,,0,,,,GLOBAL,1.000,clear,0,39.4,139,9.443,0,0,-1.000,21.40,4.12,0.0389,0.0106
58.178,0.000,0,,,,,0,,,,GLOBAL,1.000,clear,0,39.4,139,9.463,0,0,-1.000,21.40,4.12,0.0333,0.0052
58.198,0.000,0,,,,,0,,,,GLOBAL,1.000,clear,0,39.4,139,9.483,0,0,-1.000,21.40,4.12,0.0296,0.0258
58.218,0.000,0,,,,,0,,,,GLOBAL,1.000,clear,0,39.4,139,9.503,0,0,-1.000,21.40,4.12,0.0492,0.0184
58.238,0.000,0,,,,,0,,,,GLOBAL,1.000,clear,0,39.4,139,9.523,0,0,-1.000,21.40,4.12,0.0435,0.0133
58.258,0.000,0,,,,,0,,,,GLOBAL,1.000,clear,0,39.4,139,9.543,0,0,-1.000,21.40,4.12,0.0378,0.0102
58.278,0.000,0,,,,,0,,,,GLOBAL,1.000,clear,0,39.4,139,9.563,0,0,-1.000,21.40,4.12,0.0339,0.0012
58.299,0.000,0,,,,,0,,,,GLOBAL,1.000,clear,0,39.4,139,9.584,0,0,-1.000,21.40,4.12,0.0281,0.0224
58.318,0.000,0,,,,,0,,,,GLOBAL,1.000,clear,0,39.4,139,9.603,0,0,-1.000,21.40,4.12,0.0473,0.0111
58.338,0.000,0,,,,,0,,,,GLOBAL,1.000,clear,0,39.4,139,9.623,0,0,-1.000,21.40,4.12,0.0432,0.0147
58.358,0.000,0,,,,,0,,,,GLOBAL,1.000,clear,0,39.4,139,9.643,0,0,-1.000,21.40,4.12,0.0380,0.0084
58.378,0.000,0,,,,,0,,,,GLOBAL,1.000,clear,0,39.4,139,9.663,0,0,-1.000,21.40,4.12,0.0323,0.0049
58.399,0.000,0,,,,,0,,,,GLOBAL,1.000,clear,0,39.4,139,9.684,0,0,-1.000,21.40,4.12,0.0289,0.0007
58.418,0.000,0,,,,,0,,,,GLOBAL,1.000,clear,0,39.4,139,9.703,0,0,-1.000,21.40,4.12,0.0484,0.0201
58.438,0.000,0,,,,,0,,,,GLOBAL,1.000,clear,0,39.4,139,9.724,0,0,-1.000,21.40,4.12,0.0430,0.0153
58.458,0.000,0,,,,,0,,,,GLOBAL,1.000,clear,0,39.4,139,9.743,0,0,-1.000,21.40,4.12,0.0382,0.0111
58.478,0.000,0,,,,,0,,,,GLOBAL,1.000,clear,0,39.4,139,9.763,0,0,-1.000,21.40,4.12,0.0322,0.0308
58.499,0.000,0,,,,,0,,,,GLOBAL,1.000,clear,0,39.4,139,9.784,0,0,-1.000,21.40,4.12,0.0285,0.0192
58.518,0.000,0,,,,,0,,,,GLOBAL,1.000,clear,0,39.4,139,9.803,0,0,-1.000,21.40,4.12,0.0472,0.0151
58.538,0.000,0,,,,,0,,,,GLOBAL,1.000,clear,0,39.4,139,9.823,0,0,-1.000,21.40,4.12,0.0421,0.0142
58.558,0.000,0,,,,,0,,,,GLOBAL,1.000,clear,0,39.4,139,9.843,0,0,-1.000,21.40,4.12,0.0382,0.0084
58.578,0.000,0,,,,,0,,,,GLOBAL,1.000,clear,0,39.4,139,9.863,0,0,-1.000,21.40,4.12,0.0322,0.0056
58.599,0.000,0,,,,,0,,,,GLOBAL,1.000,clear,0,39.4,139,9.884,0,0,-1.000,21.40,4.12,0.0527,0.0261
58.618,0.000,0,,,,,0,,,,GLOBAL,1.000,clear,0,39.4,139,9.903,0,0,-1.000,21.40,4.12,0.0490,0.0165
58.639,0.000,0,,,,,0,,,,GLOBAL,1.000,clear,0,39.4,139,9.924,0,0,-1.000,21.40,4.12,0.0385,0.0130
58.658,0.000,0,,,,,0,,,,GLOBAL,1.000,clear,0,39.4,139,9.943,0,0,-1.000,21.40,4.12,0.0390,0.0073
58.687,0.000,0,,,,,0,,,,GLOBAL,1.000,clear,0,39.4,139,9.973,0,0,-1.000,21.40,4.12,0.0411,0.0099
58.698,0.000,0,,,,,0,,,,GLOBAL,1.000,clear,0,39.4,139,9.983,0,0,-1.000,21.40,4.12,0.0518,0.0206
58.719,0.000,0,,,,,0,,,,GLOBAL,1.000,clear,0,39.4,139,10.004,0,0,-1.000,21.40,4.12,0.0501,0.0184
58.738,0.000,0,,,,,0,,,,GLOBAL,1.000,clear,0,39.4,139,10.023,0,0,-1.000,21.40,4.12,0.0400,0.0055
58.758,0.000,0,,,,,0,,,,GLOBAL,1.000,clear,0,39.4,139,10.043,0,0,-1.000,21.40,4.12,0.0368,0.0079
58.778,0.000,0,,,,,0,,,,GLOBAL,1.000,clear,0,39.4,139,10.063,0,0,-1.000,21.40,4.12,0.0569,0.0279
58.814,0.000,0,,,,,0,,,,GLOBAL,1.000,clear,0,39.4,139,10.099,0,0,-1.000,21.40,4.12,0.0687,0.0340
58.819,0.000,0,,,,,0,,,,GLOBAL,1.000,clear,0,39.4,139,10.104,0,0,-1.000,21.40,4.12,0.0500,0.0018
58.839,0.000,0,,,,,0,,,,GLOBAL,1.000,clear,0,39.4,139,10.124,0,0,-1.000,21.40,4.12,0.0382,0.0124
58.859,0.000,0,,,,,0,,,,GLOBAL,1.000,clear,0,39.4,139,10.144,0,0,-1.000,21.40,4.12,0.0361,0.0008
58.881,0.000,0,,,,,0,,,,GLOBAL,1.000,clear,0,39.4,139,10.166,0,0,-1.000,21.40,4.12,0.0363,0.0062
58.900,0.000,0,,,,,0,,,,GLOBAL,1.000,clear,0,39.4,139,10.185,0,0,-1.000,21.40,4.12,0.0296,0.0251
58.918,0.000,0,,,,,0,,,,GLOBAL,1.000,clear,0,39.4,139,10.203,0,0,-1.000,21.40,4.12,0.0481,0.0169
58.938,0.000,0,,,,,0,,,,GLOBAL,1.000,clear,0,39.4,139,10.223,0,0,-1.000,21.40,4.12,0.0388,0.0095
58.958,0.000,0,,,,,0,,,,GLOBAL,1.000,clear,0,39.4,139,10.243,0,0,-1.000,21.40,4.12,0.0379,0.0094
58.978,0.000,0,,,,,0,,,,GLOBAL,1.000,clear,0,39.4,139,10.263,0,0,-1.000,21.40,4.12,0.0322,0.0295
58.998,0.000,0,,,,,0,,,,GLOBAL,1.000,clear,0,39.4,139,10.283,0,0,-1.000,21.40,4.12,0.0280,0.0160
59.018,0.000,0,,,,,0,,,,GLOBAL,1.000,clear,0,39.4,139,10.303,0,0,-1.000,21.40,4.12,0.0485,0.0158
59.038,0.000,0,,,,,0,,,,GLOBAL,1.000,clear,0,39.4,139,10.323,0,0,-1.000,21.40,4.12,0.0425,0.0153
59.059,0.000,0,,,,,0,,,,GLOBAL,1.000,clear,0,39.4,139,10.344,0,0,-1.000,21.40,4.12,0.0392,0.0114
59.078,0.000,0,,,,,0,,,,GLOBAL,1.000,clear,0,39.4,139,10.363,0,0,-1.000,21.40,4.12,0.0323,0.0054
59.098,0.000,0,,,,,0,,,,GLOBAL,1.000,clear,0,39.4,139,10.383,0,0,-1.000,21.40,4.12,0.0285,0.0006
59.118,0.000,0,,,,,0,,,,GLOBAL,1.000,clear,0,39.4,139,10.403,0,0,-1.000,21.40,4.12,0.0485,0.0206
59.138,0.000,0,,,,,0,,,,GLOBAL,1.000,clear,0,39.4,139,10.423,0,0,-1.000,21.40,4.12,0.0437,0.0118
59.158,0.000,0,,,,,0,,,,GLOBAL,1.000,clear,0,39.4,139,10.444,0,0,-1.000,21.40,4.12,0.0363,0.0102
59.179,0.000,0,,,,,0,,,,GLOBAL,1.000,clear,0,39.4,139,10.464,0,0,-1.000,21.40,4.12,0.0335,0.0025
59.203,0.000,0,,,,,0,,,,GLOBAL,1.000,clear,0,39.4,139,10.488,0,0,-1.000,21.40,4.12,0.0577,0.0267
59.218,0.000,0,,,,,0,,,,GLOBAL,1.000,clear,0,39.4,139,10.503,0,0,-1.000,21.40,4.12,0.0467,0.0120
59.239,0.000,0,,,,,0,,,,GLOBAL,1.000,clear,0,39.4,139,10.524,0,0,-1.000,21.40,4.12,0.0427,0.0139
59.258,0.000,0,,,,,0,,,,GLOBAL,1.000,clear,0,39.4,139,10.543,0,0,-1.000,21.40,4.12,0.0365,0.0075
59.278,0.000,0,,,,,0,,,,GLOBAL,1.000,clear,0,39.4,139,10.563,0,0,-1.000,21.40,4.12,0.0319,0.0028
59.298,0.000,0,,,,,0,,,,GLOBAL,1.000,clear,0,39.4,139,10.583,0,0,-1.000,21.40,4.12,0.0523,0.0232
59.318,0.000,0,,,,,0,,,,GLOBAL,1.000,clear,0,39.4,139,10.604,0,0,-1.000,21.40,4.12,0.0497,0.0133
59.339,0.000,0,,,,,0,,,,GLOBAL,1.000,clear,0,39.4,139,10.624,0,0,-1.000,21.40,4.12,0.0428,0.0115
59.359,0.000,0,,,,,0,,,,GLOBAL,1.000,clear,0,39.4,139,10.645,0,0,-1.000,21.40,4.12,0.0401,0.0073
59.378,0.000,0,,,,,0,,,,GLOBAL,1.000,clear,0,39.4,139,10.663,0,0,-1.000,21.40,4.12,0.0336,0.0028
59.400,0.000,0,,,,,0,,,,GLOBAL,1.000,clear,0,39.4,139,10.685,0,0,-1.000,21.40,4.12,0.0301,0.0250
59.419,0.000,0,,,,,0,,,,GLOBAL,1.000,clear,0,39.4,139,10.704,0,0,-1.000,21.40,4.12,0.0492,0.0188
59.438,0.000,0,,,,,0,,,,GLOBAL,1.000,clear,0,39.4,139,10.723,0,0,-1.000,21.40,4.12,0.0423,0.0142
59.458,0.000,0,,,,,0,,,,GLOBAL,1.000,clear,0,39.4,139,10.743,0,0,-1.000,21.40,4.12,0.0382,0.0065
59.478,0.000,0,,,,,0,,,,GLOBAL,1.000,clear,0,39.4,139,10.763,0,0,-1.000,21.40,4.12,0.0320,0.0018
59.498,0.000,0,,,,,0,,,,GLOBAL,1.000,clear,0,39.4,139,10.783,0,0,-1.000,21.40,4.12,0.0520,0.0219
59.518,0.000,0,,,,,0,,,,GLOBAL,1.000,clear,0,39.4,139,10.803,0,0,-1.000,21.40,4.12,0.0483,0.0142
59.538,0.000,0,,,,,0,,,,GLOBAL,1.000,clear,0,39.4,139,10.823,0,0,-1.000,21.40,4.12,0.0367,0.0138
59.558,0.000,0,,,,,0,,,,GLOBAL,1.000,clear,0,39.4,139,10.843,0,0,-1.000,21.40,4.12,0.0377,0.0070
59.579,0.000,0,,,,,0,,,,GLOBAL,1.000,clear,0,39.4,139,10.864,0,0,-1.000,21.40,4.12,0.0339,0.0010
59.598,0.000,0,,,,,0,,,,GLOBAL,1.000,clear,0,39.4,139,10.883,0,0,-1.000,21.40,4.12,0.0532,0.0203
59.618,0.000,0,,,,,0,,,,GLOBAL,1.000,clear,0,39.4,139,10.903,0,0,-1.000,21.40,4.12,0.0489,0.0168
59.638,0.000,0,,,,,0,,,,GLOBAL,1.000,clear,0,39.4,139,10.923,0,0,-1.000,21.40,4.12,0.0406,0.0119
59.658,0.000,0,,,,,0,,,,GLOBAL,1.000,clear,0,39.4,139,10.943,0,0,-1.000,21.40,4.12,0.0386,0.0080
59.679,0.000,0,,,,,0,,,,GLOBAL,1.000,clear,0,39.4,139,10.964,0,0,-1.000,21.40,4.12,0.0330,0.0289
59.698,0.000,0,,,,,0,,,,GLOBAL,1.000,clear,0,39.4,139,10.983,0,0,-1.000,21.40,4.12,0.0294,0.0157
59.718,0.000,0,,,,,0,,,,GLOBAL,1.000,clear,0,39.4,139,11.003,0,0,-1.000,21.40,4.12,0.0490,0.0159
59.738,0.000,0,,,,,0,,,,GLOBAL,1.000,clear,0,39.4,139,11.023,0,0,-1.000,21.40,4.12,0.0421,0.0156
59.760,0.000,0,,,,,0,,,,GLOBAL,1.000,clear,0,39.4,139,11.045,0,0,-1.000,21.40,4.12,0.0401,0.0010
59.778,0.000,0,,,,,0,,,,GLOBAL,1.000,clear,0,39.4,139,11.063,0,0,-1.000,21.40,4.12,0.0328,0.0025
59.800,0.000,0,,,,,0,,,,GLOBAL,1.000,clear,0,39.4,139,11.085,0,0,-1.000,21.40,4.12,0.0301,0.0238
59.818,0.000,0,,,,,0,,,,GLOBAL,1.000,clear,0,39.4,139,11.103,0,0,-1.000,21.40,4.12,0.0486,0.0143
59.839,0.000,0,,,,,0,,,,GLOBAL,1.000,clear,0,39.4,139,11.124,0,0,-1.000,21.40,4.12,0.0398,0.0125
59.858,0.000,0,,,,,0,,,,GLOBAL,1.000,clear,0,39.4,139,11.143,0,0,-1.000,21.40,4.12,0.0381,0.0045
59.878,0.000,0,,,,,0,,,,GLOBAL,1.000,clear,0,39.4,139,11.163,0,0,-1.000,21.40,4.12,0.0324,0.0249
59.899,0.000,0,,,,,0,,,,GLOBAL,1.000,clear,0,39.4,139,11.184,0,0,-1.000,21.40,4.12,0.0289,0.0179
59.918,0.000,0,,,,,0,,,,GLOBAL,1.000,clear,0,39.4,139,11.203,0,0,-1.000,21.40,4.12,0.0478,0.0146
59.938,0.000,0,,,,,0,,,,GLOBAL,1.000,clear,0,39.4,139,11.223,0,0,-1.000,21.40,4.12,0.0423,0.0115
59.958,0.000,0,,,,,0,,,,GLOBAL,1.000,clear,0,39.4,139,11.243,0,0,-1.000,21.40,4.12,0.0379,0.0055
59.978,0.000,0,,,,,0,,,,GLOBAL,1.000,clear,0,39.4,139,11.263,0,0,-1.000,21.40,4.12,0.0322,0.0257
59.998,0.000,0,,,,,0,,,,GLOBAL,1.000,clear,0,39.4,139,11.283,0,0,-1.000,21.40,4.12,0.0278,0.0169
60.019,0.000,0,,,,,0,,,,GLOBAL,1.000,clear,0,39.4,139,11.304,0,0,-1.000,21.40,4.12,0.0487,0.0206
60.038,0.000,0,,,,,0,,,,GLOBAL,1.000,clear,0,39.4,139,11.323,0,0,-1.000,21.40,4.12,0.0438,0.0151
60.058,0.000,0,,,,,0,,,,GLOBAL,1.000,clear,0,39.4,139,11.343,0,0,-1.000,21.40,4.12,0.0382,0.0110
60.078,0.000,0,,,,,0,,,,GLOBAL,1.000,clear,0,39.4,139,11.363,0,0,-1.000,21.40,4.12,0.0339,0.0043
60.098,0.000,0,,,,,0,,,,GLOBAL,1.000,clear,0,39.4,139,11.383,0,0,-1.000,21.40,4.12,0.0281,0.0242
60.118,0.000,0,,,,,0,,,,GLOBAL,1.000,clear,0,39.4,139,11.403,0,0,-1.000,21.40,4.12,0.0484,0.0199
60.138,0.000,0,,,,,0,,,,GLOBAL,1.000,clear,0,39.4,139,11.423,0,0,-1.000,21.40,4.12,0.0442,0.0077
60.158,0.000,0,,,,,0,,,,GLOBAL,1.000,clear,0,39.4,139,11.443,0,0,-1.000,21.40,4.12,0.0384,0.0065
60.179,0.000,0,,,,,0,,,,GLOBAL,1.000,clear,0,39.4,139,11.464,0,0,-1.000,21.40,4.12,0.0357,0.0020
60.198,0.000,0,,,,,0,,,,GLOBAL,1.000,clear,0,39.4,139,11.483,0,0,-1.000,21.40,4.12,0.0289,0.0208
60.218,0.000,0,,,,,0,,,,GLOBAL,1.000,clear,0,39.4,139,11.503,0,0,-1.000,21.40,4.12,0.0490,0.0092
60.238,0.000,0,,,,,0,,,,GLOBAL,1.000,clear,0,39.4,139,11.523,0,0,-1.000,21.40,4.12,0.0433,0.0112
60.258,0.000,0,,,,,0,,,,GLOBAL,1.000,clear,0,39.4,139,11.543,0,0,-1.000,21.40,4.12,0.0391,0.0070
60.278,0.000,0,,,,,0,,,,GLOBAL,1.000,clear,0,39.4,139,11.563,0,0,-1.000,21.40,4.12,0.0305,0.0012
60.299,0.000,0,,,,,0,,,,GLOBAL,1.000,clear,0,39.4,139,11.584,0,0,-1.000,21.40,4.12,0.0516,0.0223
60.319,0.000,0,,,,,0,,,,GLOBAL,1.000,clear,0,39.4,139,11.604,0,0,-1.000,21.40,4.12,0.0496,0.0155
60.338,0.000,0,,,,,0,,,,GLOBAL,1.000,clear,0,39.4,139,11.623,0,0,-1.000,21.40,4.12,0.0432,0.0093
60.358,0.000,0,,,,,0,,,,GLOBAL,1.000,clear,0,39.4,139,11.643,0,0,-1.000,21.40,4.12,0.0392,0.0074
60.378,0.000,0,,,,,0,,,,GLOBAL,1.000,clear,0,39.4,139,11.663,0,0,-1.000,21.40,4.12,0.0334,0.0021
60.399,0.000,0,,,,,0,,,,GLOBAL,1.000,clear,0,39.4,139,11.684,0,0,-1.000,21.40,4.12,0.0540,0.0227
60.419,0.000,0,,,,,0,,,,GLOBAL,1.000,clear,0,39.4,139,11.704,0,0,-1.000,21.40,4.12,0.0503,0.0172
60.438,0.000,0,,,,,0,,,,GLOBAL,1.000,clear,0,39.4,139,11.723,0,0,-1.000,21.40,4.12,0.0402,0.0148
60.458,0.000,0,,,,,0,,,,GLOBAL,1.000,clear,0,39.4,139,11.743,0,0,-1.000,21.40,4.12,0.0380,0.0092
60.478,0.000,0,,,,,0,,,,GLOBAL,1.000,clear,0,39.4,139,11.763,0,0,-1.000,21.40,4.12,0.0317,0.0060
60.499,0.000,0,,,,,0,,,,GLOBAL,1.000,clear,0,39.4,139,11.784,0,0,-1.000,21.40,4.12,0.0305,0.0272
60.518,0.000,0,,,,,0,,,,GLOBAL,1.000,clear,0,39.4,139,11.803,0,0,-1.000,21.40,4.12,0.0499,0.0159
60.541,0.000,0,,,,,0,,,,GLOBAL,1.000,clear,0,39.4,139,11.826,0,0,-1.000,21.40,4.12,0.0449,0.0118
60.558,0.000,0,,,,,0,,,,GLOBAL,1.000,clear,0,39.4,139,11.843,0,0,-1.000,21.40,4.12,0.0379,0.0057
60.578,0.000,0,,,,,0,,,,GLOBAL,1.000,clear,0,39.4,139,11.863,0,0,-1.000,21.40,4.12,0.0335,0.0254
60.601,0.000,0,,,,,0,,,,GLOBAL,1.000,clear,0,39.4,139,11.886,0,0,-1.000,21.40,4.12,0.0567,0.0227
60.619,0.000,0,,,,,0,,,,GLOBAL,1.000,clear,0,39.4,139,11.904,0,0,-1.000,21.40,4.12,0.0487,0.0160
60.638,0.000,0,,,,,0,,,,GLOBAL,1.000,clear,0,39.4,139,11.923,0,0,-1.000,21.40,4.12,0.0397,0.0080
60.658,0.000,0,,,,,0,,,,GLOBAL,1.000,clear,0,39.4,139,11.943,0,0,-1.000,21.40,4.12,0.0382,0.0107
60.678,0.000,0,,,,,0,,,,GLOBAL,1.000,clear,0,39.4,139,11.963,0,0,-1.000,21.40,4.12,0.0343,0.0053
60.698,0.000,0,,,,,0,,,,GLOBAL,1.000,clear,0,39.4,139,11.983,0,0,-1.000,21.40,4.12,0.0282,0.0011
60.718,0.000,0,,,,,0,,,,GLOBAL,1.000,clear,0,39.4,139,12.003,0,0,-1.000,21.40,4.12,0.0483,0.0213
60.738,0.000,0,,,,,0,,,,GLOBAL,1.000,clear,0,39.4,139,12.023,0,0,-1.000,21.40,4.12,0.0446,0.0144
60.758,0.000,0,,,,,0,,,,GLOBAL,1.000,clear,0,39.4,139,12.043,0,0,-1.000,21.40,4.12,0.0389,0.0046
60.778,0.000,0,,,,,0,,,,GLOBAL,1.000,clear,0,39.4,139,12.063,0,0,-1.000,21.40,4.12,0.0321,0.0060
60.799,0.000,0,,,,,0,,,,GLOBAL,1.000,clear,0,39.4,139,12.084,0,0,-1.000,21.40,4.12,0.0301,0.0270
60.818,0.000,0,,,,,0,,,,GLOBAL,1.000,clear,0,39.4,139,12.103,0,0,-1.000,21.40,4.12,0.0487,0.0150
60.838,0.000,0,,,,,0,,,,GLOBAL,1.000,clear,0,39.4,139,12.123,0,0,-1.000,21.40,4.12,0.0422,0.0153
60.858,0.000,0,,,,,0,,,,GLOBAL,1.000,clear,0,39.4,139,12.143,0,0,-1.000,21.40,4.12,0.0389,0.0060
60.879,0.000,0,,,,,0,,,,GLOBAL,1.000,clear,0,39.4,139,12.164,0,0,-1.000,21.40,4.12,0.0310,0.0059
60.898,0.000,0,,,,,0,,,,GLOBAL,1.000,clear,0,39.4,139,12.183,0,0,-1.000,21.40,4.12,0.0288,0.0248
60.927,0.000,0,,,,,0,,,,GLOBAL,1.000,clear,0,39.4,139,12.212,0,0,-1.000,21.40,4.12,0.0582,0.0248
60.939,0.000,0,,,,,0,,,,GLOBAL,1.000,clear,0,39.4,139,12.224,0,0,-1.000,21.40,4.12,0.0441,0.0100
60.958,0.000,0,,,,,0,,,,GLOBAL,1.000,clear,0,39.4,139,12.243,0,0,-1.000,21.40,4.12,0.0390,0.0069
60.978,0.000,0,,,,,0,,,,GLOBAL,1.000,clear,0,39.4,139,12.263,0,0,-1.000,21.40,4.12,0.0323,0.0028
61.000,0.000,0,,,,,0,,,,GLOBAL,1.000,clear,0,39.4,139,12.285,0,0,-1.000,21.40,4.12,0.0546,0.0252
61.018,0.000,0,,,,,0,,,,GLOBAL,1.000,clear,0,39.4,139,12.303,0,0,-1.000,21.40,4.12,0.0477,0.0124
61.039,0.000,0,,,,,0,,,,GLOBAL,1.000,clear,0,39.4,139,12.324,0,0,-1.000,21.40,4.12,0.0406,0.0116
61.058,0.000,0,,,,,0,,,,GLOBAL,1.000,clear,0,39.4,139,12.343,0,0,-1.000,21.40,4.12,0.0353,0.0089
61.078,0.000,0,,,,,0,,,,GLOBAL,1.000,clear,0,39.4,139,12.363,0,0,-1.000,21.40,4.12,0.0326,0.0042
61.098,0.000,0,,,,,0,,,,GLOBAL,1.000,clear,0,39.4,139,12.383,0,0,-1.000,21.40,4.12,0.0279,0.0005
61.118,0.000,0,,,,,0,,,,GLOBAL,1.000,clear,0,39.4,139,12.403,0,0,-1.000,21.40,4.12,0.0483,0.0208
61.138,0.000,0,,,,,0,,,,GLOBAL,1.000,clear,0,39.4,139,12.423,0,0,-1.000,21.40,4.12,0.0424,0.0154
61.158,0.000,0,,,,,0,,,,GLOBAL,1.000,clear,0,39.4,139,12.443,0,0,-1.000,21.40,4.12,0.0385,0.0086
61.179,0.000,0,,,,,0,,,,GLOBAL,1.000,clear,0,39.4,139,12.464,0,0,-1.000,21.40,4.12,0.0597,0.0298
61.199,0.000,0,,,,,0,,,,GLOBAL,1.000,clear,0,39.4,139,12.484,0,0,-1.000,21.40,4.12,0.0297,0.0183
61.218,0.000,0,,,,,0,,,,GLOBAL,1.000,clear,0,39.4,139,12.503,0,0,-1.000,21.40,4.12,0.0486,0.0172
61.238,0.000,0,,,,,0,,,,GLOBAL,1.000,clear,0,39.4,139,12.523,0,0,-1.000,21.40,4.12,0.0412,0.0158
61.258,0.000,0,,,,,0,,,,GLOBAL,1.000,clear,0,39.4,139,12.543,0,0,-1.000,21.40,4.12,0.0386,0.0097
61.278,0.000,0,,,,,0,,,,GLOBAL,1.000,clear,0,39.4,139,12.563,0,0,-1.000,21.40,4.12,0.0329,0.0056
61.298,0.000,0,,,,,0,,,,GLOBAL,1.000,clear,0,39.4,139,12.583,0,0,-1.000,21.40,4.12,0.0267,0.0253
61.318,0.000,0,,,,,0,,,,GLOBAL,1.000,clear,0,39.4,139,12.603,0,0,-1.000,21.40,4.12,0.0472,0.0181
61.338,0.000,0,,,,,0,,,,GLOBAL,1.000,clear,0,39.4,139,12.623,0,0,-1.000,21.40,4.12,0.0399,0.0110
61.358,0.000,0,,,,,0,,,,GLOBAL,1.000,clear,0,39.4,139,12.643,0,0,-1.000,21.40,4.12,0.0373,0.0088
61.378,0.000,0,,,,,0,,,,GLOBAL,1.000,clear,0,39.4,139,12.663,0,0,-1.000,21.40,4.12,0.0318,0.0061
61.399,0.000,0,,,,,0,,,,GLOBAL,1.000,clear,0,39.4,139,12.684,0,0,-1.000,21.40,4.12,0.0527,0.0270
61.418,0.000,0,,,,,0,,,,GLOBAL,1.000,clear,0,39.4,139,12.703,0,0,-1.000,21.40,4.12,0.0490,0.0169
61.440,0.000,0,,,,,0,,,,GLOBAL,1.000,clear,0,39.4,139,12.725,0,0,-1.000,21.40,4.12,0.0424,0.0078
61.458,0.000,0,,,,,0,,,,GLOBAL,1.000,clear,0,39.4,139,12.743,0,0,-1.000,21.40,4.12,0.0378,0.0048
61.479,0.000,0,,,,,0,,,,GLOBAL,1.000,clear,0,39.4,139,12.764,0,0,-1.000,21.40,4.12,0.0329,0.0254
61.498,0.000,0,,,,,0,,,,GLOBAL,1.000,clear,0,39.4,139,12.783,0,0,-1.000,21.40,4.12,0.0526,0.0192
61.518,0.000,0,,,,,0,,,,GLOBAL,1.000,clear,0,39.4,139,12.803,0,0,-1.000,21.40,4.12,0.0466,0.0114
61.538,0.000,0,,,,,0,,,,GLOBAL,1.000,clear,0,39.4,139,12.823,0,0,-1.000,21.40,4.12,0.0437,0.0129
61.558,0.000,0,,,,,0,,,,GLOBAL,1.000,clear,0,39.4,139,12.843,0,0,-1.000,21.40,4.12,0.0382,0.0087
61.578,0.000,0,,,,,0,,,,GLOBAL,1.000,clear,0,39.4,139,12.863,0,0,-1.000,21.40,4.12,0.0340,0.0287
61.598,0.000,0,,,,,0,,,,GLOBAL,1.000,clear,0,39.4,139,12.883,0,0,-1.000,21.40,4.12,0.0257,0.0179
61.619,0.000,0,,,,,0,,,,GLOBAL,1.000,clear,0,39.4,139,12.904,0,0,-1.000,21.40,4.12,0.0464,0.0131
61.638,0.000,0,,,,,0,,,,GLOBAL,1.000,clear,0,39.4,139,12.923,0,0,-1.000,21.40,4.12,0.0431,0.0101
61.658,0.000,0,,,,,0,,,,GLOBAL,1.000,clear,0,39.4,139,12.943,0,0,-1.000,21.40,4.12,0.0384,0.0075
61.678,0.000,0,,,,,0,,,,GLOBAL,1.000,clear,0,39.4,139,12.963,0,0,-1.000,21.40,4.12,0.0321,0.0049
61.699,0.000,0,,,,,0,,,,GLOBAL,1.000,clear,0,39.4,139,12.984,0,0,-1.000,21.40,4.12,0.0537,0.0265
61.718,0.000,0,,,,,0,,,,GLOBAL,1.000,clear,0,39.4,139,13.003,0,0,-1.000,21.40,4.12,0.0486,0.0154
61.739,0.000,0,,,,,0,,,,GLOBAL,1.000,clear,0,39.4,139,13.024,0,0,-1.000,21.40,4.12,0.0426,0.0149
61.758,0.000,0,,,,,0,,,,GLOBAL,1.000,clear,0,39.4,139,13.043,0,0,-1.000,21.40,4.12,0.0383,0.0015
61.778,0.000,0,,,,,0,,,,GLOBAL,1.000,clear,0,39.4,139,13.063,0,0,-1.000,21.40,4.12,0.0333,0.0035
61.798,0.000,0,,,,,0,,,,GLOBAL,1.000,clear,0,39.4,139,13.083,0,0,-1.000,21.40,4.12,0.0286,0.0230
61.818,0.000,0,,,,,0,,,,GLOBAL,1.000,clear,0,39.4,139,13.103,0,0,-1.000,21.40,4.12,0.0487,0.0197
61.838,0.000,0,,,,,0,,,,GLOBAL,1.000,clear,0,39.4,139,13.123,0,0,-1.000,21.40,4.12,0.0428,0.0155
61.858,0.000,0,,,,,0,,,,GLOBAL,1.000,clear,0,39.4,139,13.143,0,0,-1.000,21.40,4.12,0.0388,0.0099
61.878,0.000,0,,,,,0,,,,GLOBAL,1.000,clear,0,39.4,139,13.163,0,0,-1.000,21.40,4.12,0.0331,0.0056
61.898,0.000,0,,,,,0,,,,GLOBAL,1.000,clear,0,39.4,139,13.183,0,0,-1.000,21.40,4.12,0.0293,0.0009
61.919,0.000,0,,,,,0,,,,GLOBAL,1.000,clear,0,39.4,139,13.204,0,0,-1.000,21.40,4.12,0.0497,0.0212
61.938,0.000,0,,,,,0,,,,GLOBAL,1.000,clear,0,39.4,139,13.223,0,0,-1.000,21.40,4.12,0.0430,0.0109
61.958,0.000,0,,,,,0,,,,GLOBAL,1.000,clear,0,39.4,139,13.243,0,0,-1.000,21.40,4.12,0.0389,0.0074
61.978,0.000,0,,,,,0,,,,GLOBAL,1.000,clear,0,39.4,139,13.263,0,0,-1.000,21.40,4.12,0.0305,0.0035
61.998,0.000,0,,,,,0,,,,GLOBAL,1.000,clear,0,39.4,139,13.283,0,0,-1.000,21.40,4.12,0.0289,0.0232
62.018,0.000,0,,,,,0,,,,GLOBAL,1.000,clear,0,39.4,139,13.303,0,0,-1.000,21.40,4.12,0.0493,0.0189
62.038,0.000,0,,,,,0,,,,GLOBAL,1.000,clear,0,39.4,139,13.323,0,0,-1.000,21.40,4.12,0.0388,0.0118
62.058,0.000,0,,,,,0,,,,GLOBAL,1.000,clear,0,39.4,139,13.343,0,0,-1.000,21.40,4.12,0.0373,0.0088
62.078,0.000,0,,,,,0,,,,GLOBAL,1.000,clear,0,39.4,139,13.363,0,0,-1.000,21.40,4.12,0.0318,0.0051
62.099,0.000,0,,,,,0,,,,GLOBAL,1.000,clear,0,39.4,139,13.384,0,0,-1.000,21.40,4.12,0.0273,0.0261
62.118,0.000,0,,,,,0,,,,GLOBAL,1.000,clear,0,39.4,139,13.403,0,0,-1.000,21.40,4.12,0.0465,0.0181
62.138,0.000,0,,,,,0,,,,GLOBAL,1.000,clear,0,39.4,139,13.423,0,0,-1.000,21.40,4.12,0.0420,0.0147
62.158,0.000,0,,,,,0,,,,GLOBAL,1.000,clear,0,39.4,139,13.443,0,0,-1.000,21.40,4.12,0.0380,0.0109
62.178,0.000,0,,,,,0,,,,GLOBAL,1.000,clear,0,39.4,139,13.463,0,0,-1.000,21.40,4.12,0.0320,0.0048
62.198,0.000,0,,,,,0,,,,GLOBAL,1.000,clear,0,39.4,139,13.483,0,0,-1.000,21.40,4.12,0.0280,0.0248
62.218,0.000,0,,,,,0,,,,GLOBAL,1.000,clear,0,39.4,139,13.503,0,0,-1.000,21.40,4.12,0.0482,0.0194
62.238,0.000,0,,,,,0,,,,GLOBAL,1.000,clear,0,39.4,139,13.523,0,0,-1.000,21.40,4.12,0.0421,0.0153
62.258,0.000,0,,,,,0,,,,GLOBAL,1.000,clear,0,39.4,139,13.543,0,0,-1.000,21.40,4.12,0.0379,0.0113
62.278,0.000,0,,,,,0,,,,GLOBAL,1.000,clear,0,39.4,139,13.563,0,0,-1.000,21.40,4.12,0.0324,0.0056
62.298,0.000,0,,,,,0,,,,GLOBAL,1.000,clear,0,39.4,139,13.583,0,0,-1.000,21.40,4.12,0.0287,0.0012
62.318,0.000,0,,,,,0,,,,GLOBAL,1.000,clear,0,39.4,139,13.603,0,0,-1.000,21.40,4.12,0.0485,0.0211
62.339,0.000,0,,,,,0,,,,GLOBAL,1.000,clear,0,39.4,139,13.624,0,0,-1.000,21.40,4.12,0.0434,0.0159
62.358,0.000,0,,,,,0,,,,GLOBAL,1.000,clear,0,39.4,139,13.643,0,0,-1.000,21.40,4.12,0.0384,0.0089
62.379,0.000,0,,,,,0,,,,GLOBAL,1.000,clear,0,39.4,139,13.664,0,0,-1.000,21.40,4.12,0.0327,0.0041
62.398,0.000,0,,,,,0,,,,GLOBAL,1.000,clear,0,39.4,139,13.683,0,0,-1.000,21.40,4.12,0.0523,0.0237
62.419,0.000,0,,,,,0,,,,GLOBAL,1.000,clear,0,39.4,139,13.704,0,0,-1.000,21.40,4.12,0.0493,0.0188
62.438,0.000,0,,,,,0,,,,GLOBAL,1.000,clear,0,39.4,139,13.723,0,0,-1.000,21.40,4.12,0.0417,0.0145
62.458,0.000,0,,,,,0,,,,GLOBAL,1.000,clear,0,39.4,139,13.743,0,0,-1.000,21.40,4.12,0.0387,0.0081
62.478,0.000,0,,,,,0,,,,GLOBAL,1.000,clear,0,39.4,139,13.763,0,0,-1.000,21.40,4.12,0.0320,0.0018
62.500,0.000,0,,,,,0,,,,GLOBAL,1.000,clear,0,39.4,139,13.785,0,0,-1.000,21.40,4.12,0.0307,0.0234
62.518,0.000,0,,,,,0,,,,GLOBAL,1.000,clear,0,39.4,139,13.804,0,0,-1.000,21.40,4.12,0.0495,0.0149
62.538,0.000,0,,,,,0,,,,GLOBAL,1.000,clear,0,39.4,139,13.823,0,0,-1.000,21.40,4.12,0.0418,0.0140
62.558,0.000,0,,,,,0,,,,GLOBAL,1.000,clear,0,39.4,139,13.844,0,0,-1.000,21.40,4.12,0.0395,0.0083
62.578,0.000,0,,,,,0,,,,GLOBAL,1.000,clear,0,39.4,139,13.863,0,0,-1.000,21.40,4.12,0.0302,0.0035
62.599,0.000,0,,,,,0,,,,GLOBAL,1.000,clear,0,39.4,139,13.884,0,0,-1.000,21.40,4.12,0.0514,0.0246
62.618,0.000,0,,,,,0,,,,GLOBAL,1.000,clear,0,39.4,139,13.903,0,0,-1.000,21.40,4.12,0.0475,0.0106
62.638,0.000,0,,,,,0,,,,GLOBAL,1.000,clear,0,39.4,139,13.923,0,0,-1.000,21.40,4.12,0.0418,0.0140
62.658,0.000,0,,,,,0,,,,GLOBAL,1.000,clear,0,39.4,139,13.943,0,0,-1.000,21.40,4.12,0.0381,0.0108
62.678,0.000,0,,,,,0,,,,GLOBAL,1.000,clear,0,39.4,139,13.963,0,0,-1.000,21.40,4.12,0.0303,0.0038
62.698,0.000,0,,,,,0,,,,GLOBAL,1.000,clear,0,39.4,139,13.983,0,0,-1.000,21.40,4.12,0.0230,0.0241
62.718,0.000,0,,,,,0,,,,GLOBAL,1.000,clear,0,39.4,139,14.003,0,0,-1.000,21.40,4.12,0.0424,0.0177
62.738,0.000,0,,,,,0,,,,GLOBAL,1.000,clear,0,39.4,139,14.023,0,0,-1.000,21.40,4.12,0.0439,0.0143
62.758,0.000,0,,,,,0,,,,GLOBAL,1.000,clear,0,39.4,139,14.043,0,0,-1.000,21.40,4.12,0.0373,0.0083
62.778,0.000,0,,,,,0,,,,GLOBAL,1.000,clear,0,39.4,139,14.063,0,0,-1.000,21.40,4.12,0.0340,0.0047
62.799,0.000,0,,,,,0,,,,GLOBAL,1.000,clear,0,39.4,139,14.084,0,0,-1.000,21.40,4.12,0.0291,0.0255
62.818,0.000,0,,,,,0,,,,GLOBAL,1.000,clear,0,39.4,139,14.103,0,0,-1.000,21.40,4.12,0.0484,0.0156
62.838,0.000,0,,,,,0,,,,GLOBAL,1.000,clear,0,39.4,139,14.123,0,0,-1.000,21.40,4.12,0.0427,0.0105
62.858,0.000,0,,,,,0,,,,GLOBAL,1.000,clear,0,39.4,139,14.143,0,0,-1.000,21.40,4.12,0.0371,0.0061
62.878,0.000,0,,,,,0,,,,GLOBAL,1.000,clear,0,39.4,139,14.163,0,0,-1.000,21.40,4.12,0.0326,0.0056
62.898,0.000,0,,,,,0,,,,GLOBAL,1.000,clear,0,39.4,139,14.183,0,0,-1.000,21.40,4.12,0.0286,0.0257
62.918,0.000,0,,,,,0,,,,GLOBAL,1.000,clear,0,39.4,139,14.203,0,0,-1.000,21.40,4.12,0.0489,0.0185
62.938,0.000,0,,,,,0,,,,GLOBAL,1.000,clear,0,39.4,139,14.223,0,0,-1.000,21.40,4.12,0.0422,0.0119
62.958,0.000,0,,,,,0,,,,GLOBAL,1.000,clear,0,39.4,139,14.243,0,0,-1.000,21.40,4.12,0.0387,0.0086
62.978,0.000,0,,,,,0,,,,GLOBAL,1.000,clear,0,39.4,139,14.263,0,0,-1.000,21.40,4.12,0.0318,0.0020
63.000,0.000,0,,,,,0,,,,GLOBAL,1.000,clear,0,39.4,139,14.285,0,0,-1.000,21.40,4.12,0.0307,0.0237
63.019,0.000,0,,,,,0,,,,GLOBAL,1.000,clear,0,39.4,139,14.304,0,0,-1.000,21.40,4.12,0.0501,0.0114
63.038,0.000,0,,,,,0,,,,GLOBAL,1.000,clear,0,39.4,139,14.323,0,0,-1.000,21.40,4.12,0.0419,0.0128
63.058,0.000,0,,,,,0,,,,GLOBAL,1.000,clear,0,39.4,139,14.343,0,0,-1.000,21.40,4.12,0.0379,0.0102
63.079,0.000,0,,,,,0,,,,GLOBAL,1.000,clear,0,39.4,139,14.364,0,0,-1.000,21.40,4.12,0.0339,0.0072
63.098,0.000,0,,,,,0,,,,GLOBAL,1.000,clear,0,39.4,139,14.383,0,0,-1.000,21.40,4.12,0.0289,0.0261
63.119,0.000,0,,,,,0,,,,GLOBAL,1.000,clear,0,39.4,139,14.404,0,0,-1.000,21.40,4.12,0.0501,0.0196
63.138,0.000,0,,,,,0,,,,GLOBAL,1.000,clear,0,39.4,139,14.423,0,0,-1.000,21.40,4.12,0.0421,0.0142
63.158,0.000,0,,,,,0,,,,GLOBAL,1.000,clear,0,39.4,139,14.443,0,0,-1.000,21.40,4.12,0.0376,0.0077
63.178,0.000,0,,,,,0,,,,GLOBAL,1.000,clear,0,39.4,139,14.463,0,0,-1.000,21.40,4.12,0.0316,0.0047
63.198,0.000,0,,,,,0,,,,GLOBAL,1.000,clear,0,39.4,139,14.483,0,0,-1.000,21.40,4.12,0.0275,0.0249
63.218,0.000,0,,,,,0,,,,GLOBAL,1.000,clear,0,39.4,139,14.503,0,0,-1.000,21.40,4.12,0.0476,0.0191
63.238,0.000,0,,,,,0,,,,GLOBAL,1.000,clear,0,39.4,139,14.523,0,0,-1.000,21.40,4.12,0.0402,0.0142
63.259,0.000,0,,,,,0,,,,GLOBAL,1.000,clear,0,39.4,139,14.544,0,0,-1.000,21.40,4.12,0.0382,0.0093
63.278,0.000,0,,,,,0,,,,GLOBAL,1.000,clear,0,39.4,139,14.563,0,0,-1.000,21.40,4.12,0.0276,0.0024
63.298,0.000,0,,,,,0,,,,GLOBAL,1.000,clear,0,39.4,139,14.583,0,0,-1.000,21.40,4.12,0.0280,0.0225
63.318,0.000,0,,,,,0,,,,GLOBAL,1.000,clear,0,39.4,139,14.603,0,0,-1.000,21.40,4.12,0.0481,0.0189
63.338,0.000,0,,,,,0,,,,GLOBAL,1.000,clear,0,39.4,139,14.623,0,0,-1.000,21.40,4.12,0.0382,0.0149
63.358,0.000,0,,,,,0,,,,GLOBAL,1.000,clear,0,39.4,139,14.643,0,0,-1.000,21.40,4.12,0.0329,0.0101
63.378,0.000,0,,,,,0,,,,GLOBAL,1.000,clear,0,39.4,139,14.663,0,0,-1.000,21.40,4.12,0.0339,0.0049
63.398,0.000,0,,,,,0,,,,GLOBAL,1.000,clear,0,39.4,139,14.684,0,0,-1.000,21.40,4.12,0.0291,0.0255
63.418,0.000,0,,,,,0,,,,GLOBAL,1.000,clear,0,39.4,139,14.703,0,0,-1.000,21.40,4.12,0.0488,0.0177
63.438,0.000,0,,,,,0,,,,GLOBAL,1.000,clear,0,39.4,139,14.723,0,0,-1.000,21.40,4.12,0.0413,0.0140
63.458,0.000,0,,,,,0,,,,GLOBAL,1.000,clear,0,39.4,139,14.743,0,0,-1.000,21.40,4.12,0.0385,0.0079
63.478,0.000,0,,,,,0,,,,GLOBAL,1.000,clear,0,39.4,139,14.763,0,0,-1.000,21.40,4.12,0.0321,0.0049
63.498,0.000,0,,,,,0,,,,GLOBAL,1.000,clear,0,39.4,139,14.783,0,0,-1.000,21.40,4.12,0.0287,0.0247
63.518,0.000,0,,,,,0,,,,GLOBAL,1.000,clear,0,39.4,139,14.803,0,0,-1.000,21.40,4.12,0.0489,0.0159
63.538,0.000,0,,,,,0,,,,GLOBAL,1.000,clear,0,39.4,139,14.823,0,0,-1.000,21.40,4.12,0.0422,0.0161
63.558,0.000,0,,,,,0,,,,GLOBAL,1.000,clear,0,39.4,139,14.843,0,0,-1.000,21.40,4.12,0.0392,0.0089
63.578,0.000,0,,,,,0,,,,GLOBAL,1.000,clear,0,39.4,139,14.863,0,0,-1.000,21.40,4.12,0.0318,0.0046
63.598,0.000,0,,,,,0,,,,GLOBAL,1.000,clear,0,39.4,139,14.883,0,0,-1.000,21.40,4.12,0.0293,0.0250
63.618,0.000,0,,,,,0,,,,GLOBAL,1.000,clear,0,39.4,139,14.903,0,0,-1.000,21.40,4.12,0.0491,0.0168
63.639,0.000,0,,,,,0,,,,GLOBAL,1.000,clear,0,39.4,139,14.924,0,0,-1.000,21.40,4.12,0.0423,0.0116
63.658,0.000,0,,,,,0,,,,GLOBAL,1.000,clear,0,39.4,139,14.943,0,0,-1.000,21.40,4.12,0.0375,0.0078
63.678,0.000,0,,,,,0,,,,GLOBAL,1.000,clear,0,39.4,139,14.963,0,0,-1.000,21.40,4.12,0.0319,0.0035
63.698,0.000,0,,,,,0,,,,GLOBAL,1.000,clear,0,39.4,139,14.983,0,0,-1.000,21.40,4.12,0.0280,0.0237
63.718,0.000,0,,,,,0,,,,GLOBAL,1.000,clear,0,39.4,139,15.003,0,0,-1.000,21.40,4.12,0.0480,0.0162
63.738,0.000,0,,,,,0,,,,GLOBAL,1.000,clear,0,39.4,139,15.023,0,0,-1.000,21.40,4.12,0.0422,0.0145
63.758,0.000,0,,,,,0,,,,GLOBAL,1.000,clear,0,39.4,139,15.043,0,0,-1.000,21.40,4.12,0.0380,0.0064
63.778,0.000,0,,,,,0,,,,GLOBAL,1.000,clear,0,39.4,139,15.063,0,0,-1.000,21.40,4.12,0.0339,0.0043
63.798,0.000,0,,,,,0,,,,GLOBAL,1.000,clear,0,39.4,139,15.083,0,0,-1.000,21.40,4.12,0.0282,0.0244
63.818,0.000,0,,,,,0,,,,GLOBAL,1.000,clear,0,39.4,139,15.103,0,0,-1.000,21.40,4.12,0.0480,0.0145
63.838,0.000,0,,,,,0,,,,GLOBAL,1.000,clear,0,39.4,139,15.123,0,0,-1.000,21.40,4.12,0.0393,0.0138
63.858,0.000,0,,,,,0,,,,GLOBAL,1.000,clear,0,39.4,139,15.143,0,0,-1.000,21.40,4.12,0.0383,0.0037
63.878,0.000,0,,,,,0,,,,GLOBAL,1.000,clear,0,39.4,139,15.163,0,0,-1.000,21.40,4.12,0.0320,0.0236
63.898,0.000,0,,,,,0,,,,GLOBAL,1.000,clear,0,39.4,139,15.183,0,0,-1.000,21.40,4.12,0.0262,0.0166
63.918,0.000,0,,,,,0,,,,GLOBAL,1.000,clear,0,39.4,139,15.203,0,0,-1.000,21.40,4.12,0.0463,0.0186
63.938,0.000,0,,,,,0,,,,GLOBAL,1.000,clear,0,39.4,139,15.223,0,0,-1.000,21.40,4.12,0.0421,0.0151
63.958,0.000,0,,,,,0,,,,GLOBAL,1.000,clear,0,39.4,139,15.243,0,0,-1.000,21.40,4.12,0.0377,0.0062
63.978,0.000,0,,,,,0,,,,GLOBAL,1.000,clear,0,39.4,139,15.263,0,0,-1.000,21.40,4.12,0.0304,0.0056
63.998,0.000,0,,,,,0,,,,GLOBAL,1.000,clear,0,39.4,139,15.283,0,0,-1.000,21.40,4.12,0.0271,0.0257
64.019,0.000,0,,,,,0,,,,GLOBAL,1.000,clear,0,39.4,139,15.304,0,0,-1.000,21.40,4.12,0.0480,0.0189
64.038,0.000,0,,,,,0,,,,GLOBAL,1.000,clear,0,39.4,139,15.323,0,0,-1.000,21.40,4.12,0.0401,0.0146
64.058,0.000,0,,,,,0,,,,GLOBAL,1.000,clear,0,39.4,139,15.343,0,0,-1.000,21.40,4.12,0.0386,0.0077
64.078,0.000,0,,,,,0,,,,GLOBAL,1.000,clear,0,39.4,139,15.363,0,0,-1.000,21.40,4.12,0.0300,0.0024
64.098,0.000,0,,,,,0,,,,GLOBAL,1.000,clear,0,39.4,139,15.383,0,0,-1.000,21.40,4.12,0.0272,0.0224
64.118,0.000,0,,,,,0,,,,GLOBAL,1.000,clear,0,39.4,139,15.403,0,0,-1.000,21.40,4.12,0.0475,0.0148
64.138,0.000,0,,,,,0,,,,GLOBAL,1.000,clear,0,39.4,139,15.423,0,0,-1.000,21.40,4.12,0.0421,0.0108
64.158,0.000,0,,,,,0,,,,GLOBAL,1.000,clear,0,39.4,139,15.443,0,0,-1.000,21.40,4.12,0.0377,0.0049
64.178,0.000,0,,,,,0,,,,GLOBAL,1.000,clear,0,39.4,139,15.463,0,0,-1.000,21.40,4.12,0.0324,0.0037
64.198,0.000,0,,,,,0,,,,GLOBAL,1.000,clear,0,39.4,139,15.483,0,0,-1.000,21.40,4.12,0.0276,0.0232
64.218,0.000,0,,,,,0,,,,GLOBAL,1.000,clear,0,39.4,139,15.503,0,0,-1.000,21.40,4.12,0.0478,0.0161
64.238,0.000,0,,,,,0,,,,GLOBAL,1.000,clear,0,39.4,139,15.523,0,0,-1.000,21.40,4.12,0.0420,0.0151
64.264,0.000,0,,,,,0,,,,GLOBAL,1.000,clear,0,39.4,139,15.550,0,0,-1.000,21.40,4.12,0.0445,0.0416
64.279,0.000,0,,,,,0,,,,GLOBAL,1.000,clear,0,39.4,139,15.564,0,0,-1.000,21.40,4.12,0.0331,0.0142
64.299,0.000,0,,,,,0,,,,GLOBAL,1.000,clear,0,39.4,139,15.584,0,0,-1.000,21.40,4.12,0.0266,0.0186
64.343,0.000,0,,,,,0,,,,GLOBAL,1.000,clear,0,39.4,139,15.629,0,0,-1.000,21.40,4.12,0.0713,0.0367
64.358,0.000,0,,,,,0,,,,GLOBAL,1.000,clear,0,39.4,139,15.643,0,0,-1.000,21.40,4.12,0.0380,0.0072
64.380,0.000,0,,,,,0,,,,GLOBAL,1.000,clear,0,39.4,139,15.665,0,0,-1.000,21.40,4.12,0.0338,0.0025
64.412,0.000,0,,,,,0,,,,GLOBAL,1.000,clear,0,39.4,139,15.697,0,0,-1.000,21.40,4.12,0.0651,0.0339
64.424,0.000,0,,,,,0,,,,GLOBAL,1.000,clear,0,39.4,139,15.709,0,0,-1.000,21.40,4.12,0.0541,0.0084
64.459,0.000,0,,,,,0,,,,GLOBAL,1.000,clear,0,39.4,139,15.745,0,0,-1.000,21.40,4.12,0.0636,0.0341
64.483,0.000,0,,,,,0,,,,GLOBAL,1.000,clear,0,39.4,139,15.769,0,0,-1.000,21.40,4.12,0.0335,0.0226
64.502,0.000,0,,,,,0,,,,GLOBAL,1.000,clear,0,39.4,139,15.788,0,0,-1.000,21.40,4.12,0.0525,0.0139
64.518,0.000,0,,,,,0,,,,GLOBAL,1.000,clear,0,39.4,139,15.803,0,0,-1.000,21.40,4.12,0.0488,0.0149
64.538,0.000,0,,,,,0,,,,GLOBAL,1.000,clear,0,39.4,139,15.823,0,0,-1.000,21.40,4.12,0.0431,0.0157
64.558,0.000,0,,,,,0,,,,GLOBAL,1.000,clear,0,39.4,139,15.843,0,0,-1.000,21.40,4.12,0.0387,0.0078
64.578,0.000,0,,,,,0,,,,GLOBAL,1.000,clear,0,39.4,139,15.863,0,0,-1.000,21.40,4.12,0.0318,0.0046
64.598,0.000,0,,,,,0,,,,GLOBAL,1.000,clear,0,39.4,139,15.883,0,0,-1.000,21.40,4.12,0.0289,0.0245
64.618,0.000,0,,,,,0,,,,GLOBAL,1.000,clear,0,39.4,139,15.903,0,0,-1.000,21.40,4.12,0.0490,0.0187
64.638,0.000,0,,,,,0,,,,GLOBAL,1.000,clear,0,39.4,139,15.923,0,0,-1.000,21.40,4.12,0.0420,0.0131
64.658,0.000,0,,,,,0,,,,GLOBAL,1.000,clear,0,39.4,139,15.943,0,0,-1.000,21.40,4.12,0.0378,0.0090
64.678,0.000,0,,,,,0,,,,GLOBAL,1.000,clear,0,39.4,139,15.963,0,0,-1.000,21.40,4.12,0.0319,0.0021
64.698,0.000,0,,,,,0,,,,GLOBAL,1.000,clear,0,39.4,139,15.983,0,0,-1.000,21.40,4.12,0.0272,0.0220
64.718,0.000,0,,,,,0,,,,GLOBAL,1.000,clear,0,39.4,139,16.003,0,0,-1.000,21.40,4.12,0.0473,0.0160
64.739,0.000,0,,,,,0,,,,GLOBAL,1.000,clear,0,39.4,139,16.024,0,0,-1.000,21.40,4.12,0.0426,0.0138
64.758,0.000,0,,,,,0,,,,GLOBAL,1.000,clear,0,39.4,139,16.043,0,0,-1.000,21.40,4.12,0.0378,0.0060
64.778,0.000,0,,,,,0,,,,GLOBAL,1.000,clear,0,39.4,139,16.063,0,0,-1.000,21.40,4.12,0.0337,0.0007
64.799,0.000,0,,,,,0,,,,GLOBAL,1.000,clear,0,39.4,139,16.084,0,0,-1.000,21.40,4.12,0.0286,0.0215
64.818,0.000,0,,,,,0,,,,GLOBAL,1.000,clear,0,39.4,139,16.103,0,0,-1.000,21.40,4.12,0.0477,0.0163
64.838,0.000,0,,,,,0,,,,GLOBAL,1.000,clear,0,39.4,139,16.123,0,0,-1.000,21.40,4.12,0.0420,0.0154
64.858,0.000,0,,,,,0,,,,GLOBAL,1.000,clear,0,39.4,139,16.143,0,0,-1.000,21.40,4.12,0.0381,0.0110
64.878,0.000,0,,,,,0,,,,GLOBAL,1.000,clear,0,39.4,139,16.163,0,0,-1.000,21.40,4.12,0.0319,0.0055
64.898,0.000,0,,,,,0,,,,GLOBAL,1.000,clear,0,39.4,139,16.183,0,0,-1.000,21.40,4.12,0.0283,0.0256
64.919,0.000,0,,,,,0,,,,GLOBAL,1.000,clear,0,39.4,139,16.204,0,0,-1.000,21.40,4.12,0.0490,0.0160
64.938,0.000,0,,,,,0,,,,GLOBAL,1.000,clear,0,39.4,139,16.223,0,0,-1.000,21.40,4.12,0.0418,0.0106
64.958,0.000,0,,,,,0,,,,GLOBAL,1.000,clear,0,39.4,139,16.243,0,0,-1.000,21.40,4.12,0.0382,0.0049
64.978,0.000,0,,,,,0,,,,GLOBAL,1.000,clear,0,39.4,139,16.263,0,0,-1.000,21.40,4.12,0.0322,0.0056
64.999,0.000,0,,,,,0,,,,GLOBAL,1.000,clear,0,39.4,139,16.284,0,0,-1.000,21.40,4.12,0.0278,0.0264
65.018,0.000,0,,,,,0,,,,GLOBAL,1.000,clear,0,39.4,139,16.303,0,0,-1.000,21.40,4.12,0.0469,0.0162
65.038,0.000,0,,,,,0,,,,GLOBAL,1.000,clear,0,39.4,139,16.323,0,0,-1.000,21.40,4.12,0.0400,0.0093
65.058,0.000,0,,,,,0,,,,GLOBAL,1.000,clear,0,39.4,139,16.343,0,0,-1.000,21.40,4.12,0.0377,0.0073
65.078,0.000,0,,,,,0,,,,GLOBAL,1.000,clear,0,39.4,139,16.363,0,0,-1.000,21.40,4.12,0.0332,0.0025
65.100,0.000,0,,,,,0,,,,GLOBAL,1.000,clear,0,39.4,139,16.385,0,0,-1.000,21.40,4.12,0.0309,0.0243
65.118,0.000,0,,,,,0,,,,GLOBAL,1.000,clear,0,39.4,139,16.403,0,0,-1.000,21.40,4.12,0.0489,0.0130
65.138,0.000,0,,,,,0,,,,GLOBAL,1.000,clear,0,39.4,139,16.423,0,0,-1.000,21.40,4.12,0.0422,0.0139
65.158,0.000,0,,,,,0,,,,GLOBAL,1.000,clear,0,39.4,139,16.443,0,0,-1.000,21.40,4.12,0.0392,0.0064
65.178,0.000,0,,,,,0,,,,GLOBAL,1.000,clear,0,39.4,139,16.463,0,0,-1.000,21.40,4.12,0.0319,0.0262
65.199,0.000,0,,,,,0,,,,GLOBAL,1.000,clear,0,39.4,139,16.484,0,0,-1.000,21.40,4.12,0.0285,0.0190
65.219,0.000,0,,,,,0,,,,GLOBAL,1.000,clear,0,39.4,139,16.504,0,0,-1.000,21.40,4.12,0.0482,0.0149
65.238,0.000,0,,,,,0,,,,GLOBAL,1.000,clear,0,39.4,139,16.523,0,0,-1.000,21.40,4.12,0.0420,0.0121
65.258,0.000,0,,,,,0,,,,GLOBAL,1.000,clear,0,39.4,139,16.543,0,0,-1.000,21.40,4.12,0.0373,0.0052
65.278,0.000,0,,,,,0,,,,GLOBAL,1.000,clear,0,39.4,139,16.563,0,0,-1.000,21.40,4.12,0.0321,0.0039
65.298,0.000,0,,,,,0,,,,GLOBAL,1.000,clear,0,39.4,139,16.583,0,0,-1.000,21.40,4.12,0.0274,0.0236
65.318,0.000,0,,,,,0,,,,GLOBAL,1.000,clear,0,39.4,139,16.603,0,0,-1.000,21.40,4.12,0.0476,0.0147
65.338,0.000,0,,,,,0,,,,GLOBAL,1.000,clear,0,39.4,139,16.623,0,0,-1.000,21.40,4.12,0.0419,0.0132
65.358,0.000,0,,,,,0,,,,GLOBAL,1.000,clear,0,39.4,139,16.643,0,0,-1.000,21.40,4.12,0.0380,0.0107
65.378,0.000,0,,,,,0,,,,GLOBAL,1.000,clear,0,39.4,139,16.664,0,0,-1.000,21.40,4.12,0.0343,0.0046
65.399,0.000,0,,,,,0,,,,GLOBAL,1.000,clear,0,39.4,139,16.684,0,0,-1.000,21.40,4.12,0.0279,0.0248
65.419,0.000,0,,,,,0,,,,GLOBAL,1.000,clear,0,39.4,139,16.704,0,0,-1.000,21.40,4.12,0.0481,0.0198
65.438,0.000,0,,,,,0,,,,GLOBAL,1.000,clear,0,39.4,139,16.723,0,0,-1.000,21.40,4.12,0.0422,0.0154
65.458,0.000,0,,,,,0,,,,GLOBAL,1.000,clear,0,39.4,139,16.743,0,0,-1.000,21.40,4.12,0.0383,0.0071
65.478,0.000,0,,,,,0,,,,GLOBAL,1.000,clear,0,39.4,139,16.763,0,0,-1.000,21.40,4.12,0.0319,0.0046
65.498,0.000,0,,,,,0,,,,GLOBAL,1.000,clear,0,39.4,139,16.783,0,0,-1.000,21.40,4.12,0.0283,0.0248
65.518,0.000,0,,,,,0,,,,GLOBAL,1.000,clear,0,39.4,139,16.803,0,0,-1.000,21.40,4.12,0.0484,0.0187
65.538,0.000,0,,,,,0,,,,GLOBAL,1.000,clear,0,39.4,139,16.823,0,0,-1.000,21.40,4.12,0.0420,0.0150
65.558,0.000,0,,,,,0,,,,GLOBAL,1.000,clear,0,39.4,139,16.843,0,0,-1.000,21.40,4.12,0.0383,0.0086
65.579,0.000,0,,,,,0,,,,GLOBAL,1.000,clear,0,39.4,139,16.864,0,0,-1.000,21.40,4.12,0.0330,0.0059
65.598,0.000,0,,,,,0,,,,GLOBAL,1.000,clear,0,39.4,139,16.884,0,0,-1.000,21.40,4.12,0.0293,0.0256
65.618,0.000,0,,,,,0,,,,GLOBAL,1.000,clear,0,39.4,139,16.903,0,0,-1.000,21.40,4.12,0.0487,0.0181
65.638,0.000,0,,,,,0,,,,GLOBAL,1.000,clear,0,39.4,139,16.923,0,0,-1.000,21.40,4.12,0.0421,0.0147
65.659,0.000,0,,,,,0,,,,GLOBAL,1.000,clear,0,39.4,139,16.944,0,0,-1.000,21.40,4.12,0.0398,0.0052
65.680,0.000,0,,,,,0,,,,GLOBAL,1.000,clear,0,39.4,139,16.966,0,0,-1.000,21.40,4.12,0.0356,0.0032
65.698,0.000,0,,,,,0,,,,GLOBAL,1.000,clear,0,39.4,139,16.983,0,0,-1.000,21.40,4.12,0.0290,0.0207
65.718,0.000,0,,,,,0,,,,GLOBAL,1.000,clear,0,39.4,139,17.003,0,0,-1.000,21.40,4.12,0.0488,0.0166
65.738,0.000,0,,,,,0,,,,GLOBAL,1.000,clear,0,39.4,139,17.023,0,0,-1.000,21.40,4.12,0.0422,0.0118
65.758,0.000,0,,,,,0,,,,GLOBAL,1.000,clear,0,39.4,139,17.043,0,0,-1.000,21.40,4.12,0.0376,0.0081
65.778,0.000,0,,,,,0,,,,GLOBAL,1.000,clear,0,39.4,139,17.063,0,0,-1.000,21.40,4.12,0.0318,0.0012
65.799,0.000,0,,,,,0,,,,GLOBAL,1.000,clear,0,39.4,139,17.084,0,0,-1.000,21.40,4.12,0.0282,0.0221
65.818,0.000,0,,,,,0,,,,GLOBAL,1.000,clear,0,39.4,139,17.103,0,0,-1.000,21.40,4.12,0.0475,0.0168
65.838,0.000,0,,,,,0,,,,GLOBAL,1.000,clear,0,39.4,139,17.123,0,0,-1.000,21.40,4.12,0.0416,0.0118
65.858,0.000,0,,,,,0,,,,GLOBAL,1.000,clear,0,39.4,139,17.143,0,0,-1.000,21.40,4.12,0.0378,0.0061
65.878,0.000,0,,,,,0,,,,GLOBAL,1.000,clear,0,39.4,139,17.163,0,0,-1.000,21.40,4.12,0.0333,0.0042
65.899,0.000,0,,,,,0,,,,GLOBAL,1.000,clear,0,39.4,139,17.184,0,0,-1.000,21.40,4.12,0.0543,0.0252
65.918,0.000,0,,,,,0,,,,GLOBAL,1.000,clear,0,39.4,139,17.203,0,0,-1.000,21.40,4.12,0.0467,0.0148
65.938,0.000,0,,,,,0,,,,GLOBAL,1.000,clear,0,39.4,139,17.223,0,0,-1.000,21.40,4.12,0.0414,0.0118
65.958,0.000,0,,,,,0,,,,GLOBAL,1.000,clear,0,39.4,139,17.243,0,0,-1.000,21.40,4.12,0.0380,0.0050
65.978,0.000,0,,,,,0,,,,GLOBAL,1.000,clear,0,39.4,139,17.264,0,0,-1.000,21.40,4.12,0.0317,0.0255
65.999,0.000,0,,,,,0,,,,GLOBAL,1.000,clear,0,39.4,139,17.284,0,0,-1.000,21.40,4.12,0.0266,0.0185
66.018,0.000,0,,,,,0,,,,GLOBAL,1.000,clear,0,39.4,139,17.303,0,0,-1.000,21.40,4.12,0.0460,0.0104
66.038,0.000,0,,,,,0,,,,GLOBAL,1.000,clear,0,39.4,139,17.323,0,0,-1.000,21.40,4.12,0.0421,0.0068
66.058,0.000,0,,,,,0,,,,GLOBAL,1.000,clear,0,39.4,139,17.343,0,0,-1.000,21.40,4.12,0.0384,0.0080
66.079,0.000,0,,,,,0,,,,GLOBAL,1.000,clear,0,39.4,139,17.364,0,0,-1.000,21.40,4.12,0.0339,0.0071
66.100,0.000,0,,,,,0,,,,GLOBAL,1.000,clear,0,39.4,139,17.385,0,0,-1.000,21.40,4.12,0.0544,0.0277
66.118,0.000,0,,,,,0,,,,GLOBAL,1.000,clear,0,39.4,139,17.403,0,0,-1.000,21.40,4.12,0.0483,0.0150
66.138,0.000,0,,,,,0,,,,GLOBAL,1.000,clear,0,39.4,139,17.423,0,0,-1.000,21.40,4.12,0.0424,0.0132
66.158,-0.004,0,,,,,0,,,,GLOBAL,1.000,clear,0,39.4,139,17.443,0,0,-1.000,21.40,4.12,0.0378,0.0062
66.178,-0.029,0,,,,,0,,,,GLOBAL,1.000,clear,0,39.4,139,17.463,0,0,-1.000,21.40,4.12,0.0316,0.0058
66.198,-0.026,0,,,,,0,,,,GLOBAL,1.000,clear,0,39.4,139,17.483,0,0,-1.000,21.40,4.12,0.0288,0.0258
66.218,-0.050,0,,,,,0,,,,GLOBAL,1.000,clear,0,39.4,139,17.503,0,0,-1.000,21.40,4.12,0.0490,0.0191
66.238,-0.085,0,,,,,0,,,,GLOBAL,1.000,clear,0,39.4,139,17.523,0,0,-1.000,21.40,4.12,0.0421,0.0140
66.258,-0.103,0,,,,,0,,,,GLOBAL,1.000,clear,0,39.4,139,17.543,0,0,-1.000,21.40,4.12,0.0375,0.0086
66.278,-0.131,0,,,,,0,,,,GLOBAL,1.000,clear,0,39.4,139,17.563,0,0,-1.000,21.40,4.12,0.0322,0.0014
66.299,-0.050,0,,,,,0,,,,GLOBAL,1.000,clear,0,39.4,139,17.584,0,0,-1.000,21.40,4.12,0.0284,0.0223
66.318,-0.012,0,,,,,0,,,,GLOBAL,1.000,clear,0,39.4,139,17.603,0,0,-1.000,21.40,4.12,0.0476,0.0141
66.338,-0.005,0,,,,,0,,,,GLOBAL,1.000,clear,0,39.4,139,17.623,0,0,-1.000,21.40,4.12,0.0397,0.0138
66.358,-0.021,0,,,,,0,,,,GLOBAL,1.000,clear,0,39.4,139,17.644,0,0,-1.000,21.40,4.12,0.0382,0.0094
66.378,-0.024,0,,,,,0,,,,GLOBAL,1.000,clear,0,39.4,139,17.663,0,0,-1.000,21.40,4.12,0.0304,0.0043
66.398,-0.046,0,,,,,0,,,,GLOBAL,1.000,clear,0,39.4,139,17.683,0,0,-1.000,21.40,4.12,0.0279,0.0246
66.418,-0.074,0,,,,,0,,,,GLOBAL,1.000,clear,0,39.4,139,17.703,0,0,-1.000,21.40,4.12,0.0480,0.0147
66.438,-0.089,0,,,,,0,,,,GLOBAL,1.000,clear,0,39.4,139,17.723,0,0,-1.000,21.40,4.12,0.0435,0.0079
66.458,-0.119,0,,,,,0,,,,GLOBAL,1.000,clear,0,39.4,139,17.743,0,0,-1.000,21.40,4.12,0.0375,0.0063
66.478,-0.110,0,,,,,0,,,,GLOBAL,1.000,clear,0,39.4,139,17.764,0,0,-1.000,21.40,4.12,0.0328,0.0013
66.501,-0.125,0,,,,,0,,,,GLOBAL,1.000,clear,0,39.4,139,17.786,0,0,-1.000,21.40,4.14,0.0311,0.0235
66.518,-0.151,0,,,,,0,,,,GLOBAL,1.000,clear,0,39.4,139,17.803,0,0,-1.000,21.40,4.14,0.0484,0.0133
66.538,-0.177,0,,,,,0,,,,GLOBAL,1.000,clear,0,39.4,139,17.823,0,0,-1.000,21.40,4.14,0.0423,0.0113
66.558,-0.174,0,,,,,0,,,,GLOBAL,1.000,clear,0,39.4,139,17.843,0,0,-1.000,21.40,4.14,0.0383,0.0064
66.578,-0.201,0,,,,,0,,,,GLOBAL,1.000,clear,0,39.4,139,17.863,0,0,-1.000,21.40,4.14,0.0324,0.0259
66.598,-0.208,0,,,,,0,,,,GLOBAL,1.000,clear,0,39.4,139,17.883,0,0,-1.000,21.40,4.14,0.0536,0.0188
66.618,-0.245,0,,,,,0,,,,GLOBAL,1.000,clear,0,39.4,139,17.903,0,0,-1.000,21.40,4.14,0.0487,0.0150
66.638,-0.257,0,,,,,0,,,,GLOBAL,1.000,clear,0,39.4,139,17.923,0,0,-1.000,21.40,4.14,0.0422,0.0065
66.658,-0.282,0,,,,,0,,,,GLOBAL,1.000,clear,0,39.4,139,17.943,0,0,-1.000,21.40,4.14,0.0343,0.0064
66.678,-0.288,0,,,,,0,,,,GLOBAL,1.000,clear,0,39.4,139,17.963,0,0,-1.000,21.40,4.14,0.0327,0.0050
66.698,-0.326,0,,,,,0,,,,GLOBAL,1.000,clear,0,39.4,139,17.983,0,0,-1.000,21.40,4.16,0.0289,0.0250
66.718,-0.323,0,,,,,0,,,,GLOBAL,1.000,clear,0,39.4,139,18.003,0,0,-1.000,21.40,4.16,0.0488,0.0175
66.738,-0.364,0,,,,,0,,,,GLOBAL,1.000,clear,0,39.4,139,18.023,0,0,-1.000,21.40,4.16,0.0429,0.0151
66.758,-0.374,0,,,,,0,,,,GLOBAL,1.000,clear,0,39.4,139,18.043,0,0,-1.000,21.40,4.16,0.0391,0.0017
66.779,-0.385,0,,,,,0,,,,GLOBAL,1.000,clear,0,39.4,139,18.064,0,0,-1.000,21.40,4.16,0.0346,0.0228
66.798,-0.424,0,,,,,0,,,,GLOBAL,1.000,clear,0,39.4,139,18.083,0,0,-1.000,21.40,4.16,0.0274,0.0175
66.818,-0.446,0,,,,,0,,,,GLOBAL,1.000,clear,0,39.4,139,18.103,0,0,-1.000,20.53,4.16,0.0473,0.0146
66.839,-0.455,0,,,,,0,,,,GLOBAL,1.000,clear,0,39.4,139,18.124,0,0,-1.000,20.53,4.16,0.0441,0.0073
66.858,-0.472,0,,,,,0,,,,GLOBAL,1.000,clear,0,39.4,139,18.143,0,0,-1.000,19.06,4.18,0.0366,0.0069
66.878,-0.500,0,,,,,0,,,,GLOBAL,1.000,clear,0,39.4,139,18.163,0,0,-1.000,16.79,4.18,0.0333,0.0017
66.898,-0.529,0,,,,,0,,,,GLOBAL,1.000,clear,0,39.4,139,18.183,0,0,-1.000,16.79,4.18,0.0278,0.0219
66.918,-0.552,0,,,,,0,,,,GLOBAL,1.000,clear,0,39.4,139,18.203,0,0,-1.000,16.19,4.18,0.0479,0.0174
66.938,-0.573,0,,,,,0,,,,GLOBAL,1.000,clear,0,39.4,139,18.223,0,0,-1.000,14.61,4.18,0.0435,0.0137
66.958,-0.593,0,,,,,0,,,,GLOBAL,1.000,clear,0,39.4,139,18.243,0,0,-1.000,14.61,4.18,0.0324,0.0062
66.978,-0.612,0,,,,,0,,,,GLOBAL,1.000,clear,0,39.4,139,18.263,0,0,-1.000,14.01,4.18,0.0326,0.0045
66.998,-0.628,0,,,,,0,,,,GLOBAL,1.000,clear,0,39.4,139,18.283,0,0,-1.000,13.23,4.18,0.0521,0.0239
67.019,-0.646,0,,,,,0,,,,GLOBAL,1.000,clear,0,39.4,139,18.304,0,0,-1.000,13.23,4.18,0.0492,0.0175
67.038,-0.661,0,,,,,0,,,,GLOBAL,1.000,clear,0,39.4,139,18.323,0,0,-1.000,11.86,4.20,0.0398,0.0129
67.058,-0.682,0,,,,,0,,,,GLOBAL,1.000,clear,0,39.4,139,18.343,0,0,-1.000,11.86,4.20,0.0385,0.0078
67.078,-0.715,0,,,,,0,,,,GLOBAL,1.000,clear,0,39.4,139,18.363,0,0,-1.000,10.66,4.20,0.0325,0.0051
67.098,-0.747,0,,,,,0,,,,GLOBAL,1.000,clear,0,39.4,139,18.383,0,0,-1.000,9.18,4.21,0.0526,0.0252
67.118,-0.747,0,,,,,0,,,,GLOBAL,1.000,clear,0,39.4,139,18.403,0,0,-1.000,9.01,4.21,0.0485,0.0136
67.138,-0.752,0,,,,,0,,,,GLOBAL,1.000,clear,0,39.4,139,18.423,0,0,-1.000,9.01,4.21,0.0423,0.0079
67.158,-0.761,0,,,,,0,,,,GLOBAL,1.000,clear,0,39.4,139,18.443,0,0,-1.000,8.56,4.21,0.0381,0.0049
67.178,-0.798,0,,,,,0,,,,GLOBAL,1.000,clear,0,39.4,139,18.463,0,0,-1.000,6.66,4.23,0.0324,0.0008
67.199,-0.798,0,,,,,0,,,,GLOBAL,1.000,clear,0,39.4,139,18.484,0,0,-1.000,6.66,4.23,0.0535,0.0220
67.218,-0.791,0,,,,,0,,,,GLOBAL,1.000,clear,0,39.4,139,18.503,0,0,-1.000,5.67,4.25,0.0490,0.0108
67.238,-0.788,0,,,,,0,,,,GLOBAL,1.000,clear,0,39.4,139,18.523,0,0,-1.000,4.93,4.25,0.0399,0.0076
67.258,-0.824,0,,,,,0,,,,GLOBAL,1.000,clear,0,39.4,139,18.543,0,0,-1.000,4.93,4.25,0.0390,0.0079
67.278,-0.823,0,,,,,0,,,,GLOBAL,1.000,clear,0,39.4,139,18.563,0,0,-1.000,4.24,4.27,0.0322,0.0018
67.298,-0.831,0,,,,,0,,,,GLOBAL,1.000,clear,0,39.4,139,18.583,0,0,-1.000,4.24,4.27,0.0287,0.0219
67.318,-0.847,0,,,,,0,,,,GLOBAL,1.000,clear,0,39.4,139,18.603,0,0,-1.000,3.83,4.27,0.0483,0.0184
67.338,-0.852,0,,,,,0,,,,GLOBAL,1.000,clear,0,39.4,139,18.623,0,0,-1.000,3.74,4.27,0.0411,0.0091
67.358,-0.845,0,,,,,0,,,,GLOBAL,1.000,clear,0,39.4,139,18.643,0,0,-1.000,3.74,4.27,0.0382,0.0088
67.379,-0.848,0,,,,,0,,,,GLOBAL,1.000,clear,0,39.4,139,18.664,0,0,-1.000,3.02,4.29,0.0335,0.0298
67.398,-0.858,0,,,,,0,,,,GLOBAL,1.000,clear,0,39.4,139,18.683,0,0,-1.000,2.62,4.29,0.0237,0.0179
67.418,-0.841,0,,,,,0,,,,GLOBAL,1.000,clear,0,39.4,139,18.703,0,0,-1.000,2.11,4.30,0.0441,0.0197
67.438,-0.832,0,,,,,0,,,,GLOBAL,1.000,clear,0,39.4,139,18.723,0,0,-1.000,2.11,4.30,0.0438,0.0062
67.460,-0.862,0,,,,,0,,,,GLOBAL,1.000,clear,0,39.4,139,18.745,0,0,-1.000,1.54,4.30,0.0399,0.0114
67.479,-0.852,0,,,,,0,,,,GLOBAL,1.000,clear,0,39.4,139,18.764,0,0,-1.000,1.63,4.32,0.0354,0.0021
67.498,-0.843,0,,,,,0,,,,GLOBAL,1.000,clear,0,39.4,139,18.783,0,0,-1.000,1.63,4.32,0.0539,0.0206
67.518,-0.858,0,,,,,0,,,,GLOBAL,1.000,clear,0,39.4,139,18.804,0,0,-1.000,1.54,4.32,0.0487,0.0193
67.538,-0.846,0,,,,,0,,,,GLOBAL,1.000,clear,0,39.4,139,18.823,0,0,-1.000,2.15,4.34,0.0424,0.0149
67.559,-0.825,0,,,,,0,,,,GLOBAL,1.000,clear,0,39.4,139,18.844,0,0,-1.000,2.15,4.34,0.0390,0.0100
67.578,-0.814,0,,,,,0,,,,GLOBAL,1.000,clear,0,39.4,139,18.863,0,0,-1.000,2.17,4.34,0.0326,0.0057
67.598,-0.804,0,,,,,0,,,,GLOBAL,1.000,clear,0,39.4,139,18.883,0,0,-1.000,2.07,4.36,0.0287,0.0259
67.619,-0.805,0,,,,,0,,,,GLOBAL,1.000,clear,0,39.4,139,18.904,0,0,-1.000,2.07,4.36,0.0492,0.0153
67.638,-0.785,0,,,,,0,,,,GLOBAL,1.000,clear,0,39.4,139,18.923,0,0,-1.000,2.12,4.36,0.0421,0.0100
67.658,-0.764,0,,,,,0,,,,GLOBAL,1.000,clear,0,39.4,139,18.943,0,0,-1.000,2.21,4.38,0.0371,0.0082
67.678,-0.737,0,,,,,0,,,,GLOBAL,1.000,clear,0,39.4,139,18.963,0,0,-1.000,2.21,4.38,0.0332,0.0284
67.698,-0.714,0,,,,,0,,,,GLOBAL,1.000,clear,0,39.4,139,18.983,0,0,-1.000,2.27,4.38,0.0269,0.0115
67.718,-0.693,0,,,,,0,,,,GLOBAL,1.000,clear,0,39.4,139,19.003,0,0,-1.000,2.32,4.38,0.0471,0.0098
67.738,-0.680,0,,,,,0,,,,GLOBAL,1.000,clear,0,39.4,139,19.023,0,0,-1.000,2.32,4.38,0.0432,0.0017
67.758,-0.665,0,,,,,0,,,,GLOBAL,1.000,clear,0,39.4,139,19.043,0,0,-1.000,2.76,4.38,0.0379,0.0010
67.779,-0.643,0,,,,,0,,,,GLOBAL,1.000,clear,0,39.4,139,19.064,0,0,-1.000,2.61,4.38,0.0345,0.0218
67.798,-0.619,0,,,,,0,,,,GLOBAL,1.000,clear,0,39.4,139,19.083,0,0,-1.000,2.61,4.38,0.0277,0.0158
67.818,-0.593,0,,,,,0,,,,GLOBAL,1.000,clear,0,39.4,139,19.103,0,0,-1.000,2.74,4.38,0.0476,0.0152
67.838,-0.574,0,,,,,0,,,,GLOBAL,1.000,clear,0,39.4,139,19.123,0,0,-1.000,2.81,4.39,0.0415,0.0103
67.859,-0.558,0,,,,,0,,,,GLOBAL,1.000,clear,0,39.4,139,19.144,0,0,-1.000,2.81,4.39,0.0379,0.0073
67.878,-0.534,0,,,,,0,,,,GLOBAL,1.000,clear,0,39.4,139,19.163,0,0,-1.000,2.91,4.39,0.0296,0.0013
67.899,-0.501,0,,,,,0,,,,GLOBAL,1.000,clear,0,39.4,139,19.184,0,0,-1.000,3.05,4.39,0.0278,0.0219
67.918,-0.484,0,,,,,0,,,,GLOBAL,1.000,clear,0,39.4,139,19.203,0,0,-1.000,3.05,4.39,0.0475,0.0171
67.938,-0.453,0,,,,,0,,,,GLOBAL,1.000,clear,0,39.4,139,19.223,0,0,-1.000,3.26,4.39,0.0424,0.0146
67.958,-0.429,0,,,,,0,,,,GLOBAL,1.000,clear,0,39.4,139,19.243,0,0,-1.000,3.26,4.39,0.0372,0.0070
67.979,-0.419,0,,,,,0,,,,GLOBAL,1.000,clear,0,39.4,139,19.264,0,0,-1.000,3.36,4.39,0.0309,0.0041
67.999,-0.385,0,,,,,0,,,,GLOBAL,1.000,clear,0,39.4,139,19.284,0,0,-1.000,3.96,4.41,0.0509,0.0240
68.018,-0.379,0,,,,,0,,,,GLOBAL,1.000,clear,0,39.4,139,19.303,0,0,-1.000,3.72,4.41,0.0444,0.0159
68.038,-0.345,0,,,,,0,,,,GLOBAL,1.000,clear,0,39.4,139,19.323,0,0,-1.000,3.72,4.41,0.0379,0.0096
68.058,-0.331,0,,,,,0,,,,GLOBAL,1.000,clear,0,39.4,139,19.343,0,0,-1.000,4.55,4.41,0.0369,0.0073
68.078,-0.315,0,,,,,0,,,,GLOBAL,1.000,clear,0,39.4,139,19.363,0,0,-1.000,4.55,4.41,0.0319,0.0009
68.098,-0.291,0,,,,,0,,,,GLOBAL,1.000,clear,0,39.4,139,19.383,0,0,-1.000,5.02,4.41,0.0264,0.0204
68.118,-0.293,0,,,,,0,,,,GLOBAL,1.000,clear,0,39.4,139,19.404,0,0,-1.000,5.09,4.41,0.0472,0.0151
68.138,-0.266,0,,,,,0,,,,GLOBAL,1.000,clear,0,39.4,139,19.423,0,0,-1.000,5.36,4.41,0.0422,0.0138
68.158,-0.243,0,,,,,0,,,,GLOBAL,1.000,clear,0,39.4,139,19.443,0,0,-1.000,5.36,4.41,0.0371,0.0085
68.178,-0.247,0,,,,,0,,,,GLOBAL,1.000,clear,0,39.4,139,19.463,0,0,-1.000,4.94,4.41,0.0316,0.0029
68.198,-0.221,0,,,,,0,,,,GLOBAL,1.000,clear,0,39.4,139,19.483,0,0,-1.000,5.99,4.41,0.0266,0.0229
68.218,-0.206,0,,,,,0,,,,GLOBAL,1.000,clear,0,39.4,139,19.503,0,0,-1.000,5.99,4.41,0.0467,0.0191
68.239,-0.189,0,,,,,0,,,,GLOBAL,1.000,clear,0,39.4,139,19.524,0,0,-1.000,6.84,4.43,0.0411,0.0119
68.258,-0.196,0,,,,,0,,,,GLOBAL,1.000,clear,0,39.4,139,19.543,0,0,-1.000,7.17,4.43,0.0369,0.0061
68.279,-0.176,0,,,,,0,,,,GLOBAL,1.000,clear,0,39.4,139,19.564,0,0,-1.000,7.17,4.43,0.0332,0.0018
68.298,-0.154,0,,,,,0,,,,GLOBAL,1.000,clear,0,39.4,139,19.583,0,0,-1.000,7.26,4.43,0.0270,0.0203
68.323,-0.133,0,,,,,0,,,,GLOBAL,1.000,clear,0,39.4,139,19.608,0,0,-1.000,8.54,4.43,0.0518,0.0163
68.339,-0.127,0,,,,,0,,,,GLOBAL,1.000,clear,0,39.4,139,19.624,0,0,-1.000,8.54,4.43,0.0424,0.0109
68.359,-0.135,0,,,,,0,,,,GLOBAL,1.000,clear,0,39.4,139,19.644,0,0,-1.000,8.76,4.43,0.0382,0.0082
68.379,-0.122,0,,,,,0,,,,GLOBAL,1.000,clear,0,39.4,139,19.664,0,0,-1.000,9.54,4.43,0.0277,0.0021
68.398,-0.089,0,,,,,0,,,,GLOBAL,1.000,clear,0,39.4,139,19.684,0,0,-1.000,9.54,4.43,0.0470,0.0214
68.418,-0.084,0,,,,,0,,,,GLOBAL,1.000,clear,0,39.4,139,19.703,0,0,-1.000,10.44,4.43,0.0465,0.0163
68.439,-0.079,0,,,,,0,,,,GLOBAL,1.000,clear,0,39.4,139,19.724,0,0,-1.000,11.16,4.43,0.0430,0.0131
68.459,0.009,0,,,,,0,,,,GLOBAL,1.000,clear,0,39.4,139,19.744,0,0,-1.000,11.16,4.43,0.0386,0.0088
68.482,-0.000,0,,,,,0,,,,GLOBAL,1.000,clear,0,39.4,139,19.767,0,0,-1.000,13.33,4.43,0.0360,0.0321
68.499,-0.022,0,,,,,0,,,,GLOBAL,1.000,clear,0,39.4,139,19.784,0,0,-1.000,15.46,4.43,0.0289,0.0166
68.519,-0.008,0,,,,,0,,,,GLOBAL,1.000,clear,0,39.4,139,19.804,0,0,-1.000,15.46,4.43,0.0489,0.0196
68.538,-0.000,0,,,,,0,,,,GLOBAL,1.000,clear,0,39.4,139,19.824,0,0,-1.000,16.56,4.43,0.0394,0.0097
68.559,0.000,0,,,,,0,,,,GLOBAL,1.000,clear,0,39.4,139,19.844,0,0,-1.000,19.23,4.43,0.0377,0.0075
68.578,0.000,0,,,,,0,,,,GLOBAL,1.000,clear,0,39.4,139,19.863,0,0,-1.000,19.23,4.43,0.0320,0.0264
68.598,0.008,0,,,,,0,,,,GLOBAL,1.000,clear,0,39.4,139,19.883,0,0,-1.000,19.64,4.43,0.0264,0.0188
68.618,0.022,0,,,,,0,,,,GLOBAL,1.000,clear,0,39.4,139,19.904,0,0,-1.000,17.09,4.43,0.0472,0.0123
68.638,0.005,0,,,,,0,,,,GLOBAL,1.000,clear,0,39.4,139,19.923,0,0,-1.000,17.09,4.43,0.0407,0.0101
68.658,0.000,0,,,,,0,,,,GLOBAL,1.000,clear,0,39.4,139,19.943,0,0,-1.000,17.88,4.43,0.0362,0.0009
68.678,0.000,0,,,,,0,,,,GLOBAL,1.000,clear,0,39.4,139,19.963,0,0,-1.000,18.72,4.43,0.0294,0.0020
68.699,0.000,0,,,,,0,,,,GLOBAL,1.000,clear,0,39.4,139,19.984,0,0,-1.000,18.72,4.43,0.0279,0.0234
68.718,0.000,0,,,,,0,,,,GLOBAL,1.000,clear,0,39.4,139,20.003,0,0,-1.000,19.59,4.43,0.0467,0.0154
68.738,0.000,0,,,,,0,,,,GLOBAL,1.000,clear,0,39.4,139,20.023,0,0,-1.000,18.58,4.43,0.0411,0.0136
68.758,0.000,0,,,,,0,,,,GLOBAL,1.000,clear,0,39.4,139,20.043,0,0,-1.000,18.58,4.43,0.0374,0.0083
68.778,0.000,0,,,,,0,,,,GLOBAL,1.000,clear,0,39.4,139,20.063,0,0,-1.000,18.08,4.43,0.0311,0.0018
68.798,0.000,0,,,,,0,,,,GLOBAL,1.000,clear,0,39.4,139,20.084,0,0,-1.000,18.08,4.43,0.0518,0.0226
68.818,0.000,0,,,,,0,,,,GLOBAL,1.000,clear,0,39.4,139,20.103,0,0,-1.000,19.25,4.43,0.0470,0.0156
68.838,0.000,0,,,,,0,,,,GLOBAL,1.000,clear,0,39.4,139,20.123,0,0,-1.000,18.39,4.43,0.0414,0.0106
68.858,0.000,0,,,,,0,,,,GLOBAL,1.000,clear,0,39.4,139,20.143,0,0,-1.000,19.06,4.43,0.0373,0.0090
68.878,0.000,0,,,,,0,,,,GLOBAL,1.000,clear,0,39.4,139,20.163,0,0,-1.000,19.06,4.43,0.0316,0.0290
68.898,0.000,0,,,,,0,,,,GLOBAL,1.000,clear,0,39.4,139,20.183,0,0,-1.000,18.74,4.43,0.0271,0.0180
68.919,0.000,0,,,,,0,,,,GLOBAL,1.000,clear,0,39.4,139,20.204,0,0,-1.000,19.35,4.43,0.0487,0.0174
68.938,0.000,0,,,,,0,,,,GLOBAL,1.000,clear,0,39.4,139,20.223,0,0,-1.000,19.35,4.43,0.0419,0.0123
68.958,0.000,0,,,,,0,,,,GLOBAL,1.000,clear,0,39.4,139,20.243,0,0,-1.000,16.80,4.43,0.0362,0.0078
68.978,0.000,0,,,,,0,,,,GLOBAL,1.000,clear,0,39.4,139,20.263,0,0,-1.000,18.21,4.43,0.0319,0.0025
68.998,0.000,0,,,,,0,,,,GLOBAL,1.000,clear,0,39.4,139,20.283,0,0,-1.000,18.21,4.43,0.0250,0.0229
69.019,0.000,0,,,,,0,,,,GLOBAL,1.000,clear,0,39.4,139,20.304,0,0,-1.000,19.20,4.43,0.0459,0.0163
69.038,0.000,0,,,,,0,,,,GLOBAL,1.000,clear,0,39.4,139,20.323,0,0,-1.000,18.30,4.43,0.0420,0.0073
69.058,0.000,0,,,,,0,,,,GLOBAL,1.000,clear,0,39.4,139,20.343,0,0,-1.000,18.30,4.43,0.0355,0.0076
69.078,0.000,0,,,,,0,,,,GLOBAL,1.000,clear,0,39.4,139,20.363,0,0,-1.000,18.49,4.43,0.0322,0.0275
69.098,0.000,0,,,,,0,,,,GLOBAL,1.000,clear,0,39.4,139,20.383,0,0,-1.000,18.53,4.43,0.0525,0.0159
69.118,0.000,0,,,,,0,,,,GLOBAL,1.000,clear,0,39.4,139,20.403,0,0,-1.000,18.53,4.43,0.0467,0.0085
69.138,0.000,0,,,,,0,,,,GLOBAL,1.000,clear,0,39.4,139,20.423,0,0,-1.000,17.94,4.43,0.0425,0.0102
69.158,0.000,0,,,,,0,,,,GLOBAL,1.000,clear,0,39.4,139,20.443,0,0,-1.000,19.34,4.43,0.0368,0.0304
69.178,0.000,0,,,,,0,,,,GLOBAL,1.000,clear,0,39.4,139,20.463,0,0,-1.000,19.34,4.43,0.0308,0.0034
69.206,0.000,0,,,,,0,,,,GLOBAL,1.000,clear,0,39.4,139,20.491,0,0,-1.000,19.29,4.43,0.0587,0.0313
69.218,0.000,0,,,,,0,,,,GLOBAL,1.000,clear,0,39.4,139,20.503,0,0,-1.000,18.93,4.43,0.0466,0.0114
69.238,0.000,0,,,,,0,,,,GLOBAL,1.000,clear,0,39.4,139,20.523,0,0,-1.000,18.93,4.43,0.0411,0.0138
69.258,0.000,0,,,,,0,,,,GLOBAL,1.000,clear,0,39.4,139,20.543,0,0,-1.000,18.80,4.43,0.0369,0.0087
69.278,0.000,0,,,,,0,,,,GLOBAL,1.000,clear,0,39.4,139,20.563,0,0,-1.000,18.79,4.43,0.0313,0.0287
69.299,0.000,0,,,,,0,,,,GLOBAL,1.000,clear,0,39.4,139,20.584,0,0,-1.000,18.79,4.43,0.0279,0.0185
69.318,0.000,0,,,,,0,,,,GLOBAL,1.000,clear,0,39.4,139,20.603,0,0,-1.000,19.66,4.43,0.0471,0.0140
69.338,0.000,0,,,,,0,,,,GLOBAL,1.000,clear,0,39.4,139,20.623,0,0,-1.000,18.98,4.43,0.0415,0.0093
69.359,0.000,0,,,,,0,,,,GLOBAL,1.000,clear,0,39.4,139,20.644,0,0,-1.000,18.98,4.43,0.0383,0.0072
69.378,0.000,0,,,,,0,,,,GLOBAL,1.000,clear,0,39.4,139,20.663,0,0,-1.000,18.79,4.43,0.0317,0.0264
69.398,0.000,0,,,,,0,,,,GLOBAL,1.000,clear,0,39.4,139,20.683,0,0,-1.000,18.88,4.43,0.0518,0.0175
69.418,0.000,0,,,,,0,,,,GLOBAL,1.000,clear,0,39.4,139,20.703,0,0,-1.000,18.88,4.43,0.0462,0.0184
69.438,0.000,0,,,,,0,,,,GLOBAL,1.000,clear,0,39.4,139,20.723,0,0,-1.000,19.03,4.43,0.0419,0.0137
69.458,0.000,0,,,,,0,,,,GLOBAL,1.000,clear,0,39.4,139,20.743,0,0,-1.000,17.72,4.43,0.0360,0.0078
69.479,0.000,0,,,,,0,,,,GLOBAL,1.000,clear,0,39.4,139,20.764,0,0,-1.000,17.72,4.43,0.0329,0.0029
69.498,0.000,0,,,,,0,,,,GLOBAL,1.000,clear,0,39.4,139,20.783,0,0,-1.000,18.10,4.43,0.0260,0.0219
69.518,0.000,0,,,,,0,,,,GLOBAL,1.000,clear,0,39.4,139,20.803,0,0,-1.000,18.65,4.43,0.0462,0.0171
69.538,0.000,0,,,,,0,,,,GLOBAL,1.000,clear,0,39.4,139,20.823,0,0,-1.000,18.65,4.43,0.0423,0.0129
69.558,0.000,0,,,,,0,,,,GLOBAL,1.000,clear,0,39.4,139,20.843,0,0,-1.000,18.80,4.43,0.0365,0.0082
69.578,0.000,0,,,,,0,,,,GLOBAL,1.000,clear,0,39.4,139,20.863,0,0,-1.000,18.87,4.43,0.0312,0.0024
69.600,0.000,0,,,,,0,,,,GLOBAL,1.000,clear,0,39.4,139,20.885,0,0,-1.000,18.87,4.43,0.0283,0.0239
69.619,0.000,0,,,,,0,,,,GLOBAL,1.000,clear,0,39.4,139,20.904,0,0,-1.000,18.69,4.43,0.0471,0.0184
69.638,0.000,0,,,,,0,,,,GLOBAL,1.000,clear,0,39.4,139,20.923,0,0,-1.000,19.45,4.43,0.0408,0.0141
69.658,0.000,0,,,,,0,,,,GLOBAL,1.000,clear,0,39.4,139,20.943,0,0,-1.000,19.45,4.43,0.0368,0.0083
69.678,0.000,0,,,,,0,,,,GLOBAL,1.000,clear,0,39.4,139,20.963,0,0,-1.000,20.00,4.43,0.0311,0.0028
69.698,0.000,0,,,,,0,,,,GLOBAL,1.000,clear,0,39.4,139,20.984,0,0,-1.000,19.20,4.43,0.0275,0.0234
69.718,0.000,0,,,,,0,,,,GLOBAL,1.000,clear,0,39.4,139,21.003,0,0,-1.000,19.20,4.43,0.0470,0.0185
69.738,0.000,0,,,,,0,,,,GLOBAL,1.000,clear,0,39.4,139,21.023,0,0,-1.000,18.10,4.43,0.0414,0.0130
69.758,0.000,0,,,,,0,,,,GLOBAL,1.000,clear,0,39.4,139,21.043,0,0,-1.000,18.85,4.43,0.0359,0.0080
69.779,0.000,0,,,,,0,,,,GLOBAL,1.000,clear,0,39.4,139,21.064,0,0,-1.000,18.85,4.43,0.0327,0.0024
69.799,0.000,0,,,,,0,,,,GLOBAL,1.000,clear,0,39.4,139,21.084,0,0,-1.000,18.85,4.41,0.0256,0.0220
69.818,0.000,0,,,,,0,,,,GLOBAL,1.000,clear,0,39.4,139,21.104,0,0,-1.000,18.83,4.43,0.0455,0.0190
69.838,0.000,0,,,,,0,,,,GLOBAL,1.000,clear,0,39.4,139,21.123,0,0,-1.000,18.83,4.43,0.0418,0.0134
69.858,0.000,0,,,,,0,,,,GLOBAL,1.000,clear,0,39.4,139,21.143,0,0,-1.000,18.78,4.43,0.0362,0.0086
69.878,0.000,0,,,,,0,,,,GLOBAL,1.000,clear,0,39.4,139,21.163,0,0,-1.000,18.74,4.43,0.0324,0.0012
69.898,0.000,0,,,,,0,,,,GLOBAL,1.000,clear,0,39.4,139,21.183,0,0,-1.000,18.74,4.43,0.0525,0.0213
69.926,0.000,0,,,,,0,,,,GLOBAL,1.000,clear,0,39.4,139,21.211,0,0,-1.000,18.83,4.43,0.0546,0.0263
69.938,0.000,0,,,,,0,,,,GLOBAL,1.000,clear,0,39.4,139,21.223,0,0,-1.000,19.32,4.43,0.0417,0.0109
69.958,0.000,0,,,,,0,,,,GLOBAL,1.000,clear,0,39.4,139,21.243,0,0,-1.000,19.32,4.43,0.0361,0.0083
69.978,0.000,0,,,,,0,,,,GLOBAL,1.000,clear,0,39.4,139,21.263,0,0,-1.000,19.54,4.43,0.0317,0.0035
69.998,0.000,0,,,,,0,,,,GLOBAL,1.000,clear,0,39.4,139,21.283,0,0,-1.000,18.94,4.43,0.0518,0.0235
70.018,0.000,0,,,,,0,,,,GLOBAL,1.000,clear,0,39.4,139,21.303,0,0,-1.000,18.94,4.43,0.0451,0.0180
70.038,0.000,0,,,,,0,,,,GLOBAL,1.000,clear,0,39.4,139,21.323,0,0,-1.000,19.09,4.43,0.0407,0.0137
70.058,0.000,0,,,,,0,,,,GLOBAL,1.000,clear,0,39.4,139,21.343,0,0,-1.000,18.63,4.43,0.0364,0.0080
70.078,0.000,0,,,,,0,,,,GLOBAL,1.000,clear,0,39.4,139,21.363,0,0,-1.000,18.63,4.43,0.0308,0.0032
70.098,0.000,0,,,,,0,,,,GLOBAL,1.000,clear,0,39.4,139,21.383,0,0,-1.000,19.16,4.43,0.0265,0.0230
70.118,0.000,0,,,,,0,,,,GLOBAL,1.000,clear,0,39.4,139,21.403,0,0,-1.000,19.21,4.43,0.0469,0.0181
70.138,0.000,0,,,,,0,,,,GLOBAL,1.000,clear,0,39.4,139,21.423,0,0,-1.000,19.21,4.43,0.0411,0.0138
70.158,0.000,0,,,,,0,,,,GLOBAL,1.000,clear,0,39.4,139,21.444,0,0,-1.000,19.16,4.43,0.0376,0.0070
70.178,0.000,0,,,,,0,,,,GLOBAL,1.000,clear,0,39.4,139,21.463,0,0,-1.000,19.22,4.43,0.0314,0.0266
70.198,0.000,0,,,,,0,,,,GLOBAL,1.000,clear,0,39.4,139,21.483,0,0,-1.000,19.22,4.43,0.0514,0.0179
70.218,0.000,0,,,,,0,,,,GLOBAL,1.000,clear,0,39.4,139,21.503,0,0,-1.000,19.27,4.43,0.0459,0.0183
70.238,0.000,0,,,,,0,,,,GLOBAL,1.000,clear,0,39.4,139,21.523,0,0,-1.000,19.25,4.43,0.0389,0.0101
70.258,0.000,0,,,,,0,,,,GLOBAL,1.000,clear,0,39.4,139,21.544,0,0,-1.000,19.25,4.43,0.0361,0.0094
70.278,0.000,0,,,,,0,,,,GLOBAL,1.000,clear,0,39.4,139,21.563,0,0,-1.000,19.31,4.43,0.0321,0.0288
70.298,0.000,0,,,,,0,,,,GLOBAL,1.000,clear,0,39.4,139,21.583,0,0,-1.000,18.41,4.43,0.0256,0.0175
70.319,0.000,0,,,,,0,,,,GLOBAL,1.000,clear,0,39.4,139,21.604,0,0,-1.000,18.41,4.43,0.0468,0.0124
70.338,0.000,0,,,,,0,,,,GLOBAL,1.000,clear,0,39.4,139,21.623,0,0,-1.000,19.87,4.43,0.0416,0.0089
70.358,0.000,0,,,,,0,,,,GLOBAL,1.000,clear,0,39.4,139,21.643,0,0,-1.000,19.33,4.43,0.0360,0.0047
70.379,0.000,0,,,,,0,,,,GLOBAL,1.000,clear,0,39.4,139,21.664,0,0,-1.000,19.33,4.43,0.0326,0.0254
70.402,0.000,0,,,,,0,,,,GLOBAL,1.000,clear,0,39.4,139,21.688,0,0,-1.000,17.30,4.43,0.0564,0.0227
70.418,0.000,0,,,,,0,,,,GLOBAL,1.000,clear,0,39.4,139,21.703,0,0,-1.000,21.11,4.43,0.0461,0.0132
70.438,0.000,0,,,,,0,,,,GLOBAL,1.000,clear,0,39.4,139,21.723,0,0,-1.000,21.11,4.43,0.0413,0.0021
70.458,0.000,0,,,,,0,,,,GLOBAL,1.000,clear,0,39.4,139,21.743,0,0,-1.000,18.89,4.41,0.0363,0.0056
70.478,0.000,0,,,,,0,,,,GLOBAL,1.000,clear,0,39.4,139,21.763,0,0,-1.000,19.08,4.43,0.0306,0.0009
70.498,0.000,0,,,,,0,,,,GLOBAL,1.000,clear,0,39.4,139,21.783,0,0,-1.000,19.08,4.43,0.0267,0.0212
70.518,0.000,0,,,,,0,,,,GLOBAL,1.000,clear,0,39.4,139,21.803,0,0,-1.000,18.95,4.43,0.0463,0.0146
70.538,0.000,0,,,,,0,,,,GLOBAL,1.000,clear,0,39.4,139,21.823,0,0,-1.000,19.83,4.41,0.0407,0.0089
70.558,0.000,0,,,,,0,,,,GLOBAL,1.000,clear,0,39.4,139,21.843,0,0,-1.000,19.83,4.41,0.0366,0.0083
70.578,0.000,0,,,,,0,,,,GLOBAL,1.000,clear,0,39.4,139,21.863,0,0,-1.000,18.01,4.43,0.0307,0.0027
70.600,0.000,0,,,,,0,,,,GLOBAL,1.000,clear,0,39.4,139,21.885,0,0,-1.000,18.26,4.43,0.0288,0.0249
70.618,0.000,0,,,,,0,,,,GLOBAL,1.000,clear,0,39.4,139,21.903,0,0,-1.000,18.26,4.43,0.0474,0.0166
70.638,0.000,0,,,,,0,,,,GLOBAL,1.000,clear,0,39.4,139,21.923,0,0,-1.000,18.80,4.41,0.0407,0.0138
70.658,0.000,0,,,,,0,,,,GLOBAL,1.000,clear,0,39.4,139,21.943,0,0,-1.000,18.98,4.43,0.0368,0.0085
70.678,0.000,0,,,,,0,,,,GLOBAL,1.000,clear,0,39.4,139,21.963,0,0,-1.000,18.98,4.43,0.0314,0.0041
70.700,0.000,0,,,,,0,,,,GLOBAL,1.000,clear,0,39.4,139,21.985,0,0,-1.000,18.85,4.43,0.0534,0.0261
70.718,0.000,0,,,,,0,,,,GLOBAL,1.000,clear,0,39.4,139,22.003,0,0,-1.000,18.92,4.43,0.0471,0.0157
70.738,0.000,0,,,,,0,,,,GLOBAL,1.000,clear,0,39.4,139,22.023,0,0,-1.000,18.92,4.43,0.0413,0.0128
70.758,0.000,0,,,,,0,,,,GLOBAL,1.000,clear,0,39.4,139,22.043,0,0,-1.000,18.79,4.43,0.0357,0.0083
70.779,0.000,0,,,,,0,,,,GLOBAL,1.000,clear,0,39.4,139,22.064,0,0,-1.000,18.79,4.43,0.0315,0.0037
70.798,0.000,0,,,,,0,,,,GLOBAL,1.000,clear,0,39.4,139,22.083,0,0,-1.000,18.34,4.43,0.0233,0.0231
70.818,0.000,0,,,,,0,,,,GLOBAL,1.000,clear,0,39.4,139,22.103,0,0,-1.000,18.79,4.43,0.0428,0.0178
70.838,0.000,0,,,,,0,,,,GLOBAL,1.000,clear,0,39.4,139,22.123,0,0,-1.000,19.38,4.43,0.0416,0.0130
70.858,0.000,0,,,,,0,,,,GLOBAL,1.000,clear,0,39.4,139,22.143,0,0,-1.000,19.38,4.43,0.0360,0.0091
70.879,0.000,0,,,,,0,,,,GLOBAL,1.000,clear,0,39.4,139,22.164,0,0,-1.000,19.10,4.43,0.0332,0.0044
70.899,0.000,0,,,,,0,,,,GLOBAL,1.000,clear,0,39.4,139,22.184,0,0,-1.000,18.92,4.41,0.0268,0.0237
70.919,0.000,0,,,,,0,,,,GLOBAL,1.000,clear,0,39.4,139,22.204,0,0,-1.000,18.92,4.41,0.0468,0.0189
70.938,0.000,0,,,,,0,,,,GLOBAL,1.000,clear,0,39.4,139,22.223,0,0,-1.000,19.12,4.43,0.0421,0.0097
70.958,0.000,0,,,,,0,,,,GLOBAL,1.000,clear,0,39.4,139,22.243,0,0,-1.000,18.53,4.43,0.0368,0.0084
70.978,0.000,0,,,,,0,,,,GLOBAL,1.000,clear,0,39.4,139,22.263,0,0,-1.000,18.53,4.43,0.0303,0.0027
71.001,0.000,0,,,,,0,,,,GLOBAL,1.000,clear,0,39.4,139,22.286,0,0,-1.000,18.98,4.43,0.0526,0.0251
71.019,0.000,0,,,,,0,,,,GLOBAL,1.000,clear,0,39.4,139,22.304,0,0,-1.000,19.05,4.43,0.0472,0.0155
71.038,0.000,0,,,,,0,,,,GLOBAL,1.000,clear,0,39.4,139,22.323,0,0,-1.000,19.05,4.43,0.0409,0.0130
71.058,0.000,0,,,,,0,,,,GLOBAL,1.000,clear,0,39.4,139,22.343,0,0,-1.000,19.59,4.43,0.0364,0.0080
71.078,0.000,0,,,,,0,,,,GLOBAL,1.000,clear,0,39.4,139,22.363,0,0,-1.000,18.57,4.43,0.0308,0.0281
71.098,0.000,0,,,,,0,,,,GLOBAL,1.000,clear,0,39.4,139,22.383,0,0,-1.000,18.57,4.43,0.0511,0.0184
71.119,0.000,0,,,,,0,,,,GLOBAL,1.000,clear,0,39.4,139,22.404,0,0,-1.000,18.46,4.43,0.0475,0.0167
71.138,0.000,0,,,,,0,,,,GLOBAL,1.000,clear,0,39.4,139,22.423,0,0,-1.000,18.80,4.43,0.0408,0.0105
71.158,0.000,0,,,,,0,,,,GLOBAL,1.000,clear,0,39.4,139,22.443,0,0,-1.000,18.80,4.43,0.0365,0.0084
71.178,0.000,0,,,,,0,,,,GLOBAL,1.000,clear,0,39.4,139,22.463,0,0,-1.000,18.78,4.43,0.0287,0.0012
71.200,0.000,0,,,,,0,,,,GLOBAL,1.000,clear,0,39.4,139,22.485,0,0,-1.000,19.69,4.43,0.0273,0.0227
71.218,0.000,0,,,,,0,,,,GLOBAL,1.000,clear,0,39.4,139,22.503,0,0,-1.000,19.69,4.43,0.0455,0.0178
71.238,0.000,0,,,,,0,,,,GLOBAL,1.000,clear,0,39.4,139,22.523,0,0,-1.000,19.10,4.43,0.0417,0.0112
71.258,0.000,0,,,,,0,,,,GLOBAL,1.000,clear,0,39.4,139,22.544,0,0,-1.000,18.45,4.43,0.0362,0.0070
71.278,0.000,0,,,,,0,,,,GLOBAL,1.000,clear,0,39.4,139,22.563,0,0,-1.000,18.45,4.43,0.0310,0.0009
71.298,0.000,0,,,,,0,,,,GLOBAL,1.000,clear,0,39.4,139,22.584,0,0,-1.000,18.74,4.43,0.0519,0.0217
71.327,0.000,0,,,,,0,,,,GLOBAL,1.000,clear,0,39.4,139,22.612,0,0,-1.000,18.82,4.43,0.0544,0.0188
71.338,0.000,0,,,,,0,,,,GLOBAL,1.000,clear,0,39.4,139,22.623,0,0,-1.000,18.82,4.43,0.0419,0.0113
71.358,0.000,0,,,,,0,,,,GLOBAL,1.000,clear,0,39.4,139,22.643,0,0,-1.000,21.40,4.41,0.0358,0.0064
71.378,0.000,0,,,,,0,,,,GLOBAL,1.000,clear,0,39.4,139,22.663,0,0,-1.000,21.40,4.41,0.0308,0.0021
71.399,0.000,0,,,,,0,,,,GLOBAL,1.000,clear,0,39.4,139,22.684,0,0,-1.000,21.40,4.41,0.0521,0.0233
71.418,0.000,0,,,,,0,,,,GLOBAL,1.000,clear,0,39.4,139,22.703,0,0,-1.000,21.40,4.41,0.0460,0.0152
71.438,0.000,0,,,,,0,,,,GLOBAL,1.000,clear,0,39.4,139,22.723,0,0,-1.000,21.40,4.41,0.0399,0.0135
71.458,0.000,0,,,,,0,,,,GLOBAL,1.000,clear,0,39.4,139,22.743,0,0,-1.000,21.40,4.41,0.0363,0.0072
71.478,0.000,0,,,,,0,,,,GLOBAL,1.000,clear,0,39.4,139,22.764,0,0,-1.000,21.40,4.41,0.0311,0.0008
71.498,0.000,0,,,,,0,,,,GLOBAL,1.000,clear,0,39.4,139,22.783,0,0,-1.000,21.40,4.41,0.0508,0.0204
71.518,0.000,0,,,,,0,,,,GLOBAL,1.000,clear,0,39.4,139,22.803,0,0,-1.000,21.40,4.41,0.0467,0.0172
71.538,0.000,0,,,,,0,,,,GLOBAL,1.000,clear,0,39.4,139,22.823,0,0,-1.000,21.40,4.41,0.0386,0.0128
71.558,0.000,0,,,,,0,,,,GLOBAL,1.000,clear,0,39.4,139,22.843,0,0,-1.000,21.40,4.43,0.0363,0.0026
71.578,0.000,0,,,,,0,,,,GLOBAL,1.000,clear,0,39.4,139,22.863,0,0,-1.000,21.40,4.43,0.0307,0.0032
71.599,0.000,0,,,,,0,,,,GLOBAL,1.000,clear,0,39.4,139,22.884,0,0,-1.000,21.40,4.43,0.0514,0.0239
71.618,0.000,0,,,,,0,,,,GLOBAL,1.000,clear,0,39.4,139,22.903,0,0,-1.000,21.40,4.41,0.0467,0.0155
71.638,0.000,0,,,,,0,,,,GLOBAL,1.000,clear,0,39.4,139,22.923,0,0,-1.000,21.40,4.41,0.0396,0.0140
71.658,0.000,0,,,,,0,,,,GLOBAL,1.000,clear,0,39.4,139,22.943,0,0,-1.000,21.40,4.41,0.0367,0.0074
71.679,0.000,0,,,,,0,,,,GLOBAL,1.000,clear,0,39.4,139,22.964,0,0,-1.000,21.40,4.41,0.0310,0.0282
71.698,0.000,0,,,,,0,,,,GLOBAL,1.000,clear,0,39.4,139,22.983,0,0,-1.000,21.40,4.41,0.0216,0.0186
71.718,0.000,0,,,,,0,,,,GLOBAL,1.000,clear,0,39.4,139,23.003,0,0,-1.000,21.40,4.41,0.0417,0.0186
71.738,0.000,0,,,,,0,,,,GLOBAL,1.000,clear,0,39.4,139,23.023,0,0,-1.000,21.40,4.43,0.0392,0.0103
71.758,0.000,0,,,,,0,,,,GLOBAL,1.000,clear,0,39.4,139,23.043,0,0,-1.000,21.40,4.43,0.0368,0.0080
71.778,0.000,0,,,,,0,,,,GLOBAL,1.000,clear,0,39.4,139,23.063,0,0,-1.000,21.40,4.43,0.0556,0.0277
71.798,0.000,0,,,,,0,,,,GLOBAL,1.000,clear,0,39.4,139,23.083,0,0,-1.000,21.40,4.41,0.0183,0.0163
71.818,0.000,0,,,,,0,,,,GLOBAL,1.000,clear,0,39.4,139,23.103,0,0,-1.000,21.40,4.41,0.0383,0.0175
71.838,0.000,0,,,,,0,,,,GLOBAL,1.000,clear,0,39.4,139,23.123,0,0,-1.000,21.40,4.41,0.0415,0.0124
71.858,0.000,0,,,,,0,,,,GLOBAL,1.000,clear,0,39.4,139,23.143,0,0,-1.000,21.40,4.41,0.0357,0.0056
71.879,0.000,0,,,,,0,,,,GLOBAL,1.000,clear,0,39.4,139,23.164,0,0,-1.000,21.40,4.41,0.0312,0.0010
71.898,0.000,0,,,,,0,,,,GLOBAL,1.000,clear,0,39.4,139,23.183,0,0,-1.000,21.40,4.41,0.0261,0.0204
71.918,0.000,1,7.182,7.162,1.374,0.111,1,7.182,7.182,,GLOBAL,1.000,clear,0,39.4,139,23.203,0,0,-1.000,21.40,4.41,0.0458,0.0162
71.939,0.000,0,,,,,0,,,,GLOBAL,1.000,clear,0,39.4,139,23.224,0,0,-1.000,21.40,4.41,0.0407,0.0102
71.959,0.000,1,7.182,7.163,1.371,0.111,1,7.182,7.182,,GLOBAL,1.000,clear,0,39.4,139,23.244,0,0,-1.000,21.40,4.41,0.0341,0.0092
71.978,0.000,1,7.180,7.164,1.364,0.112,1,7.180,7.180,,GLOBAL,1.000,clear,0,39.4,139,23.263,0,0,-1.000,21.40,4.41,0.0317,0.0018
71.998,0.000,1,7.180,7.164,1.364,0.112,1,7.180,7.180,,GLOBAL,1.000,clear,0,39.4,139,23.283,0,0,-1.000,21.40,4.41,0.0521,0.0221
72.018,0.000,0,,,,,0,,,,GLOBAL,1.000,clear,0,39.4,139,23.303,0,0,-1.000,21.40,4.41,0.0427,0.0162
72.038,0.000,0,,,,,0,,,,GLOBAL,1.000,clear,0,39.4,139,23.323,0,0,-1.000,21.40,4.41,0.0387,0.0130
72.058,0.000,0,,,,,0,,,,GLOBAL,1.000,clear,0,39.4,139,23.343,0,0,-1.000,21.40,4.41,0.0363,0.0069
72.078,0.000,1,7.189,7.168,1.384,0.112,1,7.189,7.189,,GLOBAL,1.000,clear,0,39.4,139,23.363,0,0,-1.000,21.40,4.41,0.0296,0.0027
72.098,0.000,1,7.189,7.168,1.384,0.112,1,7.189,7.189,,GLOBAL,1.000,clear,0,39.4,139,23.383,0,0,-1.000,21.40,4.41,0.0256,0.0230
72.118,0.000,1,7.187,7.167,1.373,0.110,1,7.187,7.187,,GLOBAL,1.000,clear,0,39.4,139,23.403,0,0,-1.000,21.40,4.41,0.0453,0.0178
72.138,0.000,1,7.187,7.169,1.364,0.111,1,7.187,7.187,,GLOBAL,1.000,clear,0,39.4,139,23.423,0,0,-1.000,21.40,4.41,0.0407,0.0132
72.158,0.000,0,,,,,0,,,,GLOBAL,1.000,clear,0,39.4,139,23.443,0,0,-1.000,21.40,4.41,0.0365,0.0062
72.178,0.000,0,,,,,0,,,,GLOBAL,1.000,clear,0,39.4,139,23.463,0,0,-1.000,21.40,4.41,0.0310,0.0015
72.198,0.000,0,,,,,0,,,,GLOBAL,1.000,clear,0,39.4,139,23.483,0,0,-1.000,21.40,4.41,0.0271,0.0217
72.218,0.000,0,,,,,0,,,,GLOBAL,1.000,clear,0,39.4,139,23.503,0,0,-1.000,21.40,4.41,0.0468,0.0176
72.239,0.000,0,,,,,0,,,,GLOBAL,1.000,clear,0,39.4,139,23.524,0,0,-1.000,21.40,4.41,0.0397,0.0113
72.258,0.000,0,,,,,0,,,,GLOBAL,1.000,clear,0,39.4,139,23.543,0,0,-1.000,21.40,4.41,0.0370,0.0068
72.278,0.000,0,,,,,0,,,,GLOBAL,1.000,clear,0,39.4,139,23.563,0,0,-1.000,21.40,4.41,0.0314,0.0268
72.299,0.000,0,,,,,0,,,,GLOBAL,1.000,clear,0,39.4,139,23.584,0,0,-1.000,21.40,4.41,0.0266,0.0207
72.318,0.000,0,,,,,0,,,,GLOBAL,1.000,clear,0,39.4,139,23.603,0,0,-1.000,21.40,4.41,0.0455,0.0149
72.338,0.000,0,,,,,0,,,,GLOBAL,1.000,clear,0,39.4,139,23.623,0,0,-1.000,21.40,4.41,0.0389,0.0111
72.358,0.000,0,,,,,0,,,,GLOBAL,1.000,clear,0,39.4,139,23.643,0,0,-1.000,21.40,4.41,0.0356,0.0082
72.378,0.000,0,,,,,0,,,,GLOBAL,1.000,clear,0,39.4,139,23.663,0,0,-1.000,21.40,4.41,0.0313,0.0281
72.398,0.000,0,,,,,0,,,,GLOBAL,1.000,clear,0,39.4,139,23.683,0,0,-1.000,21.40,4.41,0.0514,0.0150
72.418,0.000,0,,,,,0,,,,GLOBAL,1.000,clear,0,39.4,139,23.703,0,0,-1.000,21.40,4.41,0.0461,0.0155
72.438,0.000,0,,,,,0,,,,GLOBAL,1.000,clear,0,39.4,139,23.723,0,0,-1.000,21.40,4.41,0.0418,0.0118
72.458,0.000,0,,,,,0,,,,GLOBAL,1.000,clear,0,39.4,139,23.743,0,0,-1.000,21.40,4.41,0.0363,0.0072
72.480,0.000,0,,,,,0,,,,GLOBAL,1.000,clear,0,39.4,139,23.765,0,0,-1.000,21.40,4.41,0.0316,0.0023
72.499,0.000,0,,,,,0,,,,GLOBAL,1.000,clear,0,39.4,139,23.784,0,0,-1.000,21.40,4.41,0.0246,0.0209
72.518,0.000,0,,,,,0,,,,GLOBAL,1.000,clear,0,39.4,139,23.803,0,0,-1.000,21.40,4.41,0.0438,0.0174
72.538,0.000,0,,,,,0,,,,GLOBAL,1.000,clear,0,39.4,139,23.823,0,0,-1.000,21.40,4.41,0.0404,0.0133
72.558,0.000,0,,,,,0,,,,GLOBAL,1.000,clear,0,39.4,139,23.843,0,0,-1.000,21.40,4.41,0.0361,0.0069
72.578,0.000,0,,,,,0,,,,GLOBAL,1.000,clear,0,39.4,139,23.863,0,0,-1.000,21.40,4.41,0.0307,0.0270
72.599,0.000,0,,,,,0,,,,GLOBAL,1.000,clear,0,39.4,139,23.884,0,0,-1.000,21.40,4.41,0.0274,0.0162
72.618,0.000,0,,,,,0,,,,GLOBAL,1.000,clear,0,39.4,139,23.903,0,0,-1.000,21.40,4.41,0.0465,0.0120
72.638,0.000,0,,,,,0,,,,GLOBAL,1.000,clear,0,39.4,139,23.923,0,0,-1.000,21.40,4.41,0.0386,0.0113
72.658,0.000,1,7.179,7.162,1.367,0.112,1,7.179,7.179,,GLOBAL,1.000,clear,0,39.4,139,23.943,0,0,-1.000,21.40,4.41,0.0368,0.0061
72.678,0.000,0,,,,,0,,,,GLOBAL,1.000,clear,0,39.4,139,23.963,0,0,-1.000,21.40,4.41,0.0295,0.0023
72.698,0.000,0,,,,,0,,,,GLOBAL,1.000,clear,0,39.4,139,23.983,0,0,-1.000,21.40,4.41,0.0270,0.0230
72.718,0.000,1,7.190,7.172,1.364,0.111,1,7.190,7.190,,GLOBAL,1.000,clear,0,39.4,139,24.003,0,0,-1.000,21.40,4.41,0.0465,0.0177
72.738,0.000,0,,,,,0,,,,GLOBAL,1.000,clear,0,39.4,139,24.023,0,0,-1.000,21.40,4.41,0.0388,0.0109
72.758,0.000,0,,,,,0,,,,GLOBAL,1.000,clear,0,39.4,139,24.043,0,0,-1.000,21.40,4.41,0.0351,0.0077
72.778,0.000,0,,,,,0,,,,GLOBAL,1.000,clear,0,39.4,139,24.063,0,0,-1.000,21.40,4.41,0.0303,0.0020
72.799,0.000,0,,,,,0,,,,GLOBAL,1.000,clear,0,39.4,139,24.084,0,0,-1.000,21.40,4.41,0.0233,0.0232
72.818,0.000,1,7.179,7.163,1.359,0.112,1,7.179,7.179,,GLOBAL,1.000,clear,0,39.4,139,24.103,0,0,-1.000,21.40,4.41,0.0423,0.0163
72.838,0.000,0,,,,,0,,,,GLOBAL,1.000,clear,0,39.4,139,24.123,0,0,-1.000,21.40,4.41,0.0393,0.0130
72.858,0.000,0,,,,,0,,,,GLOBAL,1.000,clear,0,39.4,139,24.143,0,0,-1.000,21.40,4.41,0.0324,0.0085
72.881,0.000,1,7.190,7.167,1.392,0.111,1,7.190,7.190,,GLOBAL,1.000,clear,0,39.4,139,24.166,0,0,-1.000,21.40,4.41,0.0349,0.0052
72.898,0.000,1,7.190,7.167,1.392,0.111,1,7.190,7.190,,GLOBAL,1.000,clear,0,39.4,139,24.183,0,0,-1.000,21.40,4.41,0.0258,0.0220
72.918,0.000,0,,,,,0,,,,GLOBAL,1.000,clear,0,39.4,139,24.203,0,0,-1.000,21.40,4.41,0.0455,0.0182
72.938,0.000,1,7.181,7.160,1.378,0.111,1,7.181,7.181,,GLOBAL,1.000,clear,0,39.4,139,24.223,0,0,-1.000,21.40,4.41,0.0418,0.0098
72.959,0.000,1,7.185,7.168,1.361,0.111,1,7.185,7.185,,GLOBAL,1.000,clear,0,39.4,139,24.244,0,0,-1.000,21.40,4.41,0.0372,0.0071
72.978,0.000,0,,,,,0,,,,GLOBAL,1.000,clear,0,39.4,139,24.263,0,0,-1.000,21.40,4.41,0.0301,0.0006
72.999,0.000,0,,,,,0,,,,GLOBAL,1.000,clear,0,39.4,139,24.284,0,0,-1.000,21.40,4.41,0.0519,0.0223
73.018,0.000,0,,,,,0,,,,GLOBAL,1.000,clear,0,39.4,139,24.303,0,0,-1.000,21.40,4.41,0.0463,0.0096
73.038,0.000,1,7.199,7.181,1.369,0.111,1,7.199,7.199,,GLOBAL,1.000,clear,0,39.4,139,24.323,0,0,-1.000,21.40,4.41,0.0402,0.0103
73.058,0.000,1,7.194,7.170,1.399,0.111,1,7.194,7.194,,GLOBAL,1.000,clear,0,39.4,139,24.343,0,0,-1.000,21.40,4.41,0.0357,0.0074
73.078,0.000,0,,,,,0,,,,GLOBAL,1.000,clear,0,39.4,139,24.363,0,0,-1.000,21.40,4.41,0.0310,0.0026
73.098,0.000,0,,,,,0,,,,GLOBAL,1.000,clear,0,39.4,139,24.383,0,0,-1.000,21.40,4.41,0.0505,0.0222
73.118,0.000,1,7.177,7.160,1.365,0.112,1,7.177,7.177,,GLOBAL,1.000,clear,0,39.4,139,24.403,0,0,-1.000,21.40,4.41,0.0455,0.0175
73.139,0.000,0,,,,,0,,,,GLOBAL,1.000,clear,0,39.4,139,24.424,0,0,-1.000,21.40,4.41,0.0409,0.0143
73.158,0.000,0,,,,,0,,,,GLOBAL,1.000,clear,0,39.4,139,24.443,0,0,-1.000,21.40,4.41,0.0366,0.0077
73.178,0.000,0,,,,,0,,,,GLOBAL,1.000,clear,0,39.4,139,24.463,0,0,-1.000,21.40,4.41,0.0310,0.0013
73.199,0.000,0,,,,,0,,,,GLOBAL,1.000,clear,0,39.4,139,24.484,0,0,-1.000,21.40,4.41,0.0260,0.0221
73.218,0.000,0,,,,,0,,,,GLOBAL,1.000,clear,0,39.4,139,24.503,0,0,-1.000,21.40,4.41,0.0453,0.0158
73.239,0.000,1,7.194,7.170,1.396,0.110,1,7.194,7.194,,GLOBAL,1.000,clear,0,39.4,139,24.524,0,0,-1.000,21.40,4.41,0.0412,0.0134
73.258,0.000,0,,,,,0,,,,GLOBAL,1.000,clear,0,39.4,139,24.543,0,0,-1.000,21.40,4.41,0.0352,0.0087
73.278,0.000,0,,,,,0,,,,GLOBAL,1.000,clear,0,39.4,139,24.564,0,0,-1.000,21.40,4.41,0.0317,0.0031
73.299,0.000,0,,,,,0,,,,GLOBAL,1.000,clear,0,39.4,139,24.584,0,0,-1.000,21.40,4.41,0.0261,0.0233
73.318,0.000,1,7.194,7.176,1.366,0.111,1,7.194,7.194,,GLOBAL,1.000,clear,0,39.4,139,24.603,0,0,-1.000,21.40,4.41,0.0453,0.0161
73.338,0.000,0,,,,,0,,,,GLOBAL,1.000,clear,0,39.4,139,24.623,0,0,-1.000,21.40,4.41,0.0411,0.0129
73.358,0.000,0,,,,,0,,,,GLOBAL,1.000,clear,0,39.4,139,24.643,0,0,-1.000,21.40,4.41,0.0355,0.0084
73.379,0.000,0,,,,,0,,,,GLOBAL,1.000,clear,0,39.4,139,24.664,0,0,-1.000,21.40,4.43,0.0328,0.0033
73.399,0.000,0,,,,,0,,,,GLOBAL,1.000,clear,0,39.4,139,24.684,0,0,-1.000,21.40,4.41,0.0523,0.0228
73.418,0.000,1,7.186,7.166,1.377,0.111,1,7.186,7.186,,GLOBAL,1.000,clear,0,39.4,139,24.703,0,0,-1.000,21.40,4.41,0.0456,0.0162
73.438,0.000,1,7.192,7.178,1.349,0.111,1,7.192,7.192,,GLOBAL,1.000,clear,0,39.4,139,24.723,0,0,-1.000,21.40,4.41,0.0398,0.0105
73.458,0.000,0,,,,,0,,,,GLOBAL,1.000,clear,0,39.4,139,24.743,0,0,-1.000,21.40,4.41,0.0330,0.0031
73.492,0.000,0,,,,,0,,,,GLOBAL,1.000,clear,0,39.4,139,24.777,0,0,-1.000,21.40,4.41,0.0671,0.0372
73.500,0.000,1,7.185,7.165,1.371,0.110,1,7.185,7.185,,GLOBAL,1.000,clear,0,39.4,139,24.785,0,0,-1.000,21.40,4.41,0.0526,0.0071
73.518,0.000,1,7.190,7.171,1.367,0.110,1,7.190,7.190,,GLOBAL,1.000,clear,0,39.4,139,24.803,0,0,-1.000,21.40,4.41,0.0461,0.0131
73.538,0.000,1,7.191,7.173,1.368,0.111,1,7.191,7.191,,GLOBAL,1.000,clear,0,39.4,139,24.823,0,0,-1.000,21.40,4.41,0.0404,0.0105
73.558,0.000,1,7.187,7.168,1.374,0.111,1,7.187,7.187,,GLOBAL,1.000,clear,0,39.4,139,24.843,0,0,-1.000,21.40,4.41,0.0362,0.0035
73.578,0.000,1,7.190,7.170,1.372,0.110,1,7.190,7.190,,GLOBAL,1.000,clear,0,39.4,139,24.863,0,0,-1.000,21.40,4.41,0.0306,0.0013
73.598,0.000,1,7.190,7.170,1.372,0.110,1,7.190,7.190,,GLOBAL,1.000,clear,0,39.4,139,24.883,0,0,-1.000,21.40,4.41,0.0511,0.0218
73.618,0.000,0,,,,,0,,,,GLOBAL,1.000,clear,0,39.4,139,24.904,0,0,-1.000,21.40,4.41,0.0456,0.0151
73.638,0.000,0,,,,,0,,,,GLOBAL,1.000,clear,0,39.4,139,24.923,0,0,-1.000,21.40,4.41,0.0406,0.0108
73.658,0.000,1,7.188,7.171,1.363,0.111,1,7.188,7.188,,GLOBAL,1.000,clear,0,39.4,139,24.943,0,0,-1.000,21.40,4.41,0.0349,0.0078
73.678,0.000,1,7.187,7.169,1.364,0.111,1,7.187,7.187,,GLOBAL,1.000,clear,0,39.4,139,24.963,0,0,-1.000,21.40,4.41,0.0305,0.0021
73.699,0.000,1,7.187,7.169,1.364,0.111,1,7.187,7.187,,GLOBAL,1.000,clear,0,39.4,139,24.984,0,0,-1.000,21.40,4.41,0.0264,0.0232
73.718,0.000,1,7.183,7.161,1.393,0.112,1,7.183,7.183,,GLOBAL,1.000,clear,0,39.4,139,25.003,0,0,-1.000,21.40,4.41,0.0453,0.0171
73.738,0.000,1,7.185,7.161,1.392,0.111,1,7.185,7.185,,GLOBAL,1.000,clear,0,39.4,139,25.023,0,0,-1.000,21.40,4.41,0.0384,0.0125
73.758,0.000,1,7.193,7.169,1.395,0.110,1,7.193,7.193,,GLOBAL,1.000,clear,0,39.4,139,25.043,0,0,-1.000,21.40,4.41,0.0357,0.0085
73.778,0.000,0,,,,,0,,,,GLOBAL,1.000,clear,0,39.4,139,25.063,0,0,-1.000,21.40,4.41,0.0309,0.0020
73.798,0.000,0,,,,,0,,,,GLOBAL,1.000,clear,0,39.4,139,25.083,0,0,-1.000,21.40,4.41,0.0257,0.0225
73.818,0.000,0,,,,,0,,,,GLOBAL,1.000,clear,0,39.4,139,25.103,0,0,-1.000,21.40,4.41,0.0453,0.0183
73.838,0.000,1,7.188,7.165,1.395,0.112,1,7.188,7.188,,GLOBAL,1.000,clear,0,39.4,139,25.123,0,0,-1.000,21.40,4.41,0.0414,0.0112
73.858,0.000,0,,,,,0,,,,GLOBAL,1.000,clear,0,39.4,139,25.143,0,0,-1.000,21.40,4.41,0.0357,0.0072
73.878,0.000,0,,,,,0,,,,GLOBAL,1.000,clear,0,39.4,139,25.163,0,0,-1.000,21.40,4.41,0.0281,0.0035
73.898,0.000,0,,,,,0,,,,GLOBAL,1.000,clear,0,39.4,139,25.183,0,0,-1.000,21.40,4.41,0.0480,0.0235
73.918,0.000,0,,,,,0,,,,GLOBAL,1.000,clear,0,39.4,139,25.203,0,0,-1.000,21.40,4.41,0.0458,0.0148
73.938,0.000,0,,,,,0,,,,GLOBAL,1.000,clear,0,39.4,139,25.223,0,0,-1.000,21.40,4.41,0.0382,0.0126
73.958,0.000,0,,,,,0,,,,GLOBAL,1.000,clear,0,39.4,139,25.243,0,0,-1.000,21.40,4.41,0.0361,0.0066
73.979,0.000,0,,,,,0,,,,GLOBAL,1.000,clear,0,39.4,139,25.264,0,0,-1.000,21.40,4.41,0.0307,0.0010
73.999,0.000,0,,,,,0,,,,GLOBAL,1.000,clear,0,39.4,139,25.284,0,0,-1.000,21.40,4.41,0.0271,0.0208
74.018,0.000,0,,,,,0,,,,GLOBAL,1.000,clear,0,39.4,139,25.303,0,0,-1.000,21.40,4.41,0.0468,0.0145
74.038,0.000,0,,,,,0,,,,GLOBAL,1.000,clear,0,39.4,139,25.323,0,0,-1.000,21.40,4.41,0.0406,0.0094
74.058,0.000,0,,,,,0,,,,GLOBAL,1.000,clear,0,39.4,139,25.343,0,0,-1.000,21.40,4.41,0.0348,0.0053
74.078,0.000,0,,,,,0,,,,GLOBAL,1.000,clear,0,39.4,139,25.363,0,0,-1.000,21.40,4.41,0.0306,0.0252
74.098,0.000,0,,,,,0,,,,GLOBAL,1.000,clear,0,39.4,139,25.383,0,0,-1.000,21.40,4.41,0.0248,0.0172
74.118,0.000,0,,,,,0,,,,GLOBAL,1.000,clear,0,39.4,139,25.403,0,0,-1.000,21.40,4.43,0.0451,0.0160
74.138,0.000,0,,,,,0,,,,GLOBAL,1.000,clear,0,39.4,139,25.423,0,0,-1.000,21.40,4.41,0.0409,0.0126
74.159,0.000,0,,,,,0,,,,GLOBAL,1.000,clear,0,39.4,139,25.444,0,0,-1.000,21.40,4.41,0.0361,0.0081
74.178,0.000,0,,,,,0,,,,GLOBAL,1.000,clear,0,39.4,139,25.463,0,0,-1.000,21.40,4.43,0.0298,0.0271
74.198,0.000,0,,,,,0,,,,GLOBAL,1.000,clear,0,39.4,139,25.483,0,0,-1.000,21.40,4.43,0.0499,0.0165
74.218,0.000,0,,,,,0,,,,GLOBAL,1.000,clear,0,39.4,139,25.503,0,0,-1.000,21.40,4.41,0.0454,0.0158
74.238,0.000,0,,,,,0,,,,GLOBAL,1.000,clear,0,39.4,139,25.523,0,0,-1.000,21.40,4.43,0.0392,0.0126
74.258,0.000,0,,,,,0,,,,GLOBAL,1.000,clear,0,39.4,139,25.543,0,0,-1.000,21.40,4.43,0.0348,0.0063
74.278,0.000,0,,,,,0,,,,GLOBAL,1.000,clear,0,39.4,139,25.563,0,0,-1.000,21.40,4.43,0.0301,0.0266
74.300,0.000,0,,,,,0,,,,GLOBAL,1.000,clear,0,39.4,139,25.585,0,0,-1.000,21.40,4.43,0.0518,0.0208
74.318,0.000,0,,,,,0,,,,GLOBAL,1.000,clear,0,39.4,139,25.603,0,0,-1.000,21.40,4.41,0.0432,0.0145
74.338,0.000,0,,,,,0,,,,GLOBAL,1.000,clear,0,39.4,139,25.624,0,0,-1.000,21.40,4.41,0.0405,0.0100
74.358,0.000,0,,,,,0,,,,GLOBAL,1.000,clear,0,39.4,139,25.643,0,0,-1.000,21.40,4.43,0.0346,0.0069
74.379,0.000,0,,,,,0,,,,GLOBAL,1.000,clear,0,39.4,139,25.664,0,0,-1.000,21.40,4.43,0.0310,0.0040
74.403,0.000,0,,,,,0,,,,GLOBAL,1.000,clear,0,39.4,139,25.688,0,0,-1.000,21.40,4.43,0.0546,0.0276
74.424,0.000,0,,,,,0,,,,GLOBAL,1.000,clear,0,39.4,139,25.709,0,0,-1.000,21.40,4.41,0.0517,0.0195
74.438,0.000,0,,,,,0,,,,GLOBAL,1.000,clear,0,39.4,139,25.723,0,0,-1.000,21.40,4.43,0.0400,0.0045
74.458,0.000,0,,,,,0,,,,GLOBAL,1.000,clear,0,39.4,139,25.743,0,0,-1.000,21.40,4.43,0.0362,0.0077
74.479,0.000,0,,,,,0,,,,GLOBAL,1.000,clear,0,39.4,139,25.764,0,0,-1.000,21.40,4.43,0.0316,0.0049
74.498,0.000,0,,,,,0,,,,GLOBAL,1.000,clear,0,39.4,139,25.783,0,0,-1.000,21.40,4.43,0.0501,0.0234
74.519,0.000,0,,,,,0,,,,GLOBAL,1.000,clear,0,39.4,139,25.804,0,0,-1.000,21.40,4.43,0.0469,0.0148
74.538,0.000,0,,,,,0,,,,GLOBAL,1.000,clear,0,39.4,139,25.823,0,0,-1.000,21.40,4.43,0.0378,0.0073
74.560,0.000,0,,,,,0,,,,GLOBAL,1.000,clear,0,39.4,139,25.845,0,0,-1.000,21.40,4.43,0.0340,0.0102
74.578,0.000,0,,,,,0,,,,GLOBAL,1.000,clear,0,39.4,139,25.863,0,0,-1.000,21.40,4.43,0.0308,0.0021
74.599,0.000,0,,,,,0,,,,GLOBAL,1.000,clear,0,39.4,139,25.884,0,0,-1.000,21.40,4.43,0.0264,0.0235
74.618,0.000,0,,,,,0,,,,GLOBAL,1.000,clear,0,39.4,139,25.903,0,0,-1.000,21.40,4.43,0.0452,0.0171
74.638,0.000,0,,,,,0,,,,GLOBAL,1.000,clear,0,39.4,139,25.923,0,0,-1.000,21.40,4.43,0.0383,0.0069
74.658,0.000,0,,,,,0,,,,GLOBAL,1.000,clear,0,39.4,139,25.943,0,0,-1.000,21.40,4.43,0.0350,0.0049
74.678,0.000,0,,,,,0,,,,GLOBAL,1.000,clear,0,39.4,139,25.963,0,0,-1.000,21.40,4.43,0.0309,0.0248
74.699,0.000,0,,,,,0,,,,GLOBAL,1.000,clear,0,39.4,139,25.984,0,0,-1.000,21.40,4.43,0.0260,0.0205
74.718,0.000,0,,,,,0,,,,GLOBAL,1.000,clear,0,39.4,139,26.003,0,0,-1.000,21.40,4.43,0.0453,0.0162
74.738,0.000,0,,,,,0,,,,GLOBAL,1.000,clear,0,39.4,139,26.023,0,0,-1.000,21.40,4.43,0.0413,0.0072
74.759,0.000,0,,,,,0,,,,GLOBAL,1.000,clear,0,39.4,139,26.044,0,0,-1.000,21.40,4.43,0.0362,0.0087
74.778,0.000,0,,,,,0,,,,GLOBAL,1.000,clear,0,39.4,139,26.063,0,0,-1.000,21.40,4.43,0.0310,0.0012
